GEO_ID,county_name,state,county,pop_foreign_born,pop_not_citizen,pop_language_not_english,pop_not_in_labor_force,pop_private_wage_salary_workers,pop_households_fs_snap,pop_no_health_insurance,_pop_total,pop_hispanic,pop_NH_white,pop_NH_black,pop_NH_AIAN,pop_NH_asian,pop_NH_NHPI,pop_NH_some_other,pop_NH_two_or_more,pop_unhoused,pop_not_hs_graduate,pop_commute_drove_or_carpooled
0500000US01001,"Autauga County, Alabama",01,001,1562,823,2123,19829,19648,2116,4250,59947,2289,42336,12244,36,663,5,128,2246,482,3593,24952
0500000US01003,"Baldwin County, Alabama",01,003,10220,5429,13881,82439,89696,6568,20193,246989,14276,199426,19824,657,2521,113,1376,8796,3124,14548,96264
0500000US01005,"Barbour County, Alabama",01,005,804,599,1697,11058,6012,1943,2221,24643,1534,10773,11417,26,145,0,313,435,3051,3852,7796
0500000US01007,"Bibb County, Alabama",01,007,410,367,454,9166,6349,1592,1414,22130,766,16240,4366,7,99,0,35,617,1589,2832,7383
0500000US01009,"Blount County, Alabama",01,009,2980,1934,4670,20263,21056,2731,6100,59518,6130,50316,716,73,64,81,155,1983,545,6914,23643
0500000US01011,"Bullock County, Alabama",01,011,306,220,554,4856,2347,1255,1038,10058,602,2114,6986,0,42,0,9,305,1320,1831,2985
0500000US01013,"Butler County, Alabama",01,013,433,251,541,7296,5947,1312,2256,18630,316,9407,8327,85,248,0,7,240,286,1708,6613
0500000US01015,"Calhoun County, Alabama",01,015,3377,1810,4296,41348,38188,8057,11669,116090,5388,80498,25021,194,935,151,417,3486,4303,10665,45020
0500000US01017,"Chambers County, Alabama",01,017,705,569,1171,12301,11487,2184,3690,34192,1372,18421,13121,22,81,3,93,1079,669,3956,13038
0500000US01019,"Cherokee County, Alabama",01,019,521,320,636,10846,7621,1121,1809,25443,469,22997,964,47,51,0,18,897,258,3342,9234
0500000US01021,"Chilton County, Alabama",01,021,2308,1510,3849,15173,15532,2613,5090,45992,4707,35126,4328,16,200,17,415,1183,360,4529,17437
0500000US01023,"Choctaw County, Alabama",01,023,60,51,235,5322,3644,823,1050,12380,144,7007,4645,22,3,0,6,553,128,1244,4311
0500000US01025,"Clarke County, Alabama",01,025,252,159,390,9006,6743,1983,1664,22543,275,11524,10054,35,119,0,135,401,389,2205,7646
0500000US01027,"Clay County, Alabama",01,027,149,50,421,6064,3992,828,1007,14192,465,11195,1818,24,54,0,18,618,228,1720,4732
0500000US01029,"Cleburne County, Alabama",01,029,105,67,177,6312,4983,867,1337,15426,325,14225,562,24,18,0,36,236,150,1553,5609
0500000US01031,"Coffee County, Alabama",01,031,2545,1502,4144,18615,15385,2417,5471,54920,5396,37067,8549,248,626,25,113,2896,757,4808,21584
0500000US01033,"Colbert County, Alabama",01,033,959,515,1325,20147,20078,3515,4556,58022,2049,44720,8991,96,280,0,111,1775,403,5208,23170
0500000US01035,"Conecuh County, Alabama",01,035,94,44,139,5510,2733,882,895,11275,117,5632,5066,22,9,0,11,418,91,861,2963
0500000US01037,"Coosa County, Alabama",01,037,47,26,286,4574,3124,716,757,10300,253,6789,3007,7,29,0,0,215,314,1263,3442
0500000US01039,"Covington County, Alabama",01,039,460,243,571,14414,11312,2082,3491,37628,765,30978,4477,71,173,0,98,1066,617,3901,13888
0500000US01041,"Crenshaw County, Alabama",01,041,240,120,343,5101,3896,1087,1044,13122,288,9161,3093,64,46,0,4,466,183,1279,4822
0500000US01043,"Cullman County, Alabama",01,043,2044,1366,3765,30488,32004,3531,9826,90566,4563,81036,880,228,498,18,85,3258,1079,8638,37498
0500000US01045,"Dale County, Alabama",01,045,1749,721,2627,18128,13025,3637,4765,49599,3533,32778,10063,103,587,10,128,2397,818,4520,17607
0500000US01047,"Dallas County, Alabama",01,047,693,430,677,13921,10708,5765,2982,36858,360,9801,25754,46,226,0,18,653,434,3113,12319
0500000US01049,"DeKalb County, Alabama",01,049,5657,4531,10163,25205,23650,4627,11086,72269,12382,55620,975,291,136,6,412,2447,894,10119,28022
0500000US01051,"Elmore County, Alabama",01,051,1789,981,2248,29088,30277,3465,6548,89526,3034,64263,18857,132,450,8,80,2702,4243,6439,36936
0500000US01053,"Escambia County, Alabama",01,053,293,79,683,15301,9866,1942,3151,36629,862,21968,10770,1011,165,0,94,1759,2526,4007,11562
0500000US01055,"Etowah County, Alabama",01,055,2523,1689,4168,37225,32906,6173,11596,103105,5393,78534,15165,116,675,13,372,2837,1575,10103,40005
0500000US01057,"Fayette County, Alabama",01,057,82,0,87,6346,4908,1124,1222,16053,150,13362,1777,22,8,40,37,657,298,1626,5907
0500000US01059,"Franklin County, Alabama",01,059,3140,2197,5323,10646,10642,2386,4028,31966,6573,23187,1292,23,22,6,96,767,310,4154,13061
0500000US01061,"Geneva County, Alabama",01,061,604,285,1183,9756,8662,1945,3319,26887,1437,21643,2265,44,168,5,339,986,240,3063,10343
0500000US01063,"Greene County, Alabama",01,063,41,1,33,3561,1526,1029,1005,7424,10,1323,6031,9,3,0,0,48,115,672,2030
0500000US01065,"Hale County, Alabama",01,065,124,24,222,5989,3885,1568,914,14829,195,5645,8103,60,15,0,0,811,190,1853,5016
0500000US01067,"Henry County, Alabama",01,067,154,79,293,6478,5660,997,1590,17647,390,12384,4381,41,27,0,0,424,211,2107,6969
0500000US01069,"Houston County, Alabama",01,069,3313,2011,4621,36307,37581,6964,11973,108140,4984,68551,29269,248,1138,45,387,3518,1155,9079,43951
0500000US01071,"Jackson County, Alabama",01,071,982,537,1650,20968,16569,2690,5423,53053,1897,46772,1662,208,253,14,122,2125,613,6522,19650
0500000US01073,"Jefferson County, Alabama",01,073,32470,21643,47713,204765,248557,38255,62109,667755,36545,317409,281174,785,12366,801,3048,15627,20784,39967,262104
0500000US01075,"Lamar County, Alabama",01,075,72,48,118,5380,4063,1044,1087,13693,262,11726,1366,25,6,0,23,285,109,1605,4751
0500000US01077,"Lauderdale County, Alabama",01,077,2471,1721,3562,32314,34278,3925,8319,95830,3317,78710,8649,173,593,21,321,4046,3071,6165,39581
0500000US01079,"Lawrence County, Alabama",01,079,446,260,949,11573,11973,2059,2649,33276,1044,25122,3110,1237,135,0,36,2592,232,3515,13899
0500000US01081,"Lee County, Alabama",01,081,12761,8926,14711,58837,62456,6949,15405,181134,9779,118308,39130,89,7839,57,1047,4885,7432,8854,72549
0500000US01083,"Limestone County, Alabama",01,083,4601,2380,6710,35883,40842,3620,8470,111233,8295,80405,14108,321,1895,37,543,5629,3051,10426,44945
0500000US01085,"Lowndes County, Alabama",01,085,55,24,188,4266,2525,1237,736,9833,16,2426,7258,11,0,0,0,122,165,1198,2916
0500000US01087,"Macon County, Alabama",01,087,289,163,394,7910,5685,1745,1741,18691,408,3137,14488,6,55,0,20,577,2604,1762,5924
0500000US01089,"Madison County, Alabama",01,089,24142,12593,29593,115484,156251,12536,30981,405718,27577,250071,95562,1459,10152,228,1249,19420,11650,20076,165645
0500000US01091,"Marengo County, Alabama",01,091,305,169,408,7465,5788,1863,1721,18851,506,8349,9576,18,49,0,0,353,233,1832,6604
0500000US01093,"Marion County, Alabama",01,093,217,146,491,11812,8369,1841,3050,29184,925,26173,1013,46,86,18,14,909,658,3552,10284
0500000US01095,"Marshall County, Alabama",01,095,6951,4836,12297,32575,32986,4512,11800,99748,17192,76257,2478,197,599,72,179,2774,1095,9936,38367
0500000US01097,"Mobile County, Alabama",01,097,14193,6137,18642,135680,143391,27937,42502,412590,14244,226154,147473,1373,8873,119,1898,12456,8006,29885,158559
0500000US01099,"Monroe County, Alabama",01,099,129,20,209,8613,5055,1030,1740,19388,45,10390,8127,169,73,26,0,558,217,2141,6055
0500000US01101,"Montgomery County, Alabama",01,101,12675,8339,15396,73020,71149,18479,22735,226718,11234,67336,133272,95,7647,35,218,6881,8538,16194,86951
0500000US01103,"Morgan County, Alabama",01,103,6868,5142,10574,41668,44269,6004,13399,124471,13160,89798,15571,321,749,24,628,4220,2078,12056,48774
0500000US01105,"Perry County, Alabama",01,105,127,108,104,3978,1615,1151,565,8031,17,2236,5720,0,0,0,0,58,811,890,1825
0500000US01107,"Pickens County, Alabama",01,107,548,481,631,8509,5279,1253,1274,18721,666,9888,7649,56,10,0,43,409,1663,1989,6063
0500000US01109,"Pike County, Alabama",01,109,1173,890,1508,12044,11025,2135,2767,32987,902,18009,12233,89,616,34,46,1058,2655,2596,13040
0500000US01111,"Randolph County, Alabama",01,111,318,160,469,8925,7041,1741,2026,22510,669,16791,3496,28,94,0,108,1324,530,2402,7933
0500000US01113,"Russell County, Alabama",01,113,1574,422,2254,20234,17165,4814,6442,58811,3527,25837,26501,76,316,8,230,2316,492,5179,20470
0500000US01115,"St. Clair County, Alabama",01,115,1611,720,2908,30945,34003,3851,6633,94166,2805,78235,9458,294,537,85,255,2497,1966,8082,36501
0500000US01117,"Shelby County, Alabama",01,117,12713,6640,18261,62569,95594,4014,14658,230211,17419,168534,30808,309,4956,92,1270,6823,3847,8650,95623
0500000US01119,"Sumter County, Alabama",01,119,107,65,196,5364,2427,1471,1014,11878,87,3051,8088,13,24,0,0,615,2154,955,3240
0500000US01121,"Talladega County, Alabama",01,121,1619,1071,2595,31233,24992,5717,6331,81021,1947,50098,24143,118,480,15,133,4087,3420,8170,29304
0500000US01123,"Tallapoosa County, Alabama",01,123,797,545,1493,15616,13687,2264,3372,40938,1183,27764,9483,102,260,0,160,1986,760,3862,15665
0500000US01125,"Tuscaloosa County, Alabama",01,125,11058,7031,14719,73518,85617,9798,15735,237552,13198,139860,73087,425,3795,17,420,6750,14772,12257,98405
0500000US01127,"Walker County, Alabama",01,127,989,761,2133,24242,21405,3632,6169,64841,2435,55914,4070,52,270,0,243,1857,1003,7059,24423
0500000US01129,"Washington County, Alabama",01,129,43,31,186,6423,4536,821,1028,15143,159,9843,3642,1011,27,0,53,408,123,1110,5291
0500000US01131,"Wilcox County, Alabama",01,131,40,34,73,4196,2540,1427,868,10172,3,2801,7121,0,1,0,0,246,190,1292,3037
0500000US01133,"Winston County, Alabama",01,133,491,353,681,9195,8066,1377,2085,23682,880,21409,237,18,73,0,0,1065,353,3831,8978
0500000US02013,"Aleutians East Borough, Alaska",02,013,821,505,1100,687,1520,152,1233,3491,303,590,104,1388,664,27,27,388,1094,341,809
0500000US02016,"Aleutians West Census Area, Alaska",02,016,2253,1260,3094,653,3135,46,942,5235,715,1266,369,381,2068,87,0,349,1891,393,2071
0500000US02020,"Anchorage Municipality, Alaska",02,020,31429,10805,46585,68807,100795,9473,27166,288976,27445,156623,13941,20177,28310,8885,2636,30959,7574,11352,122448
0500000US02050,"Bethel Census Area, Alaska",02,050,322,124,9600,4788,3106,2047,2174,18394,270,1529,228,15297,288,0,0,782,847,1804,2200
0500000US02060,"Bristol Bay Borough, Alaska",02,060,104,63,127,250,327,15,187,918,46,446,5,191,92,11,15,112,248,21,302
0500000US02063,"Chugach Census Area, Alaska",02,063,401,178,876,1646,1969,281,742,6862,326,4830,106,313,341,55,85,806,431,177,2633
0500000US02066,"Copper River Census Area, Alaska",02,066,27,5,109,910,473,155,351,2626,151,1397,5,820,20,18,0,215,35,174,753
0500000US02068,"Denali Borough, Alaska",02,068,123,69,199,381,1073,17,197,1969,160,1414,53,57,43,19,26,197,775,116,847
0500000US02070,"Dillingham Census Area, Alaska",02,070,192,136,1515,1342,928,391,750,4724,177,677,32,3301,86,14,6,431,362,316,926
0500000US02090,"Fairbanks North Star Borough, Alaska",02,090,5347,2406,8721,23596,28056,2467,8010,95460,8067,63757,3711,5540,2718,653,848,10166,4124,3231,40407
0500000US02100,"Haines Borough, Alaska",02,100,164,67,150,712,603,42,239,2086,96,1489,12,117,125,0,11,236,73,28,640
0500000US02105,"Hoonah-Angoon Census Area, Alaska",02,105,157,71,383,727,499,154,439,2311,255,1111,8,590,61,9,6,271,165,106,385
0500000US02110,"Juneau City and Borough, Alaska",02,110,2444,878,3294,8538,9184,840,2564,31794,2245,19510,205,2668,2274,424,140,4328,762,1091,12465
0500000US02122,"Kenai Peninsula Borough, Alaska",02,122,2221,645,3637,21382,17635,2329,6783,60413,2654,46841,354,3683,1104,176,499,5102,1949,2292,19073
0500000US02130,"Ketchikan Gateway Borough, Alaska",02,130,1105,403,1394,3817,4584,477,1231,13768,744,8313,63,1687,1220,15,61,1665,333,432,5808
0500000US02150,"Kodiak Island Borough, Alaska",02,150,2385,969,2814,2576,3888,267,1425,12771,1064,5749,86,1326,2835,18,165,1528,629,615,5303
0500000US02158,"Kusilvak Census Area, Alaska",02,158,152,38,1981,2127,1093,984,898,8176,104,239,79,7032,22,6,0,694,197,786,161
0500000US02164,"Lake and Peninsula Borough, Alaska",02,164,53,36,121,181,276,95,325,1013,28,161,14,442,19,0,2,347,202,55,268
0500000US02170,"Matanuska-Susitna Borough, Alaska",02,170,3260,1103,5999,34777,34127,3741,13079,112988,6074,85478,1283,6071,1849,465,725,11043,2654,4423,39247
0500000US02180,"Nome Census Area, Alaska",02,180,215,105,2197,2521,2044,828,1360,9866,214,1324,63,7255,172,0,0,838,502,558,1405
0500000US02185,"North Slope Borough, Alaska",02,185,735,393,3833,2172,3442,320,1450,10810,583,3355,129,5269,581,210,14,669,3065,906,2642
0500000US02188,"Northwest Arctic Borough, Alaska",02,188,167,131,1680,2053,1297,654,1335,7441,173,683,41,5997,116,0,0,431,480,588,636
0500000US02195,"Petersburg Borough, Alaska",02,195,471,163,610,961,1061,104,303,3409,371,2096,45,171,424,8,7,287,280,238,1089
0500000US02198,"Prince of Wales-Hyder Census Area, Alaska",02,198,184,74,445,1800,1281,396,968,5715,220,2493,14,2056,123,38,19,752,147,336,1733
0500000US02220,"Sitka City and Borough, Alaska",02,220,835,546,1152,2088,2886,258,803,8368,577,4823,28,633,692,102,130,1383,401,317,3259
0500000US02230,"Skagway Municipality, Alaska",02,230,198,30,209,273,398,12,106,1244,80,856,10,69,100,0,0,129,257,63,299
0500000US02240,"Southeast Fairbanks Census Area, Alaska",02,240,609,225,1105,2266,1686,214,1021,7068,421,5103,57,632,120,9,10,716,626,321,2173
0500000US02275,"Wrangell City and Borough, Alaska",02,275,114,66,139,839,503,83,232,2088,79,1178,2,369,87,20,0,353,56,99,530
0500000US02282,"Yakutat City and Borough, Alaska",02,282,97,76,137,142,200,11,130,527,46,131,25,111,93,7,0,114,133,27,159
0500000US02290,"Yukon-Koyukuk Census Area, Alaska",02,290,160,83,702,1331,1104,514,1268,5195,115,1122,100,3404,72,7,7,368,477,432,1153
0500000US04001,"Apache County, Arizona",04,001,1039,534,31442,29543,8960,6428,11751,65341,4169,12284,630,46386,465,77,20,1310,1510,6346,15950
0500000US04003,"Cochise County, Arizona",04,003,14221,5426,31931,51897,29019,7575,9794,125566,43531,67885,3682,568,2330,250,804,6516,5795,9614,38343
0500000US04005,"Coconino County, Arizona",04,005,7173,3839,30434,44949,50791,5857,15845,144508,22327,75379,1995,34936,2516,166,663,6526,13138,7050,52252
0500000US04007,"Gila County, Arizona",04,007,1914,622,7206,23648,13374,3455,5777,53795,9659,33043,248,4953,415,46,135,5296,1079,3852,16040
0500000US04009,"Graham County, Arizona",04,009,973,516,6991,14109,11136,2073,3531,39232,12075,20691,640,3251,194,23,138,2220,2806,3797,13576
0500000US04011,"Greenlee County, Arizona",04,011,745,255,2078,3233,3213,205,276,9409,4396,4239,134,167,134,0,5,334,61,925,3832
0500000US04012,"La Paz County, Arizona",04,012,1632,1067,3542,8240,3325,1036,1777,16664,4263,9541,232,1820,238,2,14,554,119,1999,4567
0500000US04013,"Maricopa County, Arizona",04,013,660484,354005,1119708,1277984,1869042,148499,478419,4559748,1422451,2393224,247521,57169,203198,8033,21960,206192,72246,319001,1660255
0500000US04015,"Mohave County, Arizona",04,015,13467,5427,19506,104911,59703,13386,20561,220517,37708,165276,2223,2797,2495,383,651,8984,4142,20550,66269
0500000US04017,"Navajo County, Arizona",04,017,2674,1214,32613,45605,22318,8879,16879,108415,11786,46303,1134,44428,431,159,273,3901,2742,9850,29649
0500000US04019,"Pima County, Arizona",04,019,124922,55560,259353,368123,360261,53119,89182,1060490,386110,535175,35505,20466,31152,1226,4958,45898,29329,69181,373609
0500000US04021,"Pinal County, Arizona",04,021,42861,22090,82430,175267,153122,17512,49299,469006,139779,257659,23830,15969,7702,1639,2057,20371,16123,36013,150414
0500000US04023,"Santa Cruz County, Arizona",04,023,16745,6686,35661,16212,13656,4056,7421,48926,40367,7468,65,93,143,144,44,602,139,7446,16272
0500000US04025,"Yavapai County, Arizona",04,025,15768,7616,24716,110131,74258,9130,24640,245480,37748,190078,1263,2426,2584,271,1471,9639,4420,14057,77546
0500000US04027,"Yuma County, Arizona",04,027,53166,28573,109655,78218,56639,14530,28264,211741,137437,61349,3219,1766,2164,88,753,4965,7773,31054,71114
0500000US05001,"Arkansas County, Arkansas",05,001,221,191,241,5205,5288,996,1586,16515,682,11085,4317,11,10,7,0,403,269,1657,6652
0500000US05003,"Ashley County, Arkansas",05,003,406,337,918,7767,5212,969,1801,18429,1176,12394,4363,14,0,54,16,412,173,1584,6217
0500000US05005,"Baxter County, Arkansas",05,005,874,242,1227,20214,11655,1647,2951,42407,1222,38783,136,120,294,6,12,1834,450,3325,12916
0500000US05007,"Benton County, Arkansas",05,007,38423,26152,44894,78182,129728,4337,28592,303632,56188,176255,5383,1842,13844,2274,1536,46310,2941,19113,124051
0500000US05009,"Boone County, Arkansas",05,009,519,299,1024,13238,13474,1285,3100,38138,1202,35277,96,128,121,30,35,1249,451,2035,14358
0500000US05011,"Bradley County, Arkansas",05,011,607,525,1334,3877,2729,656,1267,10208,1628,5499,2647,3,0,45,24,362,178,943,3588
0500000US05013,"Calhoun County, Arkansas",05,013,56,19,161,1901,1458,136,222,4704,140,3406,809,30,8,0,0,311,209,441,1756
0500000US05015,"Carroll County, Arkansas",05,015,2591,1795,3583,10708,9277,590,4032,28626,4504,20122,94,269,372,387,50,2828,296,3097,9549
0500000US05017,"Chicot County, Arkansas",05,017,219,106,376,4226,2320,664,984,9765,624,3768,5204,13,20,0,8,128,772,1146,3077
0500000US05019,"Clark County, Arkansas",05,019,400,270,839,7417,7425,950,2155,21125,1179,14227,4893,8,171,31,31,585,2690,1325,8127
0500000US05021,"Clay County, Arkansas",05,021,67,52,103,5051,4758,607,1389,14280,158,13346,10,56,4,0,1,705,110,1273,5447
0500000US05023,"Cleburne County, Arkansas",05,023,219,162,576,11417,7056,903,1789,25226,747,23078,73,103,50,10,133,1032,273,2114,8167
0500000US05025,"Cleveland County, Arkansas",05,025,13,13,69,3242,1869,383,298,7453,108,6220,935,0,24,0,0,166,77,392,2562
0500000US05027,"Columbia County, Arkansas",05,027,362,292,705,7966,7314,993,1653,22349,774,12997,7687,28,90,8,1,764,2055,1576,8494
0500000US05029,"Conway County, Arkansas",05,029,396,342,768,7681,6289,1122,1216,21054,1000,16724,2412,90,54,0,59,715,184,1455,7521
0500000US05031,"Craighead County, Arkansas",05,031,4240,2785,7036,32220,41228,5240,9174,113249,7146,80158,18846,193,1404,31,393,5078,3338,7109,46768
0500000US05033,"Crawford County, Arkansas",05,033,2671,1198,4188,21355,21093,2391,5656,61139,5251,48484,789,484,692,4,462,4973,721,5577,23011
0500000US05035,"Crittenden County, Arkansas",05,035,1011,680,1244,13492,15906,2924,4455,47266,1555,18328,24040,45,358,0,17,2923,764,4423,17936
0500000US05037,"Cross County, Arkansas",05,037,748,666,786,5353,5033,668,1419,16543,378,11844,2617,43,479,0,12,1170,150,1720,6206
0500000US05039,"Dallas County, Arkansas",05,039,21,10,58,2476,2066,382,232,6242,71,3250,2657,0,8,0,0,256,251,638,2264
0500000US05041,"Desha County, Arkansas",05,041,381,320,676,4503,2667,1073,829,10786,781,4581,5288,19,0,11,9,97,136,1624,3459
0500000US05043,"Drew County, Arkansas",05,043,574,340,1105,6758,4574,1179,1397,17046,756,11027,4589,0,129,0,8,537,707,1236,6049
0500000US05045,"Faulkner County, Arkansas",05,045,4634,2849,5905,38490,48751,3499,8968,127717,7303,98274,14911,246,1234,50,431,5268,5267,5299,53923
0500000US05047,"Franklin County, Arkansas",05,047,261,141,548,6497,5499,786,1606,17326,577,14914,40,168,105,0,50,1472,335,1548,6638
0500000US05049,"Fulton County, Arkansas",05,049,72,68,153,5727,3115,609,805,12302,238,11353,42,9,29,0,39,592,158,1056,3509
0500000US05051,"Garland County, Arkansas",05,051,3998,2170,6648,37667,34172,3945,9421,100035,7484,79276,7560,332,661,96,135,4491,1679,6860,37317
0500000US05053,"Grant County, Arkansas",05,053,166,121,119,6326,5865,501,1190,18242,522,16622,490,26,89,0,61,432,142,1189,7182
0500000US05055,"Greene County, Arkansas",05,055,639,374,1014,14982,16559,2625,4105,46432,1741,41027,1041,19,191,238,381,1794,724,4161,18333
0500000US05057,"Hempstead County, Arkansas",05,057,1521,1156,2033,7276,5334,767,1601,19508,2986,10042,5588,34,128,0,34,696,322,2315,6811
0500000US05059,"Hot Spring County, Arkansas",05,059,442,129,1077,13623,10540,1326,2218,33180,1362,26738,3692,133,12,0,44,1199,2308,2462,12176
0500000US05061,"Howard County, Arkansas",05,061,727,485,1497,4206,3904,501,1225,12583,1582,7909,2614,12,73,0,0,393,182,1021,4710
0500000US05063,"Independence County, Arkansas",05,063,1516,1082,2130,12541,13251,2001,3754,38175,3382,31345,700,60,308,111,247,2022,953,2968,14990
0500000US05065,"Izard County, Arkansas",05,065,185,56,443,7000,3342,756,1087,14009,414,12243,219,86,69,10,32,936,1218,1503,4073
0500000US05067,"Jackson County, Arkansas",05,067,198,132,242,7446,4388,1174,1389,16712,544,12558,2541,76,59,0,0,934,2414,1792,5177
0500000US05069,"Jefferson County, Arkansas",05,069,1268,734,1882,25536,17821,3534,3089,64802,1735,23783,36455,55,500,145,215,1914,5627,5130,22377
0500000US05071,"Johnson County, Arkansas",05,071,2137,1384,3122,9854,7902,1240,2108,26003,3606,19944,360,63,852,52,64,1062,817,2706,9360
0500000US05073,"Lafayette County, Arkansas",05,073,42,6,88,2897,1703,390,536,6136,36,3538,2262,14,62,0,25,199,86,832,2007
0500000US05075,"Lawrence County, Arkansas",05,075,155,127,319,6165,5019,1061,1837,16238,362,14897,151,8,14,19,18,769,611,1843,6114
0500000US05077,"Lee County, Arkansas",05,077,90,38,96,4370,1339,748,439,8359,263,3312,4558,0,0,0,0,226,1561,1192,1657
0500000US05079,"Lincoln County, Arkansas",05,079,364,344,613,7130,2923,458,708,12950,662,7994,3585,14,32,0,0,663,4249,1747,3572
0500000US05081,"Little River County, Arkansas",05,081,69,48,120,4180,3759,537,463,11821,474,8469,2249,75,46,0,8,500,159,724,4633
0500000US05083,"Logan County, Arkansas",05,083,310,113,753,7410,6666,840,1500,21277,744,18769,312,23,302,0,18,1109,491,1763,8011
0500000US05085,"Lonoke County, Arkansas",05,085,2003,916,3080,21867,26826,2037,4543,75272,4064,62506,4168,66,722,0,130,3616,669,4722,32157
0500000US05087,"Madison County, Arkansas",05,087,561,429,748,5723,5686,747,2177,17329,1125,11834,22,60,88,157,26,4017,109,1680,6529
0500000US05089,"Marion County, Arkansas",05,089,412,227,390,8020,4704,851,1150,17228,470,15739,15,197,144,14,22,627,139,1894,5360
0500000US05091,"Miller County, Arkansas",05,091,668,242,1080,16061,12536,2563,4750,42360,1754,27869,10673,258,326,0,80,1400,1287,4005,15136
0500000US05093,"Mississippi County, Arkansas",05,093,979,604,1533,12269,12729,2953,3231,39126,1911,21834,13445,6,203,3,101,1623,787,3607,15137
0500000US05095,"Monroe County, Arkansas",05,095,85,60,134,2503,1775,450,485,6589,193,3476,2649,0,48,0,7,216,83,843,2180
0500000US05097,"Montgomery County, Arkansas",05,097,195,166,293,3911,2190,373,864,8553,424,7634,72,96,81,0,5,241,104,712,2839
0500000US05099,"Nevada County, Arkansas",05,099,38,28,151,3136,2555,327,534,8159,392,5108,2542,0,0,7,9,101,185,573,3218
0500000US05101,"Newton County, Arkansas",05,101,43,12,30,2893,2053,353,461,7112,118,6576,11,46,3,0,8,350,66,861,2278
0500000US05103,"Ouachita County, Arkansas",05,103,191,126,404,8937,5867,1279,1496,22085,575,11907,9006,49,71,0,0,477,361,1765,7722
0500000US05105,"Perry County, Arkansas",05,105,124,91,160,3989,2952,355,925,10101,353,9028,312,40,12,0,0,356,144,865,3674
0500000US05107,"Phillips County, Arkansas",05,107,236,209,269,5929,3722,1934,1159,15450,320,5082,9306,4,167,0,23,548,215,1954,4248
0500000US05109,"Pike County, Arkansas",05,109,422,336,563,4061,2802,505,1192,10115,807,8433,331,15,49,0,5,475,248,887,3633
0500000US05111,"Poinsett County, Arkansas",05,111,256,183,495,7980,6911,1686,1932,22543,859,18983,1206,109,41,8,8,1329,307,2887,8100
0500000US05113,"Polk County, Arkansas",05,113,508,295,987,7172,5652,991,1734,19361,1352,16704,24,141,17,34,47,1042,150,1858,7034
0500000US05115,"Pope County, Arkansas",05,115,3090,1743,5690,22068,21269,2411,4630,64131,7074,51674,1389,139,495,41,175,3144,3046,5376,24929
0500000US05117,"Prairie County, Arkansas",05,117,49,11,180,3117,2543,439,475,8064,192,6728,796,0,0,0,19,329,149,731,3213
0500000US05119,"Pulaski County, Arkansas",05,119,24285,16705,36799,119320,138497,17233,38248,399818,33418,192526,146572,735,8752,164,1200,16451,8094,21112,157277
0500000US05121,"Randolph County, Arkansas",05,121,543,332,702,6863,5879,1150,1329,18838,488,16742,207,48,78,526,29,720,383,1973,6890
0500000US05123,"St. Francis County, Arkansas",05,123,492,417,600,9748,5687,1888,1601,22400,821,8797,12184,52,30,0,35,481,2963,2241,6943
0500000US05125,"Saline County, Arkansas",05,125,5319,3178,7790,38173,45489,1974,7580,127479,9282,99784,11836,231,1271,0,649,4426,1300,5918,52774
0500000US05127,"Scott County, Arkansas",05,127,451,205,801,3824,3035,501,1100,9816,777,8159,110,49,297,5,0,419,88,1074,3409
0500000US05129,"Searcy County, Arkansas",05,129,107,41,152,3345,1940,402,639,7859,175,6949,2,126,37,0,0,570,78,985,2671
0500000US05131,"Sebastian County, Arkansas",05,131,11588,6304,19124,40234,47630,6031,13380,128900,20635,85341,6632,876,5504,63,344,9505,1900,12488,51717
0500000US05133,"Sevier County, Arkansas",05,133,2252,1579,4580,4938,5042,1211,2321,15712,5574,8278,759,263,5,228,74,531,107,2564,6040
0500000US05135,"Sharp County, Arkansas",05,135,225,126,325,8006,4550,1189,1445,17773,437,16155,88,29,119,4,4,937,202,1777,5367
0500000US05137,"Stone County, Arkansas",05,137,156,29,324,6156,2721,939,1003,12568,281,11290,11,107,8,0,0,871,138,1216,3336
0500000US05139,"Union County, Arkansas",05,139,1137,633,1516,13217,13043,1414,2081,37900,1793,22506,12162,71,325,0,25,1018,585,2977,14499
0500000US05141,"Van Buren County, Arkansas",05,141,304,193,509,7421,4713,795,1300,15998,551,14659,68,105,63,0,6,546,183,1519,4863
0500000US05143,"Washington County, Arkansas",05,143,31806,22827,42090,71224,102145,5413,31690,256765,47853,153823,7702,1468,6069,7264,1161,31425,8730,19308,107890
0500000US05145,"White County, Arkansas",05,145,1614,1171,2669,27014,25940,3417,7574,77838,3853,66171,3244,68,539,14,207,3742,3076,6637,29966
0500000US05147,"Woodruff County, Arkansas",05,147,24,19,89,2229,1899,535,545,6026,86,4169,1496,1,5,24,16,229,108,724,2283
0500000US05149,"Yell County, Arkansas",05,149,1764,1066,3690,6638,6943,853,2031,20134,4277,14724,308,66,281,9,18,451,335,2363,7972
0500000US06001,"Alameda County, California",06,001,572911,259454,737609,450565,687047,59416,65034,1649473,386114,452099,154136,3417,539370,11533,10704,92100,36266,133545,509744
0500000US06003,"Alpine County, California",06,003,87,18,246,526,573,42,59,1616,216,923,0,405,36,0,13,23,46,41,609
0500000US06005,"Amador County, California",06,005,2415,910,4201,18503,11425,1575,1870,41428,6634,30083,790,410,558,35,500,2418,3596,3068,13086
0500000US06007,"Butte County, California",06,007,17789,8679,32633,69610,67943,13346,13177,207929,41660,135400,3628,1627,11464,540,1315,12295,6344,12730,73514
0500000US06009,"Calaveras County, California",06,009,2841,1425,3904,20115,13146,1760,2312,46248,6702,35337,457,493,1031,49,32,2147,526,2719,14474
0500000US06011,"Colusa County, California",06,011,6053,3617,10954,6189,6721,1229,1749,21984,13832,6550,335,114,201,25,380,547,275,3638,8451
0500000US06013,"Contra Costa County, California",06,013,309611,128253,413943,332527,442512,35128,53742,1165012,321749,443990,92564,1832,217115,5283,8868,73611,12325,84906,384707
0500000US06015,"Del Norte County, California",06,015,1851,885,3267,11300,6293,2171,1367,27107,5396,16229,682,1400,873,129,336,2062,2370,2799,8489
0500000US06017,"El Dorado County, California",06,017,17749,7157,22350,67111,65372,4965,7468,192662,27892,140820,1481,619,9986,143,1076,10645,1971,6893,63191
0500000US06019,"Fresno County, California",06,019,203377,105868,412946,294048,320397,70903,66826,1016725,554390,266873,42390,3786,111287,1454,4309,32236,19422,132968,357420
0500000US06021,"Glenn County, California",06,021,5299,3416,10591,8431,9006,1440,2411,28494,12820,13525,62,199,856,0,53,979,257,4009,10600
0500000US06023,"Humboldt County, California",06,023,8284,3583,14241,48502,36360,11540,6485,134541,19039,93515,1737,4112,4029,366,1026,10717,4123,7498,44459
0500000US06025,"Imperial County, California",06,025,56995,26843,126053,63313,43557,14225,10427,180202,154886,16413,3523,1169,2260,176,141,1634,7153,31737,53472
0500000US06027,"Inyo County, California",06,027,1483,882,3444,6523,4546,686,1279,18739,4529,10874,98,1734,279,19,139,1067,686,961,6576
0500000US06029,"Kern County, California",06,029,185151,109954,388601,282057,274183,57456,69993,915075,516662,270456,43987,3070,46223,1092,5713,27872,25600,129659,320218
0500000US06031,"Kings County, California",06,031,29420,19375,59737,51323,38998,8805,9955,153298,89248,42981,8907,1078,5521,316,392,4855,13636,23269,52351
0500000US06033,"Lake County, California",06,033,6733,3819,12668,26504,16687,6553,4656,68152,16796,43638,1335,1113,962,224,237,3847,1009,6062,19556
0500000US06035,"Lassen County, California",06,035,2125,1564,5274,14926,4987,1239,1526,30356,6851,18609,1855,795,596,289,88,1273,6595,5133,8242
0500000US06037,"Los Angeles County, California",06,037,3279695,1482703,5125479,2827342,3762618,493104,800248,9808667,4752274,2425184,727132,16982,1463532,19950,60164,343449,198036,1323665,3472368
0500000US06039,"Madera County, California",06,039,32391,20839,68727,53405,45654,9864,11373,160940,98083,48195,3926,707,3789,203,642,5395,6326,27252,50165
0500000US06041,"Marin County, California",06,041,50611,24535,58966,80898,94790,5615,9600,257969,50216,167816,5379,166,15705,435,3117,15135,6559,13749,72354
0500000US06043,"Mariposa County, California",06,043,1409,843,1753,6412,4414,1003,881,17082,2508,12649,154,229,322,29,196,995,2109,1301,5602
0500000US06045,"Mendocino County, California",06,045,10983,6310,18935,32009,26102,6072,6891,90244,24941,55170,546,2274,1895,57,647,4714,2211,8251,29574
0500000US06047,"Merced County, California",06,047,74255,43052,142087,88825,88944,18102,23382,290201,183933,67325,7455,573,20536,709,1299,8371,4447,48262,96136
0500000US06049,"Modoc County, California",06,049,757,389,1147,3750,1592,456,842,8600,1348,6430,49,156,177,0,37,403,547,856,2449
0500000US06051,"Mono County, California",06,051,1855,1233,2775,3114,5299,266,1146,13148,3568,8538,9,162,243,0,112,516,536,1148,5216
0500000US06053,"Monterey County, California",06,053,129418,89642,230425,134737,141906,12764,40441,437613,269490,117547,8954,594,24126,1679,1912,13311,19110,75231,150797
0500000US06055,"Napa County, California",06,055,29926,13255,44017,41303,52385,3425,7646,134869,49046,65479,2292,214,10875,390,659,5914,4066,14559,52339
0500000US06057,"Nevada County, California",06,057,6536,3562,8959,40427,31074,3454,5370,102481,11001,82674,312,337,1641,22,684,5810,1502,4133,29950
0500000US06059,"Orange County, California",06,059,961832,397489,1392205,889625,1290611,91924,202047,3165820,1082931,1168199,47885,3748,701672,8452,16389,136544,53044,287073,1196833
0500000US06061,"Placer County, California",06,061,53126,18727,65982,131666,146351,9051,13224,419156,65841,274564,6553,674,38026,646,2730,30122,5357,14686,142258
0500000US06063,"Plumas County, California",06,063,937,263,1524,8780,4189,1085,1127,19423,1998,15700,187,291,153,1,70,1023,366,963,5876
0500000US06065,"Riverside County, California",06,065,543865,238960,990328,758880,860167,97172,189888,2478600,1270563,767384,149713,6587,170935,6941,17125,89352,36653,272299,917110
0500000US06067,"Sacramento County, California",06,067,354878,144971,506015,462173,527704,81145,77190,1594006,385590,646578,143271,3912,279817,16929,10782,107127,25392,128480,551978
0500000US06069,"San Benito County, California",06,069,13488,7424,27758,17300,25832,2169,3999,67290,41960,19629,542,162,2365,178,40,2414,432,7344,26988
0500000US06071,"San Bernardino County, California",06,071,474713,222757,910621,643596,753094,106798,173351,2197104,1213014,541724,163815,5539,177529,6281,12686,76516,39442,248907,819351
0500000US06073,"San Diego County, California",06,073,749735,305359,1156877,904867,1241162,116541,203475,3288774,1139063,1394708,143223,7736,397310,11752,20282,174700,107213,248294,1209600
0500000US06075,"San Francisco County, California",06,075,282674,105751,347240,221305,381633,41556,27184,830235,134659,305647,38925,1520,290030,2714,6501,50239,26272,72937,161186
0500000US06077,"San Joaquin County, California",06,077,200943,97116,320737,233389,277700,38226,49452,797334,339161,213729,52516,2105,145037,4315,3670,36801,14277,98300,290164
0500000US06079,"San Luis Obispo County, California",06,079,27780,13404,47143,99704,93949,8972,15808,281555,70318,181605,3058,412,9614,358,1947,14243,15107,14855,99018
0500000US06081,"San Mateo County, California",06,081,265258,110552,322325,201476,319967,13399,28082,742340,184940,257595,14709,861,230413,8031,7012,38779,11544,52942,251447
0500000US06083,"Santa Barbara County, California",06,083,98422,58896,168868,133413,155688,16287,37873,443701,213992,180184,6693,978,22876,294,2227,16457,22876,50402,154173
0500000US06085,"Santa Clara County, California",06,085,789756,377617,995461,509573,846668,43418,73684,1902047,475827,517612,41721,3181,766176,6964,10471,80095,40122,144780,668502
0500000US06087,"Santa Cruz County, California",06,087,47705,26374,85033,82774,96940,9588,12976,264926,93346,142831,1912,235,12345,387,1907,11963,14927,20421,88458
0500000US06089,"Shasta County, California",06,089,9142,4302,13354,64484,55595,9569,11616,181436,21346,136633,1502,2361,6169,292,946,12187,3581,10184,64369
0500000US06091,"Sierra County, California",06,091,103,92,265,1116,644,119,363,2746,301,2362,8,0,0,0,57,18,104,157,839
0500000US06093,"Siskiyou County, California",06,093,2539,950,4015,17633,10839,2953,2586,43466,5860,31859,579,1195,784,174,176,2839,880,2672,13439
0500000US06095,"Solano County, California",06,095,93940,38552,134507,138769,157630,17882,21134,451918,133953,150061,55694,1080,71955,3653,4200,31322,10461,36039,170739
0500000US06097,"Sonoma County, California",06,097,81688,42382,124854,145393,186264,15299,24564,485040,145518,280966,7185,1486,21090,1411,3215,24169,10340,39954,186723
0500000US06099,"Stanislaus County, California",06,099,116294,60892,222409,161757,188303,27603,31089,553990,277207,200834,14369,1523,32509,3312,2058,22178,6136,71359,205203
0500000US06101,"Sutter County, California",06,101,22484,10468,34248,30356,32614,4385,6202,98857,32532,40226,1573,731,17277,362,1151,5005,947,12921,37389
0500000US06103,"Tehama County, California",06,103,7249,4360,13032,23772,17200,3457,4257,65167,18941,40017,531,770,1119,72,644,3073,1125,5729,21688
0500000US06105,"Trinity County, California",06,105,763,217,983,7807,2632,619,1463,15860,973,12274,173,589,97,95,564,1095,291,976,3747
0500000US06107,"Tulare County, California",06,107,106332,66289,222701,137367,147195,34511,38327,478693,318976,121847,6258,2124,16800,571,2509,9608,5887,72559,171851
0500000US06109,"Tuolumne County, California",06,109,2508,878,3767,23289,13669,2662,2755,54498,7398,42487,971,332,803,161,271,2075,3369,2783,16797
0500000US06111,"Ventura County, California",06,111,186177,86506,304435,242049,315864,23939,60259,837469,371359,351308,13835,1209,59232,1286,4710,34530,13304,86256,322474
0500000US06113,"Yolo County, California",06,113,46242,23597,76323,70204,69313,10072,10557,220564,73569,92161,5323,822,32943,769,1518,13459,9575,14946,71024
0500000US06115,"Yuba County, California",06,115,9718,4167,19874,24545,24668,5516,5256,84507,26003,41396,3196,600,6633,337,435,5907,1493,7704,31762
0500000US08001,"Adams County, Colorado",08,001,82886,53459,145589,115026,231673,19524,61088,530225,226823,239594,17757,1554,20270,833,3685,19709,3567,51739,224953
0500000US08003,"Alamosa County, Colorado",08,003,838,584,3314,4817,5355,1900,945,16581,7989,7498,288,160,172,13,61,400,944,1167,6729
0500000US08005,"Arapahoe County, Colorado",08,005,109155,55219,145764,149806,292312,19911,60758,659844,143439,364028,69137,1688,39886,1719,3614,36333,5124,36935,258881
0500000US08007,"Archuleta County, Colorado",08,007,616,365,904,5904,3931,409,1451,13900,2304,10756,3,160,102,0,54,521,163,505,4582
0500000US08009,"Baca County, Colorado",08,009,173,118,120,1185,874,353,249,3428,375,2839,13,9,88,0,4,100,77,308,1308
0500000US08011,"Bent County, Colorado",08,011,124,114,475,2968,1130,402,323,5549,1801,2981,179,57,52,9,3,467,1319,732,1574
0500000US08013,"Boulder County, Colorado",08,013,33259,15919,47674,92315,138609,8034,14405,328961,48466,245197,2490,547,15302,204,1053,15702,13611,9217,101482
0500000US08014,"Broomfield County, Colorado",08,014,7992,3658,10288,18270,34467,1212,3330,76304,10780,55235,810,147,5232,48,435,3617,383,1957,27760
0500000US08015,"Chaffee County, Colorado",08,015,495,281,1012,7843,6929,695,1210,20178,1983,16995,243,38,108,37,54,720,1437,868,6158
0500000US08017,"Cheyenne County, Colorado",08,017,83,39,99,427,569,69,90,1741,188,1364,31,1,0,10,2,145,39,98,803
0500000US08019,"Clear Creek County, Colorado",08,019,326,38,545,2634,4082,281,520,9262,722,7943,10,65,170,5,66,281,99,482,3674
0500000US08021,"Conejos County, Colorado",08,021,304,146,1933,2307,2185,514,1021,7530,3750,3466,11,71,28,9,55,140,75,479,2672
0500000US08023,"Costilla County, Colorado",08,023,205,119,1000,1698,744,481,305,3607,1973,1345,68,6,55,0,0,160,22,276,951
0500000US08025,"Crowley County, Colorado",08,025,160,66,564,3400,1016,300,316,5647,1637,3143,371,202,45,18,3,228,1741,821,1176
0500000US08027,"Custer County, Colorado",08,027,120,56,91,2518,1368,204,262,5247,219,4662,0,6,56,0,112,192,34,198,1477
0500000US08029,"Delta County, Colorado",08,029,1202,372,2709,13397,8691,1467,3672,31598,4571,25202,206,70,167,14,387,981,1038,2159,9823
0500000US08031,"Denver County, Colorado",08,031,104034,56280,162432,154163,353478,29550,64240,718877,201140,388268,61862,2158,25884,985,3943,34637,14780,47042,262144
0500000US08033,"Dolores County, Colorado",08,033,12,12,189,792,882,93,192,2432,241,2012,0,62,0,0,7,110,0,91,985
0500000US08035,"Douglas County, Colorado",08,035,31644,13638,37274,84505,171925,2951,14508,377150,38394,290577,5037,609,21780,274,1916,18563,1321,5542,137349
0500000US08037,"Eagle County, Colorado",08,037,9051,4798,13117,11953,24673,833,6005,55135,16757,34307,356,102,828,60,144,2581,73,1974,23825
0500000US08039,"Elbert County, Colorado",08,039,918,262,1400,7967,10977,393,1414,27874,2562,23069,206,49,199,104,148,1537,61,717,10901
0500000US08041,"El Paso County, Colorado",08,041,53638,22714,78833,185154,270746,26900,50686,742999,139197,487079,40648,1700,20790,1783,4281,47521,21991,24399,295370
0500000US08043,"Fremont County, Colorado",08,043,1134,574,2433,23900,12346,2878,2733,49634,6546,38600,1636,554,422,20,398,1458,7664,3570,14309
0500000US08045,"Garfield County, Colorado",08,045,8822,5241,15453,13338,26086,1868,9641,62479,20377,38451,397,134,481,82,402,2155,1076,4464,27887
0500000US08047,"Gilpin County, Colorado",08,047,148,60,273,1568,2529,278,228,5901,436,5002,152,63,62,0,9,177,81,311,2644
0500000US08049,"Grand County, Colorado",08,049,675,439,1100,4008,7286,228,1826,15895,1614,12204,33,214,113,0,118,1599,285,539,6615
0500000US08051,"Gunnison County, Colorado",08,051,642,272,991,4077,7471,648,854,17241,1727,14499,77,50,92,13,132,651,1149,277,6500
0500000US08053,"Hinsdale County, Colorado",08,053,10,0,41,383,300,63,93,1005,19,870,3,29,0,0,0,84,3,0,250
0500000US08055,"Huerfano County, Colorado",08,055,66,11,476,3584,1515,589,247,6972,2136,4384,0,81,15,0,36,320,162,375,1679
0500000US08057,"Jackson County, Colorado",08,057,20,2,26,467,445,103,105,1372,144,1188,18,5,0,0,0,17,24,93,351
0500000US08059,"Jefferson County, Colorado",08,059,36431,15783,55030,149144,257361,13200,30167,579377,93302,435828,6364,1285,16591,359,2248,23400,8777,18131,223274
0500000US08061,"Kiowa County, Colorado",08,061,76,45,88,417,410,92,118,1376,178,1144,0,6,20,0,0,28,40,73,603
0500000US08063,"Kit Carson County, Colorado",08,063,484,285,1010,1865,2363,304,829,7023,1418,5258,4,41,14,0,5,283,130,422,2872
0500000US08065,"Lake County, Colorado",08,065,914,692,1335,1484,3182,231,1001,7380,2423,4303,4,6,11,0,62,571,146,317,3490
0500000US08067,"La Plata County, Colorado",08,067,1748,817,4072,17223,20871,2125,4607,56331,7244,42847,110,2600,452,3,680,2395,1782,1446,21375
0500000US08069,"Larimer County, Colorado",08,069,20330,9734,30381,102426,150725,11813,20550,367368,47521,291045,3616,795,8054,345,2095,13897,10695,8700,139232
0500000US08071,"Las Animas County, Colorado",08,071,458,312,1435,5861,4069,1323,1167,14413,5587,7805,234,124,181,9,49,424,800,1044,4734
0500000US08073,"Lincoln County, Colorado",08,073,253,111,407,2552,1261,243,342,5550,845,4113,304,58,5,0,3,222,1059,579,1834
0500000US08075,"Logan County, Colorado",08,075,1182,571,2009,7598,6652,1478,1372,20892,3596,15779,758,103,127,0,91,438,2381,1523,7830
0500000US08077,"Mesa County, Colorado",08,077,6426,3504,10003,50980,58125,7468,15558,158601,24519,124320,927,632,1390,76,1119,5618,4448,8025,59329
0500000US08079,"Mineral County, Colorado",08,079,4,0,8,283,183,30,94,729,46,622,0,1,5,0,0,55,4,10,256
0500000US08081,"Moffat County, Colorado",08,081,626,379,1245,3586,4458,645,1276,13207,2218,10098,6,77,67,17,145,579,123,836,5691
0500000US08083,"Montezuma County, Colorado",08,083,675,333,2456,9677,7506,1336,2900,26412,3302,18629,178,2374,228,29,166,1506,366,1636,9340
0500000US08085,"Montrose County, Colorado",08,085,2627,1733,6182,15564,14938,2023,5762,43807,9427,32027,184,225,206,1,133,1604,807,2698,16277
0500000US08087,"Morgan County, Colorado",08,087,3546,2257,6638,8142,10159,1771,3551,29520,11348,16128,587,33,201,60,55,1108,565,2827,11518
0500000US08089,"Otero County, Colorado",08,089,874,414,2636,6515,4980,1654,1197,18321,7695,9597,197,59,137,0,96,540,490,1423,6546
0500000US08091,"Ouray County, Colorado",08,091,196,93,250,2048,1646,102,644,5087,308,4535,11,0,25,0,9,199,0,113,1621
0500000US08093,"Park County, Colorado",08,093,577,154,558,5972,6650,334,1065,17907,1366,15279,168,6,200,0,122,766,63,315,6677
0500000US08095,"Phillips County, Colorado",08,095,527,342,987,1169,1405,220,301,4496,1298,3119,0,0,6,0,19,54,70,321,1856
0500000US08097,"Pitkin County, Colorado",08,097,1702,686,2618,4713,8126,250,841,16985,1935,13631,66,52,341,0,50,910,156,499,5031
0500000US08099,"Prowers County, Colorado",08,099,1248,637,2053,3598,3506,951,1135,11910,4829,6553,124,5,34,0,7,358,374,1022,4740
0500000US08101,"Pueblo County, Colorado",08,101,6868,4314,16120,60976,52870,13495,8648,169356,71367,86303,3138,745,1344,77,912,5470,5565,10861,62978
0500000US08103,"Rio Blanco County, Colorado",08,103,315,225,425,1880,1950,388,615,6544,709,5365,0,40,44,0,0,386,289,188,2532
0500000US08105,"Rio Grande County, Colorado",08,105,435,359,1843,3570,3571,874,1187,11321,4607,6193,38,126,11,0,29,317,234,945,4280
0500000US08107,"Routt County, Colorado",08,107,1540,743,1756,6308,11757,575,1884,25084,2267,20097,48,78,150,33,153,2258,447,493,10384
0500000US08109,"Saguache County, Colorado",08,109,509,173,1431,2350,1828,819,828,6580,2422,3614,0,25,80,0,18,421,33,422,2233
0500000US08111,"San Juan County, Colorado",08,111,80,77,160,149,212,34,73,724,132,552,0,7,0,0,0,33,0,0,257
0500000US08113,"San Miguel County, Colorado",08,113,412,244,1106,1687,3645,167,1211,7968,931,6690,83,10,51,0,6,197,12,110,2383
0500000US08115,"Sedgwick County, Colorado",08,115,106,59,199,689,833,192,228,2304,446,1676,22,2,41,0,14,103,41,78,1007
0500000US08117,"Summit County, Colorado",08,117,2651,1983,2919,6451,16041,213,3169,31017,5334,23093,129,89,453,122,44,1753,690,992,12201
0500000US08119,"Teller County, Colorado",08,119,420,152,723,9072,9000,1298,1710,24825,1919,20831,215,4,79,13,141,1623,149,743,9014
0500000US08121,"Washington County, Colorado",08,121,193,101,292,1594,1277,230,279,4831,569,4023,53,0,27,0,32,127,184,346,1830
0500000US08123,"Weld County, Colorado",08,123,31839,18321,62296,82002,142014,11355,28015,350396,108498,217386,4506,1022,5609,321,1808,11246,5273,26027,145713
0500000US08125,"Yuma County, Colorado",08,125,1629,1478,2485,2597,3147,541,1540,9979,3021,6671,25,75,0,0,44,143,172,1220,4066
0500000US09110,"Capitol Planning Region, Connecticut",09,110,148924,60225,223209,274171,402100,51086,43135,977290,172777,586046,112506,680,58275,246,6894,39866,34694,58495,378808
0500000US09120,"Greater Bridgeport Planning Region, Connecticut",09,120,74045,36933,106351,88880,131786,16948,27983,329259,87769,170971,37116,274,16751,0,4902,11476,9471,28424,119644
0500000US09130,"Lower Connecticut River Valley Planning Region, Connecticut",09,130,14423,5473,18109,52719,74396,5027,5734,175822,13758,139241,7782,50,6022,264,582,8123,6916,5933,72192
0500000US09140,"Naugatuck Valley Planning Region, Connecticut",09,140,64667,26465,100551,130827,184105,26133,21683,454969,90672,272125,48021,201,17214,69,3878,22789,6631,30966,186434
0500000US09150,"Northeastern Connecticut Planning Region, Connecticut",09,150,4228,1762,5791,27648,39323,4293,3664,96312,5051,83085,1391,64,1298,58,501,4864,1475,5373,41767
0500000US09160,"Northwest Hills Planning Region, Connecticut",09,160,10706,4622,12343,33727,46119,4105,4355,113216,10050,92611,2767,10,2397,0,643,4738,2311,4965,45134
0500000US09170,"South Central Connecticut Planning Region, Connecticut",09,170,78358,36985,121107,165164,236412,31116,27814,570598,111540,333578,74251,551,25619,113,4745,20201,22080,31451,216560
0500000US09180,"Southeastern Connecticut Planning Region, Connecticut",09,180,24739,10330,40789,83538,106465,14409,12736,279971,42111,197646,13686,880,10495,14,1564,13575,11589,14305,113312
0500000US09190,"Western Connecticut Planning Region, Connecticut",09,190,149087,72843,176201,160663,270769,16363,44977,627071,128783,367416,58629,448,34023,168,7484,30120,7382,36433,216316
0500000US10001,"Kent County, Delaware",10,001,13883,5254,20151,57073,63184,9815,12153,187604,15216,106078,49530,480,4680,55,980,10585,4388,11391,74553
0500000US10003,"New Castle County, Delaware",10,003,74007,33113,94423,161204,239366,22077,33622,577961,68181,302505,143725,257,35717,162,2853,24561,16196,29897,218122
0500000US10005,"Sussex County, Delaware",10,005,21392,11626,31670,98576,86508,11267,17788,255626,29438,184909,25014,500,3242,0,1331,11192,2709,19045,90282
0500000US11001,"District of Columbia, District of Columbia",11,001,97388,50710,122363,160237,259555,46408,24454,681294,81152,248392,283502,677,29294,261,4743,33273,34281,35895,117153
0500000US12001,"Alachua County, Florida",12,001,32992,14823,45050,96213,92658,10714,20983,285492,35896,164433,54201,164,17238,50,1832,11678,19154,9520,103037
0500000US12003,"Baker County, Florida",12,003,406,142,845,9854,8892,1535,3037,28430,1155,22049,3111,1,234,0,0,1880,2584,2451,10420
0500000US12005,"Bay County, Florida",12,005,16046,8778,19156,55239,66670,9924,26234,186393,17061,135483,18301,378,3806,160,859,10345,2768,11433,78901
0500000US12007,"Bradford County, Florida",12,007,899,224,1312,11645,7753,1603,2796,27885,1407,20324,4304,7,198,0,13,1632,3734,3349,8870
0500000US12009,"Brevard County, Florida",12,009,61540,19061,74041,230697,231679,24283,61493,632780,77253,444256,59481,626,15334,418,5221,30191,8545,31757,231503
0500000US12011,"Broward County, Florida",12,011,729575,282741,818869,544708,834919,99630,244680,1977129,648085,607366,541305,2305,71862,1009,21073,84124,18518,135591,787771
0500000US12013,"Calhoun County, Florida",12,013,486,278,670,6304,3053,929,2066,13492,709,10191,1541,115,103,0,143,690,1763,1716,4135
0500000US12015,"Charlotte County, Florida",12,015,19620,6883,19824,102495,59061,6585,19049,201064,16501,163453,10151,116,2714,82,945,7102,4506,12521,57081
0500000US12017,"Citrus County, Florida",12,017,9049,2431,10342,84449,43297,8574,16607,162472,11303,138526,2772,351,2180,69,646,6625,2749,11132,43344
0500000US12019,"Clay County, Florida",12,019,15912,5553,23340,67522,87634,7240,18297,227584,26029,154249,26414,148,6830,268,2023,11623,2141,11861,88151
0500000US12021,"Collier County, Florida",12,021,98114,49483,124886,166509,138337,9273,44846,398291,112189,244399,25473,335,6116,95,1740,7944,4995,30903,131703
0500000US12023,"Columbia County, Florida",12,023,3398,1621,5106,26325,21500,5611,8511,71789,5663,50441,11550,53,691,28,579,2784,4140,7018,25793
0500000US12027,"DeSoto County, Florida",12,027,4819,3076,7542,15087,10187,2870,6709,35386,10635,19441,4365,59,33,27,77,749,2938,6951,12075
0500000US12029,"Dixie County, Florida",12,029,393,159,429,8632,3984,1075,2638,17058,786,14162,1023,81,31,0,29,946,1644,1963,4758
0500000US12031,"Duval County, Florida",12,031,124891,52599,155824,281263,417969,59377,110121,1023153,126467,495145,288306,819,50010,627,8251,53528,22453,61566,400884
0500000US12033,"Escambia County, Florida",12,033,18565,8599,26483,102773,114815,19304,36218,325923,22701,201136,67729,718,9137,352,1355,22795,18433,20290,117600
0500000US12035,"Flagler County, Florida",12,035,16192,4258,18876,55296,40240,3987,13167,126528,14719,91650,11173,49,3035,9,782,5111,777,6519,39056
0500000US12037,"Franklin County, Florida",12,037,525,303,710,5718,3194,707,1825,12553,707,9846,1336,8,8,0,8,640,1625,1545,3944
0500000US12039,"Gadsden County, Florida",12,039,2509,1647,4707,18383,10612,4340,6460,43710,5449,13693,22832,131,49,0,7,1549,3912,5633,13934
0500000US12041,"Gilchrist County, Florida",12,041,745,509,1131,7588,5617,1223,2324,19040,1529,16208,573,21,36,0,56,617,932,1768,6780
0500000US12043,"Glades County, Florida",12,043,1378,912,3080,6821,3314,734,2607,12563,3225,6859,1844,367,57,0,74,137,1386,2442,3416
0500000US12045,"Gulf County, Florida",12,045,569,291,850,7691,3862,714,1040,15131,737,11594,2045,19,94,16,0,626,2612,1800,4413
0500000US12047,"Hamilton County, Florida",12,047,606,240,1543,7008,2763,1225,1617,13616,1564,7418,4133,62,78,9,9,343,2455,1809,3481
0500000US12049,"Hardee County, Florida",12,049,3011,1897,7481,9536,8179,2048,4840,25675,10867,11912,1851,14,288,12,57,674,1767,3850,9011
0500000US12051,"Hendry County, Florida",12,051,12730,7419,20548,13609,15176,2575,9028,42382,24422,11981,4448,397,489,0,121,524,2399,8686,15929
0500000US12053,"Hernando County, Florida",12,053,17411,5585,26270,83871,69001,10208,22960,207018,35111,149211,9793,481,2716,223,1791,7692,2052,14837,68578
0500000US12055,"Highlands County, Florida",12,055,11458,5256,21517,50904,28295,7346,14402,105702,23465,66703,9819,200,1598,13,618,3286,1678,10977,31290
0500000US12057,"Hillsborough County, Florida",12,057,300278,142657,441619,422544,643422,77704,167911,1522748,462209,682692,233485,1071,68385,875,11850,62181,29652,108143,569639
0500000US12059,"Holmes County, Florida",12,059,515,149,954,8257,4980,1000,2300,19513,716,16427,1124,72,121,17,89,947,1803,1771,6781
0500000US12061,"Indian River County, Florida",12,061,16738,5615,22637,74367,54623,5342,16491,166936,23133,120959,12900,377,2494,45,1173,5855,1702,10545,54619
0500000US12063,"Jackson County, Florida",12,063,1027,388,2768,22618,10622,3234,3585,48250,2598,30699,12165,96,272,33,81,2306,7110,5698,15250
0500000US12065,"Jefferson County, Florida",12,065,477,171,735,5996,4817,1184,1358,15091,765,9097,4188,9,179,15,76,762,1124,1306,5576
0500000US12067,"Lafayette County, Florida",12,067,558,419,883,3912,2013,437,638,8161,1042,5485,1427,4,3,0,0,200,1451,1071,2422
0500000US12069,"Lake County, Florida",12,069,44239,17708,63362,159109,143418,15818,39165,412924,77473,262750,41979,295,8387,456,3301,18283,4608,26506,140015
0500000US12071,"Lee County, Florida",12,071,154309,78355,201586,322034,295810,27154,105022,817666,202269,507047,62363,442,13788,271,5424,26062,13150,60220,282348
0500000US12073,"Leon County, Florida",12,073,22129,10000,30896,86320,100761,14294,21833,297542,24307,158275,89710,115,10490,119,1540,12986,18666,11017,119491
0500000US12075,"Levy County, Florida",12,075,1753,937,3177,18564,13179,3201,5920,45391,4706,34652,3516,57,251,13,198,1998,376,4006,15825
0500000US12077,"Liberty County, Florida",12,077,275,166,549,3667,1570,684,509,7687,489,5892,887,37,18,4,9,351,1563,1156,2389
0500000US12079,"Madison County, Florida",12,079,653,365,921,8948,4567,1197,2014,18089,1051,9722,6429,9,22,0,74,782,1735,2693,5289
0500000US12081,"Manatee County, Florida",12,081,62221,30162,81476,164192,155757,13315,50165,429792,78657,290557,32707,240,9522,275,1619,16215,5079,29691,149323
0500000US12083,"Marion County, Florida",12,083,37761,15745,61002,170304,127135,21760,49167,400078,68129,262011,46349,506,6921,318,2216,13628,8494,31062,130558
0500000US12085,"Martin County, Florida",12,085,18029,8208,23668,66831,57977,4446,16642,162176,25843,121241,7569,99,2120,57,464,4783,4059,8792,54188
0500000US12086,"Miami-Dade County, Florida",12,086,1493272,606523,1949758,805149,1125754,222489,368969,2738356,1898211,344354,384902,1814,40782,446,15619,52228,44400,315376,1055177
0500000US12087,"Monroe County, Florida",12,087,16212,6578,17391,26426,31049,2573,10216,81860,20132,52162,5531,16,858,35,753,2373,1563,4432,30944
0500000US12089,"Nassau County, Florida",12,089,3770,1125,5195,34008,36290,2714,6986,97859,5570,81628,5372,121,1294,23,576,3275,825,5203,37126
0500000US12091,"Okaloosa County, Florida",12,091,19914,10845,25335,60846,69156,6711,23695,216599,24572,150004,19735,286,7038,247,1124,13593,4593,10057,92884
0500000US12093,"Okeechobee County, Florida",12,093,5455,2775,8634,16657,11808,2483,6584,40816,10673,25240,3061,142,283,0,131,1286,2700,5750,13653
0500000US12095,"Orange County, Florida",12,095,358269,181600,534188,387620,640771,72240,175523,1471937,497773,528247,280842,994,78015,1172,14644,70250,38444,95113,578055
0500000US12097,"Osceola County, Florida",12,097,113785,58150,219739,115006,178854,24572,45163,427415,239150,116050,42216,133,11693,138,3964,14071,2290,30252,172203
0500000US12099,"Palm Beach County, Florida",12,099,424481,185616,498452,516171,595583,60523,200373,1533806,374740,760739,277548,875,43187,612,13207,62898,26888,122319,557815
0500000US12101,"Pasco County, Florida",12,101,75194,28884,110728,212708,224056,25322,60201,611444,113819,412811,36857,587,20570,283,3395,23122,7797,37602,206225
0500000US12103,"Pinellas County, Florida",12,103,119232,40400,147641,343082,385526,36876,99098,963481,108089,684141,90873,865,34822,643,5378,38670,21760,54244,343569
0500000US12105,"Polk County, Florida",12,105,99373,53060,207206,267543,296446,42205,97022,790694,230841,401528,111326,620,14071,274,5480,26554,15835,66336,289536
0500000US12107,"Putnam County, Florida",12,107,3562,2207,6416,32065,21368,7110,10407,75164,8421,52090,11066,152,396,0,318,2721,1375,9520,22920
0500000US12109,"St. Johns County, Florida",12,109,28971,9990,33444,98051,119598,4890,16173,306934,27846,237648,14918,152,11455,103,1804,13008,3213,9351,100729
0500000US12111,"St. Lucie County, Florida",12,111,65657,22979,84426,131252,126218,16751,40803,360500,78741,184223,75302,398,7046,123,2146,12521,3285,28457,130932
0500000US12113,"Santa Rosa County, Florida",12,113,9666,3392,12229,64674,66937,7071,19170,198472,13647,155619,10888,238,3861,368,1411,12440,4910,9747,75703
0500000US12115,"Sarasota County, Florida",12,115,59568,21546,65750,206088,155943,11108,44825,459547,48971,367787,17786,494,8790,211,2409,13099,8182,19340,148603
0500000US12117,"Seminole County, Florida",12,117,72673,27791,105501,130276,212285,17186,45606,481470,115251,263299,53562,388,25561,255,2886,20268,4663,20678,187414
0500000US12119,"Sumter County, Florida",12,119,8779,3029,9307,99810,26851,4027,7023,143408,9163,119928,9103,234,1466,30,619,2865,7861,9379,24909
0500000US12121,"Suwannee County, Florida",12,121,2733,1495,3926,18458,13458,2569,4832,45342,5348,32917,4308,100,302,0,180,2187,2033,4747,15417
0500000US12123,"Taylor County, Florida",12,123,1139,813,1279,9948,4916,1351,2125,21503,919,15373,4079,73,132,108,139,680,2570,2319,6139
0500000US12125,"Union County, Florida",12,125,313,241,705,7922,3105,726,869,15701,846,10998,2302,0,38,7,29,1481,4471,2391,4203
0500000US12127,"Volusia County, Florida",12,127,51097,20229,86939,221967,213036,29057,58454,579622,94499,391808,59786,690,11446,226,2368,18799,16719,34356,207697
0500000US12129,"Wakulla County, Florida",12,129,979,483,1733,12058,10012,1557,2213,35387,1737,27147,4840,113,131,0,177,1242,2842,2965,14812
0500000US12131,"Walton County, Florida",12,131,6149,2621,6677,27626,30276,3236,11948,82948,7154,67337,3370,261,920,25,378,3503,1672,4769,30157
0500000US12133,"Washington County, Florida",12,133,683,273,1006,11147,6867,1154,3229,25529,1026,19379,3432,129,150,0,33,1380,2644,2927,8468
0500000US13001,"Appling County, Georgia",13,001,998,664,1769,6595,5765,1406,3053,18493,1992,12492,3351,17,73,0,1,567,498,1962,6960
0500000US13003,"Atkinson County, Georgia",13,003,1117,1003,1987,2624,2989,845,2167,8337,2295,4469,1136,0,0,0,0,437,25,1761,3332
0500000US13005,"Bacon County, Georgia",13,005,391,287,826,4282,3305,878,1601,11109,944,8026,1487,0,96,12,0,544,364,1036,3815
0500000US13007,"Baker County, Georgia",13,007,131,113,295,1316,784,168,531,2790,118,1421,1028,0,168,0,3,52,74,218,821
0500000US13009,"Baldwin County, Georgia",13,009,1440,729,1934,19247,12095,2679,4923,43642,1255,22445,18040,31,759,153,109,850,5760,3590,14577
0500000US13011,"Banks County, Georgia",13,011,1107,566,1417,6080,7223,618,2271,19264,1409,16487,520,27,357,0,0,464,0,2322,8222
0500000US13013,"Barrow County, Georgia",13,013,9105,4338,14503,22616,36655,2693,13753,89886,13741,56441,12355,48,3610,0,332,3359,386,6798,39571
0500000US13015,"Bartow County, Georgia",13,015,5545,2755,10206,31188,45552,3559,16574,113113,12015,82917,11818,53,1203,505,970,3632,1027,8846,47663
0500000US13017,"Ben Hill County, Georgia",13,017,468,371,1139,6037,5722,1511,3199,17089,1162,9100,6485,32,74,0,52,184,291,1871,6305
0500000US13019,"Berrien County, Georgia",13,019,290,166,720,6392,5600,1658,2679,18352,1127,14513,2054,31,22,28,2,575,174,2112,6863
0500000US13021,"Bibb County, Georgia",13,021,5947,3373,8601,53022,50861,13362,20773,156578,7371,53734,85584,72,3557,73,1222,4965,6235,12999,53419
0500000US13023,"Bleckley County, Georgia",13,023,155,80,306,4563,3355,1000,876,12430,472,8381,3232,16,116,0,0,213,1240,1111,4673
0500000US13025,"Brantley County, Georgia",13,025,238,71,279,7181,5675,1249,3663,18315,572,16631,586,0,97,0,0,429,63,2099,7019
0500000US13027,"Brooks County, Georgia",13,027,544,305,945,6589,5204,1251,2565,16293,1112,8695,5339,8,235,0,253,651,355,1783,5804
0500000US13029,"Bryan County, Georgia",13,029,3044,814,4740,10429,17188,1314,3104,48263,3972,33641,6355,12,1244,20,126,2893,160,2226,20897
0500000US13031,"Bulloch County, Georgia",13,031,3304,1736,5179,27565,27683,5085,8914,82683,4263,50809,23214,91,1195,31,298,2782,6052,4743,31381
0500000US13033,"Burke County, Georgia",13,033,411,167,702,8036,8142,1736,3350,24470,872,11754,11012,26,122,0,0,684,230,2875,9301
0500000US13035,"Butts County, Georgia",13,035,245,99,969,9853,8720,1324,2947,26496,1022,17009,6436,125,68,0,177,1659,2475,2875,9971
0500000US13037,"Calhoun County, Georgia",13,037,171,153,424,3168,1136,546,537,5498,303,1800,3209,12,24,0,8,142,1718,883,1271
0500000US13039,"Camden County, Georgia",13,039,1673,631,3194,17467,15532,2278,4657,56970,4325,38766,9231,77,974,0,385,3212,1620,2339,21714
0500000US13043,"Candler County, Georgia",13,043,640,504,1286,4183,3107,934,1620,11043,1416,6461,2479,62,64,0,37,524,296,1249,4284
0500000US13045,"Carroll County, Georgia",13,045,7101,4763,9328,36475,46695,6397,14837,124569,10771,83070,22683,337,1060,0,1386,5262,3185,11329,49717
0500000US13047,"Catoosa County, Georgia",13,047,1941,784,3347,21177,26170,3146,7493,68634,2778,60284,901,32,1045,7,391,3196,523,4971,29095
0500000US13049,"Charlton County, Georgia",13,049,344,110,482,5086,3821,1064,1975,12818,1980,6969,3183,45,135,0,0,506,581,1529,4849
0500000US13051,"Chatham County, Georgia",13,051,26309,14020,32265,89101,116065,14265,37678,300879,24958,136324,115398,156,9097,370,2848,11728,11937,18326,118905
0500000US13053,"Chattahoochee County, Georgia",13,053,423,143,1373,1302,888,419,226,8887,1594,4804,1714,37,279,30,124,305,4534,147,4155
0500000US13055,"Chattooga County, Georgia",13,055,877,556,1419,10189,7415,1724,3096,25036,1436,20291,2238,16,91,5,4,955,1501,4327,8692
0500000US13057,"Cherokee County, Georgia",13,057,28874,16540,35477,70858,125043,3534,28979,281032,34879,207641,19761,105,6675,79,1534,10358,1991,14618,111413
0500000US13059,"Clarke County, Georgia",13,059,12889,8669,19404,41287,45336,5127,14352,129609,15269,70120,33135,219,5371,20,493,4982,10447,7709,49886
0500000US13061,"Clay County, Georgia",13,061,9,0,47,1215,897,322,218,2850,0,1063,1725,1,0,0,0,61,59,272,1036
0500000US13063,"Clayton County, Georgia",13,063,40192,19183,58300,76103,113710,20461,50380,298924,43419,23412,204842,293,14728,189,2085,9956,3871,27619,115341
0500000US13065,"Clinch County, Georgia",13,065,398,337,523,2792,1807,616,1470,6759,448,4278,1734,73,20,0,0,206,507,1004,2120
0500000US13067,"Cobb County, Georgia",13,067,127993,66353,160479,183750,349193,18374,92403,775208,116854,364994,204510,501,42241,241,7081,38786,9469,37265,296030
0500000US13069,"Coffee County, Georgia",13,069,3073,2143,5186,15691,13170,3067,7191,43347,5861,24094,12155,46,319,4,159,709,3506,5622,15526
0500000US13071,"Colquitt County, Georgia",13,071,5115,3818,8232,14485,16625,3304,9374,46224,9617,24715,10542,88,421,0,24,817,976,5842,18118
0500000US13073,"Columbia County, Georgia",13,073,11928,4830,17099,45189,54167,3669,14699,162434,12985,102633,30392,133,7675,0,1288,7328,966,8206,67518
0500000US13075,"Cook County, Georgia",13,075,428,337,969,5724,5489,964,2614,17532,1335,10615,4839,0,72,0,141,530,283,1881,7135
0500000US13077,"Coweta County, Georgia",13,077,10079,5474,13338,43928,61759,3861,12870,152852,12522,102811,27767,61,3183,3,709,5796,821,8366,62049
0500000US13079,"Crawford County, Georgia",13,079,264,113,358,4268,3932,640,1440,12225,481,8786,2572,71,16,0,0,299,168,1286,4829
0500000US13081,"Crisp County, Georgia",13,081,616,296,638,6968,6163,2125,2824,19790,715,9537,8861,11,99,0,103,464,334,2176,7003
0500000US13083,"Dade County, Georgia",13,083,294,150,471,5716,5904,640,1536,16165,465,14799,181,5,196,0,16,503,1101,1299,6058
0500000US13085,"Dawson County, Georgia",13,085,1570,844,1849,9328,11100,824,3551,30242,2208,25904,588,9,382,0,164,987,142,2167,12258
0500000US13087,"Decatur County, Georgia",13,087,1083,751,1864,11053,8269,2417,3886,29195,2067,14161,12227,15,210,0,10,505,1157,3198,9765
0500000US13089,"DeKalb County, Georgia",13,089,132233,67568,151017,193756,316736,36708,96640,765351,80839,213872,385532,742,46997,460,4816,32093,10757,48463,265352
0500000US13091,"Dodge County, Georgia",13,091,369,311,455,8876,5072,1531,2668,19805,716,12642,6121,32,9,0,0,285,1707,2276,6482
0500000US13093,"Dooly County, Georgia",13,093,469,335,1241,5364,3127,709,1024,10984,915,4486,5154,15,0,0,57,357,2365,1362,3643
0500000US13095,"Dougherty County, Georgia",13,095,1902,1314,3504,29366,23667,9925,10663,83091,2710,18959,58321,72,577,0,286,2166,4259,7636,27836
0500000US13097,"Douglas County, Georgia",13,097,14169,6216,20097,39154,56410,6682,18032,147888,18079,45920,72827,190,2627,125,1729,6391,1381,8358,57893
0500000US13099,"Early County, Georgia",13,099,49,47,98,3871,3072,1077,1438,10603,67,4357,5641,4,45,5,1,483,121,1183,3812
0500000US13101,"Echols County, Georgia",13,101,399,339,757,962,1188,232,778,3709,782,2155,232,2,294,0,0,244,12,382,1604
0500000US13103,"Effingham County, Georgia",13,103,2934,1619,3637,17152,26579,1892,6643,69143,4572,50424,9941,98,659,95,271,3083,322,4294,30107
0500000US13105,"Elbert County, Georgia",13,105,887,362,1121,6537,7056,1292,2390,19849,1174,12348,4430,91,261,0,94,1451,244,2004,7998
0500000US13107,"Emanuel County, Georgia",13,107,604,350,1016,7876,6859,2246,3517,23026,1112,13275,7218,7,198,0,45,1171,1110,3113,7988
0500000US13109,"Evans County, Georgia",13,109,547,341,1319,3614,3663,801,1592,10757,1327,5914,3014,6,109,0,0,387,585,1260,3941
0500000US13111,"Fannin County, Georgia",13,111,1021,271,838,11158,8311,1595,3681,25742,848,23635,92,9,194,0,131,833,159,2288,8968
0500000US13113,"Fayette County, Georgia",13,113,13485,6309,15956,39540,46355,2145,10390,122244,10504,67878,30947,130,6045,59,2028,4653,798,4326,43812
0500000US13115,"Floyd County, Georgia",13,115,6603,3920,10726,32700,36615,5482,13161,99693,12383,68566,13517,43,1453,107,270,3354,4238,10180,38243
0500000US13117,"Forsyth County, Georgia",13,117,61157,31888,70155,64050,119189,1927,21062,267287,27069,165153,11179,139,52363,24,1596,9764,1032,9873,89207
0500000US13119,"Franklin County, Georgia",13,119,1114,741,1439,9146,7447,1320,4406,24234,1319,19617,2129,17,429,6,61,656,704,2795,8513
0500000US13121,"Fulton County, Georgia",13,121,151535,74024,180600,267878,481086,53763,101723,1076561,87967,396329,453703,964,83505,165,8850,45078,31689,46269,352277
0500000US13123,"Gilmer County, Georgia",13,123,1679,803,3065,12850,10529,1247,4712,32426,3989,27113,90,39,173,0,38,984,229,3125,11899
0500000US13125,"Glascock County, Georgia",13,125,2,0,3,1123,722,199,342,2932,93,2537,211,0,0,0,0,91,73,393,1000
0500000US13127,"Glynn County, Georgia",13,127,5499,2856,6989,29992,28747,4403,11248,85447,6637,52798,20553,102,1106,3,227,4021,1388,6111,32594
0500000US13129,"Gordon County, Georgia",13,129,4675,2560,8873,18058,21938,2182,9015,59100,9657,44775,1991,45,554,35,143,1900,546,7808,24710
0500000US13131,"Grady County, Georgia",13,131,1481,1317,2887,8700,8862,2054,4693,26108,3484,14623,7530,57,17,0,35,362,177,3446,10476
0500000US13133,"Greene County, Georgia",13,133,1019,560,1447,8583,6089,590,2773,20109,1442,11913,5936,0,250,0,127,441,137,1795,6687
0500000US13135,"Gwinnett County, Georgia",13,135,278504,140876,350622,237913,408151,25467,147756,979864,232470,300049,272310,1016,129422,267,5397,38933,5864,76820,372451
0500000US13137,"Habersham County, Georgia",13,137,4477,3285,7462,16964,17278,2250,6701,47793,7681,36032,1537,32,1103,13,79,1316,2415,5698,18207
0500000US13139,"Hall County, Georgia",13,139,35918,23967,58148,61357,86286,7051,34826,212705,61982,123233,14179,84,4687,0,899,7641,2479,27008,86154
0500000US13141,"Hancock County, Georgia",13,141,187,53,237,5450,1509,871,680,8650,59,2364,6026,0,54,0,0,147,1737,1601,1924
0500000US13143,"Haralson County, Georgia",13,143,465,172,668,9646,11355,1653,3429,31285,665,27835,1550,10,203,0,177,845,233,3298,12559
0500000US13145,"Harris County, Georgia",13,145,767,178,1639,11860,12276,1317,2402,36086,1785,26781,5588,52,234,0,90,1556,482,1517,13840
0500000US13147,"Hart County, Georgia",13,147,998,714,1416,9880,9232,1146,2846,26939,1145,19907,4575,31,368,0,14,899,610,2886,10318
0500000US13149,"Heard County, Georgia",13,149,78,16,415,4426,3736,1092,1605,11773,328,9934,913,0,53,2,5,538,113,981,4205
0500000US13151,"Henry County, Georgia",13,151,22849,7312,27050,63476,96251,9110,24377,249960,20722,80914,128099,166,8331,215,1790,9723,981,11408,99365
0500000US13153,"Houston County, Georgia",13,153,11265,5262,13413,47968,52187,6588,16677,169649,12872,87220,54699,87,5075,226,897,8573,1711,8421,68439
0500000US13155,"Irwin County, Georgia",13,155,141,79,464,3353,3159,531,1760,9285,673,6158,2241,0,9,0,0,204,261,921,3696
0500000US13157,"Jackson County, Georgia",13,157,6155,2395,9177,22719,32662,2125,9770,84757,9201,64216,6438,11,1997,49,356,2489,649,6477,34884
0500000US13159,"Jasper County, Georgia",13,159,400,279,502,5119,5368,696,2034,15929,799,11808,2597,3,25,0,129,568,96,1140,6118
0500000US13161,"Jeff Davis County, Georgia",13,161,881,685,1861,5337,4685,940,3263,14924,2095,10059,1789,5,76,41,137,722,127,2189,5424
0500000US13163,"Jefferson County, Georgia",13,163,534,415,557,5392,4947,1281,2521,15341,547,6300,8091,3,6,0,149,245,507,1708,5856
0500000US13165,"Jenkins County, Georgia",13,165,251,205,600,4210,1934,686,1091,8711,802,4594,3234,5,0,0,0,76,1260,1309,2552
0500000US13167,"Johnson County, Georgia",13,167,68,50,132,4357,2134,804,1075,9190,162,5652,3016,26,0,0,16,318,1425,1589,2866
0500000US13169,"Jones County, Georgia",13,169,377,166,553,9053,10223,1599,2440,28673,628,19884,6979,11,45,0,98,1028,293,1613,11380
0500000US13171,"Lamar County, Georgia",13,171,522,209,336,7000,6644,961,2071,19571,661,13002,5304,10,140,0,6,448,1039,1387,7951
0500000US13173,"Lanier County, Georgia",13,173,493,370,764,3845,2866,669,1655,10221,758,6610,2471,0,121,0,104,157,387,821,3441
0500000US13175,"Laurens County, Georgia",13,175,1603,1116,1721,16687,16228,3814,5936,49798,1646,28017,18192,51,520,143,166,1063,860,4401,19379
0500000US13177,"Lee County, Georgia",13,177,1457,443,1705,9058,12270,1170,2667,33626,1131,22301,7980,0,847,46,75,1246,965,1687,14926
0500000US13179,"Liberty County, Georgia",13,179,4259,1658,7839,16714,17660,3845,6424,67397,8535,24612,27498,158,1159,355,409,4671,2543,2892,27401
0500000US13181,"Lincoln County, Georgia",13,181,233,160,142,3062,2340,349,953,7854,114,5360,2139,0,11,0,16,214,52,706,3058
0500000US13183,"Long County, Georgia",13,183,927,508,1689,5789,4973,1123,1927,18374,2405,9741,4215,0,134,99,196,1584,252,1689,6695
0500000US13185,"Lowndes County, Georgia",13,185,4741,2450,7468,37106,38789,7456,16395,119965,8552,60746,44366,80,2088,49,201,3883,4543,7128,48218
0500000US13187,"Lumpkin County, Georgia",13,187,1217,453,1979,12778,11977,1072,4011,34505,2011,30619,681,73,284,35,29,773,3170,2219,12913
0500000US13189,"McDuffie County, Georgia",13,189,353,127,607,7802,7080,1389,2061,21718,800,11531,8704,0,68,0,0,615,227,1929,8250
0500000US13191,"McIntosh County, Georgia",13,191,92,13,252,4982,3192,1107,1049,11312,302,7151,3162,22,43,0,0,632,63,1486,3718
0500000US13193,"Macon County, Georgia",13,193,401,325,842,5785,3085,1121,2441,11864,561,3854,6933,26,191,0,76,223,1971,1977,3265
0500000US13195,"Madison County, Georgia",13,195,1348,764,1978,10350,11216,1372,4882,31528,2326,24544,2972,23,637,0,167,859,219,3588,12344
0500000US13197,"Marion County, Georgia",13,197,609,425,744,2835,2437,637,1277,7509,603,4309,2046,16,175,0,7,353,101,1181,2872
0500000US13199,"Meriwether County, Georgia",13,199,217,25,271,7847,6912,1934,2574,20929,176,11892,8190,17,142,15,21,476,167,2551,7617
0500000US13201,"Miller County, Georgia",13,201,157,112,270,2108,1648,453,547,5850,194,3796,1648,18,52,11,56,75,169,655,2180
0500000US13205,"Mitchell County, Georgia",13,205,625,350,1301,8374,5856,2143,3490,21058,1098,9639,9483,37,3,0,214,584,1500,2455,7347
0500000US13207,"Monroe County, Georgia",13,207,614,249,1106,9856,10749,627,2679,29664,853,21335,6565,45,356,0,23,487,1220,1827,12535
0500000US13209,"Montgomery County, Georgia",13,209,246,136,551,3247,2546,563,1110,8640,646,5596,2019,12,53,0,6,308,838,771,3260
0500000US13211,"Morgan County, Georgia",13,211,614,290,742,7163,7226,914,2318,21078,797,15468,4326,0,155,0,0,332,191,1286,8481
0500000US13213,"Murray County, Georgia",13,213,2847,1721,5135,11992,16347,1878,5553,40562,6523,32304,257,13,148,124,119,1074,286,5800,17498
0500000US13215,"Muscogee County, Georgia",13,215,10399,4489,15766,62057,63420,13700,21545,203711,17357,74833,93972,91,5257,305,1226,10670,5937,14120,73605
0500000US13217,"Newton County, Georgia",13,217,8241,4223,7919,32470,41646,5614,13236,118152,8435,45832,55841,64,1791,0,292,5897,1466,7564,45974
0500000US13219,"Oconee County, Georgia",13,219,3094,1255,3705,11951,15859,424,2966,43551,2538,35764,1473,108,2043,0,64,1561,187,1035,17153
0500000US13221,"Oglethorpe County, Georgia",13,221,592,407,925,4920,5006,653,1651,15509,1051,11335,2393,7,109,20,28,566,122,1291,6432
0500000US13223,"Paulding County, Georgia",13,223,14054,6358,17752,44914,72952,4821,17876,178909,15643,109161,41273,154,2627,196,621,9234,746,8933,73602
0500000US13225,"Peach County, Georgia",13,225,1338,801,1930,9002,9980,1989,3443,28560,2674,12260,11833,22,62,55,70,1584,1417,2031,10991
0500000US13227,"Pickens County, Georgia",13,227,979,558,1290,12205,12749,1306,4162,34951,1410,31982,205,70,115,20,45,1104,346,2636,13232
0500000US13229,"Pierce County, Georgia",13,229,345,283,554,6347,7226,883,2501,20202,1070,16575,2002,55,0,0,15,485,232,1619,8812
0500000US13231,"Pike County, Georgia",13,231,334,182,335,6295,6896,350,2604,19903,455,17140,1671,4,90,33,144,366,310,1470,8015
0500000US13233,"Polk County, Georgia",13,233,2686,2119,4951,14257,15013,2743,5180,43785,6087,30832,5206,9,301,0,325,1025,507,4547,16889
0500000US13235,"Pulaski County, Georgia",13,235,321,254,532,4777,2797,533,841,9939,565,6096,3043,3,84,0,0,148,1270,1170,3125
0500000US13237,"Putnam County, Georgia",13,237,1731,930,2470,8777,7532,1151,2327,22855,1648,14744,5029,0,454,68,60,852,175,2244,8348
0500000US13239,"Quitman County, Georgia",13,239,0,0,6,1177,521,242,334,2264,19,970,1189,0,0,0,0,86,0,319,531
0500000US13241,"Rabun County, Georgia",13,241,1146,692,1440,7137,5828,550,2392,17312,1525,15008,134,0,152,0,16,477,257,1302,6161
0500000US13243,"Randolph County, Georgia",13,243,15,7,26,1994,1566,1059,484,6196,261,1659,4174,0,5,0,13,84,209,546,2128
0500000US13245,"Richmond County, Georgia",13,245,7808,3730,12878,61660,66839,16177,22953,206069,11922,64720,114839,106,3262,358,1221,9641,9268,16587,76548
0500000US13247,"Rockdale County, Georgia",13,247,10166,4191,10599,26689,36427,4187,12350,95281,10369,22840,54752,44,1502,0,700,5074,819,5573,37862
0500000US13249,"Schley County, Georgia",13,249,15,7,55,1567,1550,253,458,4513,65,3729,657,0,0,0,0,62,0,421,1590
0500000US13251,"Screven County, Georgia",13,251,180,99,287,5131,4675,674,1786,14130,375,7792,5517,3,0,0,0,443,282,1450,5323
0500000US13253,"Seminole County, Georgia",13,253,77,61,180,3976,2433,802,1337,9156,284,5664,3063,14,43,0,0,88,104,802,3098
0500000US13255,"Spalding County, Georgia",13,255,2807,1491,4299,23677,23252,4900,9069,68892,4229,36779,24653,19,663,24,439,2086,920,6847,25408
0500000US13257,"Stephens County, Georgia",13,257,936,565,1382,9463,9155,1528,3908,27012,1068,21765,2197,0,284,19,0,1679,928,2779,10385
0500000US13259,"Stewart County, Georgia",13,259,201,113,256,2761,1165,597,881,4869,206,1234,3294,72,10,0,0,53,965,793,1440
0500000US13261,"Sumter County, Georgia",13,261,1244,738,1936,9894,9443,2406,3959,29061,1812,11185,14485,51,378,1,31,1118,1714,2821,10659
0500000US13263,"Talbot County, Georgia",13,263,6,0,80,2607,1672,585,675,5742,36,2319,3083,1,4,0,36,263,29,764,1838
0500000US13265,"Taliaferro County, Georgia",13,265,21,8,51,648,381,152,164,1558,68,614,715,0,1,5,42,113,11,146,546
0500000US13267,"Tattnall County, Georgia",13,267,1245,815,2496,10610,6011,1694,2775,24208,2595,13874,6474,60,186,0,208,811,4280,2894,7739
0500000US13269,"Taylor County, Georgia",13,269,112,61,183,3439,2055,1085,784,7786,77,4557,2944,31,23,0,0,154,243,1169,2370
0500000US13271,"Telfair County, Georgia",13,271,755,636,1436,6530,2689,935,1994,11831,1776,5716,4196,2,17,0,0,124,2220,1922,3179
0500000US13273,"Terrell County, Georgia",13,273,126,63,272,3488,2577,825,1245,8850,234,3245,5302,0,13,2,3,51,287,1236,2703
0500000US13275,"Thomas County, Georgia",13,275,1227,631,2170,13607,16801,3820,5348,45777,1792,26092,15995,92,404,23,327,1052,569,3396,18874
0500000US13277,"Tift County, Georgia",13,277,2438,1884,4833,14249,14414,2763,5914,41438,5472,21901,12240,47,539,1,100,1138,2032,3668,16035
0500000US13279,"Toombs County, Georgia",13,279,1721,1416,2702,9009,8825,2337,4280,27102,3271,15593,6396,92,230,0,21,1499,559,2702,9855
0500000US13281,"Towns County, Georgia",13,281,252,164,322,6769,3277,445,1462,12913,421,11990,187,5,6,1,0,303,869,749,3559
0500000US13283,"Treutlen County, Georgia",13,283,81,67,107,2462,1808,504,775,6376,93,3952,1948,95,9,0,10,269,435,1096,2384
0500000US13285,"Troup County, Georgia",13,285,3186,2269,4181,20970,26039,5189,6570,70330,3315,37890,25301,51,1624,7,111,2031,1468,5171,27964
0500000US13287,"Turner County, Georgia",13,287,167,102,419,3183,2372,1071,1145,8939,429,4822,3258,8,0,0,13,409,304,1380,2759
0500000US13289,"Twiggs County, Georgia",13,289,105,88,211,3648,1896,631,1120,7803,88,4277,3075,33,76,0,38,216,116,1301,2520
0500000US13291,"Union County, Georgia",13,291,717,447,864,12545,8009,852,3525,26304,1000,24334,181,6,93,0,0,690,542,2443,8560
0500000US13293,"Upson County, Georgia",13,293,414,106,680,10143,9238,2400,3414,28029,744,18625,7228,23,67,72,7,1263,402,2775,10822
0500000US13295,"Walker County, Georgia",13,295,905,499,1539,23063,25055,3154,8446,68762,1967,61377,2032,186,299,12,96,2793,1638,6352,26888
0500000US13297,"Walton County, Georgia",13,297,6301,2231,7397,30269,38199,4106,10914,103313,6859,70150,19354,168,1389,69,789,4535,933,8613,40302
0500000US13299,"Ware County, Georgia",13,299,1315,1008,1715,13990,10088,2835,5672,35976,1828,22002,10691,48,462,19,147,779,2402,4141,12017
0500000US13301,"Warren County, Georgia",13,301,13,8,46,1910,1694,468,393,5170,58,2028,2895,0,7,0,0,182,84,885,1865
0500000US13303,"Washington County, Georgia",13,303,229,192,502,7695,5660,2157,2447,19849,428,8275,10549,5,107,0,38,447,1801,2216,6806
0500000US13305,"Wayne County, Georgia",13,305,1260,972,1729,11803,8720,2235,5813,30949,1937,21743,6036,24,402,12,26,769,1941,2789,10665
0500000US13307,"Webster County, Georgia",13,307,76,64,94,883,755,242,511,2381,105,922,1336,0,0,0,0,18,2,201,1038
0500000US13309,"Wheeler County, Georgia",13,309,85,40,283,3905,1986,380,1445,7335,319,4145,2711,27,0,0,1,132,1217,977,2232
0500000US13311,"White County, Georgia",13,311,713,332,1091,10628,9605,1045,3320,28810,1091,25611,538,34,165,0,271,1100,574,3126,10667
0500000US13313,"Whitfield County, Georgia",13,313,19131,11881,30632,29983,40223,4110,18593,103598,38573,57517,3473,7,1492,22,97,2417,1299,16536,44643
0500000US13315,"Wilcox County, Georgia",13,315,126,99,254,4503,1781,527,960,8798,331,5196,2825,4,0,14,19,409,1782,1355,2235
0500000US13317,"Wilkes County, Georgia",13,317,359,213,565,4002,2767,726,1444,9549,463,4925,3762,14,117,0,13,255,122,1251,3442
0500000US13319,"Wilkinson County, Georgia",13,319,144,83,140,3365,2815,530,868,8747,290,4867,3298,0,47,0,109,136,115,705,3215
0500000US13321,"Worth County, Georgia",13,321,353,121,610,7308,6417,1659,2539,20451,495,13539,5132,40,158,2,73,1012,169,2094,7398
0500000US15001,"Hawaii County, Hawaii",15,001,24284,12234,44199,73107,61196,13197,9261,205769,24003,61616,1590,336,41595,24128,1322,51179,2570,10199,71770
0500000US15003,"Honolulu County, Hawaii",15,003,195997,72363,245533,284540,325938,34575,30949,1001146,94340,171807,21973,948,416584,90659,3261,201574,34231,48490,383329
0500000US15005,"Kalawao County, Hawaii",15,005,3,0,8,18,27,3,3,67,9,13,0,12,12,10,0,11,21,13,29
0500000US15007,"Kauai County, Hawaii",15,007,10617,4667,12751,21344,26499,2680,2890,73731,7804,21155,576,64,22131,6985,311,14705,749,3699,30061
0500000US15009,"Maui County, Hawaii",15,009,28100,12286,34319,48465,61053,5781,6756,164522,17435,47768,1368,172,45630,15810,560,35779,2582,8074,65224
0500000US16001,"Ada County, Idaho",16,001,32115,14749,45965,143232,209671,10389,32848,518935,50948,419728,6536,1316,14215,935,2751,22506,13700,17341,200539
0500000US16003,"Adams County, Idaho",16,003,22,17,61,2107,1118,82,559,4744,235,4128,9,96,0,2,0,274,68,260,1404
0500000US16005,"Bannock County, Idaho",16,005,3018,1617,5099,25723,31303,4916,5721,89454,8869,71852,734,1854,1350,232,934,3629,2733,3633,34543
0500000US16007,"Bear Lake County, Idaho",16,007,110,42,223,2128,1937,107,456,6650,254,6201,33,28,14,0,1,119,57,331,2405
0500000US16009,"Benewah County, Idaho",16,009,74,30,293,3783,3111,432,1437,10142,387,8482,55,726,1,0,27,464,87,892,3707
0500000US16011,"Bingham County, Idaho",16,011,2814,1542,6746,13712,16208,1665,4351,49664,8829,36595,96,2320,144,14,94,1572,517,3405,19461
0500000US16013,"Blaine County, Idaho",16,013,3444,1940,5657,6308,11780,425,2234,24951,5451,17943,83,37,147,1,96,1193,372,1544,10453
0500000US16015,"Boise County, Idaho",16,015,163,76,344,3346,2576,243,768,8273,422,6907,20,79,125,2,184,534,59,267,2623
0500000US16017,"Bonner County, Idaho",16,017,1122,547,1975,20424,15882,1302,5618,51049,2028,45446,177,201,279,33,482,2403,540,2953,16604
0500000US16019,"Bonneville County, Idaho",16,019,5248,3052,11623,33233,44969,4007,10810,129523,18769,103824,444,482,1109,184,458,4253,1568,6458,49003
0500000US16021,"Boundary County, Idaho",16,021,584,486,835,5272,3642,543,1829,13172,753,10731,43,200,272,0,163,1010,152,1277,4108
0500000US16023,"Butte County, Idaho",16,023,78,65,160,936,781,117,209,2684,173,2382,0,1,0,8,0,120,21,202,839
0500000US16025,"Camas County, Idaho",16,025,15,11,80,371,355,1,134,1124,157,853,0,8,0,0,42,64,0,103,339
0500000US16027,"Canyon County, Idaho",16,027,21890,12392,44833,67285,95023,7423,30542,250790,65197,168258,1692,667,2031,533,2262,10150,3835,19699,97808
0500000US16029,"Caribou County, Idaho",16,029,276,243,221,2067,2487,190,552,7162,406,6484,11,10,0,0,0,251,93,428,3031
0500000US16031,"Cassia County, Idaho",16,031,2619,1758,5232,6787,9482,779,2941,25483,7664,16401,118,44,67,4,347,838,421,2202,9932
0500000US16033,"Clark County, Idaho",16,033,164,129,210,245,236,12,144,849,244,536,0,1,0,0,59,9,31,129,313
0500000US16035,"Clearwater County, Idaho",16,035,186,131,228,4072,2460,305,927,9012,411,7891,20,135,87,1,48,419,745,576,2978
0500000US16037,"Custer County, Idaho",16,037,214,31,158,1995,1172,90,533,4470,201,3950,14,16,137,0,16,136,254,224,1290
0500000US16039,"Elmore County, Idaho",16,039,2715,1456,3842,8350,7285,858,2341,29321,5334,20370,827,140,776,112,228,1534,1215,2256,12240
0500000US16041,"Franklin County, Idaho",16,041,390,125,987,3940,5298,301,1267,15056,1119,13454,16,20,9,13,66,359,60,393,5751
0500000US16043,"Fremont County, Idaho",16,043,771,476,1197,4636,4406,409,1424,13943,1732,11533,45,72,15,9,257,280,529,870,5134
0500000US16045,"Gem County, Idaho",16,045,1270,755,2053,7438,6741,520,2258,20614,1992,17211,2,154,159,0,165,931,273,1535,7297
0500000US16047,"Gooding County, Idaho",16,047,2224,1408,4097,4572,5673,475,3017,15931,5016,10054,10,148,44,0,24,635,121,1987,6204
0500000US16049,"Idaho County, Idaho",16,049,358,129,614,7432,4510,311,2397,17432,689,15540,22,319,95,2,99,666,596,1047,5442
0500000US16051,"Jefferson County, Idaho",16,051,1385,767,3561,8069,11116,762,2559,33154,3638,28414,16,61,42,4,124,855,171,1316,13178
0500000US16053,"Jerome County, Idaho",16,053,4512,3484,8102,6566,9278,626,3688,25173,9873,14304,24,27,6,0,33,906,196,4106,10605
0500000US16055,"Kootenai County, Idaho",16,055,4108,1332,5565,57602,67827,4783,16919,181996,10298,155815,629,1175,1224,84,1452,11319,2007,6748,68533
0500000US16057,"Latah County, Idaho",16,057,1598,882,2212,13030,13454,880,3291,41049,2120,34673,401,190,843,76,225,2521,3888,854,14875
0500000US16059,"Lemhi County, Idaho",16,059,48,27,193,3295,2622,345,500,8249,324,7544,8,34,3,10,40,286,148,564,2782
0500000US16061,"Lewis County, Idaho",16,061,43,14,132,1547,859,155,408,3682,158,3008,42,48,37,0,33,356,87,231,1110
0500000US16063,"Lincoln County, Idaho",16,063,843,548,1394,1355,1895,111,631,5358,1735,3335,30,23,17,0,10,208,47,568,2381
0500000US16065,"Madison County, Idaho",16,065,2866,2370,4967,14169,21978,1266,2649,54618,5369,45595,542,132,816,157,470,1537,11489,506,19544
0500000US16067,"Minidoka County, Idaho",16,067,2620,1311,5327,5902,8254,900,2967,22208,8227,13055,22,277,55,0,51,521,82,2372,9642
0500000US16069,"Nez Perce County, Idaho",16,069,707,212,1031,14195,15029,1267,3237,42697,1885,36486,70,1787,368,79,208,1814,1268,1852,16921
0500000US16071,"Oneida County, Idaho",16,071,53,18,287,1366,1489,93,316,4768,212,4379,19,19,0,0,21,118,40,135,1857
0500000US16073,"Owyhee County, Idaho",16,073,1347,1041,2500,4218,4091,511,2705,12503,3103,8479,66,243,17,25,35,535,172,1830,4594
0500000US16075,"Payette County, Idaho",16,075,1371,730,2407,8564,8610,1516,1879,26771,4790,20204,30,78,196,0,337,1136,201,2509,10506
0500000US16077,"Power County, Idaho",16,077,1049,597,2369,2169,2526,250,1202,8133,2787,4917,36,71,0,0,3,319,76,628,2848
0500000US16079,"Shoshone County, Idaho",16,079,245,118,270,4938,4720,595,1257,13785,565,12232,142,118,47,38,24,619,247,1007,4895
0500000US16081,"Teton County, Idaho",16,081,1318,992,1832,2605,5573,143,1798,12425,2146,9858,0,82,10,0,0,329,17,661,5379
0500000US16083,"Twin Falls County, Idaho",16,083,7973,4152,13093,25429,35579,3320,9437,93734,16912,70557,766,254,1060,293,423,3469,1468,6540,39801
0500000US16085,"Valley County, Idaho",16,085,171,93,306,4975,3739,134,1081,12389,670,11167,5,9,25,15,110,388,217,856,3421
0500000US16087,"Washington County, Idaho",16,087,708,406,1436,4726,2769,467,985,11142,1843,8648,33,13,72,17,41,475,180,814,3301
0500000US17001,"Adams County, Illinois",17,001,791,309,1458,18140,27329,3448,2816,64754,1350,58307,1826,47,435,9,120,2660,1875,2780,28142
0500000US17003,"Alexander County, Illinois",17,003,48,17,13,2002,1205,511,452,4875,33,3066,1604,0,21,0,0,151,123,439,1574
0500000US17005,"Bond County, Illinois",17,005,178,102,366,6708,5491,793,544,16716,336,14351,1023,174,107,0,19,706,2102,1132,5905
0500000US17007,"Boone County, Illinois",17,007,6004,2915,10397,14541,21897,2781,2957,53230,13651,36170,1214,13,511,0,196,1475,297,4924,22312
0500000US17009,"Brown County, Illinois",17,009,100,59,425,3186,1778,247,94,6322,424,4686,1123,3,3,0,0,83,1935,1118,1881
0500000US17011,"Bureau County, Illinois",17,011,1113,490,2266,10014,12905,1889,1743,32866,3357,27807,193,11,284,0,97,1117,488,2010,14348
0500000US17013,"Calhoun County, Illinois",17,013,14,3,16,1609,1417,95,101,4330,36,4085,64,1,0,0,5,139,110,176,1485
0500000US17015,"Carroll County, Illinois",17,015,379,232,890,6566,5016,996,805,15576,820,13674,612,42,125,0,37,266,1623,1286,5669
0500000US17017,"Cass County, Illinois",17,017,1813,1413,2634,4162,4509,755,977,12784,2929,8934,508,9,117,70,53,164,147,1179,5065
0500000US17019,"Champaign County, Illinois",17,019,29647,20043,37588,68335,65787,7764,10690,208741,17249,130275,27965,120,23848,43,762,8479,15020,5937,71125
0500000US17021,"Christian County, Illinois",17,021,397,164,812,12227,11422,2076,1250,33538,1112,30528,718,11,247,13,99,810,1747,2233,13563
0500000US17023,"Clark County, Illinois",17,023,201,121,314,4724,5411,879,697,15266,285,14503,70,6,19,0,0,383,283,807,6497
0500000US17025,"Clay County, Illinois",17,025,31,15,142,4499,4354,983,660,13052,264,12377,38,15,28,0,27,303,367,853,5255
0500000US17027,"Clinton County, Illinois",17,027,868,511,1469,11171,14012,1311,1690,36954,1512,33295,1147,49,213,0,10,728,2147,2049,15028
0500000US17029,"Coles County, Illinois",17,029,1298,586,2273,15328,16991,3947,3262,46777,1809,41146,1666,14,514,3,183,1442,3812,2697,18421
0500000US17031,"Cook County, Illinois",17,031,1127068,535104,1752607,1427420,2151363,329128,454597,5182090,1387163,2077522,1130881,3815,407859,1288,20578,152984,87901,416621,1588830
0500000US17033,"Crawford County, Illinois",17,033,219,56,490,6838,6244,1030,917,18511,491,16711,636,103,45,0,14,511,1295,1266,7435
0500000US17035,"Cumberland County, Illinois",17,035,18,7,64,2906,4121,385,538,10334,38,9816,18,0,4,0,0,458,135,428,4607
0500000US17037,"DeKalb County, Illinois",17,037,6483,3558,11462,25716,40090,5827,5124,100703,14647,71499,6810,179,2262,0,493,4813,4819,4712,42816
0500000US17039,"De Witt County, Illinois",17,039,279,95,398,4775,5847,863,491,15373,540,14255,155,35,30,0,0,358,224,665,6333
0500000US17041,"Douglas County, Illinois",17,041,824,476,3668,5411,7664,965,3002,19751,1672,17268,245,11,82,0,72,401,253,1666,8018
0500000US17043,"DuPage County, Illinois",17,043,190983,79616,259969,240306,412208,26030,47841,930024,149533,578175,45054,323,120470,205,3862,32402,13938,45564,341299
0500000US17045,"Edgar County, Illinois",17,045,171,87,330,5748,6033,1460,879,16535,252,15842,108,3,37,5,0,288,393,1320,6785
0500000US17047,"Edwards County, Illinois",17,047,50,29,121,1964,2247,457,362,6075,89,5755,6,0,15,0,5,205,17,347,2479
0500000US17049,"Effingham County, Illinois",17,049,563,309,1026,9302,14141,1696,1810,34522,955,32525,101,5,287,0,81,568,480,1664,14737
0500000US17051,"Fayette County, Illinois",17,051,189,87,912,7869,6935,909,1492,21315,650,18815,692,54,33,12,0,1059,991,1916,8119
0500000US17053,"Ford County, Illinois",17,053,355,251,527,4083,4999,842,747,13406,707,11982,44,4,55,0,73,541,405,781,5490
0500000US17055,"Franklin County, Illinois",17,055,450,241,947,13279,12027,4171,2708,37323,756,35133,135,28,131,0,78,1062,457,2748,13720
0500000US17057,"Fulton County, Illinois",17,057,391,232,774,12622,10265,2393,1136,33020,830,30295,928,100,100,0,63,704,2109,2265,12247
0500000US17059,"Gallatin County, Illinois",17,059,35,7,98,1741,1408,458,220,4819,57,4580,54,6,37,0,0,85,31,468,1888
0500000US17061,"Greene County, Illinois",17,061,25,3,155,3953,3982,689,474,11683,128,11196,88,16,61,0,11,183,209,729,4497
0500000US17063,"Grundy County, Illinois",17,063,2180,580,4253,13702,22483,2251,1792,53219,6368,43879,1213,29,301,0,134,1295,332,2209,23153
0500000US17065,"Hamilton County, Illinois",17,065,39,16,146,2614,2680,516,597,7916,57,7498,17,13,41,10,28,252,119,469,3269
0500000US17067,"Hancock County, Illinois",17,067,251,176,446,5797,5722,1010,979,17281,397,16246,128,10,62,15,18,405,277,800,6959
0500000US17069,"Hardin County, Illinois",17,069,10,0,9,1871,1016,286,130,3605,33,3451,49,0,0,0,9,63,126,234,1141
0500000US17071,"Henderson County, Illinois",17,071,37,10,64,2335,1910,374,162,6193,76,5801,19,41,11,0,31,214,63,426,2402
0500000US17073,"Henry County, Illinois",17,073,837,310,2063,14980,17749,2696,1939,48643,3366,42305,480,5,254,3,291,1939,719,2659,20034
0500000US17075,"Iroquois County, Illinois",17,075,919,514,1498,8603,9792,1623,1570,26449,2187,23060,204,20,89,0,112,777,417,2037,10829
0500000US17077,"Jackson County, Illinois",17,077,3012,2019,4914,19186,15757,4243,3312,53064,2811,37830,7393,38,1970,11,542,2469,4121,2257,17661
0500000US17079,"Jasper County, Illinois",17,079,108,95,163,2431,3748,525,459,9180,123,8887,7,0,12,3,0,148,107,529,4195
0500000US17081,"Jefferson County, Illinois",17,081,680,310,1240,12051,13290,2537,2536,36550,1030,30570,2137,120,351,0,135,2207,1492,1973,14797
0500000US17083,"Jersey County, Illinois",17,083,220,144,358,6949,8236,945,1042,21274,340,20132,118,5,143,22,11,503,1059,877,8406
0500000US17085,"Jo Daviess County, Illinois",17,085,418,181,547,7398,8300,874,1013,21851,912,20080,166,24,114,11,70,474,257,1134,8556
0500000US17087,"Johnson County, Illinois",17,087,158,91,293,6460,3234,530,940,13376,597,10716,1039,0,33,0,33,958,1808,1389,4162
0500000US17089,"Kane County, Illinois",17,089,89039,46389,155130,125203,229945,20253,40060,517255,172723,279104,24561,324,20876,254,1937,17476,5455,43584,211148
0500000US17091,"Kankakee County, Illinois",17,091,6116,3060,10954,32884,41405,6532,5948,106635,13523,72459,15220,35,1048,0,364,3986,4815,6054,42418
0500000US17093,"Kendall County, Illinois",17,093,15682,7570,28172,28695,60190,3907,5490,137675,30872,85403,10449,214,4839,0,533,5365,379,5336,59115
0500000US17095,"Knox County, Illinois",17,095,1562,1049,2407,17984,16930,3235,2345,49046,3161,39210,3910,16,617,7,175,1950,3969,3448,18253
0500000US17097,"Lake County, Illinois",17,097,141715,68391,212518,180899,299509,24166,48085,714223,177631,401332,45196,512,61505,296,3941,23810,20160,44725,267796
0500000US17099,"LaSalle County, Illinois",17,099,4217,2155,8166,34333,41951,6729,4279,108714,12161,89301,2715,9,911,5,274,3338,3076,6302,45830
0500000US17101,"Lawrence County, Illinois",17,101,223,162,434,6149,4905,805,898,15031,323,12601,932,7,69,0,6,1093,1477,1426,5079
0500000US17103,"Lee County, Illinois",17,103,758,474,1479,12458,11789,2048,1183,33869,2564,28257,1795,10,243,0,27,973,2686,2207,13452
0500000US17105,"Livingston County, Illinois",17,105,862,368,1345,11477,12994,2146,1743,35565,2070,31191,1200,10,198,0,46,850,2028,2872,14320
0500000US17107,"Logan County, Illinois",17,107,405,210,794,10443,9492,2068,642,27713,966,23807,1483,18,130,4,18,1287,3356,1446,10389
0500000US17109,"McDonough County, Illinois",17,109,714,463,1216,8537,9405,1680,1957,26920,944,22930,1520,6,561,24,104,831,2671,962,10916
0500000US17111,"McHenry County, Illinois",17,111,31059,14302,47624,75982,137623,8679,14084,312591,50243,237822,4315,130,9441,36,729,9875,1868,13691,132091
0500000US17113,"McLean County, Illinois",17,113,13043,7848,15792,49019,70525,7245,7873,171556,11062,130803,14355,88,8906,54,600,5688,9285,4367,66000
0500000US17115,"Macon County, Illinois",17,115,2799,1476,3948,34037,36758,8595,4090,101849,2915,74651,16534,70,1564,43,417,5655,3016,4878,37829
0500000US17117,"Macoupin County, Illinois",17,117,400,191,574,15632,15909,2712,1783,44350,608,41461,654,43,130,6,100,1348,888,2747,17055
0500000US17119,"Madison County, Illinois",17,119,5835,2481,9096,80125,105415,15129,12283,264238,11399,216149,20255,329,2243,67,493,13303,5531,11340,106942
0500000US17121,"Marion County, Illinois",17,121,551,270,872,11692,12987,3073,2307,37000,812,32978,1071,36,257,1,283,1562,889,2382,14972
0500000US17123,"Marshall County, Illinois",17,123,124,72,326,4188,4129,687,395,11647,409,10724,47,8,10,2,16,431,276,722,4677
0500000US17125,"Mason County, Illinois",17,125,116,22,269,4770,4073,898,484,12745,205,12000,66,27,52,0,0,395,228,648,4633
0500000US17127,"Massac County, Illinois",17,127,189,127,335,5089,4563,931,1066,13865,397,11960,891,0,39,0,42,536,255,932,5347
0500000US17129,"Menard County, Illinois",17,129,111,44,159,3976,3703,759,263,12095,204,11461,63,0,31,0,2,334,110,433,4826
0500000US17131,"Mercer County, Illinois",17,131,166,54,413,4941,5885,652,709,15495,534,14426,93,14,56,0,4,368,168,682,6327
0500000US17133,"Monroe County, Illinois",17,133,427,149,709,8941,15255,615,873,35036,683,33291,207,19,209,0,63,564,310,1004,16005
0500000US17135,"Montgomery County, Illinois",17,135,218,69,669,10937,8764,1747,1167,27942,609,25625,922,31,110,4,45,596,2273,2002,9847
0500000US17137,"Morgan County, Illinois",17,137,359,130,767,11899,11383,2124,1384,33021,967,28781,1605,32,270,19,22,1325,2385,2414,12752
0500000US17139,"Moultrie County, Illinois",17,139,105,54,1482,4508,5251,688,1999,14424,241,13713,150,0,8,0,8,304,350,1401,5522
0500000US17141,"Ogle County, Illinois",17,141,2334,1179,4202,15905,19025,2231,2107,51495,6144,42746,627,22,289,2,180,1485,557,3205,21086
0500000US17143,"Peoria County, Illinois",17,143,12815,7463,15001,53371,67735,13992,10225,179645,10799,118760,30988,103,8252,25,876,9842,5176,7960,68351
0500000US17145,"Perry County, Illinois",17,145,250,128,511,8747,5856,1494,629,20639,760,17530,1573,10,74,0,38,654,2524,2102,7101
0500000US17147,"Piatt County, Illinois",17,147,291,113,387,4718,6506,433,551,16695,271,15823,206,1,106,0,26,262,158,450,7636
0500000US17149,"Pike County, Illinois",17,149,124,90,300,4531,4591,951,808,14469,298,13698,87,1,41,54,5,285,343,877,6027
0500000US17151,"Pope County, Illinois",17,151,33,15,106,1895,956,126,111,3739,111,3317,179,28,1,0,0,103,150,217,1188
0500000US17153,"Pulaski County, Illinois",17,153,27,8,40,2391,1154,444,226,5015,52,3102,1683,0,8,0,4,166,189,426,1370
0500000US17155,"Putnam County, Illinois",17,155,101,12,205,1846,2135,205,166,5601,368,4960,19,2,42,0,30,180,6,241,2371
0500000US17157,"Randolph County, Illinois",17,157,736,628,895,11599,9211,1538,1463,30058,1147,25594,2459,31,169,22,57,579,3178,2829,11096
0500000US17159,"Richland County, Illinois",17,159,218,151,429,4816,5998,1014,934,15598,309,14565,48,9,85,2,140,440,316,931,6626
0500000US17161,"Rock Island County, Illinois",17,161,12394,6600,18590,44395,53865,9845,8505,142757,20305,96160,15568,92,3770,49,524,6289,5094,9142,55330
0500000US17163,"St. Clair County, Illinois",17,163,8330,3841,11906,74121,90960,16293,12650,253694,12858,149879,70203,382,4098,43,1391,14840,4823,11418,98397
0500000US17165,"Saline County, Illinois",17,165,212,114,438,8612,6875,2622,1235,23213,502,21205,719,22,127,0,23,615,548,1741,8385
0500000US17167,"Sangamon County, Illinois",17,167,6961,3492,8761,60922,62211,13108,6901,194947,5721,150779,24441,98,4401,19,1015,8473,3948,8017,74359
0500000US17169,"Schuyler County, Illinois",17,169,88,9,204,2797,1907,318,693,6787,182,6124,254,0,44,0,0,183,876,385,2557
0500000US17171,"Scott County, Illinois",17,171,32,21,104,1807,1570,332,269,4937,80,4712,51,3,22,0,0,69,42,270,1855
0500000US17173,"Shelby County, Illinois",17,173,217,71,368,6523,7733,1245,913,20720,254,19889,45,60,38,0,26,408,206,762,8916
0500000US17175,"Stark County, Illinois",17,175,125,83,177,1740,1935,264,300,5308,152,4815,66,5,45,0,0,225,118,274,2113
0500000US17177,"Stephenson County, Illinois",17,177,1125,617,1578,14035,16536,3291,2234,43768,2457,34544,3701,73,361,3,168,2461,776,2299,17534
0500000US17179,"Tazewell County, Illinois",17,179,2101,850,2965,39621,52668,5605,6494,130290,3503,119731,2068,137,1283,22,239,3307,3026,5254,53390
0500000US17181,"Union County, Illinois",17,181,502,247,904,6822,4844,1191,1060,16997,932,15208,161,6,102,15,1,572,872,1530,5952
0500000US17183,"Vermilion County, Illinois",17,183,1300,350,2634,25115,22453,5877,3401,72386,4038,55541,10614,39,639,5,121,1389,2883,4508,25749
0500000US17185,"Wabash County, Illinois",17,185,247,96,327,3960,4022,966,458,11119,239,10390,58,6,181,0,0,245,203,560,4283
0500000US17187,"Warren County, Illinois",17,187,1061,746,1878,5127,5964,1083,811,16447,1820,13342,437,19,395,24,57,353,1048,1387,6519
0500000US17189,"Washington County, Illinois",17,189,88,41,260,4102,5298,549,454,13627,217,12919,166,12,29,0,11,273,238,695,5909
0500000US17191,"Wayne County, Illinois",17,191,358,284,1019,5401,5385,961,1927,15973,330,15171,41,0,97,0,7,327,122,1164,6444
0500000US17193,"White County, Illinois",17,193,82,47,206,5141,4593,1061,653,13619,221,12972,78,2,35,0,13,298,343,1085,5065
0500000US17195,"Whiteside County, Illinois",17,195,1650,769,3751,16873,20821,3252,2726,54947,7319,44454,668,25,275,3,234,1969,1020,3137,22807
0500000US17197,"Will County, Illinois",17,197,94956,41146,148758,176775,303625,24658,36416,701462,138703,411061,81162,374,43981,48,2566,23567,8117,38704,287018
0500000US17199,"Williamson County, Illinois",17,199,1327,633,2087,22413,22078,4817,2994,66876,1947,58776,2864,112,935,0,84,2158,2127,3489,26482
0500000US17201,"Winnebago County, Illinois",17,201,25134,12974,40318,86747,107788,23722,17277,283292,44014,180624,32798,360,8178,82,837,16399,4249,21559,109443
0500000US17203,"Woodford County, Illinois",17,203,581,339,805,11145,15254,801,1965,38312,798,35806,232,31,217,0,94,1134,1008,1358,15630
0500000US18001,"Adams County, Indiana",18,001,574,340,5294,10132,12770,816,7414,36227,1729,33566,115,17,136,0,26,638,547,2405,13466
0500000US18003,"Allen County, Indiana",18,003,30552,15526,45272,102662,165576,14273,32211,392378,35389,273822,41126,196,20772,185,1911,18977,5695,24963,165200
0500000US18005,"Bartholomew County, Indiana",18,005,9326,6931,11405,22288,36411,2474,4518,83536,7710,64906,1534,45,6156,9,360,2816,1089,4509,34401
0500000US18007,"Benton County, Indiana",18,007,221,186,416,2670,3103,403,615,8735,638,7762,62,8,4,0,10,251,109,656,3407
0500000US18009,"Blackford County, Indiana",18,009,217,133,310,4138,4285,754,886,11950,283,11212,77,4,13,0,17,344,138,813,4480
0500000US18011,"Boone County, Indiana",18,011,3926,1549,5056,17612,32787,1067,3306,74718,3234,64419,2239,0,2659,14,65,2088,690,2528,30235
0500000US18013,"Brown County, Indiana",18,013,305,69,358,5456,6064,332,672,15606,304,14706,46,58,86,12,33,361,144,703,6465
0500000US18015,"Carroll County, Indiana",18,015,340,138,686,6046,8028,423,2487,20535,942,18990,53,5,27,0,15,503,120,1516,9294
0500000US18017,"Cass County, Indiana",18,017,3855,2257,5263,11906,14600,1420,2444,37680,7000,27910,442,19,522,0,200,1587,854,3743,15884
0500000US18019,"Clark County, Indiana",18,019,5185,3157,7335,34065,53408,3939,8254,124354,8547,98935,8710,13,1478,35,542,6094,1667,7739,52524
0500000US18021,"Clay County, Indiana",18,021,298,46,381,8349,10179,820,1573,26409,523,24829,139,4,114,5,41,754,408,1811,11298
0500000US18023,"Clinton County, Indiana",18,023,2994,2398,3774,8816,13243,861,2501,32944,6415,25628,175,20,147,0,9,550,583,2797,14603
0500000US18025,"Crawford County, Indiana",18,025,25,6,246,4121,3581,536,729,10499,167,10004,24,8,2,0,2,292,111,1051,3775
0500000US18027,"Daviess County, Indiana",18,027,1335,920,5973,9485,12116,1220,7281,33658,2193,29429,525,21,88,0,169,1233,607,4902,13060
0500000US18029,"Dearborn County, Indiana",18,029,489,175,754,15547,21740,1571,2428,51094,795,48064,139,0,273,0,314,1509,527,2637,22061
0500000US18031,"Decatur County, Indiana",18,031,278,230,662,7153,11726,597,1020,26422,667,24597,103,3,22,0,132,898,479,1675,11262
0500000US18033,"DeKalb County, Indiana",18,033,662,229,1034,11608,18883,1082,2834,43807,1347,40987,46,9,241,0,83,1094,489,2125,19986
0500000US18035,"Delaware County, Indiana",18,035,2791,1701,4293,37573,42920,6562,7542,112280,3657,94643,5818,149,1838,16,501,5658,7887,6720,45087
0500000US18037,"Dubois County, Indiana",18,037,2523,1619,3423,11437,19086,746,2216,43614,4372,37882,336,33,211,6,108,666,772,3162,20394
0500000US18039,"Elkhart County, Indiana",18,039,20001,12570,44291,54877,84002,5087,29247,207132,41619,144748,9638,327,2011,53,1186,7550,2744,23375,86970
0500000US18041,"Fayette County, Indiana",18,041,366,175,444,8257,8793,1326,1449,23334,318,21873,316,33,17,0,6,771,391,2329,9359
0500000US18043,"Floyd County, Indiana",18,043,2204,1129,2643,23434,33159,2417,3699,80918,3453,69005,3846,12,1002,32,265,3303,1505,4015,32908
0500000US18045,"Fountain County, Indiana",18,045,209,94,447,4930,6364,610,1097,16617,501,15512,102,9,36,0,122,335,128,1039,7057
0500000US18047,"Franklin County, Indiana",18,047,301,84,615,7084,9700,420,1528,23020,270,22023,18,8,207,0,91,403,190,1598,9529
0500000US18049,"Fulton County, Indiana",18,049,421,254,1050,6671,7120,996,1801,20312,1108,18189,100,12,22,0,283,598,155,1683,7930
0500000US18051,"Gibson County, Indiana",18,051,521,323,741,9912,13757,1096,1205,33000,767,29729,606,10,189,35,258,1406,696,2121,14308
0500000US18053,"Grant County, Indiana",18,053,1828,1119,2457,22347,23844,3698,4482,66295,3674,54778,3162,182,593,28,65,3813,5357,4671,24356
0500000US18055,"Greene County, Indiana",18,055,312,245,423,10471,10583,1404,2276,31021,649,29537,147,9,75,0,42,562,406,2354,12023
0500000US18057,"Hamilton County, Indiana",18,057,37556,18963,42820,81737,166896,3433,14790,365056,20577,287023,16123,104,25023,120,2072,14014,2205,6653,144778
0500000US18059,"Hancock County, Indiana",18,059,2744,1004,3202,21159,36525,1517,4603,84037,2952,74042,2960,49,929,22,286,2797,682,3396,35940
0500000US18061,"Harrison County, Indiana",18,061,618,348,911,12602,15323,935,1972,39859,961,37544,338,13,269,0,107,627,494,2269,16392
0500000US18063,"Hendricks County, Indiana",18,063,13398,5693,17819,45706,78502,2220,9298,183344,9546,141717,18273,176,6052,0,752,6828,5010,8312,78381
0500000US18065,"Henry County, Indiana",18,065,638,289,1080,18373,17052,1889,2604,48970,1113,45101,1099,32,238,0,99,1288,3177,3341,18048
0500000US18067,"Howard County, Indiana",18,067,1583,626,2582,27327,31163,4070,4696,83752,3438,69211,6131,12,1176,18,263,3503,1142,4766,32676
0500000US18069,"Huntington County, Indiana",18,069,547,350,939,11004,15570,1692,2006,36798,1164,34168,257,21,232,22,90,844,1411,1853,15742
0500000US18071,"Jackson County, Indiana",18,071,4206,3595,5447,13103,18461,1571,3930,46660,6707,37101,269,0,1038,0,203,1342,712,3723,20193
0500000US18073,"Jasper County, Indiana",18,073,1353,908,1659,10484,12452,685,1803,33234,2526,28888,224,11,55,0,2,1528,478,1686,13388
0500000US18075,"Jay County, Indiana",18,075,220,145,1305,6346,7328,757,2153,20229,922,18768,67,12,11,0,0,449,262,1875,7426
0500000US18077,"Jefferson County, Indiana",18,077,459,316,1152,11518,11926,1274,2411,32998,1148,30012,343,60,270,11,251,903,2020,2332,13378
0500000US18079,"Jennings County, Indiana",18,079,426,287,898,8731,10746,873,2481,27562,957,25565,96,40,125,0,93,686,376,2348,11623
0500000US18081,"Johnson County, Indiana",18,081,9517,4374,12973,43394,70632,4075,7718,166315,7159,139520,5378,40,8486,44,454,5234,2852,8629,69923
0500000US18083,"Knox County, Indiana",18,083,686,430,1376,11161,14310,1963,2119,36007,1076,32206,604,13,310,4,49,1745,1689,2535,15720
0500000US18085,"Kosciusko County, Indiana",18,085,3913,2603,9675,22565,34689,1652,9370,80442,7818,68566,449,30,1119,0,213,2247,1576,6586,33558
0500000US18087,"LaGrange County, Indiana",18,087,946,515,17930,10377,15707,597,18052,40805,1845,38101,141,27,28,3,14,646,250,9875,13602
0500000US18089,"Lake County, Indiana",18,089,36496,15709,71216,155045,193932,25127,32752,500379,104584,257039,113808,357,7887,73,2077,14554,5201,33748,195610
0500000US18091,"LaPorte County, Indiana",18,091,3823,2071,5967,39713,40859,4318,6158,111917,8498,85032,11546,74,693,7,539,5528,6878,7295,43058
0500000US18093,"Lawrence County, Indiana",18,093,546,198,780,14338,17163,1583,2720,45102,900,42097,92,10,250,13,323,1417,639,3241,19171
0500000US18095,"Madison County, Indiana",18,095,2718,1516,5958,42833,51283,7365,9529,131900,7102,108206,8020,166,865,9,407,7125,5027,8519,51575
0500000US18097,"Marion County, Indiana",18,097,122864,83162,165219,237552,415651,49932,84807,975809,134243,483262,264862,509,39230,224,5838,47641,16062,76356,397140
0500000US18099,"Marshall County, Indiana",18,099,2338,1640,6644,13506,18877,1133,5888,46284,5506,39314,261,11,294,7,60,831,696,4520,19035
0500000US18101,"Martin County, Indiana",18,101,51,39,162,3101,3365,284,743,9830,142,9303,35,2,12,0,41,295,143,723,4239
0500000US18103,"Miami County, Indiana",18,103,510,371,1157,13271,12175,1539,2302,35712,1327,31047,1338,89,228,85,146,1452,2415,2867,13580
0500000US18105,"Monroe County, Indiana",18,105,12059,7631,15452,46019,50765,3564,7422,140965,6736,113788,4864,44,9618,25,435,5455,14371,4325,51173
0500000US18107,"Montgomery County, Indiana",18,107,1261,758,2219,11077,15557,1442,3119,38312,2367,34097,332,3,209,1,271,1032,1239,2710,16281
0500000US18109,"Morgan County, Indiana",18,109,915,482,1589,22722,28055,2209,3657,72659,1560,67931,576,11,363,0,243,1975,794,4939,29594
0500000US18111,"Newton County, Indiana",18,111,527,280,767,4579,5010,486,685,13922,1173,11920,147,10,72,0,38,562,164,989,5360
0500000US18113,"Noble County, Indiana",18,113,2872,1704,6974,13848,18890,923,5896,47495,5374,40397,156,17,268,109,119,1055,699,5377,20259
0500000US18115,"Ohio County, Indiana",18,115,94,15,183,2053,2431,90,352,5999,112,5687,5,7,64,0,3,121,47,269,2452
0500000US18117,"Orange County, Indiana",18,117,303,78,516,6109,7555,920,1435,19767,360,18441,230,1,89,0,30,616,276,1956,8384
0500000US18119,"Owen County, Indiana",18,119,173,40,453,7098,8445,838,1337,21604,333,20513,180,4,123,0,37,414,254,1944,8795
0500000US18121,"Parke County, Indiana",18,121,54,54,1014,6345,4916,781,2301,16406,125,15468,261,6,0,0,7,539,995,1968,5430
0500000US18123,"Perry County, Indiana",18,123,180,64,348,7039,7043,801,1029,19270,302,17834,414,27,112,0,22,559,1378,1157,7653
0500000US18125,"Pike County, Indiana",18,125,47,0,56,4028,4847,478,453,12154,138,11592,52,113,6,0,0,253,199,819,5224
0500000US18127,"Porter County, Indiana",18,127,7020,2806,12041,52852,72210,3825,8589,174818,20367,138257,7501,83,2533,11,654,5412,3442,7356,73226
0500000US18129,"Posey County, Indiana",18,129,287,66,291,7610,10050,735,807,25116,386,23413,165,20,85,0,326,721,303,1251,11092
0500000US18131,"Pulaski County, Indiana",18,131,307,204,370,3957,4685,401,865,12441,526,11355,28,7,46,9,6,464,178,998,5132
0500000US18133,"Putnam County, Indiana",18,133,887,454,1365,13526,14244,1150,1607,37280,839,33773,1226,33,489,0,104,816,4422,1888,13580
0500000US18135,"Randolph County, Indiana",18,135,581,403,1148,8104,8944,1552,1722,24387,1287,22119,173,16,114,10,163,505,350,1556,9209
0500000US18137,"Ripley County, Indiana",18,137,355,137,479,8400,11660,845,1503,29095,577,27404,218,0,147,0,117,632,492,1864,12609
0500000US18139,"Rush County, Indiana",18,139,122,103,584,5181,6606,674,1250,16739,321,15803,106,0,0,0,61,448,148,1059,7138
0500000US18141,"St. Joseph County, Indiana",18,141,18705,11177,28514,79718,110898,10469,19137,273040,28786,188188,33512,229,7429,200,1220,13476,11850,15155,106321
0500000US18143,"Scott County, Indiana",18,143,317,223,464,7871,9043,1400,788,24526,644,22929,96,2,0,16,257,582,381,2519,9765
0500000US18145,"Shelby County, Indiana",18,145,1524,1033,2359,13276,18771,1486,2482,45265,2549,40646,626,2,455,0,34,953,820,2894,19010
0500000US18147,"Spencer County, Indiana",18,147,432,243,667,6065,8131,540,927,19955,721,18591,113,8,49,0,78,395,328,977,9040
0500000US18149,"Starke County, Indiana",18,149,549,304,648,8402,8726,1121,1816,23365,1016,21267,126,12,77,0,35,832,97,2128,8861
0500000US18151,"Steuben County, Indiana",18,151,716,427,1162,11174,13673,999,1967,34726,1547,31732,228,4,232,7,199,777,1450,1802,14130
0500000US18153,"Sullivan County, Indiana",18,153,168,55,288,7849,7370,863,1271,20780,393,18788,620,12,80,0,121,766,2070,1677,8054
0500000US18155,"Switzerland County, Indiana",18,155,111,33,495,3241,3352,502,1277,9909,61,9370,27,17,30,0,23,381,97,1354,3911
0500000US18157,"Tippecanoe County, Indiana",18,157,23294,16212,26048,58376,71302,5470,10016,189071,19548,135316,11660,109,15164,20,1012,6242,16429,8160,71777
0500000US18159,"Tipton County, Indiana",18,159,234,138,435,5129,5455,421,1268,15346,499,14241,168,9,46,0,44,339,225,1017,6232
0500000US18161,"Union County, Indiana",18,161,102,72,150,2036,2693,182,474,6985,178,6642,40,4,30,0,0,91,53,610,3269
0500000US18163,"Vanderburgh County, Indiana",18,163,6285,3864,7709,53108,76446,8778,12187,180117,6830,144554,15182,119,2480,569,1203,9180,6150,10504,77223
0500000US18165,"Vermillion County, Indiana",18,165,118,94,223,5593,5342,757,659,15421,236,14701,104,16,21,2,4,337,201,753,5861
0500000US18167,"Vigo County, Indiana",18,167,3281,1825,4792,36847,37813,5726,8103,106109,3411,89082,6106,130,2202,53,409,4716,7459,6378,41403
0500000US18169,"Wabash County, Indiana",18,169,432,171,632,9926,11781,898,1440,30844,982,28441,284,21,130,0,83,903,1640,1827,12773
0500000US18171,"Warren County, Indiana",18,171,95,15,172,2427,3355,250,330,8464,123,7974,12,7,17,2,25,304,84,434,3823
0500000US18173,"Warrick County, Indiana",18,173,2181,1003,1957,18741,26612,911,2256,65261,1630,58402,1136,69,1139,0,430,2455,932,2197,28107
0500000US18175,"Washington County, Indiana",18,175,192,101,485,8742,11163,1235,2186,28212,433,26879,97,3,37,0,99,664,328,2405,11877
0500000US18177,"Wayne County, Indiana",18,177,1732,1113,3667,22073,24055,4080,7050,66397,2630,56893,2504,18,602,4,396,3350,2051,5528,25530
0500000US18179,"Wells County, Indiana",18,179,533,400,840,7460,12468,666,1926,28420,1145,26201,283,2,64,30,25,670,527,1367,12869
0500000US18181,"White County, Indiana",18,181,1654,1188,1948,7581,9301,637,1771,24717,2657,21207,113,20,77,0,13,630,226,1609,10321
0500000US18183,"Whitley County, Indiana",18,183,341,78,750,9509,14946,906,2063,34618,964,31829,56,30,119,11,246,1363,354,1693,15439
0500000US19001,"Adair County, Iowa",19,001,122,48,126,2063,2702,318,390,7460,235,6942,107,0,23,5,45,103,167,268,3172
0500000US19003,"Adams County, Iowa",19,003,19,8,86,1173,1149,146,118,3622,63,3422,11,8,0,0,2,116,100,158,1434
0500000US19005,"Allamakee County, Iowa",19,005,1018,694,1676,3940,4877,494,971,14092,1289,12193,257,9,57,0,6,281,262,721,5679
0500000US19007,"Appanoose County, Iowa",19,007,160,104,777,4330,3967,689,1088,12184,249,11423,100,3,111,0,0,298,218,882,4534
0500000US19009,"Audubon County, Iowa",19,009,93,52,137,1717,1991,218,201,5599,140,5254,28,3,3,14,42,115,113,314,2335
0500000US19011,"Benton County, Iowa",19,011,216,73,558,7103,10327,491,770,25724,507,24293,104,22,60,0,29,709,339,858,11194
0500000US19013,"Black Hawk County, Iowa",19,013,8481,4663,10780,35077,55071,6077,6559,131049,6861,102297,11985,89,3516,964,263,5074,4883,5901,57221
0500000US19015,"Boone County, Iowa",19,015,392,92,661,7355,10674,524,876,26668,783,24771,307,11,53,0,0,743,581,945,12273
0500000US19017,"Bremer County, Iowa",19,017,403,104,559,6857,10069,518,557,25204,528,23256,281,4,226,8,256,645,1497,634,10403
0500000US19019,"Buchanan County, Iowa",19,019,261,186,766,5197,8415,544,1372,20694,400,19649,124,17,40,13,0,451,174,827,9248
0500000US19021,"Buena Vista County, Iowa",19,021,4416,2935,7046,4909,8533,754,1275,20753,6094,10808,679,18,1963,608,81,502,948,2435,9026
0500000US19023,"Butler County, Iowa",19,023,323,172,387,4224,5455,411,443,14268,249,13493,24,4,179,0,94,225,207,613,6293
0500000US19025,"Calhoun County, Iowa",19,025,96,74,261,3455,2999,378,402,9803,266,8954,158,17,22,0,37,349,689,496,3721
0500000US19027,"Carroll County, Iowa",19,027,323,168,386,5521,8203,522,571,20594,720,18932,97,6,39,0,63,737,497,674,9430
0500000US19029,"Cass County, Iowa",19,029,120,97,177,3849,5072,699,529,13096,357,12244,118,21,68,54,31,203,227,506,5538
0500000US19031,"Cedar County, Iowa",19,031,164,70,294,5304,6878,497,753,18349,507,17095,77,13,96,10,42,509,271,565,7773
0500000US19033,"Cerro Gordo County, Iowa",19,033,1095,639,1512,12853,17711,1760,1901,42632,2397,37619,813,71,499,267,16,950,1069,1606,18489
0500000US19035,"Cherokee County, Iowa",19,035,413,228,674,3140,4346,353,547,11600,621,10280,113,0,43,0,20,523,394,568,5045
0500000US19037,"Chickasaw County, Iowa",19,037,351,332,501,3128,4787,249,912,11807,545,10930,64,46,2,0,15,205,181,519,5231
0500000US19039,"Clarke County, Iowa",19,039,638,260,1002,2612,3620,469,467,9662,1624,7488,5,0,54,0,20,471,146,679,4068
0500000US19041,"Clay County, Iowa",19,041,409,291,492,4440,6458,683,900,16461,781,14994,45,24,124,0,17,476,314,764,7284
0500000US19043,"Clayton County, Iowa",19,043,384,158,917,5308,6544,504,1406,17013,394,16154,108,8,56,0,7,286,301,907,6889
0500000US19045,"Clinton County, Iowa",19,045,936,301,1250,14393,17294,2491,2346,46268,1668,41188,1434,40,310,0,57,1571,707,2158,18810
0500000US19047,"Crawford County, Iowa",19,047,2850,1566,4118,4269,5885,666,1410,16277,5019,10106,142,9,357,0,11,633,428,1740,6999
0500000US19049,"Dallas County, Iowa",19,049,11214,5622,13335,20892,48496,2337,4229,107968,7453,87326,3187,25,5263,32,491,4191,639,3265,45082
0500000US19051,"Davis County, Iowa",19,051,131,99,1885,2573,2886,215,2276,9157,223,8592,0,0,1,0,125,216,98,1094,3086
0500000US19053,"Decatur County, Iowa",19,053,146,111,384,2337,2677,297,584,7759,274,6997,100,16,56,1,48,267,575,490,3218
0500000US19055,"Delaware County, Iowa",19,055,57,54,391,4243,7186,630,568,17558,301,16514,13,24,0,0,56,650,231,767,8267
0500000US19057,"Des Moines County, Iowa",19,057,899,590,1127,11905,15236,1955,1477,38487,1415,32523,1819,89,464,1,67,2109,673,1690,16844
0500000US19059,"Dickinson County, Iowa",19,059,219,155,283,5323,7237,397,470,17990,513,16795,6,10,83,0,0,583,271,418,7915
0500000US19061,"Dubuque County, Iowa",19,061,3252,2074,4477,26417,43188,3275,3445,99030,3234,87398,2890,28,1326,802,126,3226,4163,4078,42266
0500000US19063,"Emmet County, Iowa",19,063,311,156,731,2706,4088,344,520,9262,942,7893,147,6,21,5,49,199,545,651,4355
0500000US19065,"Fayette County, Iowa",19,065,407,322,695,6166,7001,695,1059,19288,593,17555,153,65,177,1,27,717,735,931,7910
0500000US19067,"Floyd County, Iowa",19,067,369,20,493,4693,5694,540,543,15328,595,13594,207,2,247,10,2,671,269,530,6401
0500000US19069,"Franklin County, Iowa",19,069,844,702,1432,3073,3595,289,980,9956,1642,7987,67,7,36,0,38,179,199,646,4011
0500000US19071,"Fremont County, Iowa",19,071,106,67,143,2199,2073,329,224,6514,219,5955,23,5,10,0,0,302,114,326,2671
0500000US19073,"Greene County, Iowa",19,073,126,64,180,2839,2840,321,354,8688,307,8019,10,23,55,0,4,270,115,392,3714
0500000US19075,"Grundy County, Iowa",19,075,214,158,254,3370,4912,226,460,12384,219,11749,71,58,59,0,95,133,149,272,5458
0500000US19077,"Guthrie County, Iowa",19,077,201,134,220,3223,4038,365,333,10688,331,9880,60,12,50,27,58,270,141,317,4342
0500000US19079,"Hamilton County, Iowa",19,079,951,756,1504,4010,5711,517,843,14886,1510,12471,144,26,338,21,55,321,195,584,6597
0500000US19081,"Hancock County, Iowa",19,081,229,148,446,3196,4183,306,610,10671,635,9618,48,11,98,0,54,207,227,656,4590
0500000US19083,"Hardin County, Iowa",19,083,604,404,825,5270,6309,588,812,16639,911,14984,180,49,141,0,20,354,665,850,6807
0500000US19085,"Harrison County, Iowa",19,085,117,62,187,4062,5575,393,677,14632,328,13813,18,5,43,0,30,395,259,628,6273
0500000US19087,"Henry County, Iowa",19,087,409,218,831,6780,7276,689,881,20004,1109,17245,506,37,175,7,41,884,1649,1154,8498
0500000US19089,"Howard County, Iowa",19,089,219,118,853,2594,3663,245,944,9445,312,8782,79,11,31,0,32,198,183,474,3867
0500000US19091,"Humboldt County, Iowa",19,091,421,335,537,2712,3497,476,554,9591,551,8667,32,7,98,70,20,146,135,450,3961
0500000US19093,"Ida County, Iowa",19,093,177,119,294,1862,2665,232,399,6911,286,6324,21,0,46,0,17,217,154,259,3002
0500000US19095,"Iowa County, Iowa",19,095,166,72,413,4382,6378,450,528,16507,564,15270,54,10,40,0,127,442,337,520,7503
0500000US19097,"Jackson County, Iowa",19,097,154,108,523,5799,7450,865,1089,19390,306,18158,189,13,22,90,112,500,241,808,7787
0500000US19099,"Jasper County, Iowa",19,099,1053,870,1830,11587,14139,1105,1640,37954,1177,34444,583,21,264,65,19,1381,1898,1592,15188
0500000US19101,"Jefferson County, Iowa",19,101,2215,1760,2379,5462,5752,899,1037,15705,644,12941,377,9,1285,0,54,395,1061,581,5329
0500000US19103,"Johnson County, Iowa",19,103,15372,8172,21832,39666,59040,3824,7304,156639,10554,117191,11930,116,8819,31,859,7139,8156,3507,60374
0500000US19105,"Jones County, Iowa",19,105,338,226,566,6941,7507,868,700,20896,543,19126,514,17,128,0,4,564,1189,728,8194
0500000US19107,"Keokuk County, Iowa",19,107,101,52,278,3133,3355,381,388,9924,233,9387,26,0,20,0,30,228,137,392,3831
0500000US19109,"Kossuth County, Iowa",19,109,498,384,666,4381,5475,304,539,14516,654,13315,103,5,60,8,24,347,305,504,6133
0500000US19111,"Lee County, Iowa",19,111,634,307,817,11242,11351,1939,1706,32893,1145,29696,786,20,185,21,46,994,1188,1776,13086
0500000US19113,"Linn County, Iowa",19,113,12841,5833,15393,59610,99989,7780,9315,230004,9482,189409,13514,143,5489,53,1013,10901,5005,7616,97240
0500000US19115,"Louisa County, Iowa",19,115,999,648,1542,3146,4228,581,511,10678,1754,8220,95,12,231,0,0,366,127,1078,4835
0500000US19117,"Lucas County, Iowa",19,117,354,222,604,2764,3088,367,689,8716,255,8192,25,1,73,0,0,170,94,503,3552
0500000US19119,"Lyon County, Iowa",19,119,239,137,300,2903,4493,144,482,12162,470,11356,43,13,59,4,1,216,179,364,5153
0500000US19121,"Madison County, Iowa",19,121,301,55,628,4009,7296,408,818,16926,383,15953,125,0,76,8,12,369,164,391,6963
0500000US19123,"Mahaska County, Iowa",19,123,492,248,722,6115,8708,1134,1020,22021,550,20161,247,5,229,65,20,744,781,958,9605
0500000US19125,"Marion County, Iowa",19,125,701,260,1049,9249,13876,1057,818,33642,773,31393,141,9,473,0,81,772,1688,1158,14081
0500000US19127,"Marshall County, Iowa",19,127,5856,3765,9365,10365,15775,1425,2275,40114,9875,26461,624,100,1631,0,144,1279,1225,3479,17475
0500000US19129,"Mills County, Iowa",19,129,172,47,264,4480,5240,350,390,14568,563,13503,59,16,66,0,19,342,393,351,5922
0500000US19131,"Mitchell County, Iowa",19,131,191,106,646,2815,4034,352,764,10575,257,10061,36,34,64,0,0,123,217,505,4241
0500000US19133,"Monona County, Iowa",19,133,57,4,190,2675,3033,340,324,8557,233,7944,21,37,0,0,1,321,192,455,3631
0500000US19135,"Monroe County, Iowa",19,135,56,22,279,2309,2587,241,260,7513,156,7121,90,11,35,3,17,80,160,238,3120
0500000US19137,"Montgomery County, Iowa",19,137,163,44,240,3452,3456,667,373,10214,82,9392,184,6,109,37,74,330,210,599,4055
0500000US19139,"Muscatine County, Iowa",19,139,2901,1594,5644,11799,16784,2093,1792,42559,8005,31908,946,46,272,0,63,1319,708,2988,18686
0500000US19141,"O'Brien County, Iowa",19,141,627,431,995,3775,5705,450,421,14126,1074,12288,240,24,92,22,20,366,429,915,6183
0500000US19143,"Osceola County, Iowa",19,143,352,211,585,1682,2433,228,479,6100,647,5126,29,65,35,0,13,185,128,543,2602
0500000US19145,"Page County, Iowa",19,145,282,106,364,5721,4874,798,677,15131,505,13662,259,59,83,2,40,521,1157,744,5657
0500000US19147,"Palo Alto County, Iowa",19,147,218,90,306,2329,3665,380,415,8863,311,8088,145,7,57,0,8,247,327,403,4011
0500000US19149,"Plymouth County, Iowa",19,149,959,538,1680,6271,10868,683,1350,25747,1653,22664,615,53,135,112,11,504,373,916,11799
0500000US19151,"Pocahontas County, Iowa",19,151,222,135,283,2198,2369,229,528,7046,412,6242,47,5,12,55,0,273,131,459,2917
0500000US19153,"Polk County, Iowa",19,153,50787,27035,69157,112791,222345,20165,26186,503175,52317,368110,36704,300,24778,215,1453,19298,8759,25375,213904
0500000US19155,"Pottawattamie County, Iowa",19,155,3738,2109,6083,27270,37106,3693,4628,93424,8536,78988,1717,196,800,154,269,2764,2664,5982,38509
0500000US19157,"Poweshiek County, Iowa",19,157,672,511,943,5876,7332,735,707,18545,657,16653,175,55,380,0,15,610,1653,627,6635
0500000US19159,"Ringgold County, Iowa",19,159,34,19,131,1360,1473,249,293,4645,100,4397,18,16,0,0,0,114,168,194,1854
0500000US19161,"Sac County, Iowa",19,161,228,156,329,2544,3800,321,457,9689,422,8899,44,8,35,17,27,237,168,501,4540
0500000US19163,"Scott County, Iowa",19,163,8384,3788,11449,47731,71052,7544,8968,174608,12902,134498,12341,177,4959,92,775,8864,3484,6997,73738
0500000US19165,"Shelby County, Iowa",19,165,192,139,301,3547,4217,356,270,11778,518,10751,37,12,56,0,48,356,221,381,4544
0500000US19167,"Sioux County, Iowa",19,167,3092,1954,4193,8182,15385,360,2093,36212,5193,29982,214,32,197,6,122,466,2342,1959,15331
0500000US19169,"Story County, Iowa",19,169,8645,5604,10669,28604,36854,1780,4218,100466,5184,81361,2711,108,6641,72,340,4049,12665,1399,39989
0500000US19171,"Tama County, Iowa",19,171,685,467,1785,5088,6110,647,1029,16868,1968,13220,154,897,116,6,12,495,355,977,7042
0500000US19173,"Taylor County, Iowa",19,173,187,113,386,1743,1989,252,201,5868,476,5215,10,1,0,0,39,127,106,303,2538
0500000US19175,"Union County, Iowa",19,175,220,178,486,4088,4166,890,986,11993,460,11018,93,1,106,0,22,293,303,696,4797
0500000US19177,"Van Buren County, Iowa",19,177,45,21,1020,2397,2150,232,1249,7241,128,6833,31,4,3,0,70,172,84,721,2463
0500000US19179,"Wapello County, Iowa",19,179,3510,2201,5034,10652,13305,2148,2553,35362,4748,26750,1054,7,579,857,54,1313,880,2745,14467
0500000US19181,"Warren County, Iowa",19,181,823,365,1511,13397,22691,1270,1090,54409,2020,50017,358,31,407,8,61,1507,1603,1187,22648
0500000US19183,"Washington County, Iowa",19,183,730,414,1630,5774,8206,728,1687,22561,1749,20008,236,0,87,4,30,447,346,1003,9841
0500000US19185,"Wayne County, Iowa",19,185,61,38,499,1946,2226,264,821,6532,77,6122,12,0,6,0,0,315,118,398,2533
0500000US19187,"Webster County, Iowa",19,187,1119,905,1714,11398,14602,1691,2216,36886,2439,30940,1201,38,437,0,95,1736,2832,1731,15812
0500000US19189,"Winnebago County, Iowa",19,189,372,262,640,3183,3976,466,588,10583,619,9415,211,19,140,0,18,161,574,390,4426
0500000US19191,"Winneshiek County, Iowa",19,191,514,410,862,5663,8165,256,522,19873,612,18533,81,73,107,1,24,442,1759,513,8145
0500000US19193,"Woodbury County, Iowa",19,193,11228,6768,18352,26944,43491,5147,7656,106247,20316,71279,5179,1431,2486,775,225,4556,2831,8432,46955
0500000US19195,"Worth County, Iowa",19,195,65,48,205,1883,2943,212,506,7350,258,6857,59,9,33,0,0,134,76,341,3215
0500000US19197,"Wright County, Iowa",19,197,837,719,1731,3918,4316,511,737,12791,2547,9662,56,8,58,0,174,286,198,715,4987
0500000US20001,"Allen County, Kansas",20,001,401,284,295,3722,3897,467,1174,12483,533,11048,352,68,46,55,8,373,450,496,5049
0500000US20003,"Anderson County, Kansas",20,003,33,29,580,2273,2520,167,727,7834,142,7123,83,7,0,0,0,479,115,628,2984
0500000US20005,"Atchison County, Kansas",20,005,338,174,619,4873,6287,626,1410,16208,608,14053,567,11,51,0,38,880,1761,546,6174
0500000US20007,"Barber County, Kansas",20,007,11,8,33,989,1291,52,291,4069,258,3608,3,92,0,0,7,101,52,115,2046
0500000US20009,"Barton County, Kansas",20,009,1243,729,2192,7319,8870,724,2769,25097,4183,19811,159,42,50,0,44,808,455,1621,10371
0500000US20011,"Bourbon County, Kansas",20,011,258,150,398,4291,4937,455,1173,14394,452,12787,245,12,116,0,37,745,372,864,5391
0500000US20013,"Brown County, Kansas",20,013,108,56,172,2683,3109,439,941,9343,435,7616,148,584,24,2,92,442,130,363,3768
0500000US20015,"Butler County, Kansas",20,015,2756,1686,3014,19569,24940,1641,3907,68287,3992,58532,1292,335,1132,82,167,2755,3102,2520,28677
0500000US20017,"Chase County, Kansas",20,017,106,55,135,927,841,64,177,2561,216,2210,27,4,14,0,0,90,143,148,971
0500000US20019,"Chautauqua County, Kansas",20,019,27,8,56,1258,1045,190,378,3370,167,2701,28,119,3,0,77,275,85,237,1241
0500000US20021,"Cherokee County, Kansas",20,021,255,70,373,5960,7045,1035,2160,19151,566,16337,155,388,100,43,136,1426,218,1406,8268
0500000US20023,"Cheyenne County, Kansas",20,023,121,93,154,780,795,47,327,2628,246,2292,3,11,0,5,0,71,36,207,989
0500000US20025,"Clark County, Kansas",20,025,31,16,77,579,651,38,131,1974,106,1724,0,18,7,0,6,113,38,110,768
0500000US20027,"Clay County, Kansas",20,027,74,58,160,2655,2057,252,443,8048,284,7247,193,38,45,0,3,238,209,372,3264
0500000US20029,"Cloud County, Kansas",20,029,136,113,249,2583,2933,190,689,8898,343,7947,71,44,8,97,12,376,512,289,3918
0500000US20031,"Coffey County, Kansas",20,031,97,23,415,2768,2723,306,898,8308,321,7587,51,8,75,0,16,250,154,461,3352
0500000US20033,"Comanche County, Kansas",20,033,14,11,38,533,555,62,125,1729,35,1637,7,0,0,0,0,50,55,51,767
0500000US20035,"Cowley County, Kansas",20,035,1570,806,2020,11541,10956,1556,2706,34411,4184,26447,820,420,532,97,79,1832,2217,2139,13709
0500000US20037,"Crawford County, Kansas",20,037,1468,979,2138,10946,14739,1886,4992,39008,2936,32530,585,192,655,88,98,1924,1642,1803,17274
0500000US20039,"Decatur County, Kansas",20,039,58,41,70,847,748,68,140,2726,130,2467,31,13,0,0,13,72,54,126,982
0500000US20041,"Dickinson County, Kansas",20,041,173,91,725,5569,6310,458,1610,18445,1050,16312,18,17,44,0,69,935,296,811,7747
0500000US20043,"Doniphan County, Kansas",20,043,117,56,183,2331,2866,204,474,7503,260,6606,223,17,8,8,2,379,657,369,3182
0500000US20045,"Douglas County, Kansas",20,045,7248,4306,10117,31389,49116,2652,9775,120302,8640,91455,5014,1185,5198,14,609,8187,8666,3161,49823
0500000US20047,"Edwards County, Kansas",20,047,334,251,507,930,807,52,285,2779,633,2014,4,19,0,0,0,109,54,252,1067
0500000US20049,"Elk County, Kansas",20,049,24,9,52,935,638,73,182,2453,110,2144,2,16,6,0,24,151,12,162,831
0500000US20051,"Ellis County, Kansas",20,051,700,467,1709,6602,11564,736,2096,28920,2110,25118,367,51,452,11,14,797,1634,885,13810
0500000US20053,"Ellsworth County, Kansas",20,053,103,70,156,2650,1830,164,197,6360,387,5330,216,10,29,0,10,378,1069,289,2315
0500000US20055,"Finney County, Kansas",20,055,9111,4998,16321,8690,14690,1503,4792,38084,20246,14093,1672,47,1470,26,15,515,724,6394,17247
0500000US20057,"Ford County, Kansas",20,057,8537,5893,14921,7381,13251,870,5356,34074,20130,12065,802,16,317,0,122,622,724,4757,15438
0500000US20059,"Franklin County, Kansas",20,059,530,298,814,7070,10487,594,2056,26106,1264,23210,278,144,160,33,42,975,638,1293,11028
0500000US20061,"Geary County, Kansas",20,061,2748,1081,4475,7228,8031,1297,2353,35815,6050,19661,5142,150,1008,373,139,3292,961,1377,14288
0500000US20063,"Gove County, Kansas",20,063,41,18,36,715,862,31,159,2799,47,2624,14,0,23,0,8,83,37,102,1157
0500000US20065,"Graham County, Kansas",20,065,13,0,29,760,705,74,117,2389,94,2085,109,0,16,6,2,77,40,89,950
0500000US20067,"Grant County, Kansas",20,067,1809,1116,3017,1853,2862,34,1163,7229,3858,3183,13,48,9,0,3,115,53,997,3112
0500000US20069,"Gray County, Kansas",20,069,591,465,1004,1388,1956,46,648,5701,949,4529,0,4,36,0,12,171,85,760,2566
0500000US20071,"Greeley County, Kansas",20,071,106,48,169,272,413,11,132,1304,220,1062,2,5,0,0,0,15,24,95,488
0500000US20073,"Greenwood County, Kansas",20,073,38,28,131,2008,1900,324,527,5919,234,5380,44,75,0,0,6,180,89,299,2424
0500000US20075,"Hamilton County, Kansas",20,075,544,481,951,582,848,22,624,2471,1088,1341,1,0,0,0,0,41,11,281,937
0500000US20077,"Harper County, Kansas",20,077,105,93,133,1876,1741,217,451,5400,436,4647,45,15,15,0,17,225,185,333,1959
0500000US20079,"Harvey County, Kansas",20,079,1312,677,2564,9261,13086,785,2889,33756,4129,27409,477,60,380,0,89,1212,1293,1710,14343
0500000US20081,"Haskell County, Kansas",20,081,860,591,1178,1083,1183,38,626,3641,1126,2403,17,22,0,0,0,73,50,571,1369
0500000US20083,"Hodgeman County, Kansas",20,083,22,12,55,490,493,30,73,1652,76,1520,6,1,0,0,12,37,21,52,636
0500000US20085,"Jackson County, Kansas",20,085,432,378,621,3870,4504,348,949,13341,768,10887,98,693,64,9,35,787,201,563,5576
0500000US20087,"Jefferson County, Kansas",20,087,179,92,354,5269,6776,222,974,18349,648,16710,82,79,45,3,49,733,194,738,7904
0500000US20089,"Jewell County, Kansas",20,089,48,37,69,935,858,62,183,2916,83,2679,21,6,8,0,0,119,27,130,1202
0500000US20091,"Johnson County, Kansas",20,091,57261,27479,70907,139556,282834,5014,30003,620631,57813,472604,29831,600,32309,130,2477,24867,5984,14406,253395
0500000US20093,"Kearny County, Kansas",20,093,681,519,1165,1061,1043,78,437,3864,1377,2261,0,3,140,0,30,53,71,455,1452
0500000US20095,"Kingman County, Kansas",20,095,18,15,117,2163,2475,207,506,7186,294,6443,18,9,3,0,103,316,150,426,3173
0500000US20097,"Kiowa County, Kansas",20,097,147,88,199,667,778,41,198,2422,110,2115,23,10,66,0,8,90,221,182,1002
0500000US20099,"Labette County, Kansas",20,099,203,85,973,6491,6126,755,1843,19869,1010,16522,633,135,2,0,245,1322,728,1387,7754
0500000US20101,"Lane County, Kansas",20,101,93,71,205,473,392,20,159,1461,235,1186,17,4,0,0,0,19,8,55,524
0500000US20103,"Leavenworth County, Kansas",20,103,2969,1504,4317,26114,23909,1698,4650,83123,6278,64298,5691,275,1108,227,337,4909,4995,3513,32007
0500000US20105,"Lincoln County, Kansas",20,105,21,8,44,913,963,84,168,2923,133,2664,2,2,17,0,6,99,46,69,1228
0500000US20107,"Linn County, Kansas",20,107,38,23,142,3335,3214,360,956,9767,303,8884,138,20,24,11,33,354,49,407,3721
0500000US20109,"Logan County, Kansas",20,109,68,23,163,652,1104,98,248,2707,200,2374,0,25,17,0,0,91,26,122,1237
0500000US20111,"Lyon County, Kansas",20,111,3529,2360,5069,7983,13810,873,3658,32186,7780,21973,452,64,597,4,47,1269,1051,2083,14839
0500000US20113,"McPherson County, Kansas",20,113,847,545,1490,8197,12088,328,1821,30205,1689,26920,528,18,117,0,0,933,1957,1473,13443
0500000US20115,"Marion County, Kansas",20,115,123,65,242,3812,3815,290,779,11754,494,10687,107,54,45,2,31,334,745,638,4763
0500000US20117,"Marshall County, Kansas",20,117,75,38,290,2891,3485,160,505,9993,280,9322,71,31,33,0,21,235,224,518,4119
0500000US20119,"Meade County, Kansas",20,119,444,227,840,1174,1201,97,401,3903,950,2724,15,63,70,0,13,68,81,286,1542
0500000US20121,"Miami County, Kansas",20,121,335,170,942,9402,13824,312,2449,34938,1423,31401,418,47,51,0,27,1571,691,1375,14662
0500000US20123,"Mitchell County, Kansas",20,123,75,65,203,1808,2051,137,394,5779,187,5374,6,13,39,0,0,160,136,238,2328
0500000US20125,"Montgomery County, Kansas",20,125,887,593,1713,10543,10274,1510,3308,30940,2491,23667,1164,589,50,59,229,2691,909,1892,12027
0500000US20127,"Morris County, Kansas",20,127,111,63,152,1618,1706,100,362,5340,232,4805,2,0,37,0,5,259,81,232,2354
0500000US20129,"Morton County, Kansas",20,129,283,170,494,969,603,79,271,2611,628,1835,31,1,44,0,0,72,66,337,924
0500000US20131,"Nemaha County, Kansas",20,131,98,90,255,2831,3754,134,506,10160,265,9477,122,35,56,0,36,169,304,385,4279
0500000US20133,"Neosho County, Kansas",20,133,245,177,320,4671,5394,625,1609,15656,944,13774,242,17,84,0,17,578,467,754,6500
0500000US20135,"Ness County, Kansas",20,135,233,197,365,799,930,38,206,2653,395,2121,0,13,5,0,5,114,66,140,1275
0500000US20137,"Norton County, Kansas",20,137,101,76,125,2380,1424,162,435,5359,315,4593,167,54,7,0,23,200,1011,195,1544
0500000US20139,"Osage County, Kansas",20,139,138,69,308,4753,5548,464,1266,15744,529,14497,44,43,23,0,53,555,184,691,6633
0500000US20141,"Osborne County, Kansas",20,141,54,35,59,1002,1192,129,177,3452,103,3169,12,8,17,0,19,124,110,152,1459
0500000US20143,"Ottawa County, Kansas",20,143,39,29,110,1643,2158,178,379,5819,194,5404,23,30,3,0,0,165,102,207,2480
0500000US20145,"Pawnee County, Kansas",20,145,47,6,110,2472,1698,60,580,6144,561,4908,454,53,0,0,0,168,884,618,2296
0500000US20147,"Phillips County, Kansas",20,147,90,42,113,1574,1491,141,340,4813,165,4408,36,27,19,0,4,154,69,204,1963
0500000US20149,"Pottawatomie County, Kansas",20,149,604,342,710,6762,8650,409,1206,26204,1590,22831,431,61,112,26,191,962,428,596,11156
0500000US20151,"Pratt County, Kansas",20,151,242,156,452,3016,3051,176,885,9127,788,7678,59,13,22,0,74,493,526,562,3654
0500000US20153,"Rawlins County, Kansas",20,153,86,45,143,663,858,109,160,2516,194,2227,0,29,20,0,0,46,36,88,1079
0500000US20155,"Reno County, Kansas",20,155,1382,886,3593,19386,22788,2127,5443,61553,6388,50500,1663,222,312,127,201,2140,3371,4071,25657
0500000US20157,"Republic County, Kansas",20,157,87,76,78,1408,1489,90,255,4646,179,4333,22,1,0,0,36,75,72,200,1927
0500000US20159,"Rice County, Kansas",20,159,460,234,837,2743,3454,269,723,9350,1305,7258,169,43,3,0,15,557,585,552,3887
0500000US20161,"Riley County, Kansas",20,161,4813,3125,5977,17544,22449,1843,4512,71946,7205,52983,4569,151,2951,91,463,3533,10562,1117,30702
0500000US20163,"Rooks County, Kansas",20,163,44,23,58,1536,1611,77,293,4813,156,4399,92,9,33,0,11,113,222,207,2106
0500000US20165,"Rush County, Kansas",20,165,32,22,139,878,1012,88,207,2947,191,2575,11,16,0,0,0,154,74,214,1231
0500000US20167,"Russell County, Kansas",20,167,111,83,85,1715,2766,471,454,6679,277,5981,24,13,24,0,7,353,111,274,3209
0500000US20169,"Saline County, Kansas",20,169,2481,1552,3774,14150,20738,1995,5949,53668,6843,41758,1822,58,915,5,59,2208,1550,2417,23493
0500000US20171,"Scott County, Kansas",20,171,407,227,857,1338,2036,205,320,5027,1096,3775,0,62,0,0,0,94,89,336,2438
0500000US20173,"Sedgwick County, Kansas",20,173,45286,24384,75244,141399,206730,19278,56356,528226,87159,342872,40074,2284,22093,380,2694,30670,9097,36353,223332
0500000US20175,"Seward County, Kansas",20,175,6290,3489,12077,4892,7990,711,2669,21486,14486,5392,624,34,513,0,8,429,362,3543,9081
0500000US20177,"Shawnee County, Kansas",20,177,7286,4614,11963,54492,61421,6756,15090,178025,24637,126385,11731,639,2355,148,988,11142,5085,8203,70958
0500000US20179,"Sheridan County, Kansas",20,179,65,55,97,599,709,40,183,2426,143,2214,1,7,1,0,0,60,29,68,902
0500000US20181,"Sherman County, Kansas",20,181,135,49,574,1508,2210,85,633,5858,761,4853,103,0,7,0,0,134,407,355,2496
0500000US20183,"Smith County, Kansas",20,183,29,28,41,1139,1128,89,232,3552,94,3313,8,12,8,0,11,106,61,114,1527
0500000US20185,"Stafford County, Kansas",20,185,186,156,215,1110,1269,52,267,3978,533,3226,7,13,0,0,13,186,111,193,1711
0500000US20187,"Stanton County, Kansas",20,187,690,565,808,625,684,42,518,2038,929,932,2,116,8,0,0,51,30,285,865
0500000US20189,"Stevens County, Kansas",20,189,684,533,1333,1462,1627,11,719,5162,2018,2951,6,1,12,0,0,174,100,822,2126
0500000US20191,"Sumner County, Kansas",20,191,294,141,389,7125,7375,887,1919,22353,1366,19335,246,107,85,0,164,1050,347,809,8819
0500000US20193,"Thomas County, Kansas",20,193,327,288,413,1767,3259,119,810,7885,662,6830,31,1,11,0,17,333,416,232,3775
0500000US20195,"Trego County, Kansas",20,195,11,11,15,775,969,73,116,2777,31,2643,0,14,19,0,26,44,51,78,1262
0500000US20197,"Wabaunsee County, Kansas",20,197,85,24,164,2113,2285,124,871,7009,335,6281,17,1,28,0,34,313,140,231,2722
0500000US20199,"Wallace County, Kansas",20,199,51,22,72,433,450,43,61,1417,105,1245,12,2,8,0,0,45,19,68,567
0500000US20201,"Washington County, Kansas",20,201,156,118,286,1582,1910,128,293,5533,269,4974,8,20,22,0,56,184,123,192,2340
0500000US20203,"Wichita County, Kansas",20,203,157,97,281,593,614,47,155,2091,575,1444,4,8,0,0,2,58,22,233,711
0500000US20205,"Wilson County, Kansas",20,205,157,83,209,2613,2652,352,605,8505,327,7686,13,65,2,0,14,398,176,576,3560
0500000US20207,"Woodson County, Kansas",20,207,13,5,28,1160,852,93,233,3109,90,2843,6,7,0,0,2,161,42,216,1135
0500000US20209,"Wyandotte County, Kansas",20,209,30083,20403,49439,42434,63779,7381,28274,167654,57135,61036,30308,459,8739,344,1025,8608,1487,19090,67547
0500000US21001,"Adair County, Kentucky",21,001,705,556,731,7123,5839,1208,1407,19089,671,17255,395,3,45,54,3,663,1200,2012,6380
0500000US21003,"Allen County, Kentucky",21,003,275,143,1178,6859,7269,1131,1601,21293,620,19733,84,32,3,0,79,742,172,1882,8204
0500000US21005,"Anderson County, Kentucky",21,005,398,261,696,7731,8409,724,1084,24353,639,22361,523,0,82,0,69,679,91,1616,10004
0500000US21007,"Ballard County, Kentucky",21,007,90,57,236,2866,2617,381,363,7654,119,6968,275,0,10,0,0,282,113,340,3221
0500000US21009,"Barren County, Kentucky",21,009,1238,763,2509,16091,14939,2931,3774,44938,1991,39283,1697,18,416,0,241,1292,616,4080,16318
0500000US21011,"Bath County, Kentucky",21,011,35,19,833,4597,4000,919,1373,12851,235,12162,90,0,5,0,17,342,86,1501,4632
0500000US21013,"Bell County, Kentucky",21,013,98,32,113,10996,5515,2440,1221,23509,114,21769,705,27,61,0,80,753,549,3350,6292
0500000US21015,"Boone County, Kentucky",21,015,8743,4877,11570,34549,60015,3329,7054,139841,8264,115066,6112,56,3371,423,611,5938,1288,6063,58855
0500000US21017,"Bourbon County, Kentucky",21,017,795,592,1194,6691,7331,1213,702,20240,1569,16877,1001,0,26,0,81,686,116,1679,7660
0500000US21019,"Boyd County, Kentucky",21,019,630,414,921,18377,15485,3341,2005,47911,873,44178,1097,44,172,8,24,1515,1993,3483,17108
0500000US21021,"Boyle County, Kentucky",21,021,770,477,1001,11081,10382,1433,1832,30941,1457,25586,2154,0,246,6,185,1307,3074,1754,10932
0500000US21023,"Bracken County, Kentucky",21,023,51,34,72,2832,3141,587,396,8444,125,7982,54,84,7,0,0,192,29,637,3453
0500000US21025,"Breathitt County, Kentucky",21,025,43,31,85,6192,2988,1885,419,13276,149,12741,76,23,40,0,0,247,274,1886,3682
0500000US21027,"Breckinridge County, Kentucky",21,027,126,18,662,7934,6665,1314,1444,20881,350,19367,389,0,0,14,102,659,333,2040,7560
0500000US21029,"Bullitt County, Kentucky",21,029,1983,1063,2505,24355,35050,2308,2338,84027,2769,76272,1091,17,599,0,323,2956,213,5941,36877
0500000US21031,"Butler County, Kentucky",21,031,265,229,1154,4732,3845,806,1440,12393,656,11391,2,0,31,0,0,313,176,1639,4482
0500000US21033,"Caldwell County, Kentucky",21,033,152,122,277,4418,3932,701,1023,12618,186,11321,755,0,0,4,40,312,212,775,4978
0500000US21035,"Calloway County, Kentucky",21,035,1527,860,1615,13580,13468,1432,2856,38224,1406,33204,1518,34,705,93,212,1052,2970,2113,15084
0500000US21037,"Campbell County, Kentucky",21,037,2559,1690,3576,25974,40657,2445,4561,93426,2449,84359,2631,11,869,0,372,2735,2427,4013,37715
0500000US21039,"Carlisle County, Kentucky",21,039,51,50,91,1602,1693,232,288,4762,153,4285,71,6,4,9,3,231,55,268,1942
0500000US21041,"Carroll County, Kentucky",21,041,301,253,684,3752,3462,704,1141,10954,826,9380,242,0,0,0,70,436,308,1179,3860
0500000US21043,"Carter County, Kentucky",21,043,284,242,309,10771,7140,2118,1861,26341,227,25069,74,6,70,0,24,871,576,2867,8619
0500000US21045,"Casey County, Kentucky",21,045,284,181,932,6344,3908,959,2030,15914,546,14838,60,5,11,0,31,423,443,2384,4730
0500000US21047,"Christian County, Kentucky",21,047,2482,1206,6843,20572,18786,3269,6511,72069,6267,46013,13180,73,893,303,293,5047,4637,5096,26304
0500000US21049,"Clark County, Kentucky",21,049,609,187,1180,12340,13661,2030,1591,37192,1534,32778,1034,106,275,0,24,1441,512,2858,13942
0500000US21051,"Clay County, Kentucky",21,051,171,145,312,9352,4279,2528,968,19921,421,18179,769,14,14,0,23,501,1559,3792,5425
0500000US21053,"Clinton County, Kentucky",21,053,120,91,193,3156,2989,962,675,9202,315,8563,8,50,33,0,9,224,138,1438,3761
0500000US21055,"Crittenden County, Kentucky",21,055,38,34,603,3578,2698,377,911,8979,158,8423,33,14,27,0,47,277,210,982,2984
0500000US21057,"Cumberland County, Kentucky",21,057,70,38,290,2432,1654,725,731,5948,120,5500,90,39,16,0,0,183,85,746,1969
0500000US21059,"Daviess County, Kentucky",21,059,3996,2668,5956,30872,39799,4761,5615,103648,4412,87989,4183,146,2173,26,768,3951,2500,5641,43040
0500000US21061,"Edmonson County, Kentucky",21,061,173,104,399,5187,3903,670,924,12355,211,11318,82,10,77,0,109,548,197,1475,4114
0500000US21063,"Elliott County, Kentucky",21,063,9,6,48,4004,1454,638,502,7307,124,6761,251,15,0,0,11,145,1015,1162,1807
0500000US21065,"Estill County, Kentucky",21,065,260,161,261,6075,3675,1540,882,14035,132,13472,10,5,140,0,0,276,101,2167,4249
0500000US21067,"Fayette County, Kentucky",21,067,38570,24828,48609,83274,133875,11918,23036,323725,30824,216082,46573,131,14064,33,893,15125,12636,16662,136936
0500000US21069,"Fleming County, Kentucky",21,069,215,51,531,5662,4682,1192,1004,15323,259,14453,143,0,120,0,35,313,104,1600,5331
0500000US21071,"Floyd County, Kentucky",21,071,191,116,518,15994,8686,3538,1787,35224,329,33588,195,17,134,8,51,902,858,4617,10361
0500000US21073,"Franklin County, Kentucky",21,073,2075,1294,3060,15889,15683,3000,2757,51842,2281,41758,4769,31,922,100,40,1941,1805,2629,20095
0500000US21075,"Fulton County, Kentucky",21,075,65,8,207,2905,1877,584,326,6409,213,4390,1527,22,0,37,35,185,480,632,1916
0500000US21077,"Gallatin County, Kentucky",21,077,200,134,374,2699,3428,405,729,8769,478,7689,237,1,41,0,71,252,123,924,3711
0500000US21079,"Garrard County, Kentucky",21,079,343,273,686,6458,5515,830,1322,17568,524,16096,415,30,9,0,128,366,113,1762,6328
0500000US21081,"Grant County, Kentucky",21,081,342,130,688,7020,9865,1128,1530,25418,824,23433,218,17,146,23,16,741,282,1684,10306
0500000US21083,"Graves County, Kentucky",21,083,1034,502,2083,12576,12385,2096,2762,36630,2983,30713,1525,20,164,0,109,1116,510,2662,13639
0500000US21085,"Grayson County, Kentucky",21,085,255,158,977,9690,8166,1292,2085,26707,430,25242,218,10,105,0,49,653,578,2696,9670
0500000US21087,"Green County, Kentucky",21,087,58,18,283,4193,3443,871,827,11369,259,10604,146,8,0,0,0,352,152,1042,4089
0500000US21089,"Greenup County, Kentucky",21,089,326,154,654,14606,10885,2045,1927,35501,420,33664,255,29,211,0,9,913,495,2692,12297
0500000US21091,"Hancock County, Kentucky",21,091,31,19,61,2984,3240,537,371,9034,74,8498,114,1,7,0,76,264,107,734,3744
0500000US21093,"Hardin County, Kentucky",21,093,4853,2135,7106,32248,36953,4385,6202,111942,7273,83323,11930,177,2437,88,329,6385,2874,5659,43870
0500000US21095,"Harlan County, Kentucky",21,095,99,28,242,11866,5599,2839,1250,25772,135,24205,328,56,58,10,48,932,577,3289,6906
0500000US21097,"Harrison County, Kentucky",21,097,241,91,469,6341,6165,1157,608,19140,446,17854,334,9,16,0,20,461,298,1243,7676
0500000US21099,"Hart County, Kentucky",21,099,177,60,1535,7150,6313,1380,2267,19603,412,17690,577,46,105,0,114,659,261,2501,6938
0500000US21101,"Henderson County, Kentucky",21,101,555,298,1323,15343,16360,2851,2059,44280,1495,37203,3585,6,202,84,51,1654,917,3197,17457
0500000US21103,"Henry County, Kentucky",21,103,362,227,584,5489,5489,720,952,15856,651,14208,421,6,78,0,25,467,95,1445,6082
0500000US21105,"Hickman County, Kentucky",21,105,53,11,64,1712,1596,331,371,4439,116,3800,362,2,12,0,6,141,125,481,1607
0500000US21107,"Hopkins County, Kentucky",21,107,920,665,1115,16755,14408,2544,2165,45119,1249,39220,2595,61,264,0,11,1719,923,3672,16883
0500000US21109,"Jackson County, Kentucky",21,109,53,31,50,5534,3458,1565,688,13086,142,12587,21,19,6,0,0,311,151,2257,3881
0500000US21111,"Jefferson County, Kentucky",21,111,78086,46313,94642,216838,326539,36575,44205,783022,67277,485189,160926,817,24557,248,3354,40654,14295,47478,308905
0500000US21113,"Jessamine County, Kentucky",21,113,3039,1832,3675,16496,19638,1858,3769,54588,2740,46646,2210,15,963,21,222,1771,1427,3529,21663
0500000US21115,"Johnson County, Kentucky",21,115,338,136,328,9431,5441,2284,1402,22334,110,20981,123,30,312,3,0,775,498,2729,6965
0500000US21117,"Kenton County, Kentucky",21,117,7075,4434,8814,43045,75878,4818,7929,171288,8330,145928,6716,92,1917,203,522,7580,1793,8291,71966
0500000US21119,"Knott County, Kentucky",21,119,126,39,144,6636,3222,1289,330,13830,80,13376,157,14,25,0,4,174,482,2622,3709
0500000US21121,"Knox County, Kentucky",21,121,202,107,327,13787,7017,3730,2535,29865,389,28380,312,0,57,0,3,724,774,4688,7789
0500000US21123,"Larue County, Kentucky",21,123,233,138,494,5411,5230,789,624,15107,502,13659,313,7,3,0,82,541,251,1423,5864
0500000US21125,"Laurel County, Kentucky",21,125,700,264,806,22915,22331,4245,4820,62983,1061,59725,352,71,195,92,48,1439,1288,6804,23293
0500000US21127,"Lawrence County, Kentucky",21,127,295,0,291,6827,3744,1621,810,16077,59,15538,13,1,214,0,0,252,137,2053,4843
0500000US21129,"Lee County, Kentucky",21,129,55,34,105,3564,1689,745,357,7339,83,6857,223,0,0,0,14,162,1103,1370,2085
0500000US21131,"Leslie County, Kentucky",21,131,10,1,28,4776,2555,1232,228,10079,11,9727,20,0,10,0,0,311,359,1452,3061
0500000US21133,"Letcher County, Kentucky",21,133,137,58,204,9558,4143,2331,704,20808,160,20089,128,8,40,0,66,317,346,2628,5773
0500000US21135,"Lewis County, Kentucky",21,135,88,16,75,5332,3430,1146,720,12965,15,12559,70,0,22,33,23,243,139,1790,3944
0500000US21137,"Lincoln County, Kentucky",21,137,177,1,643,8973,6577,1777,1884,24504,523,22605,495,1,23,0,211,646,199,2879,8221
0500000US21139,"Livingston County, Kentucky",21,139,39,0,93,3308,2785,449,396,8903,226,8382,7,5,11,0,0,272,78,558,3245
0500000US21141,"Logan County, Kentucky",21,141,234,172,961,9603,9510,1506,2260,27986,996,24476,1253,57,92,0,76,1036,368,2560,10488
0500000US21143,"Lyon County, Kentucky",21,143,100,72,120,4543,2391,403,450,8900,194,7774,602,36,48,0,21,225,1575,790,2895
0500000US21145,"McCracken County, Kentucky",21,145,1417,570,1947,22620,25187,2750,3947,67564,2314,54818,6586,86,583,72,244,2861,1240,3286,26588
0500000US21147,"McCreary County, Kentucky",21,147,145,63,295,8774,3257,1954,1235,16867,375,14975,1027,17,9,13,11,440,1839,2692,3965
0500000US21149,"McLean County, Kentucky",21,149,50,20,234,3286,3060,374,351,9114,203,8576,48,0,28,0,22,237,85,527,3463
0500000US21151,"Madison County, Kentucky",21,151,2336,1250,3442,28489,35535,4958,5328,95769,3388,83926,3773,51,903,15,277,3436,5648,5286,38949
0500000US21153,"Magoffin County, Kentucky",21,153,54,35,127,5798,2111,1759,351,11348,104,11035,12,23,27,0,0,147,118,2210,2635
0500000US21155,"Marion County, Kentucky",21,155,524,377,681,6661,6877,1183,594,19749,723,17065,1493,4,125,0,0,339,848,1749,7852
0500000US21157,"Marshall County, Kentucky",21,157,293,86,419,11524,10771,1224,2527,31743,622,30284,187,53,128,4,0,465,541,1993,12180
0500000US21159,"Martin County, Kentucky",21,159,80,49,149,6151,2313,1125,151,11027,189,9337,859,40,0,45,0,557,1418,2041,2668
0500000US21161,"Mason County, Kentucky",21,161,254,72,368,6030,5819,1467,729,16956,402,14739,997,19,158,0,12,629,244,1635,6339
0500000US21163,"Meade County, Kentucky",21,163,419,198,742,8781,11171,1261,1485,30158,1280,26533,1002,28,194,114,9,998,221,1902,12525
0500000US21165,"Menifee County, Kentucky",21,165,32,0,124,2833,1509,578,386,6230,177,5951,9,0,0,0,0,93,104,860,1798
0500000US21167,"Mercer County, Kentucky",21,167,660,523,660,7626,8451,1004,1147,23028,779,20716,722,13,43,0,39,716,220,1279,9177
0500000US21169,"Metcalfe County, Kentucky",21,169,139,130,220,3834,3482,800,667,10425,288,9744,261,10,0,0,0,122,104,962,3687
0500000US21171,"Monroe County, Kentucky",21,171,197,97,329,3635,3640,720,668,11269,522,10286,204,8,0,0,0,249,127,1120,4553
0500000US21173,"Montgomery County, Kentucky",21,173,347,239,1123,9487,10645,1816,2017,28395,983,26006,382,85,133,0,68,738,353,2623,11101
0500000US21175,"Morgan County, Kentucky",21,175,255,184,133,6808,3042,907,984,14053,506,12532,698,0,73,0,0,244,1687,1967,4111
0500000US21177,"Muhlenberg County, Kentucky",21,177,541,178,592,12073,9516,1948,1406,30591,626,28119,618,22,318,2,9,877,1305,3431,10963
0500000US21179,"Nelson County, Kentucky",21,179,1300,865,1441,13962,19007,1866,2387,47606,1397,42424,2472,16,229,0,29,1039,554,2535,20804
0500000US21181,"Nicholas County, Kentucky",21,181,33,1,73,2717,2453,430,270,7708,80,7362,91,0,0,0,0,175,89,638,2929
0500000US21183,"Ohio County, Kentucky",21,183,503,301,1030,8561,7852,1223,1233,23735,1131,21819,139,43,39,0,81,483,283,2575,8859
0500000US21185,"Oldham County, Kentucky",21,185,2927,1094,3957,19385,28092,774,2102,69257,3466,59255,1999,35,1134,0,561,2807,3920,2550,26552
0500000US21187,"Owen County, Kentucky",21,187,173,122,348,3832,3734,496,721,11330,292,10620,33,11,5,0,35,334,97,1065,4104
0500000US21189,"Owsley County, Kentucky",21,189,0,0,5,2009,712,593,186,3971,3,3791,0,0,7,0,0,170,79,876,926
0500000US21191,"Pendleton County, Kentucky",21,191,157,56,152,4791,5283,839,954,14723,237,13587,60,8,35,4,60,732,256,1566,5574
0500000US21193,"Perry County, Kentucky",21,193,255,143,701,11485,7424,3168,638,27499,67,25765,470,34,165,71,7,920,709,3769,8480
0500000US21195,"Pike County, Kentucky",21,195,488,321,787,26355,14741,4957,2292,56727,712,53274,353,14,324,0,24,2026,1364,7123,17335
0500000US21197,"Powell County, Kentucky",21,197,94,6,193,5011,3190,1100,717,13038,214,12201,264,19,0,0,87,253,363,1584,4402
0500000US21199,"Pulaski County, Kentucky",21,199,1256,557,1414,25258,20390,3994,3976,65897,2040,60802,549,54,535,0,94,1823,1057,6392,23492
0500000US21201,"Robertson County, Kentucky",21,201,15,6,0,915,497,148,89,2283,18,2096,82,4,0,0,0,83,58,291,746
0500000US21203,"Rockcastle County, Kentucky",21,203,60,20,193,6755,4452,1434,1076,16163,204,15409,97,5,13,23,68,344,323,1913,5127
0500000US21205,"Rowan County, Kentucky",21,205,268,134,434,8937,7808,1610,1471,24578,588,22983,338,23,196,0,1,449,3018,1828,8778
0500000US21207,"Russell County, Kentucky",21,207,357,293,750,6616,5904,1341,1371,18221,842,16679,203,3,50,13,0,431,213,2292,6623
0500000US21209,"Scott County, Kentucky",21,209,1722,793,2670,14945,24060,1955,2919,59536,3463,50090,2817,16,568,13,163,2406,1172,2289,25786
0500000US21211,"Shelby County, Kentucky",21,211,3219,2302,4547,14769,18817,1567,2635,49096,5399,38121,1817,75,463,0,169,3052,1486,3491,20094
0500000US21213,"Simpson County, Kentucky",21,213,351,244,611,6211,6977,955,1627,19972,726,16757,1381,18,30,0,0,1060,379,1236,8361
0500000US21215,"Spencer County, Kentucky",21,215,143,73,302,5885,7990,481,778,20193,539,18687,156,15,108,0,53,635,94,993,8078
0500000US21217,"Taylor County, Kentucky",21,217,347,209,976,8282,10062,1550,1009,26397,810,23158,1226,6,258,0,0,939,1272,2020,9992
0500000US21219,"Todd County, Kentucky",21,219,321,258,1498,4084,3426,600,2517,12469,666,10425,835,4,23,1,145,370,171,1434,4248
0500000US21221,"Trigg County, Kentucky",21,221,183,135,1046,5585,4026,663,1707,14315,387,12356,604,0,23,0,26,919,92,1181,4807
0500000US21223,"Trimble County, Kentucky",21,223,91,35,121,2956,2890,364,439,8550,254,7879,97,9,24,0,64,223,41,761,3307
0500000US21225,"Union County, Kentucky",21,225,86,31,164,5242,4681,523,766,13260,232,11688,915,0,18,5,46,356,788,822,5095
0500000US21227,"Warren County, Kentucky",21,227,14600,9164,20170,37593,56267,7118,10975,140918,10010,103930,12803,86,7094,880,180,5935,5619,10005,59735
0500000US21229,"Washington County, Kentucky",21,229,101,60,603,4031,4193,785,1324,12140,19,10614,563,0,71,0,0,873,358,958,4845
0500000US21231,"Wayne County, Kentucky",21,231,342,111,676,8258,5485,1638,1004,19602,882,17919,239,63,6,0,0,493,262,2709,6171
0500000US21233,"Webster County, Kentucky",21,233,562,481,748,4583,4121,535,608,12842,912,11120,522,3,4,27,5,249,403,1205,4780
0500000US21235,"Whitley County, Kentucky",21,235,283,183,294,13617,10500,2670,2260,36920,776,34846,389,17,96,0,52,744,1727,3637,11823
0500000US21237,"Wolfe County, Kentucky",21,237,102,102,118,3289,953,976,184,6443,102,6126,10,5,0,0,27,173,124,1350,1454
0500000US21239,"Woodford County, Kentucky",21,239,1845,1447,1939,7716,10284,922,1496,27279,2134,23028,1024,10,121,0,113,849,564,1703,11467
0500000US22001,"Acadia Parish, Louisiana",22,001,691,371,3956,19748,17539,5390,3584,56955,1904,43427,9110,31,103,5,63,2312,718,6874,20117
0500000US22003,"Allen Parish, Louisiana",22,003,1342,1209,2177,9483,5566,2080,1372,22477,1353,14425,4653,246,163,0,57,1580,3343,3016,6857
0500000US22005,"Ascension Parish, Louisiana",22,005,6401,3814,10063,31368,51752,5793,8056,130314,10961,82760,29771,206,1336,7,575,4698,824,9146,57462
0500000US22007,"Assumption Parish, Louisiana",22,007,491,230,1828,7635,7135,1755,1756,20484,872,13093,5664,143,186,0,27,499,164,2956,8023
0500000US22009,"Avoyelles Parish, Louisiana",22,009,534,328,3168,15414,10139,4032,2643,38905,1562,24401,10646,211,253,0,26,1806,2768,6150,12358
0500000US22011,"Beauregard Parish, Louisiana",22,011,399,144,1149,12524,11314,2411,2991,36676,1438,28967,3963,55,251,16,239,1747,1007,3031,13640
0500000US22013,"Bienville Parish, Louisiana",22,013,43,20,190,5405,3116,1274,1060,12638,288,6760,5098,30,27,0,47,388,319,1146,4004
0500000US22015,"Bossier Parish, Louisiana",22,015,5609,3117,9653,38410,42595,5389,11777,129789,10784,79969,30531,186,2068,23,597,5631,2483,7877,52371
0500000US22017,"Caddo Parish, Louisiana",22,017,5542,2848,7843,78734,72030,20674,16748,230004,8793,96881,112006,533,2810,173,565,8243,5338,19018,82905
0500000US22019,"Calcasieu Parish, Louisiana",22,019,7435,4520,12561,62804,73090,12201,15522,207088,11101,133998,48283,250,3033,50,1465,8908,2687,14055,83255
0500000US22021,"Caldwell Parish, Louisiana",22,021,78,36,382,3872,2638,873,548,9500,111,7152,1835,1,0,0,17,384,306,1281,2970
0500000US22023,"Cameron Parish, Louisiana",22,023,19,15,265,1689,1714,173,119,5015,26,4304,166,79,0,0,1,439,27,280,2153
0500000US22025,"Catahoula Parish, Louisiana",22,025,38,8,136,3824,1691,617,515,8583,50,5378,2941,13,12,0,19,170,1013,1351,2292
0500000US22027,"Claiborne Parish, Louisiana",22,027,108,25,120,7335,2818,1743,439,13833,85,6146,6952,8,15,7,0,620,1881,2257,3705
0500000US22029,"Concordia Parish, Louisiana",22,029,360,340,601,7719,4154,1821,1671,18174,516,10084,7083,60,33,0,9,389,1062,2018,5337
0500000US22031,"De Soto Parish, Louisiana",22,031,296,181,520,10211,8345,2114,1382,27026,863,15889,9308,102,94,0,48,722,233,2586,9609
0500000US22033,"East Baton Rouge Parish, Louisiana",22,033,32007,20168,39649,133997,159396,28210,36944,452938,31085,188450,197264,426,14934,40,2477,18262,15179,26043,179462
0500000US22035,"East Carroll Parish, Louisiana",22,035,35,0,259,3601,1321,775,214,7072,163,1992,4382,51,0,0,18,466,1766,1338,1815
0500000US22037,"East Feliciana Parish, Louisiana",22,037,88,59,361,9007,4684,929,800,19271,391,10476,7639,57,39,31,0,638,2992,2193,6205
0500000US22039,"Evangeline Parish, Louisiana",22,039,905,861,4843,11967,8884,3917,2634,32060,1586,20685,8168,43,125,0,341,1112,1237,4811,10086
0500000US22041,"Franklin Parish, Louisiana",22,041,56,12,455,7398,4999,1845,1428,19408,325,12684,5431,9,32,0,0,927,1051,2518,5888
0500000US22043,"Grant Parish, Louisiana",22,043,810,702,1225,9509,5527,1377,1354,22095,1389,16337,3304,239,185,0,7,634,3110,2666,7727
0500000US22045,"Iberia Parish, Louisiana",22,045,1773,702,5217,22566,22226,6394,4470,68599,3837,38443,21285,178,1727,6,344,2779,797,7722,24185
0500000US22047,"Iberville Parish, Louisiana",22,047,1026,901,1369,11967,8345,2381,2198,29815,1546,13720,12889,59,6,36,187,1372,2689,3657,10689
0500000US22049,"Jackson Parish, Louisiana",22,049,493,405,589,6502,3745,848,1085,14884,522,9786,3515,58,57,9,152,785,824,1586,4784
0500000US22051,"Jefferson Parish, Louisiana",22,051,62771,37064,86345,126136,162957,24876,48775,430920,81368,203428,108244,558,17986,100,3174,16062,3223,41323,174751
0500000US22053,"Jefferson Davis Parish, Louisiana",22,053,258,100,1835,11123,9882,2449,1823,31924,806,24629,4629,89,61,0,181,1529,487,3267,11856
0500000US22055,"Lafayette Parish, Louisiana",22,055,12880,8164,22231,67201,92725,12598,21335,247997,16679,153138,62888,208,4786,133,1249,8916,3225,16514,102501
0500000US22057,"Lafourche Parish, Louisiana",22,057,2234,1437,7879,33226,33098,6431,5412,96252,5678,71395,12287,2208,568,2,304,3810,2435,10838,37391
0500000US22059,"LaSalle Parish, Louisiana",22,059,131,116,810,5246,4662,842,502,14789,1350,11137,1702,2,142,78,0,378,1026,1723,5333
0500000US22061,"Lincoln Parish, Louisiana",22,061,1521,735,2048,19418,13179,4411,2567,48174,1778,25404,17767,298,622,33,236,2036,4686,2590,16261
0500000US22063,"Livingston Parish, Louisiana",22,063,5985,4618,7339,43468,52206,6983,12688,148115,9830,118750,13216,144,1030,1,709,4435,1079,11229,61680
0500000US22065,"Madison Parish, Louisiana",22,065,83,75,193,4031,2221,929,734,9513,245,3101,5887,24,0,0,0,256,1238,1367,2700
0500000US22067,"Morehouse Parish, Louisiana",22,067,180,115,370,9474,6941,2932,1318,24551,419,11580,11870,17,49,22,100,494,846,2742,8210
0500000US22069,"Natchitoches Parish, Louisiana",22,069,574,285,1220,13726,10514,2833,2431,36693,1438,18522,14440,345,240,2,352,1354,2379,2713,13484
0500000US22071,"Orleans Parish, Louisiana",22,071,24640,12577,35696,120587,132661,28835,29700,371853,30425,111770,200368,486,10356,45,3552,14851,14275,27579,118604
0500000US22073,"Ouachita Parish, Louisiana",22,073,3419,2016,5958,49670,53672,12151,11519,158480,5878,87714,58950,131,1775,17,314,3701,4810,12136,60338
0500000US22075,"Plaquemines Parish, Louisiana",22,075,1354,640,2255,6469,7551,1215,1407,22803,2227,13419,4650,254,797,0,33,1423,690,1901,9583
0500000US22077,"Pointe Coupee Parish, Louisiana",22,077,227,87,633,7113,6163,1004,1418,20217,715,12075,6584,74,29,0,13,727,138,2302,7453
0500000US22079,"Rapides Parish, Louisiana",22,079,3576,2146,5958,41234,39832,9348,10067,127527,5386,75793,39187,515,1432,6,483,4725,3834,10268,46651
0500000US22081,"Red River Parish, Louisiana",22,081,91,0,39,3060,2193,776,585,7443,138,4128,2998,0,0,0,2,177,191,880,2636
0500000US22083,"Richland Parish, Louisiana",22,083,114,32,357,7578,5464,1778,1279,19822,455,11938,7068,19,12,6,0,324,1117,2621,6502
0500000US22085,"Sabine Parish, Louisiana",22,085,183,100,620,9199,5671,1936,1564,21977,777,14598,3210,1523,86,0,153,1630,390,2166,6928
0500000US22087,"St. Bernard Parish, Louisiana",22,087,2519,1758,4151,13855,14644,4072,3431,44419,6167,24666,10495,297,859,21,61,1853,231,5202,16116
0500000US22089,"St. Charles Parish, Louisiana",22,089,2492,1540,4363,14459,18754,1920,3582,51396,4229,32125,11356,486,429,8,506,2257,474,3762,21101
0500000US22091,"St. Helena Parish, Louisiana",22,091,61,25,186,4240,2762,1281,724,10858,94,4841,5501,70,39,0,0,313,118,1376,3177
0500000US22093,"St. James Parish, Louisiana",22,093,347,127,413,6765,7094,1060,915,19528,382,9624,9263,24,8,12,0,215,157,1679,7644
0500000US22095,"St. John the Baptist Parish, Louisiana",22,095,2173,1107,3056,12965,13004,3057,2697,40743,3646,12036,23150,59,362,1,136,1353,355,3962,15030
0500000US22097,"St. Landry Parish, Louisiana",22,097,1326,786,6194,29448,25011,6975,5769,81670,2510,42539,32454,54,473,210,724,2706,1162,9895,26704
0500000US22099,"St. Martin Parish, Louisiana",22,099,940,678,5115,16984,17390,3987,3109,51353,1873,32398,14690,78,390,48,176,1700,269,5892,19884
0500000US22101,"St. Mary Parish, Louisiana",22,101,2369,1543,4471,17112,15612,4204,3991,47828,4705,25540,13765,705,466,7,130,2510,727,6410,17427
0500000US22103,"St. Tammany Parish, Louisiana",22,103,12228,6594,17979,80105,99789,9460,18323,272421,22407,197214,32750,581,3643,924,2235,12667,2568,15082,106150
0500000US22105,"Tangipahoa Parish, Louisiana",22,105,3528,2352,6786,43607,45431,11015,9870,136738,7924,82693,39995,89,1072,48,424,4493,4068,14658,52139
0500000US22107,"Tensas Parish, Louisiana",22,107,36,36,48,2039,643,502,205,3935,43,1625,2124,0,40,0,0,103,261,552,899
0500000US22109,"Terrebonne Parish, Louisiana",22,109,3438,2427,9120,34010,38324,6875,8166,106186,7696,67699,19434,4827,1161,13,283,5073,1210,11302,42504
0500000US22111,"Union Parish, Louisiana",22,111,695,454,950,8528,6442,1733,2009,20821,1216,14357,4888,9,47,0,9,295,527,1833,7302
0500000US22113,"Vermilion Parish, Louisiana",22,113,1733,962,5535,19034,19371,3893,4213,57123,2574,43351,7320,65,1119,266,168,2260,656,6035,20852
0500000US22115,"Vernon Parish, Louisiana",22,115,1532,563,3330,14460,11282,2677,2815,47117,4446,32964,5769,333,749,177,129,2550,1514,3286,18353
0500000US22117,"Washington Parish, Louisiana",22,117,293,134,1096,17912,12083,4989,2685,45120,1508,28197,12101,224,37,132,151,2770,1776,4838,13357
0500000US22119,"Webster Parish, Louisiana",22,119,363,174,618,14575,10302,3870,1819,35820,841,21946,12003,120,97,38,23,752,1021,3479,11884
0500000US22121,"West Baton Rouge Parish, Louisiana",22,121,416,287,1178,7840,9383,1360,1287,27974,1279,14608,11424,7,148,0,21,487,737,1957,11974
0500000US22123,"West Carroll Parish, Louisiana",22,123,75,60,388,3682,2950,887,549,9464,353,7525,1387,21,23,6,19,130,194,1217,3326
0500000US22125,"West Feliciana Parish, Louisiana",22,125,242,135,562,7370,4203,571,606,15327,626,7686,6570,71,44,0,96,234,4411,1910,4886
0500000US22127,"Winn Parish, Louisiana",22,127,931,903,964,5816,3616,879,785,13467,1054,8179,3573,2,244,4,36,375,1512,1682,4238
0500000US23001,"Androscoggin County, Maine",23,001,6351,3696,11329,33723,45918,7885,6596,113423,2495,98855,6280,20,1326,9,328,4110,4190,5420,44985
0500000US23003,"Aroostook County, Maine",23,003,2756,1079,8982,25417,21125,6192,5269,67058,1148,62059,488,769,232,62,73,2227,1866,4478,25020
0500000US23005,"Cumberland County, Maine",23,005,20646,10492,22314,84099,138218,9897,14192,308827,8682,264256,10499,338,6787,107,1180,16978,9754,7306,117808
0500000US23007,"Franklin County, Maine",23,007,812,328,994,11222,10059,1949,2382,30413,513,28304,246,50,189,0,113,998,1250,1288,10755
0500000US23009,"Hancock County, Maine",23,009,1889,900,1764,19435,20280,2142,5345,56460,1050,52282,537,237,542,0,211,1601,1665,1907,21605
0500000US23011,"Kennebec County, Maine",23,011,3096,1358,5842,42070,45260,7402,7229,126808,2861,116399,1080,196,1129,1,455,4687,4402,4715,48403
0500000US23013,"Knox County, Maine",23,013,1283,527,1674,14755,14394,1572,2183,41003,768,38223,116,51,202,5,92,1546,1807,1648,14896
0500000US23015,"Lincoln County, Maine",23,015,786,319,1131,13419,12529,1303,2350,36099,512,33603,293,99,238,1,27,1326,776,1406,13767
0500000US23017,"Oxford County, Maine",23,017,838,375,1188,21969,20624,3793,5040,59255,1002,54617,194,114,386,0,258,2684,901,3339,22084
0500000US23019,"Penobscot County, Maine",23,019,5190,2572,7213,52996,58917,10162,9658,154710,3223,141000,1704,1051,1641,82,813,5196,7342,5834,61030
0500000US23021,"Piscataquis County, Maine",23,021,397,251,425,6884,5985,1504,1713,17263,320,16011,164,20,143,0,30,575,350,1164,6365
0500000US23023,"Sagadahoc County, Maine",23,023,928,280,1004,11833,14338,1432,1966,37285,754,34291,187,14,249,0,133,1657,341,1221,14455
0500000US23025,"Somerset County, Maine",23,025,755,319,1093,18935,17692,4101,3783,50959,787,47820,249,71,192,11,90,1739,801,2589,19142
0500000US23027,"Waldo County, Maine",23,027,940,416,1676,14218,13939,2180,3663,40192,651,37315,157,73,184,0,224,1588,812,1932,14794
0500000US23029,"Washington County, Maine",23,029,1152,408,1663,12355,8579,2663,2811,31331,796,27440,234,1391,104,21,65,1280,1039,2083,10618
0500000US23031,"York County, Maine",23,031,8629,3614,11751,63932,88391,7364,10376,216731,4704,195330,2418,252,2310,56,962,10699,3445,7482,89132
0500000US24001,"Allegany County, Maryland",24,001,1387,619,2046,28383,19298,5751,2371,67452,1328,57908,4594,116,708,28,349,2421,6523,4562,22837
0500000US24003,"Anne Arundel County, Maryland",24,003,59948,25092,78074,146462,221471,14710,27369,598166,62581,368792,105567,584,25044,317,3149,32132,13252,26469,243056
0500000US24005,"Baltimore County, Maryland",24,005,112231,44646,126573,235203,327381,37563,45873,850796,66062,435113,256262,942,51965,210,5344,34898,19562,48774,325709
0500000US24009,"Calvert County, Maryland",24,009,3805,1000,5233,25110,31349,1696,2830,94313,4863,69426,11267,93,1804,35,554,6271,537,3297,38006
0500000US24011,"Caroline County, Maryland",24,011,2058,1517,2686,9761,12176,2202,2438,33669,3122,24419,4227,4,249,7,153,1488,581,3734,14001
0500000US24013,"Carroll County, Maryland",24,013,9577,4069,11424,45919,68633,3352,5011,175321,8923,148104,7035,109,4195,11,1314,5630,4101,5770,73415
0500000US24015,"Cecil County, Maryland",24,015,4120,1697,6878,31919,37466,5452,3739,104960,5852,84359,7478,83,1284,40,656,5208,1712,5997,41091
0500000US24017,"Charles County, Maryland",24,017,14513,5805,16424,41064,53402,5885,7767,170527,13500,54588,82452,420,5653,141,1234,12539,1423,6337,69200
0500000US24019,"Dorchester County, Maryland",24,019,1468,867,1894,11029,10614,2849,1798,32754,1996,19895,8115,0,381,6,257,2104,477,3224,12970
0500000US24021,"Frederick County, Maryland",24,021,39477,15976,47698,68517,112603,7732,13357,287048,36962,188615,28907,254,16825,98,909,14478,4716,12957,113254
0500000US24023,"Garrett County, Maryland",24,023,397,181,893,10091,9735,1903,1753,28615,393,27112,175,58,137,1,172,567,690,2105,10959
0500000US24025,"Harford County, Maryland",24,025,15692,5194,21506,68897,100266,7558,9272,263757,15290,188826,37254,185,7897,138,1736,12431,1817,9042,111089
0500000US24027,"Howard County, Maryland",24,027,76729,26162,90056,81316,126510,6828,14018,336328,29135,154383,66160,266,64689,129,2267,19299,2745,11572,123299
0500000US24029,"Kent County, Maryland",24,029,710,239,936,6717,7477,1046,1151,19346,1126,14686,2704,2,242,1,64,521,1592,999,7227
0500000US24031,"Montgomery County, Maryland",24,031,358223,151867,431596,257831,401746,28972,73432,1065949,223958,420862,194756,1153,163089,380,10685,51066,8624,64055,333534
0500000US24033,"Prince George's County, Maryland",24,033,242379,136637,277006,234739,340494,42353,108313,959754,216088,103961,558157,1435,37126,247,6490,36250,19219,88628,342768
0500000US24035,"Queen Anne's County, Maryland",24,035,2625,1493,2816,13660,20169,1440,2922,51825,2958,42759,2842,8,525,0,347,2386,381,2420,22399
0500000US24037,"St. Mary's County, Maryland",24,037,4942,2053,7935,28616,35572,4752,4313,115126,7072,80916,16751,73,2989,6,569,6750,2674,5648,46020
0500000US24039,"Somerset County, Maryland",24,039,1266,801,1529,11378,5415,2076,772,24822,1144,12613,9559,60,185,0,106,1155,4972,2318,7554
0500000US24041,"Talbot County, Maryland",24,041,3023,1705,3603,13869,12782,1692,1479,37917,3650,27999,4628,54,528,19,90,949,445,2274,13352
0500000US24043,"Washington County, Maryland",24,043,10265,5111,13776,50770,54472,9180,9313,155709,12297,114121,17838,113,2531,80,422,8307,7420,12425,58949
0500000US24045,"Wicomico County, Maryland",24,045,9913,5254,13724,28263,39347,6951,6923,104914,7463,60794,27761,29,2553,20,583,5711,4119,6136,45516
0500000US24047,"Worcester County, Maryland",24,047,2525,1244,3251,18807,18011,2385,2669,53700,2165,41791,6455,21,743,29,374,2122,740,2455,20433
0500000US24510,"Baltimore city, Maryland",24,510,53397,28777,64450,171585,207444,59197,33620,573243,47018,148914,335489,881,14688,131,3556,22566,20879,49494,169320
0500000US25001,"Barnstable County, Massachusetts",25,001,22931,10459,24171,84992,86888,9959,6089,231668,8561,197297,6441,770,3402,0,3083,12114,2959,6913,86895
0500000US25003,"Berkshire County, Massachusetts",25,003,7974,3847,10138,44024,49508,9512,2138,129430,7591,109712,3310,151,2458,13,574,5621,6144,5668,48724
0500000US25005,"Bristol County, Massachusetts",25,005,79338,32541,120118,166045,241227,46290,18962,582270,59389,438495,23490,423,14126,31,10162,36154,14487,54902,240155
0500000US25007,"Dukes County, Massachusetts",25,007,2899,1741,2831,5853,7895,503,447,20933,682,16741,574,217,309,0,600,1810,260,779,7575
0500000US25009,"Essex County, Massachusetts",25,009,155445,68815,220452,216074,349190,51931,22449,813054,195593,524651,28297,292,28724,174,6542,28781,17288,56876,311003
0500000US25011,"Franklin County, Massachusetts",25,011,3541,1706,4610,22821,25223,5377,1480,70944,3839,62047,897,23,1436,21,388,2293,1614,3019,28009
0500000US25013,"Hampden County, Massachusetts",25,013,43693,17381,112134,150965,166577,47108,13969,462815,125188,274463,35228,205,11580,23,1788,14340,13368,41022,175642
0500000US25015,"Hampshire County, Massachusetts",25,015,13680,6247,20211,54921,59451,7776,2815,162028,11964,130171,4019,94,8547,16,636,6581,23177,4605,55865
0500000US25017,"Middlesex County, Massachusetts",25,017,378142,187136,452436,409153,757715,59014,38355,1638365,151761,1066504,77245,878,222642,553,23283,95499,59416,78596,538190
0500000US25019,"Nantucket County, Massachusetts",25,019,2290,1071,2582,3378,5857,524,1130,14483,2467,9879,1361,8,251,0,127,390,259,720,5981
0500000US25021,"Norfolk County, Massachusetts",25,021,141142,57615,161436,184807,327011,26578,13511,730082,42383,501825,51987,412,90340,132,8098,34905,18298,28767,244235
0500000US25023,"Plymouth County, Massachusetts",25,023,59846,23657,74579,146086,220668,25764,13266,535075,26184,407191,41606,353,8959,206,14453,36123,11146,26359,210711
0500000US25025,"Suffolk County, Massachusetts",25,025,234039,115780,289687,203458,370695,64342,24175,785121,182283,342378,134542,979,71965,317,8387,44270,48448,68832,178037
0500000US25027,"Worcester County, Massachusetts",25,027,126246,59703,183715,238463,361894,53441,21623,867788,118968,610037,41254,600,46129,180,9555,41065,28212,53571,342293
0500000US26001,"Alcona County, Michigan",26,001,208,41,179,5312,2822,664,404,10397,176,9676,68,28,52,0,47,350,99,614,3162
0500000US26003,"Alger County, Michigan",26,003,93,52,234,4509,2174,388,331,8762,154,7128,670,202,23,0,65,520,1022,419,2466
0500000US26005,"Allegan County, Michigan",26,005,4234,2396,8138,37003,49355,3532,5830,121456,9856,102766,1439,216,806,28,666,5679,1169,6401,49805
0500000US26007,"Alpena County, Michigan",26,007,349,171,687,11164,10201,2178,1471,28880,477,26675,291,15,53,0,142,1227,606,1616,10088
0500000US26009,"Antrim County, Michigan",26,009,391,218,437,9326,8467,1107,1381,24127,525,22303,120,119,74,0,206,780,208,985,8658
0500000US26011,"Arenac County, Michigan",26,011,127,61,365,6033,5002,1055,899,15077,336,14017,104,57,21,0,15,527,180,1339,5305
0500000US26013,"Baraga County, Michigan",26,013,58,13,180,3970,2095,555,274,8191,143,5895,513,967,65,11,9,588,1001,511,2605
0500000US26015,"Barry County, Michigan",26,015,1737,1125,2918,20921,24606,2296,3308,63409,2337,58217,214,89,379,46,163,1964,412,2982,24687
0500000US26017,"Bay County, Michigan",26,017,1288,430,2305,34723,40982,6120,4523,103008,6117,90838,1067,113,525,60,482,3806,1119,6075,42213
0500000US26019,"Benzie County, Michigan",26,019,254,108,347,7121,6350,605,1006,18310,457,16728,118,164,99,0,162,582,304,825,6877
0500000US26021,"Berrien County, Michigan",26,021,8375,4316,11421,49992,58833,9057,9716,153288,9697,111455,20019,262,2760,33,1045,8017,3095,8381,57979
0500000US26023,"Branch County, Michigan",26,023,1779,1067,4953,14994,16144,2161,4257,45300,3071,39155,757,65,202,0,201,1849,1779,3543,17205
0500000US26025,"Calhoun County, Michigan",26,025,5502,3005,8654,43290,48489,7175,7690,133778,7914,100683,12835,338,3460,43,491,8014,3692,7916,51304
0500000US26027,"Cass County, Michigan",26,027,1375,638,2109,17489,19774,2720,3520,51520,2329,43299,2058,364,399,10,404,2657,474,3704,20303
0500000US26029,"Charlevoix County, Michigan",26,029,467,139,750,9365,10022,983,1597,26108,530,24099,130,187,176,0,94,892,318,978,10232
0500000US26031,"Cheboygan County, Michigan",26,031,576,172,756,10872,8510,1405,1508,25865,440,23010,238,580,141,3,62,1391,267,1798,9266
0500000US26033,"Chippewa County, Michigan",26,033,1055,467,1622,14319,10300,1846,1868,36295,825,24418,2025,4782,262,11,257,3715,4411,1902,12976
0500000US26035,"Clare County, Michigan",26,035,266,116,1647,13908,8584,2380,3165,31218,715,28981,294,111,102,1,64,950,374,2632,8873
0500000US26037,"Clinton County, Michigan",26,037,2187,939,3432,23240,28878,2082,2318,79626,4147,69548,1460,125,1226,7,410,2703,824,2637,31887
0500000US26039,"Crawford County, Michigan",26,039,208,86,202,5689,3881,922,671,13369,326,12232,53,32,111,0,62,553,166,897,4333
0500000US26041,"Delta County, Michigan",26,041,354,159,537,15018,11770,1974,1757,36813,560,33107,69,560,176,1,85,2255,721,1930,13437
0500000US26043,"Dickinson County, Michigan",26,043,421,190,743,9091,9805,994,945,25954,511,23956,90,108,75,36,144,1034,364,680,10049
0500000US26045,"Eaton County, Michigan",26,045,4551,2050,6746,32532,41648,4579,4739,109130,6891,87084,7352,237,2413,29,609,4515,1923,4550,43340
0500000US26047,"Emmet County, Michigan",26,047,511,186,1004,11335,12888,1118,2167,34125,714,30396,153,503,169,10,197,1983,417,938,13805
0500000US26049,"Genesee County, Michigan",26,049,11496,4424,14800,134391,146016,31470,19417,403305,17176,282456,77056,847,4361,56,1952,19401,5024,23518,149830
0500000US26051,"Gladwin County, Michigan",26,051,316,105,933,11314,7918,1822,2064,25693,575,23816,81,106,111,2,73,929,226,2110,8096
0500000US26053,"Gogebic County, Michigan",26,053,168,57,401,5723,4604,1301,717,14319,291,12954,59,346,86,30,16,537,310,447,5316
0500000US26055,"Grand Traverse County, Michigan",26,055,1946,648,2239,28601,40471,3009,4084,96166,3242,87013,789,408,655,4,142,3913,1898,3052,38491
0500000US26057,"Gratiot County, Michigan",26,057,555,345,1603,16231,13914,2229,1565,41385,3171,34329,2387,104,169,0,128,1097,5930,2369,14707
0500000US26059,"Hillsdale County, Michigan",26,059,663,289,1472,15908,16380,2152,2916,45654,1283,42051,313,20,117,0,209,1661,1545,2816,16995
0500000US26061,"Houghton County, Michigan",26,061,2006,1412,2326,13144,12804,1383,1890,37693,697,34270,416,172,1084,3,327,724,4387,1217,12359
0500000US26063,"Huron County, Michigan",26,063,514,270,978,11503,10865,1593,1472,31113,886,29021,106,50,180,16,145,709,524,1730,11807
0500000US26065,"Ingham County, Michigan",26,065,26570,14635,36078,84080,104668,14161,13880,283913,24806,188967,31296,674,17609,43,2253,18265,17916,11170,102718
0500000US26067,"Ionia County, Michigan",26,067,918,440,1592,22255,25292,3177,3321,66574,3539,56781,2212,336,304,14,223,3165,3391,4226,26652
0500000US26069,"Iosco County, Michigan",26,069,517,155,713,11253,8030,1739,1158,25347,719,23131,232,38,198,0,102,927,273,1911,8310
0500000US26071,"Iron County, Michigan",26,071,105,45,379,5106,3460,735,571,11667,268,10576,110,99,69,0,111,434,314,475,3623
0500000US26073,"Isabella County, Michigan",26,073,2116,1465,4009,20511,24149,2830,4965,64565,3281,53579,1574,1633,1061,14,249,3174,5213,2945,25586
0500000US26075,"Jackson County, Michigan",26,075,3474,1932,5278,56335,56629,8556,7469,160060,6542,131179,11768,314,1220,47,412,8578,9207,8583,59792
0500000US26077,"Kalamazoo County, Michigan",26,077,15204,7769,19721,72798,111134,12009,12323,262375,15483,195720,28246,325,7427,41,875,14258,7854,8879,107693
0500000US26079,"Kalkaska County, Michigan",26,079,264,77,462,6665,6477,1216,1106,18239,417,16841,148,38,91,0,23,681,202,1273,7094
0500000US26081,"Kent County, Michigan",26,081,59120,32961,81766,164100,301182,26393,31772,663150,77304,467038,62581,1086,21201,88,3665,30187,11814,34360,275916
0500000US26083,"Keweenaw County, Michigan",26,083,33,8,61,1016,606,84,186,2133,42,1977,0,3,0,0,43,68,16,68,577
0500000US26085,"Lake County, Michigan",26,085,123,51,559,6041,3674,989,896,12563,1163,9490,984,105,38,0,97,686,293,1389,3849
0500000US26087,"Lapeer County, Michigan",26,087,2085,1149,3551,29859,34808,3968,4164,88837,4476,79679,866,80,259,0,377,3100,1592,4991,35966
0500000US26089,"Leelanau County, Michigan",26,089,422,124,949,9708,7256,457,728,22734,982,20233,133,467,106,2,84,727,316,519,7556
0500000US26091,"Lenawee County, Michigan",26,091,2128,1004,4451,33844,36273,4316,4804,98415,8797,83433,2248,102,326,32,250,3227,4721,5973,37848
0500000US26093,"Livingston County, Michigan",26,093,5904,1708,6461,58294,84111,3663,5276,195833,5783,180928,1100,304,1776,84,670,5188,1263,5074,79904
0500000US26095,"Luce County, Michigan",26,095,89,36,203,3184,1491,353,276,6271,124,4792,516,402,8,0,0,429,1044,348,1742
0500000US26097,"Mackinac County, Michigan",26,097,651,557,778,4618,3113,617,1117,10957,247,7791,524,1497,67,2,12,817,378,681,3206
0500000US26099,"Macomb County, Michigan",26,099,103301,29735,129996,260834,370298,45824,42414,879853,27877,651976,111724,1167,44440,500,3208,38961,7628,58058,354700
0500000US26101,"Manistee County, Michigan",26,101,395,157,819,10858,7847,1275,1153,25350,904,22151,817,307,100,14,44,1013,1464,1521,8403
0500000US26103,"Marquette County, Michigan",26,103,1429,485,1680,22904,25089,2701,2240,67112,1414,60876,904,602,327,7,142,2840,4163,1922,27059
0500000US26105,"Mason County, Michigan",26,105,484,278,931,10989,9754,1646,1520,29207,1420,26097,279,110,139,0,80,1082,399,1263,10458
0500000US26107,"Mecosta County, Michigan",26,107,837,455,2409,15632,13908,2402,3206,41242,1217,36950,882,212,299,4,62,1616,2240,2342,14754
0500000US26109,"Menominee County, Michigan",26,109,366,172,630,8992,8412,1045,942,23247,564,21176,89,459,90,0,31,838,355,1254,8809
0500000US26111,"Midland County, Michigan",26,111,2677,901,3066,27651,32686,4097,3507,83757,2882,74685,1022,145,1804,13,318,2888,1240,2676,32335
0500000US26113,"Missaukee County, Michigan",26,113,250,136,491,5176,5425,762,1264,15207,521,13751,43,24,65,0,37,766,172,965,5875
0500000US26115,"Monroe County, Michigan",26,115,3645,1615,5180,51552,59950,6310,5264,155505,6830,137566,3349,74,583,25,651,6427,1387,8999,62383
0500000US26117,"Montcalm County, Michigan",26,117,1553,1081,3034,24198,24245,3130,5819,67816,3033,58991,2158,153,149,0,366,2966,2739,5562,26191
0500000US26119,"Montmorency County, Michigan",26,119,172,63,241,4801,2567,829,573,9516,165,8847,66,31,61,0,8,338,90,696,2811
0500000US26121,"Muskegon County, Michigan",26,121,3366,1590,6591,57159,65215,13107,7775,175961,11010,131900,21109,778,998,89,281,9796,5691,9629,69215
0500000US26123,"Newaygo County, Michigan",26,123,1065,534,2504,18297,18189,3271,3146,50792,3175,44293,400,144,213,45,458,2064,618,3842,18993
0500000US26125,"Oakland County, Michigan",26,125,170690,78304,193783,355123,570070,40881,48728,1279825,64409,873178,162467,1301,109425,384,7020,61641,12554,45222,502531
0500000US26127,"Oceana County, Michigan",26,127,1116,784,2925,9651,8983,1661,2003,26915,4181,21408,273,122,38,1,41,851,626,1870,10040
0500000US26129,"Ogemaw County, Michigan",26,129,392,139,404,9273,6435,1712,1238,20885,470,19326,101,40,160,2,51,735,273,1485,6763
0500000US26131,"Ontonagon County, Michigan",26,131,64,6,131,3018,1423,356,317,5850,105,5402,30,22,24,0,21,246,68,269,1687
0500000US26133,"Osceola County, Michigan",26,133,199,88,940,8725,7260,1411,2130,23227,494,21270,256,65,97,1,181,863,411,1617,8280
0500000US26135,"Oscoda County, Michigan",26,135,79,30,573,3908,2184,616,1089,8425,177,7841,36,28,16,0,9,318,46,892,2230
0500000US26137,"Otsego County, Michigan",26,137,410,211,584,7744,9786,1174,1444,25584,521,23780,167,70,157,0,38,851,366,1022,10793
0500000US26139,"Ottawa County, Michigan",26,139,15269,7405,22964,79674,132133,6724,9737,301203,30924,246196,4580,305,8124,45,1263,9766,10473,10718,130628
0500000US26141,"Presque Isle County, Michigan",26,141,147,38,518,6178,3868,705,685,13209,213,12447,30,20,30,0,23,446,172,797,4035
0500000US26143,"Roscommon County, Michigan",26,143,309,136,331,11986,6288,1946,1143,23737,483,21940,160,48,28,0,36,1042,235,1575,7102
0500000US26145,"Saginaw County, Michigan",26,145,4512,1902,8122,65674,68412,15255,8290,188665,17381,127944,34099,244,2219,61,359,6358,6284,10966,69509
0500000US26147,"St. Clair County, Michigan",26,147,3240,1303,3868,51766,61911,8995,7733,160221,5905,143658,3395,178,785,15,521,5764,1454,9226,65765
0500000US26149,"St. Joseph County, Michigan",26,149,2477,1629,7162,18435,23613,3501,6137,60969,5739,50933,1262,24,397,16,278,2320,646,5518,23858
0500000US26151,"Sanilac County, Michigan",26,151,563,209,1859,14988,13360,2213,3127,40462,1732,37185,157,28,115,2,125,1118,520,2722,14571
0500000US26153,"Schoolcraft County, Michigan",26,153,84,55,238,3424,2404,458,411,8128,135,6637,38,593,19,0,6,700,155,530,2875
0500000US26155,"Shiawassee County, Michigan",26,155,781,270,1277,22429,26086,4206,2732,67991,2144,63015,289,94,274,0,237,1938,630,3531,27970
0500000US26157,"Tuscola County, Michigan",26,157,453,175,1122,19918,18505,3061,2394,52980,2001,48487,546,94,188,6,78,1580,835,2854,20275
0500000US26159,"Van Buren County, Michigan",26,159,3518,2030,7218,25001,27898,4180,5286,75795,9498,59271,2689,327,400,6,305,3299,1045,5519,28803
0500000US26161,"Washtenaw County, Michigan",26,161,48262,24223,55329,114962,140431,12830,12098,369822,21403,248370,41665,588,34078,77,2090,21551,19237,9468,120863
0500000US26163,"Wayne County, Michigan",26,163,182414,70173,272262,572459,637875,161357,98765,1772259,121653,849427,648007,2670,64744,430,8796,76532,19079,144518,593224
0500000US26165,"Wexford County, Michigan",26,165,609,260,1097,12052,11870,2308,2252,34077,923,30946,376,74,218,4,9,1527,589,2386,12531
0500000US27001,"Aitkin County, Minnesota",27,001,147,45,281,7235,4784,646,829,16056,244,14857,103,225,38,8,108,473,246,681,5101
0500000US27003,"Anoka County, Minnesota",27,003,37805,12085,49772,88911,163413,9849,16778,370349,21612,275846,32639,1331,20673,74,1062,17112,3387,14335,152932
0500000US27005,"Becker County, Minnesota",27,005,408,183,1006,11017,12262,1668,2009,35343,702,30011,258,1644,173,17,186,2352,507,1679,13731
0500000US27007,"Beltrami County, Minnesota",27,007,669,308,2061,13666,14847,2447,3552,46512,1187,32581,391,8717,270,28,309,3029,1946,2237,18474
0500000US27009,"Benton County, Minnesota",27,009,1452,806,2139,8890,17718,1432,1405,41593,1460,35763,2292,44,417,10,152,1455,900,2039,18916
0500000US27011,"Big Stone County, Minnesota",27,011,91,48,185,1761,1698,203,175,5127,137,4799,14,12,34,0,16,115,217,226,1833
0500000US27013,"Blue Earth County, Minnesota",27,013,3741,1618,5126,17686,31034,2416,2966,69871,3369,58955,3337,106,1596,0,135,2373,4391,2162,31846
0500000US27015,"Brown County, Minnesota",27,015,747,289,1209,7117,10397,717,1165,25800,1327,23586,241,48,125,4,120,349,1168,1283,11280
0500000US27017,"Carlton County, Minnesota",27,017,670,414,1263,12069,12420,1036,1559,36518,711,31722,789,1137,196,10,150,1803,2880,1678,14242
0500000US27019,"Carver County, Minnesota",27,019,6148,2613,8323,22979,52367,1504,2357,110041,5624,94065,1791,150,3666,46,382,4317,993,2210,44128
0500000US27021,"Cass County, Minnesota",27,021,443,113,853,11485,9731,1491,2130,30992,565,25028,109,2711,150,25,178,2226,405,1299,10677
0500000US27023,"Chippewa County, Minnesota",27,023,833,689,1188,3589,4178,504,879,12377,1307,10165,66,173,175,307,32,152,383,701,5054
0500000US27025,"Chisago County, Minnesota",27,025,1427,644,2276,15878,24350,1123,2420,57991,1644,52073,681,228,1157,20,281,1907,1720,1670,24065
0500000US27027,"Clay County, Minnesota",27,027,2781,1256,4257,15264,27229,2625,2593,66059,3290,55133,3014,473,1035,30,151,2933,3097,1910,27668
0500000US27029,"Clearwater County, Minnesota",27,029,92,20,636,2841,2625,438,1050,8616,81,7203,14,584,69,4,28,633,128,680,3043
0500000US27031,"Cook County, Minnesota",27,031,198,125,282,1883,2015,112,292,5635,176,4713,76,344,32,3,18,273,70,156,1976
0500000US27033,"Cottonwood County, Minnesota",27,033,796,481,1104,3160,4086,437,659,11458,1298,9172,190,40,435,85,17,221,374,422,4400
0500000US27035,"Crow Wing County, Minnesota",27,035,874,319,1281,22496,24490,2552,3459,67686,1089,63105,315,446,260,3,369,2099,1250,2682,25741
0500000US27037,"Dakota County, Minnesota",27,037,45213,18377,59048,101836,198383,8479,18558,445771,38684,324220,34141,754,23061,125,2374,22412,3393,14732,177562
0500000US27039,"Dodge County, Minnesota",27,039,608,394,1198,4860,8744,490,1148,21045,1136,18805,233,21,110,0,102,638,162,646,9247
0500000US27041,"Douglas County, Minnesota",27,041,577,168,927,11850,15299,1043,1563,39575,897,37086,215,81,213,71,137,875,764,1148,16452
0500000US27043,"Faribault County, Minnesota",27,043,266,202,684,4125,5169,612,788,13914,1128,12244,86,20,86,0,59,291,267,788,5612
0500000US27045,"Fillmore County, Minnesota",27,045,345,188,1002,5546,8390,582,1513,21414,421,20195,108,17,153,0,82,438,455,984,8798
0500000US27047,"Freeborn County, Minnesota",27,047,1294,523,2495,9554,11208,1220,1984,30623,3302,24948,459,28,1086,38,77,685,544,1869,12419
0500000US27049,"Goodhue County, Minnesota",27,049,1229,858,1647,13719,19462,1491,2787,47943,1964,42695,732,383,321,0,352,1496,1064,2252,20159
0500000US27051,"Grant County, Minnesota",27,051,98,46,288,1909,2089,207,312,6127,164,5644,37,23,4,0,33,222,88,222,2293
0500000US27053,"Hennepin County, Minnesota",27,053,173253,72927,217535,295705,582663,43784,56653,1269496,99318,827112,168864,4938,89468,187,9968,69641,28620,52630,453925
0500000US27055,"Houston County, Minnesota",27,055,406,57,628,5314,7755,279,596,18653,289,17432,50,27,166,0,26,663,271,620,7822
0500000US27057,"Hubbard County, Minnesota",27,057,339,112,600,7668,7267,917,1195,21831,575,19591,112,403,87,0,165,898,271,924,8022
0500000US27059,"Isanti County, Minnesota",27,059,1031,416,1184,11147,17528,1098,1909,42596,1102,38656,370,165,822,4,86,1391,359,2010,17944
0500000US27061,"Itasca County, Minnesota",27,061,417,227,834,16714,15284,1980,2134,45275,691,40042,355,1161,182,32,143,2669,1150,1602,16361
0500000US27063,"Jackson County, Minnesota",27,063,306,113,458,2749,3844,227,294,9933,484,8923,48,0,131,0,15,332,142,364,4315
0500000US27065,"Kanabec County, Minnesota",27,065,182,70,317,5311,6050,624,739,16390,296,15188,106,73,88,14,41,584,297,1078,6419
0500000US27067,"Kandiyohi County, Minnesota",27,067,4312,2744,5876,11844,17389,1852,2759,44079,6484,33254,2267,166,592,67,120,1129,1296,2590,18879
0500000US27069,"Kittson County, Minnesota",27,069,96,36,183,1311,1362,90,97,4084,105,3800,7,11,15,0,6,140,202,120,1578
0500000US27071,"Koochiching County, Minnesota",27,071,359,122,195,4300,4011,847,658,11833,182,10555,35,246,81,0,18,716,326,477,4272
0500000US27073,"Lac qui Parle County, Minnesota",27,073,124,78,211,2159,2146,256,249,6682,230,6189,23,11,42,0,5,182,165,232,2495
0500000US27075,"Lake County, Minnesota",27,075,141,43,153,4091,3665,426,523,10879,164,10262,26,46,54,1,4,322,259,429,3913
0500000US27077,"Lake of the Woods County, Minnesota",27,077,58,43,43,1050,1416,54,133,3821,60,3350,11,76,7,0,6,311,44,92,1780
0500000US27079,"Le Sueur County, Minnesota",27,079,951,722,1608,7392,11914,861,1241,29113,2009,25920,219,67,139,0,69,690,380,1102,12954
0500000US27081,"Lincoln County, Minnesota",27,081,73,41,155,1733,1806,171,299,5603,147,5255,6,6,42,12,1,134,187,231,2112
0500000US27083,"Lyon County, Minnesota",27,083,1562,850,2673,6361,9777,950,1546,25503,2014,20632,672,83,1148,0,164,790,888,1251,10141
0500000US27085,"McLeod County, Minnesota",27,085,1469,721,2221,9719,16475,1184,1816,36798,2796,32462,210,14,219,32,129,936,697,1629,16245
0500000US27087,"Mahnomen County, Minnesota",27,087,56,19,577,1613,1138,403,631,5358,218,2380,5,1802,25,4,27,897,74,387,1643
0500000US27089,"Marshall County, Minnesota",27,089,182,97,353,2639,3097,246,408,8909,431,8104,33,21,30,0,40,250,123,443,3521
0500000US27091,"Martin County, Minnesota",27,091,489,316,1065,5839,7562,1091,806,19780,1421,17437,169,17,101,0,224,411,380,676,8007
0500000US27093,"Meeker County, Minnesota",27,093,248,124,668,6571,9505,788,1540,23468,1042,21649,72,16,66,0,73,550,409,1005,10239
0500000US27095,"Mille Lacs County, Minnesota",27,095,387,194,886,7698,10523,1170,1312,27125,625,23861,120,1149,257,7,124,982,461,1583,11340
0500000US27097,"Morrison County, Minnesota",27,097,301,105,705,10263,12499,1162,1330,34249,658,32293,163,76,124,0,104,831,614,1727,13981
0500000US27099,"Mower County, Minnesota",27,099,4916,2718,7023,11445,15554,1671,2823,40343,5494,29266,1376,34,2511,218,292,1152,778,3049,16608
0500000US27101,"Murray County, Minnesota",27,101,258,142,515,2470,2849,222,405,8097,420,7213,58,9,73,0,80,244,109,467,3338
0500000US27103,"Nicollet County, Minnesota",27,103,1575,721,2323,8805,14839,785,1170,34411,1871,29416,1562,93,566,0,122,781,3259,1218,14114
0500000US27105,"Nobles County, Minnesota",27,105,4704,2979,6981,5999,7525,689,2725,22041,7594,11515,1023,70,934,0,60,845,549,2803,8560
0500000US27107,"Norman County, Minnesota",27,107,153,101,287,1867,2139,294,405,6367,352,5524,34,109,21,0,26,301,128,281,2547
0500000US27109,"Olmsted County, Minnesota",27,109,18147,6931,21928,39156,73944,4550,5879,164498,9814,123872,12352,193,10472,0,718,7077,3121,5505,65280
0500000US27111,"Otter Tail County, Minnesota",27,111,1822,853,2608,19147,21873,1628,3317,60475,2397,54701,644,123,346,19,242,2003,1313,2419,23456
0500000US27113,"Pennington County, Minnesota",27,113,503,192,764,3517,6527,449,655,13791,678,12113,87,50,211,8,64,580,300,500,6233
0500000US27115,"Pine County, Minnesota",27,115,514,240,993,10804,9849,1344,1420,29640,838,25846,669,638,336,0,81,1232,1475,1865,11231
0500000US27117,"Pipestone County, Minnesota",27,117,543,414,557,2376,3458,429,485,9284,799,7806,109,81,102,0,23,364,188,492,3848
0500000US27119,"Polk County, Minnesota",27,119,642,292,1726,8152,11422,1230,1750,30705,2122,25806,604,198,247,2,283,1443,1307,1292,12789
0500000US27121,"Pope County, Minnesota",27,121,120,38,287,3470,4397,354,342,11418,236,10693,69,13,77,0,38,292,181,357,4641
0500000US27123,"Ramsey County, Minnesota",27,123,84569,31076,118538,136311,229512,25313,29787,542945,45588,314435,65894,1862,81334,154,2718,30960,16879,30480,194669
0500000US27125,"Red Lake County, Minnesota",27,125,34,14,73,1041,1621,89,89,3915,141,3558,19,68,14,0,0,115,27,130,1665
0500000US27127,"Redwood County, Minnesota",27,127,363,106,743,4738,5314,617,893,15350,641,13056,98,539,407,7,32,570,370,680,5811
0500000US27129,"Renville County, Minnesota",27,129,474,258,985,4237,5481,520,671,14558,1489,12362,124,107,97,0,31,348,380,851,5975
0500000US27131,"Rice County, Minnesota",27,131,5875,3747,8791,19640,27532,1847,3619,67917,7105,52405,4577,178,1545,26,172,1909,7949,3206,25541
0500000US27133,"Rock County, Minnesota",27,133,173,110,336,2362,3694,280,440,9621,384,8791,14,48,43,0,9,332,262,430,4243
0500000US27135,"Roseau County, Minnesota",27,135,509,162,656,4090,6385,345,626,15302,305,13523,119,149,395,0,42,769,205,666,6381
0500000US27137,"St. Louis County, Minnesota",27,137,3857,1604,6159,65134,77596,8885,8107,200123,3896,179093,3258,2902,2060,11,675,8228,8157,6806,78330
0500000US27139,"Scott County, Minnesota",27,139,15830,5417,20358,30195,72925,2463,5659,154557,9930,116868,9477,896,9803,14,415,7154,1477,5518,65705
0500000US27141,"Sherburne County, Minnesota",27,141,4525,1788,5572,21215,45504,1780,3828,100560,3400,86314,4060,211,1680,7,625,4263,1886,3719,45385
0500000US27143,"Sibley County, Minnesota",27,143,626,461,1164,4027,6209,490,641,15005,1390,13052,174,28,61,10,23,267,179,637,6424
0500000US27145,"Stearns County, Minnesota",27,145,12644,6100,18118,38546,69666,5807,7867,160865,7700,129075,14498,120,3109,77,319,5967,7566,7453,68840
0500000US27147,"Steele County, Minnesota",27,147,1618,791,2368,10021,15137,1159,1311,37439,3326,31246,1219,38,275,0,124,1211,561,1622,16037
0500000US27149,"Stevens County, Minnesota",27,149,780,647,1155,2702,3754,382,550,9739,1152,7885,98,124,175,42,18,245,559,443,4060
0500000US27151,"Swift County, Minnesota",27,151,296,273,511,3147,3179,505,771,9748,701,8381,69,187,0,111,11,288,244,410,3619
0500000US27153,"Todd County, Minnesota",27,153,1206,625,2994,7865,8784,743,2415,25575,2499,21524,139,55,70,53,87,1148,391,1809,9083
0500000US27155,"Traverse County, Minnesota",27,155,77,54,233,1048,913,222,59,3243,199,2729,20,116,4,0,14,161,113,128,1077
0500000US27157,"Wabasha County, Minnesota",27,157,394,162,545,6047,8688,507,805,21565,742,20111,82,28,145,42,37,378,286,763,9150
0500000US27159,"Wadena County, Minnesota",27,159,161,54,338,4124,4922,868,760,14256,345,12277,243,28,44,0,17,1302,412,702,5460
0500000US27161,"Waseca County, Minnesota",27,161,542,253,1020,5528,7487,658,641,18885,1380,16464,191,99,346,0,32,373,1003,850,8264
0500000US27163,"Washington County, Minnesota",27,163,23594,7626,32477,69286,117349,4312,9609,276238,14552,213144,15141,576,21270,107,1317,10131,3365,7446,104320
0500000US27165,"Watonwan County, Minnesota",27,165,1455,1000,2565,3169,3998,399,1188,11205,3401,7581,4,6,36,0,48,129,160,1017,4223
0500000US27167,"Wilkin County, Minnesota",27,167,150,102,134,1867,2216,281,253,6371,254,5759,27,32,2,0,90,207,131,292,2505
0500000US27169,"Winona County, Minnesota",27,169,1487,760,2328,13230,23166,1397,2538,49779,1930,44238,958,105,1089,3,54,1402,3271,1852,22438
0500000US27171,"Wright County, Minnesota",27,171,6654,2593,8280,30726,67069,2362,6456,148269,5389,130548,3438,267,2682,0,482,5463,1127,5294,65263
0500000US27173,"Yellow Medicine County, Minnesota",27,173,238,183,432,2661,3663,301,364,9451,517,8222,79,210,12,5,29,377,215,477,3911
0500000US28001,"Adams County, Mississippi",28,001,1477,1391,1766,12481,7989,1893,3060,28803,1012,10699,16144,14,65,0,323,546,1773,2967,9623
0500000US28003,"Alcorn County, Mississippi",28,003,992,724,1187,12127,11109,2323,3670,34289,1308,27314,3486,29,162,53,36,1901,687,3590,13538
0500000US28005,"Amite County, Mississippi",28,005,59,29,80,6036,2676,889,1422,12565,10,7364,5033,26,3,0,0,129,105,1205,3585
0500000US28007,"Attala County, Mississippi",28,007,26,3,194,5629,5587,1035,1463,17526,377,9073,7741,5,44,0,0,286,337,1365,7105
0500000US28009,"Benton County, Mississippi",28,009,417,306,422,2818,2590,530,684,7589,183,4584,2615,7,25,0,6,169,89,1005,3060
0500000US28011,"Bolivar County, Mississippi",28,011,504,250,824,11763,7500,3094,3215,29534,787,9160,18671,12,282,0,81,541,1551,2906,9789
0500000US28013,"Calhoun County, Mississippi",28,013,389,257,494,4884,4102,736,1508,12922,814,8230,3412,0,11,0,86,369,309,1995,4953
0500000US28015,"Carroll County, Mississippi",28,015,146,71,110,4292,2773,719,885,9686,0,6049,3335,0,75,0,15,212,437,1242,3312
0500000US28017,"Chickasaw County, Mississippi",28,017,119,54,296,6321,5121,987,1818,16915,189,8363,8074,7,61,0,0,221,463,2202,5725
0500000US28019,"Choctaw County, Mississippi",28,019,56,28,119,3187,2255,472,844,8118,154,5436,2255,13,75,0,20,165,225,758,2879
0500000US28021,"Claiborne County, Mississippi",28,021,62,46,79,4241,1751,712,1280,8582,25,948,7374,10,12,0,5,208,1064,988,2108
0500000US28023,"Clarke County, Mississippi",28,023,126,19,274,5975,4628,952,2015,15314,166,9609,4777,66,26,0,0,670,126,1203,5178
0500000US28025,"Clay County, Mississippi",28,025,68,10,81,6588,5922,1638,1654,18383,36,6773,11058,0,20,0,0,496,305,2164,6951
0500000US28027,"Coahoma County, Mississippi",28,027,367,347,510,7104,5245,2262,2442,20540,636,3881,15292,135,53,0,0,543,585,2239,6640
0500000US28029,"Copiah County, Mississippi",28,029,615,334,985,11115,8407,1811,3559,27855,1287,12008,14080,12,82,0,167,219,1063,2422,9999
0500000US28031,"Covington County, Mississippi",28,031,206,183,416,6632,5730,1309,1713,18148,471,10776,6313,5,44,54,23,462,285,2074,6395
0500000US28033,"DeSoto County, Mississippi",28,033,7688,3897,11146,48933,77776,5309,15833,191301,11068,107858,62410,106,2575,0,958,6326,792,10544,86288
0500000US28035,"Forrest County, Mississippi",28,035,2366,1573,2882,23372,27697,5016,8590,78272,3428,43656,27783,50,691,165,142,2357,4379,3917,31679
0500000US28037,"Franklin County, Mississippi",28,037,23,19,16,3175,2274,314,688,7622,81,4758,2670,0,2,0,13,98,84,650,2614
0500000US28039,"George County, Mississippi",28,039,177,158,432,9299,7130,1025,3074,25170,786,21414,1811,28,33,0,185,913,612,2081,8329
0500000US28041,"Greene County, Mississippi",28,041,123,96,204,7307,2510,564,1603,13615,198,9652,3241,164,4,0,0,356,3300,1564,3127
0500000US28043,"Grenada County, Mississippi",28,043,191,185,573,7179,6670,992,2221,21217,102,10678,9489,7,0,0,146,795,271,1858,8456
0500000US28045,"Hancock County, Mississippi",28,045,1139,512,1674,16290,15644,2125,4241,46167,1943,38523,3288,146,449,0,313,1505,326,3905,17825
0500000US28047,"Harrison County, Mississippi",28,047,9817,4668,14514,66041,65216,12489,26562,210891,14638,128273,49235,248,5202,61,757,12477,4475,15179,81188
0500000US28049,"Hinds County, Mississippi",28,049,4334,2982,7041,69971,68208,13226,27901,218533,4690,50098,156710,365,1833,11,482,4344,8860,16239,82525
0500000US28051,"Holmes County, Mississippi",28,051,62,23,100,7057,3759,2032,1730,16191,64,2368,13116,19,46,3,0,575,855,1698,4653
0500000US28053,"Humphreys County, Mississippi",28,053,27,14,120,2899,1749,823,751,7395,31,1497,5780,0,14,0,0,73,75,905,2376
0500000US28055,"Issaquena County, Mississippi",28,055,4,0,20,714,137,84,77,928,16,315,577,0,4,0,0,16,314,227,183
0500000US28057,"Itawamba County, Mississippi",28,057,183,55,238,8183,8726,702,2131,24036,446,21189,1240,19,111,13,115,903,1022,2167,9824
0500000US28059,"Jackson County, Mississippi",28,059,4722,1848,9336,46071,47765,5291,16405,145249,11070,95941,27386,625,3049,17,899,6262,1149,11117,58095
0500000US28061,"Jasper County, Mississippi",28,061,100,82,39,6064,5074,1059,1355,16059,126,7140,8355,0,41,0,0,397,87,1016,5875
0500000US28063,"Jefferson County, Mississippi",28,063,13,13,90,3282,1663,533,720,7068,143,929,5857,5,35,0,0,99,362,883,2316
0500000US28065,"Jefferson Davis County, Mississippi",28,065,13,12,102,4242,3391,976,1218,11117,80,4202,6613,5,3,0,0,214,119,1083,4097
0500000US28067,"Jones County, Mississippi",28,067,1899,1498,3344,23070,20865,3556,7851,66472,4177,41781,18768,120,256,0,69,1301,1620,5540,25495
0500000US28069,"Kemper County, Mississippi",28,069,44,8,249,3480,2405,425,1299,8729,106,2900,5187,240,0,0,0,296,753,937,3183
0500000US28071,"Lafayette County, Mississippi",28,071,1921,1256,2311,21912,17773,997,5365,58327,2151,39956,13164,58,1292,0,125,1581,6032,2550,22244
0500000US28073,"Lamar County, Mississippi",28,073,1611,1006,2392,18540,23270,2447,7237,65713,2419,46410,14289,47,611,0,256,1681,287,3554,27866
0500000US28075,"Lauderdale County, Mississippi",28,075,1258,718,2583,24774,21343,5270,6571,71504,1823,35996,29158,205,521,19,481,3301,2859,6543,26757
0500000US28077,"Lawrence County, Mississippi",28,077,9,0,233,4759,3216,830,1450,11786,251,7480,3737,45,37,0,0,236,42,1286,3920
0500000US28079,"Leake County, Mississippi",28,079,578,514,1993,8152,6284,968,3231,21319,1403,9831,8303,1266,22,0,17,477,397,2583,7223
0500000US28081,"Lee County, Mississippi",28,081,1994,1405,3359,24517,31333,3382,8913,83034,2933,51855,24831,17,823,234,313,2028,1090,6859,35378
0500000US28083,"Leflore County, Mississippi",28,083,371,145,702,9321,7271,2866,3440,27141,874,5662,20177,29,62,0,92,245,1065,3101,8944
0500000US28085,"Lincoln County, Mississippi",28,085,279,116,339,13220,11532,1552,4273,34877,455,23355,10469,29,168,8,18,375,533,3084,12953
0500000US28087,"Lowndes County, Mississippi",28,087,1381,736,1602,19426,17530,3020,5882,57838,1329,28359,25189,139,589,0,441,1792,1483,4120,22391
0500000US28089,"Madison County, Mississippi",28,089,4932,2823,7268,31058,42012,3154,9185,111647,4320,60206,41423,58,3347,46,415,1832,2006,5812,47930
0500000US28091,"Marion County, Mississippi",28,091,340,115,448,8809,7968,1188,3181,24193,449,15341,7559,58,76,13,136,561,673,2812,8768
0500000US28093,"Marshall County, Mississippi",28,093,952,645,1736,12548,12162,1829,3866,33979,1748,15992,14538,59,51,31,220,1340,1738,4417,13496
0500000US28095,"Monroe County, Mississippi",28,095,307,172,594,12202,11232,1821,3248,33747,535,22368,10024,10,107,16,36,651,509,3658,12578
0500000US28097,"Montgomery County, Mississippi",28,097,18,17,58,3820,2627,831,968,9602,21,4985,4283,0,1,0,26,286,115,1090,3394
0500000US28099,"Neshoba County, Mississippi",28,099,266,130,2505,9483,8046,1666,3374,28932,238,16601,6143,4555,190,0,323,882,454,2801,10466
0500000US28101,"Newton County, Mississippi",28,101,300,113,1136,8322,5772,903,2529,21093,404,12594,6659,671,111,0,195,459,864,1932,7474
0500000US28103,"Noxubee County, Mississippi",28,103,61,47,239,4043,2869,1235,1553,10025,38,2552,7374,14,8,0,2,37,188,1562,3198
0500000US28105,"Oktibbeha County, Mississippi",28,105,2518,1738,2345,18821,14751,2571,3606,51771,1253,28309,18305,81,1652,18,66,2087,5814,2342,19720
0500000US28107,"Panola County, Mississippi",28,107,328,118,659,12247,9246,2002,4115,32808,686,15269,15825,11,164,104,22,727,379,3816,11493
0500000US28109,"Pearl River County, Mississippi",28,109,1107,497,1642,20221,19007,2939,7364,57458,2493,45437,6888,73,199,0,376,1992,1181,4550,20592
0500000US28111,"Perry County, Mississippi",28,111,278,29,351,4665,3327,462,1765,11449,216,8847,1758,5,239,12,2,370,119,723,3970
0500000US28113,"Pike County, Mississippi",28,113,231,156,638,14800,11672,2726,5028,39602,667,16394,21220,130,187,0,20,984,1153,4073,13454
0500000US28115,"Pontotoc County, Mississippi",28,115,783,647,1934,10043,11662,1150,3802,31550,2254,23355,4626,17,1,0,160,1137,244,4455,13189
0500000US28117,"Prentiss County, Mississippi",28,117,196,112,508,9211,8328,1101,1936,25184,382,20017,3228,61,134,0,243,1119,1094,2692,9977
0500000US28119,"Quitman County, Mississippi",28,119,4,4,40,2113,1280,568,699,5774,17,1409,4242,16,0,0,0,90,139,750,1859
0500000US28121,"Rankin County, Mississippi",28,121,3975,2209,7240,46134,57441,3326,12674,158854,5279,112796,33225,562,2194,148,443,4207,5202,10775,69548
0500000US28123,"Scott County, Mississippi",28,123,1602,1355,3350,9421,8523,1457,3608,27718,4293,12706,9375,0,39,71,219,1015,243,3735,9830
0500000US28125,"Sharkey County, Mississippi",28,125,6,6,4,1392,1122,346,638,3872,15,904,2933,0,6,0,0,14,133,499,1390
0500000US28127,"Simpson County, Mississippi",28,127,278,163,465,9463,7652,1186,2544,25691,443,15626,9134,41,49,0,6,392,507,2898,9470
0500000US28129,"Smith County, Mississippi",28,129,188,131,361,5598,4123,506,1596,14132,240,10353,3257,0,43,0,0,239,157,1452,5078
0500000US28131,"Stone County, Mississippi",28,131,208,126,260,7457,5356,1040,2361,18894,496,14213,3228,5,91,0,55,806,681,1588,6375
0500000US28133,"Sunflower County, Mississippi",28,133,429,404,571,9682,6627,2657,2468,24333,692,5582,17679,33,48,0,37,262,3100,4084,7948
0500000US28135,"Tallahatchie County, Mississippi",28,135,143,138,209,4721,2998,990,1658,11764,91,4303,7150,30,4,0,0,186,580,1543,3919
0500000US28137,"Tate County, Mississippi",28,137,317,271,767,9505,9896,1147,3095,28321,917,18129,8266,0,19,3,117,870,1505,2876,11769
0500000US28139,"Tippah County, Mississippi",28,139,506,360,888,6878,7692,731,2537,21523,1135,16335,3009,0,36,9,80,919,666,2708,8964
0500000US28141,"Tishomingo County, Mississippi",28,141,334,254,466,6906,6107,790,1773,18660,605,16867,216,100,107,0,76,689,309,2023,7504
0500000US28143,"Tunica County, Mississippi",28,143,40,24,239,2763,3061,1077,1235,9475,171,1724,7566,0,0,0,0,14,82,1141,3557
0500000US28145,"Union County, Mississippi",28,145,485,291,977,9745,9392,712,3104,28122,1365,21521,3831,86,80,0,167,1072,251,3736,11307
0500000US28147,"Walthall County, Mississippi",28,147,236,188,339,5514,3976,1103,1052,13839,274,7314,5792,51,26,0,0,382,143,1845,4514
0500000US28149,"Warren County, Mississippi",28,149,565,209,1596,14114,13681,2203,3993,43020,918,19954,20909,60,255,0,11,913,530,3450,17619
0500000US28151,"Washington County, Mississippi",28,151,306,100,996,15753,11788,3017,4875,42765,664,10203,30551,18,338,1,62,928,779,5126,15058
0500000US28153,"Wayne County, Mississippi",28,153,615,568,512,7002,5808,1605,2978,19718,433,11143,7465,12,117,0,70,478,106,1903,7148
0500000US28155,"Webster County, Mississippi",28,155,69,51,110,3346,2965,704,1067,9972,193,7766,1861,6,29,0,3,114,122,943,3745
0500000US28157,"Wilkinson County, Mississippi",28,157,9,9,59,4103,1685,589,1125,8162,67,2290,5482,0,0,0,128,195,1068,814,1981
0500000US28159,"Winston County, Mississippi",28,159,33,15,271,7013,5095,1321,1809,17536,105,8662,8260,190,18,0,0,301,376,1814,5904
0500000US28161,"Yalobusha County, Mississippi",28,161,45,2,279,4746,3597,588,1404,12419,216,7105,4594,44,19,0,0,441,216,1467,4487
0500000US28163,"Yazoo County, Mississippi",28,163,952,842,1304,11481,5083,2280,2320,24835,1337,8923,14190,22,14,0,0,349,4584,4025,6845
0500000US29001,"Adair County, Missouri",29,001,1374,1074,1953,9729,8184,818,2597,25301,755,22028,1123,78,526,0,2,789,1966,936,9472
0500000US29003,"Andrew County, Missouri",29,003,206,30,456,5222,6772,339,1022,18065,470,16698,242,8,146,0,5,496,185,589,8028
0500000US29005,"Atchison County, Missouri",29,005,44,31,123,1600,1801,132,571,5187,107,4804,11,7,22,7,25,204,95,323,2289
0500000US29007,"Audrain County, Missouri",29,007,342,141,1138,8925,7674,1130,3205,24548,786,21403,1091,60,139,12,48,1009,1379,2027,9193
0500000US29009,"Barry County, Missouri",29,009,1683,903,3085,12301,12019,1465,4194,35033,3564,28092,70,47,695,305,22,2238,254,3424,12945
0500000US29011,"Barton County, Missouri",29,011,126,55,523,4267,3513,823,1078,11690,357,10509,27,133,47,0,42,575,96,1012,4328
0500000US29013,"Bates County, Missouri",29,013,175,81,448,5398,5508,687,1790,16186,416,14845,346,38,65,0,5,471,336,1104,6102
0500000US29015,"Benton County, Missouri",29,015,187,40,371,9782,4883,1070,1841,20151,411,18460,193,85,32,46,96,828,311,1715,6055
0500000US29017,"Bollinger County, Missouri",29,017,52,47,29,3438,3788,361,759,10559,175,9893,89,3,5,0,51,343,234,694,4123
0500000US29019,"Boone County, Missouri",29,019,12062,6086,16115,51839,71192,5088,10940,188043,8454,142496,17873,145,9052,154,829,9040,9925,5310,81556
0500000US29021,"Buchanan County, Missouri",29,021,3376,1990,4842,26407,32276,4864,9106,83568,6318,66629,4685,165,915,298,166,4392,3251,5537,34595
0500000US29023,"Butler County, Missouri",29,023,335,143,701,14988,13966,3366,5394,42020,1035,36091,1978,78,185,2,234,2417,886,4351,15686
0500000US29025,"Caldwell County, Missouri",29,025,110,64,184,2922,2884,316,836,8927,203,8213,107,23,37,7,44,293,217,501,3515
0500000US29027,"Callaway County, Missouri",29,027,420,254,724,15150,14683,1441,3581,44741,1098,39393,1672,158,64,0,153,2203,3574,2763,17311
0500000US29029,"Camden County, Missouri",29,029,966,535,1636,18273,14684,1469,4515,43667,1526,40223,381,14,249,0,52,1222,418,2314,15028
0500000US29031,"Cape Girardeau County, Missouri",29,031,2014,1357,2840,23660,33845,3166,6026,82735,2439,69142,6109,196,1361,88,170,3230,3605,3968,36777
0500000US29033,"Carroll County, Missouri",29,033,15,6,53,2760,2834,317,672,8411,187,7850,127,0,13,1,0,233,108,584,3334
0500000US29035,"Carter County, Missouri",29,035,80,67,180,1842,1584,404,765,5297,121,4903,22,0,2,0,0,249,44,691,1856
0500000US29037,"Cass County, Missouri",29,037,1944,772,3398,29001,46705,2299,8442,110773,6083,92652,5052,203,842,110,928,4903,1046,4457,46991
0500000US29039,"Cedar County, Missouri",29,039,83,62,368,5545,4408,705,2134,14615,320,13461,72,31,4,0,136,591,339,1093,4912
0500000US29041,"Chariton County, Missouri",29,041,49,41,157,2371,2402,189,341,7390,111,6852,138,44,14,0,12,219,241,396,2990
0500000US29043,"Christian County, Missouri",29,043,2457,915,3705,25618,36692,2235,6980,92915,3505,83999,653,159,750,89,381,3379,616,3857,38513
0500000US29045,"Clark County, Missouri",29,045,17,7,100,2480,1973,188,716,6675,65,6334,127,0,6,0,0,143,132,405,2261
0500000US29047,"Clay County, Missouri",29,047,14236,5382,19065,63460,111292,6168,19385,258122,20621,198705,17626,527,6619,758,815,12451,2996,10194,109187
0500000US29049,"Clinton County, Missouri",29,049,227,123,479,6737,8128,646,1859,21414,567,19680,169,25,35,0,32,906,426,1118,8339
0500000US29051,"Cole County, Missouri",29,051,2210,1055,2877,22906,25444,1847,4266,77032,2807,61045,7484,182,1086,8,497,3923,4072,3073,32894
0500000US29053,"Cooper County, Missouri",29,053,115,38,362,5696,5447,420,1353,16824,361,14773,943,17,21,0,25,684,1264,1124,6669
0500000US29055,"Crawford County, Missouri",29,055,275,102,296,8372,7390,1163,2904,22797,552,20943,177,38,18,51,94,924,459,2273,8712
0500000US29057,"Dade County, Missouri",29,057,121,38,165,2804,2446,451,762,7641,175,7032,32,31,10,1,4,356,181,516,2678
0500000US29059,"Dallas County, Missouri",29,059,132,35,589,7186,4875,1137,2758,17551,398,16342,33,16,3,0,0,759,206,1314,5656
0500000US29061,"Daviess County, Missouri",29,061,59,35,641,2763,2727,249,1427,8477,151,8060,82,10,18,8,0,148,120,894,3003
0500000US29063,"DeKalb County, Missouri",29,063,195,139,194,4695,3081,290,598,10876,258,9465,710,28,62,0,18,335,1926,839,3586
0500000US29065,"Dent County, Missouri",29,065,282,111,157,5402,4130,955,2248,14539,324,13239,61,95,124,10,28,658,194,1681,5024
0500000US29067,"Douglas County, Missouri",29,067,158,84,86,4849,3364,671,1355,11965,280,11051,108,90,16,0,18,402,128,1132,3729
0500000US29069,"Dunklin County, Missouri",29,069,800,624,1696,9949,8310,2765,4063,27493,2107,20218,1896,28,96,0,32,3116,744,3434,10064
0500000US29071,"Franklin County, Missouri",29,071,1450,989,1887,32133,42932,3050,7283,105950,2461,93978,905,76,453,43,232,7802,978,6902,43569
0500000US29073,"Gasconade County, Missouri",29,073,74,25,180,4923,5487,625,849,14746,237,13907,127,44,16,37,0,378,250,967,6252
0500000US29075,"Gentry County, Missouri",29,075,70,21,215,1886,2023,214,848,6245,124,5833,22,2,42,0,12,210,188,438,2443
0500000US29077,"Greene County, Missouri",29,077,11481,5475,15666,89264,127253,13120,31157,303375,15605,254936,9016,717,5893,370,1625,15213,10025,12036,126815
0500000US29079,"Grundy County, Missouri",29,079,119,56,449,3436,3022,458,1549,9787,273,9012,44,20,71,0,39,328,300,882,3480
0500000US29081,"Harrison County, Missouri",29,081,170,56,287,2907,2413,437,1100,8190,68,7684,64,13,99,0,13,249,170,532,2893
0500000US29083,"Henry County, Missouri",29,083,116,89,439,7917,7245,1000,2096,22328,675,20389,169,46,36,0,8,1005,286,1558,8474
0500000US29085,"Hickory County, Missouri",29,085,13,0,297,4267,2035,429,1115,8585,157,8015,7,3,39,0,2,362,147,837,2316
0500000US29087,"Holt County, Missouri",29,087,50,21,40,1442,1398,118,401,4240,79,3956,18,0,16,0,25,146,100,221,1769
0500000US29089,"Howard County, Missouri",29,089,107,40,105,3646,3402,281,816,10147,229,8742,561,38,21,5,67,484,798,593,3824
0500000US29091,"Howell County, Missouri",29,091,498,237,1191,14130,12187,2232,4656,40383,1042,36940,194,78,177,2,532,1418,715,3589,15036
0500000US29093,"Iron County, Missouri",29,093,164,54,130,3735,2777,705,988,9446,210,8662,48,20,106,9,11,380,328,982,3390
0500000US29095,"Jackson County, Missouri",29,095,47328,25896,70940,188931,297759,31623,76545,719976,82126,427242,158398,963,12772,1655,3568,33252,10249,41017,285335
0500000US29097,"Jasper County, Missouri",29,097,4898,2966,7623,35529,48464,7323,14863,124357,12221,100192,2054,720,1612,419,438,6701,2204,8904,51176
0500000US29099,"Jefferson County, Missouri",29,099,5265,1370,7156,62660,99793,6252,15051,229458,6066,202967,2315,197,2305,47,760,14801,1966,12925,100477
0500000US29101,"Johnson County, Missouri",29,101,1620,961,2489,14825,17684,1344,4297,54732,2821,45821,2332,81,830,199,295,2353,3890,2197,23970
0500000US29103,"Knox County, Missouri",29,103,14,5,182,1184,1136,106,946,3756,11,3561,24,3,7,76,6,68,129,460,1249
0500000US29105,"Laclede County, Missouri",29,105,537,272,919,11192,13081,2231,3916,36390,1086,32903,209,118,275,101,62,1636,331,3616,14927
0500000US29107,"Lafayette County, Missouri",29,107,746,326,1117,9921,12903,1177,2678,33115,1155,29712,514,80,123,0,197,1334,651,1946,13871
0500000US29109,"Lawrence County, Missouri",29,109,1335,668,2984,11927,13338,1788,5322,38593,3263,33261,107,159,187,16,267,1333,622,3260,14689
0500000US29111,"Lewis County, Missouri",29,111,59,56,226,3357,3896,192,1043,9924,111,9084,383,2,50,0,4,290,793,723,3895
0500000US29113,"Lincoln County, Missouri",29,113,657,337,1614,17410,26286,1591,5183,63057,1809,57929,1070,47,203,65,43,1891,720,3835,26587
0500000US29115,"Linn County, Missouri",29,115,140,60,345,3694,3708,422,1090,11852,352,11100,97,26,52,12,0,213,164,703,4810
0500000US29117,"Livingston County, Missouri",29,117,113,61,337,5203,4677,557,1492,14364,295,13036,434,41,49,4,48,457,1368,1333,5739
0500000US29119,"McDonald County, Missouri",29,119,2597,1936,3526,8092,8051,1168,4347,23701,2949,16185,466,285,308,910,127,2471,151,2692,8284
0500000US29121,"Macon County, Missouri",29,121,100,44,438,5301,4981,521,1716,15163,287,13954,275,14,93,0,33,507,214,827,5735
0500000US29123,"Madison County, Missouri",29,123,173,123,319,4436,4377,629,1322,12729,356,11738,35,65,36,0,13,486,258,1073,4466
0500000US29125,"Maries County, Missouri",29,125,52,12,60,3176,2449,385,457,8450,175,7746,18,103,0,0,4,404,83,736,3193
0500000US29127,"Marion County, Missouri",29,127,163,106,239,9375,10088,1370,2203,28457,582,25330,1192,68,228,0,70,987,1247,1802,10803
0500000US29129,"Mercer County, Missouri",29,129,125,93,242,1146,1107,139,313,3482,167,3173,6,10,31,4,0,91,68,217,1211
0500000US29131,"Miller County, Missouri",29,131,380,273,655,8370,8358,875,2676,25269,547,23586,279,33,96,12,70,646,352,2064,9948
0500000US29133,"Mississippi County, Missouri",29,133,50,19,122,4863,3617,1224,1150,11902,96,8410,2257,4,76,0,0,1059,1393,1345,4146
0500000US29135,"Moniteau County, Missouri",29,135,444,209,1609,5083,4663,435,2620,15262,895,13444,342,3,71,0,58,449,1204,1613,5691
0500000US29137,"Monroe County, Missouri",29,137,84,53,186,3481,2673,265,910,8734,160,8004,309,37,34,0,29,161,172,495,3111
0500000US29139,"Montgomery County, Missouri",29,139,100,54,227,3920,4075,516,1103,11426,266,10549,97,38,9,15,5,447,259,910,4370
0500000US29141,"Morgan County, Missouri",29,141,200,66,1622,9025,6050,1059,5133,21717,569,19956,51,11,78,0,33,1019,401,2937,6801
0500000US29143,"New Madrid County, Missouri",29,143,153,79,303,5860,4534,1575,1757,15731,292,11676,2051,14,49,0,44,1605,350,1430,6009
0500000US29145,"Newton County, Missouri",29,145,2735,1976,4258,18874,22089,2727,7584,60118,4058,48330,566,750,963,837,296,4318,1263,4255,23513
0500000US29147,"Nodaway County, Missouri",29,147,435,351,739,7306,7293,704,1507,20774,461,18998,439,58,341,5,95,377,2617,596,8988
0500000US29149,"Oregon County, Missouri",29,149,58,29,75,3504,2278,672,1397,8673,132,8033,7,15,39,3,5,439,133,899,2824
0500000US29151,"Osage County, Missouri",29,151,45,14,101,3866,4528,220,547,13402,149,12942,37,17,10,0,0,247,265,798,5932
0500000US29153,"Ozark County, Missouri",29,153,67,10,155,4127,2095,547,1166,8873,188,8312,24,6,0,0,7,336,52,1000,2517
0500000US29155,"Pemiscot County, Missouri",29,155,175,85,366,5328,4411,1947,1864,14958,478,9738,3643,26,26,0,19,1028,210,1511,5163
0500000US29157,"Perry County, Missouri",29,157,321,230,662,5806,7401,764,1062,18976,467,17731,131,6,156,0,0,485,321,1786,8241
0500000US29159,"Pettis County, Missouri",29,159,3135,1669,5341,12816,15899,1941,5387,43397,4299,35616,1071,21,299,163,96,1832,949,3581,17514
0500000US29161,"Phelps County, Missouri",29,161,1903,1226,2045,16472,14164,2275,4039,45194,1390,38353,1100,174,1655,15,228,2279,3064,2840,16491
0500000US29163,"Pike County, Missouri",29,163,261,131,690,7052,4969,670,1446,17711,439,15760,878,84,60,30,5,455,1740,1557,6152
0500000US29165,"Platte County, Missouri",29,165,6336,2456,8524,26712,48674,1857,6683,110371,7893,84638,8224,141,2798,175,714,5788,1044,2524,46148
0500000US29167,"Polk County, Missouri",29,167,412,164,1187,11017,10870,1306,4516,32444,970,29507,239,75,259,0,312,1082,1363,2548,12315
0500000US29169,"Pulaski County, Missouri",29,169,2610,1125,5467,13006,11323,1411,3372,53894,6199,36902,5425,167,1152,318,326,3405,9959,1794,19433
0500000US29171,"Putnam County, Missouri",29,171,56,0,187,1582,1288,134,440,4642,139,4414,9,20,0,0,0,60,73,162,1754
0500000US29173,"Ralls County, Missouri",29,173,21,13,104,3811,3429,190,566,10428,128,9678,187,6,17,0,23,389,88,613,3843
0500000US29175,"Randolph County, Missouri",29,175,164,86,446,8650,8221,1388,2196,24365,612,21308,1203,16,50,6,22,1148,1868,1734,9400
0500000US29177,"Ray County, Missouri",29,177,326,134,560,7320,8676,954,2086,23145,667,21333,182,85,76,2,109,691,228,1662,9261
0500000US29179,"Reynolds County, Missouri",29,179,15,2,28,2443,1855,379,715,6010,104,5466,89,14,14,0,3,320,204,834,2038
0500000US29181,"Ripley County, Missouri",29,181,119,68,127,4132,3005,694,1664,10708,157,9898,34,12,30,0,15,562,111,1288,3431
0500000US29183,"St. Charles County, Missouri",29,183,18504,8806,22754,102060,191937,5871,17192,414535,17405,343925,20824,135,12472,161,1667,17946,6246,12334,176278
0500000US29185,"St. Clair County, Missouri",29,185,112,78,220,3689,2851,551,994,9587,213,8898,77,16,20,0,0,363,187,976,3471
0500000US29186,"Ste. Genevieve County, Missouri",29,186,72,44,140,6185,6981,467,827,18571,279,17426,227,17,9,0,8,605,492,811,7697
0500000US29187,"St. Francois County, Missouri",29,187,1014,504,821,26320,21243,3863,6414,66999,1268,60219,1835,206,253,18,458,2742,5439,6137,23679
0500000US29189,"St. Louis County, Missouri",29,189,83143,37631,98697,280806,421968,33196,56318,995569,38412,610928,239132,530,48640,184,4838,52905,19979,38002,380866
0500000US29195,"Saline County, Missouri",29,195,1357,873,1936,7781,8097,1064,1846,23231,2932,17485,1138,24,144,321,92,1095,1630,2027,9390
0500000US29197,"Schuyler County, Missouri",29,197,35,31,276,1382,1111,100,624,4038,29,3805,8,10,22,0,0,164,39,184,1423
0500000US29199,"Scotland County, Missouri",29,199,46,46,552,1319,1505,65,1815,4686,9,4497,6,8,2,20,2,142,71,762,1760
0500000US29201,"Scott County, Missouri",29,201,229,121,768,11431,14889,2284,4019,37933,995,30667,3463,8,32,45,58,2665,532,3179,16448
0500000US29203,"Shannon County, Missouri",29,203,58,12,93,3260,1765,389,627,7177,48,6616,14,31,30,0,9,429,88,841,2263
0500000US29205,"Shelby County, Missouri",29,205,76,51,116,2174,1919,200,615,5986,139,5605,65,2,21,0,3,151,221,396,2144
0500000US29207,"Stoddard County, Missouri",29,207,123,62,321,9905,9976,1759,3152,28470,633,26398,316,21,42,17,19,1024,429,3266,11550
0500000US29209,"Stone County, Missouri",29,209,395,117,680,13877,10090,899,2999,32048,936,29649,99,99,87,0,44,1134,321,2036,10449
0500000US29211,"Sullivan County, Missouri",29,211,615,348,1049,2047,2132,204,499,5857,1059,4501,156,12,60,0,0,69,137,483,2405
0500000US29213,"Taney County, Missouri",29,213,1812,865,3509,19366,21070,2593,8192,56529,4307,48097,1008,127,569,0,92,2329,1713,3399,21874
0500000US29215,"Texas County, Missouri",29,215,269,31,576,10526,6413,1287,3144,25161,620,22383,890,62,37,0,41,1128,1497,2430,8082
0500000US29217,"Vernon County, Missouri",29,217,431,334,1193,6777,6354,1159,2769,19687,533,18236,177,24,155,1,5,556,633,1479,6842
0500000US29219,"Warren County, Missouri",29,219,359,133,969,11031,15731,952,2729,37177,1530,33253,401,49,159,2,28,1755,274,2458,15963
0500000US29221,"Washington County, Missouri",29,221,182,72,383,9026,7320,1792,2342,23470,266,21540,399,6,31,0,19,1209,960,2364,8473
0500000US29223,"Wayne County, Missouri",29,223,66,31,75,4836,2961,844,1444,10862,159,10037,46,0,30,0,86,504,187,1475,3552
0500000US29225,"Webster County, Missouri",29,225,661,273,3030,12654,12985,1367,6133,40500,947,36949,434,96,49,66,79,1880,1077,3094,15272
0500000US29227,"Worth County, Missouri",29,227,8,0,13,669,571,93,151,1934,12,1842,2,4,0,0,0,74,32,69,738
0500000US29229,"Wright County, Missouri",29,229,184,33,591,6867,5673,974,2533,18965,497,17397,103,14,65,0,108,781,181,1980,6533
0500000US29510,"St. Louis city, Missouri",29,510,20450,11342,25678,80683,125672,26878,26533,288512,15297,128219,121473,433,10146,77,1303,11564,10329,19332,105505
0500000US30001,"Beaverhead County, Montana",30,001,155,147,373,3583,3319,304,409,9713,508,8655,48,128,28,1,4,341,445,499,3807
0500000US30003,"Big Horn County, Montana",30,003,109,54,2671,4053,2929,671,2761,12891,610,3476,34,8534,25,0,0,212,204,772,3832
0500000US30005,"Blaine County, Montana",30,005,115,60,649,1964,1377,336,1255,6949,194,3062,29,3268,7,0,0,389,197,400,2020
0500000US30007,"Broadwater County, Montana",30,007,62,30,154,2381,2786,100,574,7668,217,6818,17,90,15,0,0,511,62,478,3273
0500000US30009,"Carbon County, Montana",30,009,69,45,236,3793,4021,286,907,11116,337,10020,31,20,3,26,176,503,97,293,3934
0500000US30011,"Carter County, Montana",30,011,5,3,4,472,294,32,96,1308,32,1163,1,2,0,0,1,109,27,63,299
0500000US30013,"Cascade County, Montana",30,013,1933,810,3278,25258,29505,3704,5682,84606,4470,69694,1102,2797,841,5,647,5050,2806,3244,35542
0500000US30015,"Chouteau County, Montana",30,015,88,29,86,2318,1285,204,331,5906,183,4451,4,980,4,0,2,282,141,274,1849
0500000US30017,"Custer County, Montana",30,017,157,71,319,3435,4257,415,903,11961,409,10648,4,217,54,0,21,608,484,375,5486
0500000US30019,"Daniels County, Montana",30,019,35,10,18,490,519,21,29,1494,50,1349,4,21,9,0,19,42,18,62,648
0500000US30021,"Dawson County, Montana",30,021,39,11,75,2630,3125,127,561,8827,319,7983,16,115,22,16,56,300,407,426,3841
0500000US30023,"Deer Lodge County, Montana",30,023,36,18,187,3930,3192,586,518,9597,335,8570,34,185,23,8,21,421,792,583,3667
0500000US30025,"Fallon County, Montana",30,025,52,0,2,902,869,27,85,2760,4,2544,0,62,0,0,0,150,73,7,1071
0500000US30027,"Fergus County, Montana",30,027,253,48,495,3411,4188,389,1854,11687,278,10800,66,250,76,0,0,217,421,415,4127
0500000US30029,"Flathead County, Montana",30,029,3114,1203,3192,33781,41929,2870,11025,110695,4076,99670,236,878,931,4,505,4395,1397,3574,42349
0500000US30031,"Gallatin County, Montana",30,031,5075,2649,6143,29874,55922,1448,8586,124074,6658,108625,555,640,1540,13,1039,5004,4518,2273,53389
0500000US30033,"Garfield County, Montana",30,033,0,0,0,356,263,13,106,1094,0,1058,0,12,0,0,0,24,13,29,224
0500000US30035,"Glacier County, Montana",30,035,107,72,1016,4419,2349,1023,3188,13637,389,4029,27,8643,81,32,29,407,580,1238,3773
0500000US30037,"Golden Valley County, Montana",30,037,9,3,75,356,250,3,206,899,39,812,7,5,0,1,1,34,27,91,228
0500000US30039,"Granite County, Montana",30,039,76,55,98,1395,1037,87,290,3462,91,3115,5,63,32,2,17,137,118,172,1252
0500000US30041,"Hill County, Montana",30,041,163,77,369,4699,5066,810,1329,16155,566,10841,41,3538,27,7,114,1021,478,910,6056
0500000US30043,"Jefferson County, Montana",30,043,128,31,283,4151,4172,257,736,12774,380,11569,4,174,50,0,40,557,287,571,5043
0500000US30045,"Judith Basin County, Montana",30,045,47,46,75,587,640,49,141,2071,159,1861,0,29,0,0,3,19,9,102,705
0500000US30047,"Lake County, Montana",30,047,758,328,1934,11767,9720,1345,4681,32561,1397,21037,71,6376,215,58,83,3324,410,1650,10878
0500000US30049,"Lewis and Clark County, Montana",30,049,1374,505,1924,21616,23896,2432,4103,73464,2958,65103,385,944,359,0,295,3420,1587,2700,28944
0500000US30051,"Liberty County, Montana",30,051,56,39,246,605,547,47,66,1952,1,1823,0,46,14,0,7,61,130,220,456
0500000US30053,"Lincoln County, Montana",30,053,547,336,1144,10022,5495,1112,3130,21175,654,19047,12,231,42,28,48,1113,261,1555,5509
0500000US30055,"McCone County, Montana",30,055,21,0,18,569,428,2,87,1670,4,1538,0,42,17,0,0,69,45,30,586
0500000US30057,"Madison County, Montana",30,057,254,98,376,3518,2968,132,655,9223,337,8339,0,28,42,0,153,324,174,441,2997
0500000US30059,"Meagher County, Montana",30,059,19,0,40,699,529,80,72,2007,65,1887,15,29,0,0,0,11,37,130,843
0500000US30061,"Mineral County, Montana",30,061,76,6,88,1902,1425,295,450,4959,185,4411,9,71,14,0,6,263,49,272,1709
0500000US30063,"Missoula County, Montana",30,063,3473,1615,5524,30854,51582,3964,7254,120672,6096,103132,513,2255,1876,80,698,6022,3174,2812,51408
0500000US30065,"Musselshell County, Montana",30,065,90,61,247,1930,1603,220,517,5152,221,4464,0,186,0,0,111,170,65,409,1415
0500000US30067,"Park County, Montana",30,067,443,195,523,6155,6459,504,1426,17710,638,16101,36,94,35,0,9,797,301,478,6550
0500000US30069,"Petroleum County, Montana",30,069,4,0,0,146,120,1,30,447,0,442,0,2,3,0,0,0,0,4,142
0500000US30071,"Phillips County, Montana",30,071,110,66,81,1428,1265,124,316,4221,46,3420,10,316,34,13,15,367,172,148,1340
0500000US30073,"Pondera County, Montana",30,073,106,50,607,1942,1783,204,486,6035,154,4760,1,880,60,0,0,180,193,535,1971
0500000US30075,"Powder River County, Montana",30,075,25,25,24,648,398,38,134,1815,26,1619,0,40,17,0,14,99,58,128,518
0500000US30077,"Powell County, Montana",30,077,165,31,288,3622,1702,163,348,7053,190,6119,28,327,107,0,33,249,1655,364,2091
0500000US30079,"Prairie County, Montana",30,079,50,5,13,495,262,79,58,1250,7,1101,0,1,34,0,54,53,28,35,309
0500000US30081,"Ravalli County, Montana",30,081,1052,427,1471,17546,15111,1209,4864,46727,1928,41403,134,316,317,4,386,2239,475,2331,16380
0500000US30083,"Richland County, Montana",30,083,345,241,389,2766,4387,193,532,11235,620,9826,30,24,48,61,33,593,54,373,4855
0500000US30085,"Roosevelt County, Montana",30,085,88,55,178,3117,2018,392,2598,10526,301,3415,7,5849,100,1,12,841,249,515,3277
0500000US30087,"Rosebud County, Montana",30,087,185,128,798,2559,2118,414,1315,8165,299,4197,5,3003,165,1,102,393,84,484,2661
0500000US30089,"Sanders County, Montana",30,089,224,33,718,6573,3172,610,1798,13285,466,11730,33,331,60,15,9,641,197,835,3229
0500000US30091,"Sheridan County, Montana",30,091,100,64,50,1105,1211,62,265,3669,145,3236,0,71,24,5,8,180,99,245,1407
0500000US30093,"Silver Bow County, Montana",30,093,439,200,830,11435,13096,2028,2100,35785,1654,31899,19,496,141,3,70,1503,1245,1472,14641
0500000US30095,"Stillwater County, Montana",30,095,117,20,133,2862,3425,214,470,9182,319,8446,4,25,34,0,14,340,123,296,3715
0500000US30097,"Sweet Grass County, Montana",30,097,47,6,95,1093,1334,72,378,3720,45,3376,39,60,7,0,30,163,36,79,1473
0500000US30099,"Teton County, Montana",30,099,26,11,407,1987,1740,119,340,6353,128,5811,17,123,0,0,13,261,356,368,2169
0500000US30101,"Toole County, Montana",30,101,215,113,250,1799,1282,144,375,5061,225,4159,85,268,59,0,28,237,611,492,1696
0500000US30103,"Treasure County, Montana",30,103,12,12,9,216,252,25,30,732,38,681,0,1,7,0,0,5,0,29,260
0500000US30105,"Valley County, Montana",30,105,91,42,128,2275,2438,247,475,7519,194,6330,30,607,2,0,41,315,143,284,2766
0500000US30107,"Wheatland County, Montana",30,107,30,8,77,793,475,54,364,2056,51,1936,20,12,7,0,0,30,128,94,521
0500000US30109,"Wibaux County, Montana",30,109,62,0,58,319,269,21,76,1193,92,1064,7,0,1,0,24,5,29,32,399
0500000US30111,"Yellowstone County, Montana",30,111,3248,1709,5915,45609,69906,5532,12901,168957,11144,140945,757,6018,1203,69,922,7899,3511,5222,73565
0500000US31001,"Adams County, Nebraska",31,001,1757,1128,2961,7935,13039,1189,1780,31052,3869,25543,439,52,300,0,109,740,1176,1512,14401
0500000US31003,"Antelope County, Nebraska",31,003,147,95,259,1793,2127,124,452,6305,252,5853,52,6,10,3,34,95,54,277,2619
0500000US31005,"Arthur County, Nebraska",31,005,13,2,9,127,115,11,33,484,3,450,0,0,0,5,1,25,0,4,195
0500000US31007,"Banner County, Nebraska",31,007,75,72,75,195,249,4,72,742,79,637,0,0,0,0,8,18,0,58,335
0500000US31009,"Blaine County, Nebraska",31,009,0,0,2,114,122,0,21,422,0,422,0,0,0,0,0,0,0,11,142
0500000US31011,"Boone County, Nebraska",31,011,118,71,175,1612,1962,86,181,5356,229,5007,1,1,10,4,0,104,94,225,2206
0500000US31013,"Box Butte County, Nebraska",31,013,213,148,606,3051,4166,321,721,10714,1352,8425,15,265,43,0,0,614,170,406,4686
0500000US31015,"Boyd County, Nebraska",31,015,55,25,72,580,428,51,122,1688,56,1532,3,49,3,0,11,34,32,47,595
0500000US31017,"Brown County, Nebraska",31,017,96,89,134,936,955,77,212,2869,177,2539,1,12,1,0,13,126,32,157,1180
0500000US31019,"Buffalo County, Nebraska",31,019,2444,1394,4176,11894,21763,1306,3472,50579,5385,42362,392,103,822,76,244,1195,2289,1961,25143
0500000US31021,"Burt County, Nebraska",31,021,86,74,186,2234,2395,302,497,6740,228,6088,14,78,10,12,33,277,103,381,2587
0500000US31023,"Butler County, Nebraska",31,023,197,131,530,2280,3192,205,424,8424,527,7578,21,30,0,0,6,262,129,501,3704
0500000US31025,"Cass County, Nebraska",31,025,351,132,940,6877,11110,462,1618,27161,1110,24568,82,45,77,17,295,967,218,756,12202
0500000US31027,"Cedar County, Nebraska",31,027,77,43,188,2044,3168,186,492,8315,211,7900,12,18,24,0,11,139,116,203,3690
0500000US31029,"Chase County, Nebraska",31,029,257,233,403,1038,1349,69,403,3671,658,2857,13,0,61,0,0,82,78,277,1407
0500000US31031,"Cherry County, Nebraska",31,031,228,128,290,1431,2017,99,512,5498,193,4610,55,286,95,0,46,213,107,149,2188
0500000US31033,"Cheyenne County, Nebraska",31,033,161,100,189,2742,3367,548,640,9533,827,8281,79,15,127,33,15,156,135,520,3964
0500000US31035,"Clay County, Nebraska",31,035,157,63,363,1541,2106,151,394,6095,594,5311,44,11,2,0,7,126,92,273,2785
0500000US31037,"Colfax County, Nebraska",31,037,3071,2281,4366,2335,4307,329,1286,10641,5091,4760,369,226,21,0,0,174,75,1347,4792
0500000US31039,"Cuming County, Nebraska",31,039,599,485,893,2211,3566,97,734,8975,1114,7640,34,47,27,0,4,109,89,512,4121
0500000US31041,"Custer County, Nebraska",31,041,201,139,288,2916,3532,350,743,10518,416,9634,54,44,11,17,62,280,122,364,4454
0500000US31043,"Dakota County, Nebraska",31,043,5463,2613,7948,4427,9039,743,1718,21354,8878,9031,1852,435,646,0,20,492,181,2758,9390
0500000US31045,"Dawes County, Nebraska",31,045,78,1,258,2512,2342,344,778,8140,411,6985,38,230,89,0,0,387,805,211,3486
0500000US31047,"Dawson County, Nebraska",31,047,5485,2580,8293,5432,10204,571,2368,24202,9045,12773,1560,40,198,35,71,480,256,3413,11651
0500000US31049,"Deuel County, Nebraska",31,049,29,14,93,665,523,70,168,1847,183,1582,0,16,8,0,4,54,8,123,767
0500000US31051,"Dixon County, Nebraska",31,051,411,319,624,1442,2163,172,503,5545,876,4487,1,26,4,0,12,139,74,524,2342
0500000US31053,"Dodge County, Nebraska",31,053,2834,1938,5360,9726,15005,1245,2403,37351,6730,28952,182,44,172,5,242,1024,910,2874,16784
0500000US31055,"Douglas County, Nebraska",31,055,62364,38470,90994,136212,255733,22724,48442,590736,85851,388570,60419,1102,25730,233,2428,26403,11892,33218,243206
0500000US31057,"Dundy County, Nebraska",31,057,17,13,69,478,550,62,94,1736,57,1606,10,0,0,0,0,63,40,84,789
0500000US31059,"Fillmore County, Nebraska",31,059,63,18,91,1555,2238,140,219,5541,209,5128,34,16,7,0,8,139,154,173,2533
0500000US31061,"Franklin County, Nebraska",31,061,38,8,82,969,937,85,124,2846,99,2639,4,14,0,0,2,88,56,134,1197
0500000US31063,"Frontier County, Nebraska",31,063,66,35,64,827,823,124,164,2569,126,2340,3,6,10,0,0,84,132,111,1044
0500000US31065,"Furnas County, Nebraska",31,065,100,65,184,1622,1396,102,255,4568,232,4177,17,45,7,0,0,90,99,329,1830
0500000US31067,"Gage County, Nebraska",31,067,289,53,780,6380,8229,1016,1085,21629,742,19999,105,74,144,0,27,538,524,992,9649
0500000US31069,"Garden County, Nebraska",31,069,23,15,42,671,457,95,155,1761,76,1645,1,9,8,0,7,15,31,70,605
0500000US31071,"Garfield County, Nebraska",31,071,0,0,3,487,519,35,60,1718,29,1662,4,2,0,0,0,21,62,52,717
0500000US31073,"Gosper County, Nebraska",31,073,6,6,79,643,677,62,189,2040,151,1831,0,7,12,0,0,39,29,31,821
0500000US31075,"Grant County, Nebraska",31,075,22,16,10,176,191,6,66,626,1,601,1,6,5,0,0,12,17,34,249
0500000US31077,"Greeley County, Nebraska",31,077,18,5,21,714,666,58,106,2202,68,2024,13,9,0,0,0,88,30,106,819
0500000US31079,"Hall County, Nebraska",31,079,10548,6758,16098,14954,25413,2556,8006,62536,20289,37835,2063,100,605,26,205,1413,828,5942,28032
0500000US31081,"Hamilton County, Nebraska",31,081,122,95,231,2489,3502,175,570,9464,408,8698,17,7,43,0,8,283,141,188,4118
0500000US31083,"Harlan County, Nebraska",31,083,63,42,88,889,941,63,239,2847,51,2680,4,0,33,0,0,79,52,125,1161
0500000US31085,"Hayes County, Nebraska",31,085,35,25,47,246,259,19,47,843,41,789,0,2,0,0,0,11,0,32,363
0500000US31087,"Hitchcock County, Nebraska",31,087,31,9,37,920,636,82,142,2569,108,2362,1,7,17,0,7,67,28,127,942
0500000US31089,"Holt County, Nebraska",31,089,237,181,451,2744,3398,335,660,10102,576,9185,42,16,17,0,59,207,127,381,4278
0500000US31091,"Hooker County, Nebraska",31,091,0,0,6,198,285,1,59,647,0,575,10,1,0,0,7,54,38,20,267
0500000US31093,"Howard County, Nebraska",31,093,110,96,152,1789,2489,169,441,6534,212,5954,42,2,4,0,0,320,70,185,2769
0500000US31095,"Jefferson County, Nebraska",31,095,202,123,342,2303,2488,392,596,7161,420,6478,22,15,2,0,4,220,112,317,2900
0500000US31097,"Johnson County, Nebraska",31,097,203,158,480,2217,1345,204,216,5261,627,4080,246,126,44,0,0,138,971,499,1746
0500000US31099,"Kearney County, Nebraska",31,099,107,25,390,1614,2725,111,405,6713,459,6094,1,16,36,0,4,103,62,284,3195
0500000US31101,"Keith County, Nebraska",31,101,257,68,434,2674,2922,360,540,8219,749,7016,91,9,59,0,0,295,79,601,3377
0500000US31103,"Keya Paha County, Nebraska",31,103,32,32,41,257,214,4,81,822,38,765,1,0,0,0,16,2,0,20,259
0500000US31105,"Kimball County, Nebraska",31,105,57,49,137,1155,1158,168,458,3248,321,2672,54,52,22,0,0,127,67,284,1369
0500000US31107,"Knox County, Nebraska",31,107,66,25,300,2519,2591,254,576,8363,246,7069,56,738,36,1,8,209,144,426,3320
0500000US31109,"Lancaster County, Nebraska",31,109,28421,13816,37840,79355,134748,11241,19018,326696,27767,254346,12139,971,13280,190,978,17025,13389,13149,143548
0500000US31111,"Lincoln County, Nebraska",31,111,954,554,1626,9597,12524,1730,2222,33802,3136,29064,275,202,222,4,120,779,661,1354,15125
0500000US31113,"Logan County, Nebraska",31,113,10,10,31,184,239,6,55,773,15,685,13,5,0,0,6,49,0,12,333
0500000US31115,"Loup County, Nebraska",31,115,13,0,34,151,169,15,55,578,49,506,0,4,0,0,0,19,0,4,261
0500000US31117,"McPherson County, Nebraska",31,117,9,9,19,130,164,2,16,475,4,439,0,0,0,0,0,32,0,15,200
0500000US31119,"Madison County, Nebraska",31,119,2855,1823,4269,8954,13586,1236,2626,35532,5797,27448,278,333,447,0,43,1186,982,2084,16014
0500000US31121,"Merrick County, Nebraska",31,121,172,35,214,2095,2948,184,407,7724,435,6992,0,1,57,0,0,239,139,474,3551
0500000US31123,"Morrill County, Nebraska",31,123,176,86,314,1357,1482,223,371,4534,668,3649,3,18,13,13,46,124,105,285,1818
0500000US31125,"Nance County, Nebraska",31,125,17,5,75,902,1129,93,216,3324,85,3129,5,16,5,0,10,74,123,168,1425
0500000US31127,"Nemaha County, Nebraska",31,127,58,15,276,1992,2296,378,709,7046,229,6289,78,57,9,0,2,382,503,415,3043
0500000US31129,"Nuckolls County, Nebraska",31,129,48,16,63,1262,1478,109,375,4087,146,3784,6,17,0,0,0,134,90,238,1707
0500000US31131,"Otoe County, Nebraska",31,131,854,595,1261,4346,6302,382,624,16241,1456,13893,169,26,34,0,8,655,207,748,7461
0500000US31133,"Pawnee County, Nebraska",31,133,22,8,204,890,663,64,323,2530,49,2375,3,0,0,0,0,103,36,253,790
0500000US31135,"Perkins County, Nebraska",31,135,83,66,94,702,929,61,157,2821,159,2541,0,3,16,0,3,99,31,142,1313
0500000US31137,"Phelps County, Nebraska",31,137,173,107,361,2385,3330,389,546,9009,618,8067,77,29,4,8,3,203,205,424,4140
0500000US31139,"Pierce County, Nebraska",31,139,125,102,150,1943,2751,209,327,7325,198,6854,29,32,15,0,24,173,97,270,3208
0500000US31141,"Platte County, Nebraska",31,141,4254,2845,6252,8204,15047,969,2525,34716,8234,25228,252,62,72,0,40,828,420,2182,15842
0500000US31143,"Polk County, Nebraska",31,143,137,90,252,1392,2128,104,281,5225,330,4709,10,6,11,0,8,151,80,220,2323
0500000US31145,"Red Willow County, Nebraska",31,145,207,156,450,3169,4076,415,925,10557,670,9379,102,17,27,0,3,359,288,499,4701
0500000US31147,"Richardson County, Nebraska",31,147,32,15,63,2450,2725,268,474,7751,187,7009,19,121,9,0,0,406,137,363,3284
0500000US31149,"Rock County, Nebraska",31,149,13,3,27,421,379,32,64,1319,10,1300,1,0,0,0,3,5,44,78,557
0500000US31151,"Saline County, Nebraska",31,151,2499,1591,3909,3580,5809,230,1390,14650,4321,9494,61,15,346,4,9,400,601,1613,6772
0500000US31153,"Sarpy County, Nebraska",31,153,14010,6793,19013,41281,83162,3519,9087,197389,22804,150640,7937,299,5476,145,1291,8797,1071,5659,90529
0500000US31155,"Saunders County, Nebraska",31,155,351,197,599,5429,9326,407,959,23048,654,21242,51,17,153,6,36,889,274,473,10209
0500000US31157,"Scotts Bluff County, Nebraska",31,157,1595,872,3671,10192,12818,1799,3597,35843,8551,25335,202,358,239,4,263,891,787,2232,15619
0500000US31159,"Seward County, Nebraska",31,159,220,93,537,4639,6742,364,1057,17641,532,16532,144,22,94,17,10,290,1251,594,7940
0500000US31161,"Sheridan County, Nebraska",31,161,126,52,288,1672,1514,215,534,5014,270,4035,31,426,70,0,19,163,165,346,1825
0500000US31163,"Sherman County, Nebraska",31,163,17,0,48,951,921,69,121,2967,84,2747,9,4,16,0,0,107,53,172,1237
0500000US31165,"Sioux County, Nebraska",31,165,14,2,14,384,281,11,99,1171,25,1118,1,0,2,0,7,18,0,48,487
0500000US31167,"Stanton County, Nebraska",31,167,82,34,331,1519,2302,112,349,5796,406,5159,8,2,66,0,1,154,63,233,2638
0500000US31169,"Thayer County, Nebraska",31,169,48,23,116,1453,1747,151,248,4901,159,4564,3,13,4,0,9,149,116,178,2197
0500000US31171,"Thomas County, Nebraska",31,171,17,3,31,172,232,13,28,564,28,503,11,0,0,0,0,22,0,39,237
0500000US31173,"Thurston County, Nebraska",31,173,118,45,288,1604,1508,293,612,6627,322,2397,18,3557,93,0,7,233,120,222,2452
0500000US31175,"Valley County, Nebraska",31,175,78,54,117,1169,1545,176,224,4066,119,3849,1,29,6,0,18,44,61,144,1880
0500000US31177,"Washington County, Nebraska",31,177,529,252,769,5549,8539,395,872,21106,702,19614,56,37,45,0,17,635,199,602,8963
0500000US31179,"Wayne County, Nebraska",31,179,596,436,911,2643,3736,256,566,9844,1012,8405,101,83,30,0,0,213,1368,254,3773
0500000US31181,"Webster County, Nebraska",31,181,56,41,113,962,1150,142,190,3360,196,2964,6,5,28,20,9,132,75,118,1546
0500000US31183,"Wheeler County, Nebraska",31,183,26,26,42,228,253,10,76,847,32,806,0,0,0,0,0,9,0,21,359
0500000US31185,"York County, Nebraska",31,185,390,215,698,4077,5513,420,743,14286,884,12557,188,54,73,0,62,468,825,652,6228
0500000US32001,"Churchill County, Nevada",32,001,1372,379,2277,8291,7823,1012,1964,25805,3928,18255,549,835,580,15,54,1589,472,1447,9781
0500000US32003,"Clark County, Nevada",32,003,509336,233834,737733,676979,903373,117447,280274,2329548,742075,891499,268625,7501,244465,17546,15284,142553,19501,213306,880354
0500000US32005,"Douglas County, Nevada",32,005,3096,1039,5524,21737,14937,1200,2946,49623,6449,38289,131,548,1151,52,770,2233,272,2256,17039
0500000US32007,"Elko County, Nevada",32,007,4573,2761,8521,13554,21056,1781,4828,54047,14063,33049,426,1910,782,84,777,2956,828,4492,20945
0500000US32009,"Esmeralda County, Nevada",32,009,188,57,253,554,258,140,48,1028,324,599,3,14,12,0,47,29,6,150,272
0500000US32011,"Eureka County, Nevada",32,011,64,21,31,840,354,16,190,1585,86,1282,2,52,43,0,0,120,6,65,430
0500000US32013,"Humboldt County, Nevada",32,013,1632,642,2786,4879,5715,778,1490,17289,4720,11010,142,497,265,20,80,555,160,1268,6430
0500000US32015,"Lander County, Nevada",32,015,202,63,354,1681,1625,244,275,5770,971,4330,13,104,23,0,0,329,44,443,2089
0500000US32017,"Lincoln County, Nevada",32,017,64,27,367,1964,1150,79,222,4405,292,3726,123,133,2,2,0,127,344,191,1146
0500000US32019,"Lyon County, Nevada",32,019,4450,2270,7755,21428,21411,2603,5890,61680,12034,43399,775,801,803,55,257,3556,263,5482,23477
0500000US32021,"Mineral County, Nevada",32,021,103,17,437,1783,952,255,507,4542,789,2593,144,714,4,0,2,296,95,246,1413
0500000US32023,"Nye County, Nevada",32,023,4424,2071,6427,27016,13802,3307,4693,54344,9305,37445,1553,471,1037,177,141,4215,1155,5430,14589
0500000US32027,"Pershing County, Nevada",32,027,547,378,1061,3264,1670,161,492,6487,1533,4133,309,265,58,4,23,162,1761,628,1816
0500000US32029,"Storey County, Nevada",32,029,238,100,338,1741,1516,83,181,4140,530,3166,91,0,55,0,5,293,24,314,1404
0500000US32031,"Washoe County, Nevada",32,031,71220,36863,100676,139372,204622,20928,48845,497200,129643,290954,11471,3471,27980,3452,2901,27328,7118,38744,200752
0500000US32033,"White Pine County, Nevada",32,033,283,156,626,3671,2438,284,349,8735,1442,6246,519,314,27,3,15,169,1363,883,3008
0500000US32510,"Carson City, Nevada",32,510,7274,3764,11419,19753,19703,2432,6207,58384,15385,36270,981,816,1407,28,93,3404,2940,4549,22421
0500000US33001,"Belknap County, New Hampshire",33,001,1807,498,2174,20541,25482,1812,3758,64659,1467,59943,294,20,744,18,346,1827,1134,3047,27448
0500000US33003,"Carroll County, New Hampshire",33,003,1217,229,1893,18735,18422,1091,3475,51804,909,48671,310,143,427,0,82,1262,676,1830,19672
0500000US33005,"Cheshire County, New Hampshire",33,005,2233,955,2700,24453,31131,1943,4784,77297,2010,70665,528,65,672,0,185,3172,3816,3115,31601
0500000US33007,"Coos County, New Hampshire",33,007,875,430,2289,12704,9679,1770,2254,31271,741,28750,631,46,45,1,151,906,2145,2334,11489
0500000US33009,"Grafton County, New Hampshire",33,009,5157,2284,5538,31379,36438,2364,4965,92120,2679,80633,996,96,3225,18,416,4057,7195,3502,34454
0500000US33011,"Hillsborough County, New Hampshire",33,011,44102,19000,56109,104617,202158,11060,23278,426378,36414,341341,9550,242,18338,38,2039,18416,8404,20330,184102
0500000US33013,"Merrimack County, New Hampshire",33,013,6789,2234,7868,46602,63636,4269,7768,155967,4277,140561,2471,78,2358,79,585,5558,6172,6281,64985
0500000US33015,"Rockingham County, New Hampshire",33,015,16710,5611,19787,86015,141725,4216,12883,319082,11727,285708,2095,221,6206,114,1510,11501,2506,9221,133300
0500000US33017,"Strafford County, New Hampshire",33,017,5809,2056,6707,36024,57153,3816,6780,132575,4248,116178,1520,19,3598,0,625,6387,8246,4739,55452
0500000US33019,"Sullivan County, New Hampshire",33,019,933,221,759,14872,17671,1371,2614,43715,911,39974,309,21,125,8,150,2217,739,2614,18016
0500000US34001,"Atlantic County, New Jersey",34,001,43915,18861,69005,82405,101630,13416,19028,276270,56285,149114,34841,738,21415,29,1434,12414,6075,20826,104048
0500000US34003,"Bergen County, New Jersey",34,003,305966,102905,387804,257439,405782,18954,58139,962316,218856,493959,51787,595,161731,186,7569,27633,10796,48598,322994
0500000US34005,"Burlington County, New Jersey",34,005,51551,18052,64350,127926,184504,8705,17661,467805,44974,292070,73947,107,26997,64,3627,26019,10533,19073,187996
0500000US34007,"Camden County, New Jersey",34,007,64901,29128,108034,140487,210209,26941,33189,527257,101417,276986,94090,202,31028,95,3345,20094,6422,36913,193758
0500000US34009,"Cape May County, New Jersey",34,009,4334,2120,8094,34263,30444,3380,4656,94941,7854,79690,3200,34,687,0,383,3093,1589,3868,34834
0500000US34011,"Cumberland County, New Jersey",34,011,19486,12350,43456,51160,48080,9464,15216,153305,54804,62771,25190,613,2201,25,2048,5653,9080,18977,55562
0500000US34013,"Essex County, New Jersey",34,013,260083,130094,306227,229338,331495,47471,101587,863002,217167,235410,305762,1075,51429,164,12263,39732,20578,77555,243306
0500000US34015,"Gloucester County, New Jersey",34,015,18816,7324,29319,84170,123778,7447,12128,306954,25470,227965,31190,87,9592,164,1426,11060,6707,12777,123534
0500000US34017,"Hudson County, New Jersey",34,017,307758,151746,380881,175477,326848,44096,80971,718323,292607,196039,77130,910,120365,204,7376,23692,7607,62778,147429
0500000US34019,"Hunterdon County, New Jersey",34,019,13793,4730,17684,38612,52914,1825,3586,130160,12117,104048,3097,30,6349,40,611,3868,2643,3519,49104
0500000US34021,"Mercer County, New Jersey",34,021,104307,56190,130158,108022,151417,13377,30077,385864,89099,164891,69099,213,47553,50,1900,13059,17391,27675,127205
0500000US34023,"Middlesex County, New Jersey",34,023,308388,132862,390812,231862,363475,24330,62487,871290,205792,326790,84565,629,221341,184,6659,25330,25202,64940,299274
0500000US34025,"Monmouth County, New Jersey",34,025,87843,31589,112504,179564,264150,13702,33733,645353,83325,461195,37374,99,34646,235,5244,23235,6723,26676,233648
0500000US34027,"Morris County, New Jersey",34,027,101789,38810,130040,133043,222577,7093,24058,514528,82208,338541,15580,159,55146,63,3637,19194,8743,18584,192875
0500000US34029,"Ocean County, New Jersey",34,029,52456,19333,80078,207800,219000,15692,26620,654362,71391,530679,18756,149,12370,162,3267,17588,7016,28675,231039
0500000US34031,"Passaic County, New Jersey",34,031,172522,78176,250614,139109,205962,34016,62104,521012,231009,197624,50414,297,28296,122,2939,10311,8709,52795,186954
0500000US34033,"Salem County, New Jersey",34,033,1988,796,5442,20780,23116,3099,2993,65275,7362,45798,8628,25,632,74,197,2559,1383,4376,25019
0500000US34035,"Somerset County, New Jersey",34,035,97494,39302,115424,85752,158919,4857,18855,349846,61585,172324,32411,125,68440,30,2308,12623,3968,14851,131013
0500000US34037,"Sussex County, New Jersey",34,037,12757,4073,16911,38311,61085,1808,5573,145807,17355,116218,2490,91,2869,0,903,5881,1584,4875,63101
0500000US34039,"Union County, New Jersey",34,039,194636,96248,259043,140578,240858,17870,74705,579290,203905,205149,110903,332,32292,24,6929,19756,5744,54131,202655
0500000US34041,"Warren County, New Jersey",34,041,11771,4121,16257,30482,46265,3363,5295,110849,14378,82718,6204,59,3349,24,250,3867,1965,4793,47535
0500000US35001,"Bernalillo County, New Mexico",35,001,70985,37185,170360,208471,231231,48464,58311,673930,330770,249864,17600,26658,19156,358,4712,24812,10795,44818,259164
0500000US35003,"Catron County, New Mexico",35,003,191,42,682,2412,695,166,236,3743,588,2785,66,142,12,0,0,150,212,66,605
0500000US35005,"Chaves County, New Mexico",35,005,7234,4107,21173,22266,19884,5927,6777,64217,37529,23168,971,414,698,96,391,950,2266,8012,23681
0500000US35006,"Cibola County, New Mexico",35,006,588,336,9793,11936,4987,2009,3026,26845,8826,5226,522,11409,185,5,21,651,1499,2826,6676
0500000US35007,"Colfax County, New Mexico",35,007,525,303,2251,5455,3391,1255,1176,12322,5867,5840,61,134,28,0,19,373,668,903,3743
0500000US35009,"Curry County, New Mexico",35,009,4751,3204,12111,13410,12542,4738,4386,47638,21886,20487,2372,210,660,43,37,1943,997,5020,19823
0500000US35011,"De Baca County, New Mexico",35,011,9,0,505,478,456,153,197,1576,1003,557,1,0,0,0,13,2,14,122,662
0500000US35013,"Doña Ana County, New Mexico",35,013,33043,17677,95734,74624,66534,20500,25013,224266,152201,59878,3029,1344,2577,128,515,4594,5402,23221,82062
0500000US35015,"Eddy County, New Mexico",35,015,4683,3145,16099,17842,20554,3345,5905,61105,31515,26201,715,499,359,0,420,1396,1056,6618,24697
0500000US35017,"Grant County, New Mexico",35,017,1286,756,6213,12910,5843,2162,1416,27775,13288,13182,221,164,239,0,32,649,750,1923,8038
0500000US35019,"Guadalupe County, New Mexico",35,019,443,257,1942,1706,1163,606,204,4381,3355,729,83,84,72,0,0,58,433,546,1610
0500000US35021,"Harding County, New Mexico",35,021,3,3,126,291,64,25,9,741,270,352,13,0,0,0,86,20,0,40,211
0500000US35023,"Hidalgo County, New Mexico",35,023,312,146,1233,1499,1003,314,528,4041,2303,1538,0,0,39,0,25,136,64,384,1544
0500000US35025,"Lea County, New Mexico",35,025,13490,10558,30300,21039,23963,4886,10722,73733,46266,22854,2307,310,491,25,130,1350,2172,11204,28454
0500000US35027,"Lincoln County, New Mexico",35,027,776,487,3476,8339,5451,1466,1932,20224,6664,12169,171,641,106,0,36,437,168,844,6867
0500000US35028,"Los Alamos County, New Mexico",35,028,1829,713,2700,5077,5383,350,480,19435,3501,13569,168,124,962,16,73,1022,91,243,8307
0500000US35029,"Luna County, New Mexico",35,029,4139,2342,12328,10937,6188,2776,2360,25611,17178,7259,291,115,291,18,115,344,499,4075,7486
0500000US35031,"McKinley County, New Mexico",35,031,1711,1034,32441,27698,15463,8047,11697,70431,8585,5600,315,53077,974,73,100,1707,1063,8168,20673
0500000US35033,"Mora County, New Mexico",35,033,54,31,1777,1930,562,400,84,4149,3049,1025,0,56,0,0,2,17,11,207,1298
0500000US35035,"Otero County, New Mexico",35,035,6649,3825,16062,24465,16436,5283,6266,68816,27267,31299,2419,3958,1005,70,374,2424,3468,5595,25421
0500000US35037,"Quay County, New Mexico",35,037,51,41,1447,3120,2226,1340,428,8564,3844,4101,7,19,0,7,49,537,80,498,3093
0500000US35039,"Rio Arriba County, New Mexico",35,039,2505,1871,19540,15050,8885,2948,3498,40070,26916,5594,228,6210,242,22,240,618,379,3416,13597
0500000US35041,"Roosevelt County, New Mexico",35,041,1566,1034,4137,5313,5733,1579,2089,18928,8486,9110,120,133,98,0,42,939,1056,1512,7893
0500000US35043,"Sandoval County, New Mexico",35,043,8647,3980,34591,51122,50279,7867,9961,153604,61448,62819,3250,16820,1978,140,976,6173,894,7585,54677
0500000US35045,"San Juan County, New Mexico",35,045,3692,2117,31837,44497,33926,9643,15505,120942,23976,43773,705,46435,946,37,221,4849,1504,10541,41105
0500000US35047,"San Miguel County, New Mexico",35,047,653,352,11841,11333,6371,3486,1874,26850,20192,4713,344,386,97,0,275,843,1131,2702,9012
0500000US35049,"Santa Fe County, New Mexico",35,049,18841,10795,45760,57400,47679,7774,13802,156105,74740,68679,1276,3796,2239,129,759,4487,2645,9854,54804
0500000US35051,"Sierra County, New Mexico",35,051,868,672,2390,6106,1792,863,464,11500,3431,7252,17,19,18,0,0,763,231,1004,2871
0500000US35053,"Socorro County, New Mexico",35,053,684,397,5150,7513,2798,1307,1505,16200,8155,5316,64,1717,294,0,16,638,735,1487,3499
0500000US35055,"Taos County, New Mexico",35,055,1958,1163,11186,13269,10281,2689,2644,34543,17478,13976,113,1837,254,10,73,802,355,2119,11414
0500000US35057,"Torrance County, New Mexico",35,057,607,362,3090,5925,4333,1641,1198,15490,6696,7438,263,305,37,0,218,533,103,1466,5443
0500000US35059,"Union County, New Mexico",35,059,151,133,836,1802,902,290,369,4013,1609,2140,43,86,0,0,24,111,470,325,1134
0500000US35061,"Valencia County, New Mexico",35,061,6814,3870,20765,29862,20479,6612,6373,78458,47732,23928,818,2894,553,64,440,2029,1834,7526,25802
0500000US36001,"Albany County, New York",36,001,37893,16803,45363,96953,113480,14841,10037,317018,22986,215598,36525,103,23890,138,2074,15704,19156,13508,117822
0500000US36003,"Allegany County, New York",36,003,858,519,2261,18001,13685,2813,2421,47159,1037,43736,696,62,644,8,55,921,4834,2478,15669
0500000US36005,"Bronx County, New York",36,005,485353,221821,748705,461804,446827,206275,99033,1404779,773828,122363,402798,3758,56667,649,14029,30687,52506,228499,152287
0500000US36007,"Broome County, New York",36,007,13587,6469,17083,71205,64000,12589,6678,197378,10961,156447,10044,118,10045,77,603,9083,11687,11195,68512
0500000US36009,"Cattaraugus County, New York",36,009,1327,445,4311,27543,22909,5729,4616,76145,1817,66800,1086,1776,661,0,278,3727,3119,5558,26871
0500000US36011,"Cayuga County, New York",36,011,1946,937,2866,26089,25942,4663,3266,75102,2731,65280,2486,106,493,0,362,3644,3718,5839,29642
0500000US36013,"Chautauqua County, New York",36,013,3260,1562,10947,45560,39474,10617,6578,125544,12039,105033,2670,161,876,71,435,4259,5060,9107,45098
0500000US36015,"Chemung County, New York",36,015,2866,1330,3673,28534,27331,5824,3272,82147,3085,69004,5226,120,1271,7,303,3131,3619,5412,30569
0500000US36017,"Chenango County, New York",36,017,1148,572,1884,15813,15356,2874,1569,46321,1181,42757,305,24,233,9,191,1621,793,3433,17679
0500000US36019,"Clinton County, New York",36,019,3756,1953,4250,27971,26781,5663,2377,78493,2758,69233,2274,160,1212,38,359,2459,6088,6523,30764
0500000US36021,"Columbia County, New York",36,021,4512,1918,5423,22318,20802,2592,2032,61100,3827,50351,2169,13,1308,7,492,2933,2230,3870,20787
0500000US36023,"Cortland County, New York",36,023,1313,382,2477,14623,17147,2947,2060,46246,1666,41258,770,15,656,4,222,1655,3697,2387,18934
0500000US36025,"Delaware County, New York",36,025,1964,579,2842,17782,13421,2390,2214,44487,2179,39673,344,68,400,0,157,1666,2322,2976,14913
0500000US36027,"Dutchess County, New York",36,027,34915,14169,46185,93232,114958,9145,11313,298220,46023,197198,27409,183,10027,75,2564,14741,18846,17157,111067
0500000US36029,"Erie County, New York",36,029,71068,29066,101682,293533,364811,63474,27497,950622,60918,687194,115154,3003,46439,205,4195,33514,26548,50429,363457
0500000US36031,"Essex County, New York",36,031,1503,754,1861,14398,11977,1711,1768,36973,1059,33858,698,59,234,1,206,858,2297,2313,13566
0500000US36033,"Franklin County, New York",36,033,1638,569,3123,18322,12027,3410,2520,46696,1350,38925,1580,3269,314,37,316,905,4131,4459,16039
0500000US36035,"Fulton County, New York",36,035,1226,505,1696,17546,18806,3521,1970,52487,2294,46125,752,2,479,38,216,2581,1580,3937,21673
0500000US36037,"Genesee County, New York",36,037,1554,618,2072,17844,20916,3374,2126,57787,2802,50783,1222,185,384,0,171,2240,1549,2939,24222
0500000US36039,"Greene County, New York",36,039,2455,691,3484,17797,15900,1477,1680,47409,3212,39259,2114,24,575,9,229,1987,2993,4000,17375
0500000US36041,"Hamilton County, New York",36,041,61,14,71,2313,1128,119,179,5089,106,4655,77,1,17,0,23,210,232,419,1656
0500000US36043,"Herkimer County, New York",36,043,1743,506,3271,20230,20062,3806,2903,59757,1700,54188,732,39,369,71,228,2430,1421,3626,23068
0500000US36045,"Jefferson County, New York",36,045,5296,2089,8665,31775,31684,7529,5663,115040,8657,92228,4981,131,2159,271,334,6279,4800,5924,46721
0500000US36047,"Kings County, New York",36,047,928478,357659,1097400,752707,986325,231177,152898,2631580,498746,949210,700850,3407,317730,903,29750,130984,47735,288395,259622
0500000US36049,"Lewis County, New York",36,049,363,172,901,8759,7509,1394,1512,26607,480,24862,193,8,78,0,144,842,384,1434,9909
0500000US36051,"Livingston County, New York",36,051,1933,943,3295,22328,20933,2552,2362,61498,2857,54161,1155,26,714,33,324,2228,5086,3092,22809
0500000US36053,"Madison County, New York",36,053,1768,872,2888,24248,23044,3056,2568,67328,1776,60335,1242,213,817,0,232,2713,5988,3353,24736
0500000US36055,"Monroe County, New York",36,055,59587,22203,89993,228091,299343,47855,23300,753753,74960,510587,101424,532,28293,132,3940,33885,28750,41557,285694
0500000US36057,"Montgomery County, New York",36,057,1416,346,5525,15158,17494,3014,3491,49528,7632,38160,1232,17,417,8,346,1716,1267,3955,19598
0500000US36059,"Nassau County, New York",36,059,323944,99353,404438,396660,535638,22835,52524,1389591,260047,753995,150236,574,169015,225,14191,41308,20640,76462,462012
0500000US36061,"New York County, New York",36,061,460024,210545,577176,477468,736572,112139,68373,1629477,398102,742076,203638,1702,201699,688,15991,65581,74713,132724,59762
0500000US36063,"Niagara County, New York",36,063,9339,3994,11779,68226,79756,13529,6122,210721,8459,173008,13322,1050,2465,12,954,11451,4590,12053,82515
0500000US36065,"Oneida County, New York",36,065,19765,8085,28431,78098,75710,15855,7354,229124,16197,180278,13128,292,9841,167,1044,8177,12261,17509,83366
0500000US36067,"Onondaga County, New York",36,067,37164,16555,50333,144354,174099,28395,15358,471129,27930,347603,48051,1541,19309,103,2185,24407,23223,26591,176365
0500000US36069,"Ontario County, New York",36,069,4941,1897,7185,36827,42471,4174,3638,112625,6438,97879,2314,23,1518,0,459,3994,4331,5277,43945
0500000US36071,"Orange County, New York",36,071,55639,24234,114694,116317,141270,14898,18678,406616,97218,235383,42597,364,11530,25,3099,16400,12286,26650,140629
0500000US36073,"Orleans County, New York",36,073,1401,673,2752,14169,13334,2498,2414,39608,2165,33500,1924,159,303,0,153,1404,2408,4114,14641
0500000US36075,"Oswego County, New York",36,075,2313,732,4559,38995,39826,7542,4930,117953,3925,107150,1074,98,923,10,516,4257,4820,8174,45180
0500000US36077,"Otsego County, New York",36,077,2452,1075,3837,23412,19253,2285,3094,60108,2687,52946,1328,64,922,52,209,1900,5778,2795,20871
0500000US36079,"Putnam County, New York",36,079,13624,4934,20022,29061,35890,1152,3549,98107,19656,69562,2702,86,2211,25,903,2962,2776,4861,37653
0500000US36081,"Queens County, New York",36,081,1104903,449391,1217430,707235,888905,133891,188936,2323052,652505,538469,379738,6757,601394,1585,54698,87906,34832,295386,407511
0500000US36083,"Rensselaer County, New York",36,083,8987,3760,11732,48572,58223,7264,5393,160332,9863,126252,10426,77,5123,19,844,7728,7001,8404,61354
0500000US36085,"Richmond County, New York",36,085,127461,40199,172778,161547,167325,22803,20293,494956,96941,274945,43634,723,62780,11,2739,13183,7449,40212,136243
0500000US36087,"Rockland County, New York",36,087,75523,32093,137817,93330,114349,12398,14078,341883,70586,204242,34759,204,20191,78,3732,8091,7297,26842,108235
0500000US36089,"St. Lawrence County, New York",36,089,3935,1886,6433,41400,30473,6467,6254,107226,2727,97759,2068,460,1169,8,217,2818,10723,7209,36824
0500000US36091,"Saratoga County, New York",36,091,13050,4743,16229,68994,94825,6660,6149,238284,9412,206826,3902,185,7043,78,1194,9644,4115,9442,97416
0500000US36093,"Schenectady County, New York",36,093,15977,5996,14517,48290,57744,9338,4940,160369,13270,108587,15384,234,7840,39,2784,12231,5243,9138,59771
0500000US36095,"Schoharie County, New York",36,095,931,249,1558,11338,8862,1764,1379,30049,1209,26662,381,9,268,50,355,1115,1313,1773,10892
0500000US36097,"Schuyler County, New York",36,097,359,143,624,6214,5473,1111,689,17562,366,16231,196,39,85,0,29,616,260,1257,6585
0500000US36099,"Seneca County, New York",36,099,974,435,2411,11781,10541,1637,2827,32920,1436,28731,1141,23,201,0,229,1159,1916,3629,11993
0500000US36101,"Steuben County, New York",36,101,2877,1325,4670,31199,30205,4761,4357,92588,1855,84645,1513,62,1513,0,332,2668,1739,5518,34580
0500000US36103,"Suffolk County, New York",36,103,257333,106159,359841,431667,598403,36965,71945,1530146,348579,948898,106126,2247,67617,120,10998,45561,29467,102797,609927
0500000US36105,"Sullivan County, New York",36,105,10335,5160,16583,26468,26355,5383,4293,79721,15158,52633,6685,121,1683,21,586,2834,4717,6790,27828
0500000US36107,"Tioga County, New York",36,107,1011,366,1373,16287,16344,2730,1352,47864,1149,44280,616,6,454,5,140,1214,654,2969,18682
0500000US36109,"Tompkins County, New York",36,109,13534,8853,17592,38058,38069,3869,4526,104537,6886,77012,3804,153,10602,54,1157,4869,15584,2722,30164
0500000US36111,"Ulster County, New York",36,111,14817,5901,21165,65264,62775,7262,12434,182601,22264,132160,10362,62,3828,40,2306,11579,14627,10584,62062
0500000US36113,"Warren County, New York",36,113,2139,904,2499,22323,23216,2940,2414,65517,1944,59880,784,22,610,32,189,2056,1261,3344,26703
0500000US36115,"Washington County, New York",36,115,1924,1061,2627,21272,21167,2955,2864,60522,1791,54331,1325,37,345,1,464,2228,2804,4468,24250
0500000US36117,"Wayne County, New York",36,117,2640,1139,5048,29140,33974,4368,6139,90929,4794,78743,2040,58,672,25,370,4227,2546,6001,36781
0500000US36119,"Westchester County, New York",36,119,260427,103320,329611,283439,390096,34921,49995,999677,273730,491832,126675,754,61515,190,11879,33102,26467,74601,280390
0500000US36121,"Wyoming County, New York",36,121,1070,482,1196,14886,12826,1816,1308,39753,1492,35057,1490,64,180,0,342,1128,3261,3841,14855
0500000US36123,"Yates County, New York",36,123,414,102,4103,8917,7281,1012,4772,24526,637,22974,200,13,209,0,38,455,1404,2559,7807
0500000US37001,"Alamance County, North Carolina",37,001,16841,10262,25909,52177,68937,9499,17939,176893,27012,102741,34608,310,3208,77,1238,7699,5916,13218,71870
0500000US37003,"Alexander County, North Carolina",37,003,1096,515,2189,13224,12538,1902,2824,36412,2031,31134,1828,26,363,0,26,1004,1550,3808,14555
0500000US37005,"Alleghany County, North Carolina",37,005,571,330,1092,5035,3302,725,1534,11174,1274,9370,178,9,52,0,0,291,228,1458,3794
0500000US37007,"Anson County, North Carolina",37,007,732,541,1246,8970,7121,2889,2756,22289,932,9749,9936,97,351,2,78,1144,1672,2728,8019
0500000US37009,"Ashe County, North Carolina",37,009,762,388,1267,10974,9025,1709,2619,26950,1630,24475,239,66,119,0,54,367,415,2327,10042
0500000US37011,"Avery County, North Carolina",37,011,741,506,814,8128,5015,946,2005,17680,1070,15152,676,19,74,80,22,587,2441,1649,5606
0500000US37013,"Beaufort County, North Carolina",37,013,1615,1134,2625,16589,14998,3243,3983,44499,3513,29481,10131,45,93,30,75,1131,525,3521,17124
0500000US37015,"Bertie County, North Carolina",37,015,339,303,645,8033,4044,1706,1548,17170,422,5904,10229,51,130,1,26,407,1537,2376,5697
0500000US37017,"Bladen County, North Carolina",37,017,1123,917,1925,12169,8245,3093,3001,29566,2752,15790,9495,697,47,21,62,702,446,2429,10085
0500000US37019,"Brunswick County, North Carolina",37,019,5482,2270,7311,68004,48983,5908,11413,152568,8583,123338,12620,333,1002,24,605,6063,909,8051,50452
0500000US37021,"Buncombe County, North Carolina",37,021,18510,10647,24594,94624,105816,9660,29382,274360,23475,221607,13207,165,3085,86,1018,11717,7385,15125,100735
0500000US37023,"Burke County, North Carolina",37,023,4672,2168,7788,31152,31853,5202,9430,87795,7457,69461,5312,121,3072,23,147,2202,2688,9126,37214
0500000US37025,"Cabarrus County, North Carolina",37,025,25585,15185,36808,58043,98666,8695,18433,236133,30081,135319,44139,206,14526,32,1431,10399,1768,12495,94341
0500000US37027,"Caldwell County, North Carolina",37,027,2443,1622,4326,27708,29560,4717,8358,80536,5381,68703,3262,74,426,70,51,2569,890,8866,32880
0500000US37029,"Camden County, North Carolina",37,029,171,50,238,2843,3920,426,490,10927,460,8536,1031,8,127,12,142,611,22,520,4618
0500000US37031,"Carteret County, North Carolina",37,031,2022,844,3609,26551,21686,2886,5499,69148,3401,58952,2841,154,692,11,287,2810,1185,3329,25852
0500000US37033,"Caswell County, North Carolina",37,033,727,460,1363,9161,7072,1778,2088,22404,1141,13429,6831,9,93,0,9,892,1252,2588,7794
0500000US37035,"Catawba County, North Carolina",37,035,11341,5851,19798,52778,64506,7896,17130,163573,18786,117581,12518,133,6955,41,574,6985,2567,13540,68440
0500000US37037,"Chatham County, North Carolina",37,037,8358,5317,11529,27595,28278,1675,7427,80151,10930,55672,7977,107,1791,68,590,3016,744,5391,27649
0500000US37039,"Cherokee County, North Carolina",37,039,565,207,968,12926,9621,1577,3668,29562,1088,26388,527,320,156,0,66,1017,390,1796,10075
0500000US37041,"Chowan County, North Carolina",37,041,319,258,595,5039,4572,1359,1113,13836,554,8353,4484,0,9,0,19,417,259,1026,5200
0500000US37043,"Clay County, North Carolina",37,043,394,123,268,5490,3220,570,1825,11610,481,10469,254,43,66,0,86,211,118,679,3993
0500000US37045,"Cleveland County, North Carolina",37,045,3164,1713,4807,33520,36846,8280,9362,100991,4792,71321,18030,222,953,64,224,5385,1921,8060,40286
0500000US37047,"Columbus County, North Carolina",37,047,1666,1191,2788,20213,15257,4531,6073,50140,2831,29364,14048,1534,249,39,126,1949,2268,4702,17806
0500000US37049,"Craven County, North Carolina",37,049,4222,1629,7758,34220,30475,6015,7422,102612,7996,66187,20030,184,2944,160,1122,3989,4500,5334,40556
0500000US37051,"Cumberland County, North Carolina",37,051,22888,10001,39078,92908,91981,24156,28811,338545,42995,134847,124301,3210,8682,1103,3283,20124,16985,14984,133734
0500000US37053,"Currituck County, North Carolina",37,053,1028,557,1353,8218,10641,686,2647,30601,1587,25646,1541,37,280,0,321,1189,77,1502,13987
0500000US37055,"Dare County, North Carolina",37,055,1785,1067,3136,11612,14284,851,3246,37875,2788,32339,964,10,169,10,362,1233,219,1529,15480
0500000US37057,"Davidson County, North Carolina",37,057,9676,4900,14969,56295,65448,9151,16073,172954,15456,131384,15813,245,2662,9,730,6655,1657,14093,69096
0500000US37059,"Davie County, North Carolina",37,059,2144,1391,3425,14734,16479,2020,3856,44122,3645,36195,1959,136,317,0,122,1748,373,2720,17892
0500000US37061,"Duplin County, North Carolina",37,061,6039,4956,10614,15908,16901,3290,7336,49335,11496,24769,10883,46,288,14,78,1761,475,5868,19311
0500000US37063,"Durham County, North Carolina",37,063,51280,32068,66133,88309,140575,12872,35571,332353,52523,138543,105711,729,17932,121,1707,15087,13619,19838,123591
0500000US37065,"Edgecombe County, North Carolina",37,065,1613,1092,3084,16269,16481,4642,5308,48736,3005,17030,27058,135,111,35,126,1236,762,5064,17688
0500000US37067,"Forsyth County, North Carolina",37,067,37819,23124,59657,118066,153369,22305,37873,389977,58888,208781,95863,473,9098,273,1961,14640,10721,25205,148705
0500000US37069,"Franklin County, North Carolina",37,069,4469,2563,6687,22889,27675,3551,6773,74386,8319,45138,16760,85,832,2,225,3025,1410,6027,30015
0500000US37071,"Gaston County, North Carolina",37,071,14951,8413,22039,70343,94584,15034,24995,234881,23213,155945,40152,330,3868,73,1521,9779,3154,19144,94033
0500000US37073,"Gates County, North Carolina",37,073,147,110,326,3789,3367,585,633,10376,225,6562,3214,56,0,0,0,319,67,753,4177
0500000US37075,"Graham County, North Carolina",37,075,153,71,463,3314,1857,518,992,8072,240,6853,30,771,54,0,34,90,170,859,2836
0500000US37077,"Granville County, North Carolina",37,077,3491,2468,5568,22854,19308,3131,5309,60877,6751,33754,17529,140,222,183,285,2013,4345,5079,21310
0500000US37079,"Greene County, North Carolina",37,079,1351,1135,2805,8315,6342,1513,2996,20486,3166,9316,6448,166,10,2,44,1334,2564,3088,7658
0500000US37081,"Guilford County, North Carolina",37,081,64827,33641,87274,158375,218876,33985,45704,547940,55083,252302,183433,724,29493,108,3268,23529,25482,33531,215611
0500000US37083,"Halifax County, North Carolina",37,083,1300,849,1996,18717,13580,5922,4232,47675,1612,17496,24542,1337,438,21,87,2142,1209,6061,15290
0500000US37085,"Harnett County, North Carolina",37,085,9089,5202,15970,43214,43469,7587,12917,139150,21043,81041,27559,773,1233,222,813,6466,3105,10460,53358
0500000US37087,"Haywood County, North Carolina",37,087,1728,856,2296,23333,22252,3675,7081,62662,3103,56657,545,264,229,0,144,1720,645,4161,24191
0500000US37089,"Henderson County, North Carolina",37,089,9824,5678,13726,42354,43473,4687,14594,118484,15507,94172,3107,290,1361,242,574,3231,1364,7479,46955
0500000US37091,"Hertford County, North Carolina",37,091,802,616,924,8074,5743,2305,1643,19908,1274,6406,11063,152,215,23,58,717,1680,2211,7026
0500000US37093,"Hoke County, North Carolina",37,093,3483,2181,5779,16218,14169,3864,5178,53835,8415,19401,17256,3551,808,40,497,3867,701,3968,20267
0500000US37095,"Hyde County, North Carolina",37,095,180,180,347,2200,1239,436,611,4592,464,2649,1112,67,0,0,0,300,738,419,1603
0500000US37097,"Iredell County, North Carolina",37,097,14055,7463,19068,55592,82944,6163,17588,196544,18191,142907,21753,192,4773,40,1503,7185,1574,11607,79278
0500000US37099,"Jackson County, North Carolina",37,099,1980,1422,3436,16522,14701,2242,6865,43771,3500,34317,927,2819,446,67,152,1543,4030,2669,16361
0500000US37101,"Johnston County, North Carolina",37,101,19441,11985,34196,61892,91354,9747,24131,234263,39336,143892,39214,514,1936,43,1084,8244,1846,14991,95996
0500000US37103,"Jones County, North Carolina",37,103,278,156,484,3511,2819,641,838,9302,471,5866,2475,43,112,0,0,335,131,766,3710
0500000US37105,"Lee County, North Carolina",37,105,6527,4869,12718,20376,24076,3822,7919,65816,14286,36695,11333,22,579,8,51,2842,920,6744,26971
0500000US37107,"Lenoir County, North Carolina",37,107,2400,1609,4317,19275,17556,6384,5461,54919,4843,25969,21540,58,410,18,114,1967,1228,6528,20859
0500000US37109,"Lincoln County, North Carolina",37,109,5075,2772,7518,29701,36241,4204,8029,92716,7542,75997,5472,125,733,18,182,2647,697,6939,36343
0500000US37111,"McDowell County, North Carolina",37,111,1426,1007,3092,16871,14771,3419,5037,44817,3170,38364,1724,138,506,0,7,908,1431,4831,17529
0500000US37113,"Macon County, North Carolina",37,113,2233,1376,2987,14951,12389,1640,5159,37941,3806,32344,521,89,237,0,44,900,332,2923,14450
0500000US37115,"Madison County, North Carolina",37,115,295,92,367,8354,7452,1017,1810,21867,796,19947,239,21,107,8,152,597,977,1510,8323
0500000US37117,"Martin County, North Carolina",37,117,365,93,787,7698,6968,1912,1518,21644,963,11071,8673,16,120,63,0,738,168,2474,8330
0500000US37119,"Mecklenburg County, North Carolina",37,119,200313,123286,241337,257713,545336,40445,132127,1154681,184569,498847,343410,1615,72816,413,6156,46855,16029,72559,412565
0500000US37121,"Mitchell County, North Carolina",37,121,356,164,627,5572,4790,1117,1391,14992,836,13643,139,41,71,0,28,234,453,1039,5803
0500000US37123,"Montgomery County, North Carolina",37,123,2063,1409,3915,10006,8450,1984,3157,26007,4115,16319,4163,119,381,0,73,837,742,3125,9940
0500000US37125,"Moore County, North Carolina",37,125,5317,2282,7248,36105,31318,3772,7626,104876,8196,79384,9355,398,1290,99,518,5636,1136,4744,37847
0500000US37127,"Nash County, North Carolina",37,127,3835,2248,8192,31427,35573,7087,10862,96216,7925,44504,38539,489,982,22,512,3243,1767,8668,37800
0500000US37129,"New Hanover County, North Carolina",37,129,13967,8445,18173,67824,97467,9694,22445,235229,18547,175818,25279,293,3194,42,1314,10742,5815,9785,93343
0500000US37131,"Northampton County, North Carolina",37,131,221,105,480,6828,5005,2078,1415,16931,407,6605,9216,42,5,0,57,599,469,1918,5996
0500000US37133,"Onslow County, North Carolina",37,133,8824,3028,19953,48415,49213,9138,16018,207906,29152,133070,23976,1046,3771,328,1196,15367,21587,7692,83173
0500000US37135,"Orange County, North Carolina",37,135,19317,9976,24382,47891,52544,3352,9727,149678,15914,99091,15117,334,11717,57,756,6692,11872,6276,44713
0500000US37137,"Pamlico County, North Carolina",37,137,361,195,465,6176,3230,591,980,12390,600,9090,1992,20,73,0,40,575,811,992,3652
0500000US37139,"Pasquotank County, North Carolina",37,139,1063,483,1504,13557,12077,2771,4343,40834,2469,21969,13978,74,572,28,219,1525,2242,2981,15522
0500000US37141,"Pender County, North Carolina",37,141,2771,1949,4916,20598,23004,2977,5608,65550,5787,48528,7945,128,454,0,310,2398,1210,4248,25942
0500000US37143,"Perquimans County, North Carolina",37,143,285,57,522,5441,3608,770,1283,13244,424,9314,2820,1,55,2,3,625,98,1172,4918
0500000US37145,"Person County, North Carolina",37,145,1238,753,1867,12964,14902,3298,3704,39542,2499,25382,10214,43,43,0,88,1273,434,3128,15238
0500000US37147,"Pitt County, North Carolina",37,147,10250,6356,14292,53673,64240,11320,17454,177193,13948,91928,61557,167,3480,37,603,5473,6064,9868,69313
0500000US37149,"Polk County, North Carolina",37,149,893,328,1058,7994,6952,873,1931,19891,1118,17234,876,26,154,0,70,413,352,1038,7081
0500000US37151,"Randolph County, North Carolina",37,151,9720,7708,18682,46509,55387,8752,16185,146348,20523,109713,8804,202,1923,9,380,4794,1538,15891,62010
0500000US37153,"Richmond County, North Carolina",37,153,1720,741,3222,14409,13182,4868,4801,42344,3297,23145,13227,835,418,0,241,1181,995,4758,16314
0500000US37155,"Robeson County, North Carolina",37,155,6446,4864,11234,44203,33648,14065,16309,116902,12723,27182,27088,44901,946,71,241,3750,3497,15006,39339
0500000US37157,"Rockingham County, North Carolina",37,157,3044,1837,5157,32943,33533,7022,8281,92131,6605,64421,15912,130,296,175,601,3991,1151,9657,35366
0500000US37159,"Rowan County, North Carolina",37,159,9378,6578,15432,48012,55759,9438,13795,149875,17788,101687,23231,117,1200,82,289,5481,3909,11490,58889
0500000US37161,"Rutherford County, North Carolina",37,161,2043,1025,2847,24108,21505,5183,7683,64930,3698,52457,4984,87,304,37,482,2881,1242,6028,23612
0500000US37163,"Sampson County, North Carolina",37,163,6332,4780,10736,20397,19914,4361,9105,59470,13098,29244,14293,978,255,30,215,1357,1475,6324,22186
0500000US37165,"Scotland County, North Carolina",37,165,1170,435,1622,12560,9883,3980,3152,33590,1349,13466,12424,3849,424,0,333,1745,2276,3809,11160
0500000US37167,"Stanly County, North Carolina",37,167,2833,1549,4278,21733,23947,3880,5693,64651,3685,50405,7258,18,1222,162,79,1822,1909,5192,25390
0500000US37169,"Stokes County, North Carolina",37,169,665,106,1273,17087,15859,2889,3392,45139,1730,40160,1650,82,33,0,175,1309,539,2888,17844
0500000US37171,"Surry County, North Carolina",37,171,4358,2751,7695,24994,25299,5839,7594,71425,8952,57935,2537,34,475,38,186,1268,1041,8256,28724
0500000US37173,"Swain County, North Carolina",37,173,391,293,1026,4954,3685,882,3285,14013,767,8292,363,3822,69,0,5,695,332,1322,5336
0500000US37175,"Transylvania County, North Carolina",37,175,1435,840,935,14817,11004,1647,3766,33691,1753,29516,1201,60,229,0,142,790,1103,1578,11172
0500000US37177,"Tyrrell County, North Carolina",37,177,194,183,268,1637,925,423,419,3423,263,1953,1117,5,0,0,11,74,425,451,1086
0500000US37179,"Union County, North Carolina",37,179,30533,14983,41406,63258,105554,6424,19197,250958,33636,167601,27313,282,11323,54,1130,9619,2840,14810,98121
0500000US37181,"Vance County, North Carolina",37,181,2431,1548,3612,13829,14602,3920,5528,42322,4006,15752,20032,451,288,0,0,1793,598,4233,15446
0500000US37183,"Wake County, North Carolina",37,183,179775,93451,215964,284009,518759,28628,88222,1178653,136184,662267,217692,1768,100413,308,7818,52203,21479,47859,416743
0500000US37185,"Warren County, North Carolina",37,185,585,391,843,8024,5612,1882,1958,18795,874,7103,8882,908,25,5,126,872,735,2242,6056
0500000US37187,"Washington County, North Carolina",37,187,122,115,309,5056,2614,1608,981,10812,436,4815,5154,10,0,0,0,397,154,1100,3203
0500000US37189,"Watauga County, North Carolina",37,189,1906,1162,3182,20214,19618,1589,5119,55123,3410,48766,873,73,487,0,40,1474,6591,2292,21145
0500000US37191,"Wayne County, North Carolina",37,191,9407,6842,16460,36416,38717,9310,13715,118652,16280,59511,35089,76,1403,110,353,5830,2870,10793,49433
0500000US37193,"Wilkes County, North Carolina",37,193,2463,1899,4709,24043,22548,4180,6792,65935,4915,56518,2403,108,396,0,21,1574,991,8760,25295
0500000US37195,"Wilson County, North Carolina",37,195,4832,2954,8937,26979,27909,6000,9549,79290,9830,35145,30627,175,910,0,415,2188,1386,7964,30477
0500000US37197,"Yadkin County, North Carolina",37,197,2264,1532,3860,12714,13860,2145,4463,37574,4676,30674,605,54,23,0,247,1295,393,3601,15405
0500000US37199,"Yancey County, North Carolina",37,199,601,335,1034,7193,5803,1120,1341,18797,1091,17068,153,14,86,0,9,376,165,1333,6647
0500000US38001,"Adams County, North Dakota",38,001,116,110,157,720,687,130,110,2145,99,1858,14,20,41,0,8,105,70,121,830
0500000US38003,"Barnes County, North Dakota",38,003,250,219,366,3394,3731,308,474,10773,222,9635,25,165,216,30,0,480,685,420,4575
0500000US38005,"Benson County, North Dakota",38,005,93,55,322,1913,1305,416,603,5808,113,2482,35,2921,48,0,0,209,24,411,1717
0500000US38007,"Billings County, North Dakota",38,007,13,13,17,272,345,0,61,1024,40,944,0,40,0,0,0,0,24,35,427
0500000US38009,"Bottineau County, North Dakota",38,009,198,143,234,2192,1822,138,524,6378,164,5684,0,297,31,0,10,192,267,266,2489
0500000US38011,"Bowman County, North Dakota",38,011,25,10,78,762,982,66,204,2906,78,2663,0,50,0,0,0,115,58,171,1149
0500000US38013,"Burke County, North Dakota",38,013,73,15,81,622,563,67,94,2156,54,1865,37,39,45,0,7,109,5,94,789
0500000US38015,"Burleigh County, North Dakota",38,015,3352,2082,4334,26788,38458,2377,4408,100600,3376,85417,1948,3273,983,520,227,4856,3987,3433,45268
0500000US38017,"Cass County, North Dakota",38,017,14869,8598,16082,38138,91907,5219,10570,193400,6953,157040,13485,1697,6166,4,983,7072,6457,5014,94116
0500000US38019,"Cavalier County, North Dakota",38,019,82,40,176,1171,979,73,153,3633,84,3342,0,24,26,0,34,123,73,195,1505
0500000US38021,"Dickey County, North Dakota",38,021,175,134,285,1293,1713,108,370,4935,204,4433,0,48,71,0,38,141,403,290,2060
0500000US38023,"Divide County, North Dakota",38,023,65,29,21,700,618,18,210,2167,94,1909,3,0,11,0,0,150,77,137,871
0500000US38025,"Dunn County, North Dakota",38,025,123,88,361,1091,1255,58,588,4040,182,3173,6,382,38,2,27,230,104,176,1416
0500000US38027,"Eddy County, North Dakota",38,027,12,5,33,721,651,77,109,2307,124,2022,0,98,0,1,0,62,87,109,932
0500000US38029,"Emmons County, North Dakota",38,029,23,0,204,1169,947,139,199,3254,39,3031,4,38,7,0,10,125,77,271,1077
0500000US38031,"Foster County, North Dakota",38,031,66,51,95,890,1262,146,161,3358,57,3126,10,5,61,0,14,85,91,170,1604
0500000US38033,"Golden Valley County, North Dakota",38,033,12,4,15,522,504,114,36,1653,10,1499,3,0,4,0,21,116,23,43,684
0500000US38035,"Grand Forks County, North Dakota",38,035,4904,3235,5514,17103,29094,1892,3184,72923,3919,59342,2708,1255,2020,18,266,3395,4742,1803,35211
0500000US38037,"Grant County, North Dakota",38,037,81,37,187,739,512,123,96,2269,28,2095,3,48,35,0,4,56,61,191,731
0500000US38039,"Griggs County, North Dakota",38,039,32,10,23,716,742,57,112,2245,40,2101,18,3,5,0,0,78,81,116,898
0500000US38041,"Hettinger County, North Dakota",38,041,23,11,93,803,638,47,116,2432,0,2290,4,62,7,0,14,55,128,119,903
0500000US38043,"Kidder County, North Dakota",38,043,39,5,90,805,673,63,55,2377,71,2243,5,0,8,0,0,50,0,150,804
0500000US38045,"LaMoure County, North Dakota",38,045,40,22,206,1139,1358,100,202,4118,79,3927,6,20,5,0,0,81,171,235,1726
0500000US38047,"Logan County, North Dakota",38,047,27,4,115,615,496,40,51,1819,71,1680,4,2,0,0,0,62,71,117,655
0500000US38049,"McHenry County, North Dakota",38,049,59,35,184,1517,1491,141,426,5207,112,4892,40,37,12,0,13,101,69,323,1906
0500000US38051,"McIntosh County, North Dakota",38,051,101,76,310,851,760,77,117,2497,82,2298,2,41,21,0,25,28,105,194,898
0500000US38053,"McKenzie County, North Dakota",38,053,720,497,1009,3107,5059,205,1547,14321,1729,10553,276,940,162,0,22,639,283,978,6116
0500000US38055,"McLean County, North Dakota",38,055,262,180,277,3346,3012,166,425,9823,201,8652,10,540,100,9,5,306,196,442,3934
0500000US38057,"Mercer County, North Dakota",38,057,174,45,418,2935,2919,98,619,8337,231,7615,1,204,42,0,0,244,157,512,3246
0500000US38059,"Morton County, North Dakota",38,059,381,148,1746,8165,13618,592,1869,33777,1486,29273,548,1341,46,50,154,879,684,1220,15969
0500000US38061,"Mountrail County, North Dakota",38,061,414,250,1099,2559,3220,183,1493,9507,819,5353,175,2692,54,15,0,399,143,682,3931
0500000US38063,"Nelson County, North Dakota",38,063,91,74,137,1017,880,66,117,3016,89,2763,14,29,22,0,8,91,117,155,1135
0500000US38065,"Oliver County, North Dakota",38,065,3,3,24,607,464,9,86,1839,18,1820,0,0,0,0,0,1,3,69,696
0500000US38067,"Pembina County, North Dakota",38,067,303,118,203,2157,2160,256,458,6727,286,5936,65,102,20,12,14,292,180,382,2715
0500000US38069,"Pierce County, North Dakota",38,069,21,3,84,1275,1313,133,295,3928,32,3567,11,167,17,0,20,114,154,209,1629
0500000US38071,"Ramsey County, North Dakota",38,071,365,130,511,2847,4307,590,922,11556,328,9358,79,1105,99,11,0,576,519,569,5504
0500000US38073,"Ransom County, North Dakota",38,073,131,49,322,1735,1886,136,152,5643,155,5179,64,17,37,0,0,191,339,307,2334
0500000US38075,"Renville County, North Dakota",38,075,79,63,56,671,679,64,118,2304,18,2166,5,5,13,0,0,97,48,135,1071
0500000US38077,"Richland County, North Dakota",38,077,311,136,446,4500,6625,426,1100,16584,624,14722,130,280,131,31,126,540,1477,595,7164
0500000US38079,"Rolette County, North Dakota",38,079,74,19,747,4141,2354,965,2614,11924,151,2172,17,9005,62,8,37,472,141,1095,3912
0500000US38081,"Sargent County, North Dakota",38,081,157,43,140,1043,1540,94,194,3804,110,3409,120,10,11,0,2,142,49,191,1738
0500000US38083,"Sheridan County, North Dakota",38,083,7,7,31,452,415,48,81,1303,5,1257,0,5,7,0,0,29,11,99,533
0500000US38085,"Sioux County, North Dakota",38,085,28,26,267,1234,517,409,784,3740,56,452,14,3081,25,0,29,83,76,237,921
0500000US38087,"Slope County, North Dakota",38,087,4,0,21,254,203,9,34,766,1,708,0,0,0,0,6,51,0,42,282
0500000US38089,"Stark County, North Dakota",38,089,1348,752,2441,7768,13523,1021,2156,33302,2429,28190,786,294,374,170,35,1024,816,1616,14800
0500000US38091,"Steele County, North Dakota",38,091,4,4,17,604,537,27,116,1804,35,1697,3,11,0,4,0,54,0,61,650
0500000US38093,"Stutsman County, North Dakota",38,093,563,297,746,6934,7961,885,1146,21549,696,19331,505,362,122,0,27,506,1863,1048,9109
0500000US38095,"Towner County, North Dakota",38,095,56,28,57,543,616,45,94,2079,106,1729,0,127,0,0,0,117,32,134,895
0500000US38097,"Traill County, North Dakota",38,097,227,122,255,2198,2889,147,351,7970,315,7114,77,63,45,1,38,317,488,296,3599
0500000US38099,"Walsh County, North Dakota",38,099,386,181,906,2926,3505,182,816,10396,1363,8450,85,134,94,0,0,270,375,807,4676
0500000US38101,"Ward County, North Dakota",38,101,2598,1453,3559,16242,24291,2025,4122,68973,4947,55434,2720,1089,1021,15,287,3460,1922,2330,32388
0500000US38103,"Wells County, North Dakota",38,103,38,11,99,1233,1193,117,142,3890,22,3698,0,14,8,0,10,138,102,208,1293
0500000US38105,"Williams County, North Dakota",38,105,3364,1998,4170,7589,15300,902,4507,39555,4028,29931,1858,1022,481,50,122,2063,678,1705,18081
0500000US39001,"Adams County, Ohio",39,001,348,210,321,10829,7998,2153,2252,27540,257,26370,110,45,132,9,24,593,321,2644,9483
0500000US39003,"Allen County, Ohio",39,003,2394,1071,3281,31433,39776,5691,5843,101348,3682,80069,9703,265,942,10,363,6314,3115,5089,41228
0500000US39005,"Ashland County, Ohio",39,005,617,310,2682,16601,20179,1854,3663,52256,935,49081,511,34,236,13,178,1268,1397,3096,21463
0500000US39007,"Ashtabula County, Ohio",39,007,1840,921,7258,33676,34533,7161,9652,97167,4843,84278,3625,44,421,33,284,3639,3408,8515,36575
0500000US39009,"Athens County, Ohio",39,009,2299,1508,3417,22904,19996,3314,3498,61737,1422,54699,1349,24,1257,0,120,2866,7611,3008,20674
0500000US39011,"Auglaize County, Ohio",39,011,257,102,442,12240,19438,1289,1595,46125,868,43493,447,12,152,0,66,1087,489,1629,20949
0500000US39013,"Belmont County, Ohio",39,013,794,311,994,25068,23210,4138,3407,65473,885,59366,1995,22,374,14,99,2718,3698,3762,25221
0500000US39015,"Brown County, Ohio",39,015,266,133,467,15065,15564,2904,2774,43845,572,41511,275,10,129,0,52,1296,523,3890,17104
0500000US39017,"Butler County, Ohio",39,017,31619,16746,39439,112773,158971,14429,24260,392876,27328,293022,32433,150,16962,400,1803,20778,11165,22284,154879
0500000US39019,"Carroll County, Ohio",39,019,57,39,1365,9845,9308,1344,2658,26659,355,25208,195,19,9,0,65,808,363,1787,9376
0500000US39021,"Champaign County, Ohio",39,021,454,152,578,11546,15274,1599,1959,38804,708,35596,637,72,187,0,206,1398,543,2419,16218
0500000US39023,"Clark County, Ohio",39,023,3535,2316,5361,44599,47371,10097,8857,135158,5733,110444,10798,61,798,96,313,6915,2562,10328,50876
0500000US39025,"Clermont County, Ohio",39,025,4924,2343,6689,60825,88358,6700,12149,211181,5441,191425,3177,63,2414,0,1140,7521,2097,11700,87269
0500000US39027,"Clinton County, Ohio",39,027,915,716,1033,12678,15890,1888,2490,42012,976,38534,749,16,108,16,104,1509,1158,2167,17043
0500000US39029,"Columbiana County, Ohio",39,029,969,536,1484,35646,37826,6288,6910,100704,1923,92652,1930,45,264,58,349,3483,3172,7475,40555
0500000US39031,"Coshocton County, Ohio",39,031,173,81,3290,12552,12728,2702,4420,36744,478,34634,202,29,177,0,114,1110,406,4176,12961
0500000US39033,"Crawford County, Ohio",39,033,515,355,905,13131,16066,2496,2510,41711,763,39211,310,8,352,0,15,1052,499,2551,17081
0500000US39035,"Cuyahoga County, Ohio",39,035,95730,36903,145163,370144,503867,90557,70503,1245873,87528,704159,354721,787,41070,266,6362,50980,27122,75459,458131
0500000US39037,"Darke County, Ohio",39,037,509,329,891,16282,20019,1728,3666,51594,966,48816,293,0,281,0,77,1161,564,3251,21566
0500000US39039,"Defiance County, Ohio",39,039,364,193,1888,11270,15352,1431,3195,38343,4270,32495,619,32,89,27,17,794,658,1910,16630
0500000US39041,"Delaware County, Ohio",39,041,22091,11050,24301,53355,97511,3002,10591,226834,7899,179540,9834,95,19472,28,928,9038,2073,4450,85254
0500000US39043,"Erie County, Ohio",39,043,1595,1090,2638,23687,28889,3695,3791,74581,3410,59349,6144,46,646,11,1142,3833,2503,3696,31440
0500000US39045,"Fairfield County, Ohio",39,045,7023,2385,8656,46504,62995,5469,9393,163453,4508,132271,15006,124,4915,139,348,6142,3222,6706,65047
0500000US39047,"Fayette County, Ohio",39,047,544,303,1168,9555,10354,1653,2558,28876,721,26211,590,1,244,0,48,1061,411,2617,11870
0500000US39049,"Franklin County, Ohio",39,049,173661,88457,207879,322651,564473,60349,116715,1333048,99547,773111,308232,740,74014,446,7370,69588,28666,78944,518297
0500000US39051,"Fulton County, Ohio",39,051,724,399,1553,12178,16150,1633,2132,42240,3938,36817,141,17,120,5,138,1064,416,1597,18674
0500000US39053,"Gallia County, Ohio",39,053,346,79,781,10899,8698,2206,2485,29068,308,26915,576,34,237,1,281,716,601,2566,10250
0500000US39055,"Geauga County, Ohio",39,055,2547,376,10473,27993,38870,1572,7647,95481,1868,88516,921,35,478,4,412,3247,1122,5502,37523
0500000US39057,"Greene County, Ohio",39,057,8014,3070,9233,51287,60842,5229,8063,169688,5613,137906,9829,107,5074,30,1343,9786,7159,6741,68772
0500000US39059,"Guernsey County, Ohio",39,059,328,175,1781,13263,13383,2790,4507,38223,519,35670,721,9,132,0,129,1043,534,3552,15322
0500000US39061,"Hamilton County, Ohio",39,061,51996,29070,62901,223892,348584,43374,47911,830774,39995,517650,198910,1157,22401,472,5200,44989,19432,41285,317459
0500000US39063,"Hancock County, Ohio",39,063,2505,1552,3587,21709,31531,2838,4216,74866,4588,65043,1364,14,1436,18,147,2256,1807,2184,32060
0500000US39065,"Hardin County, Ohio",39,065,301,140,1505,9331,11253,1448,3357,30475,732,28236,385,35,228,23,61,775,1845,1370,12383
0500000US39067,"Harrison County, Ohio",39,067,35,17,450,5587,4557,811,1711,14306,167,13410,382,4,17,0,12,314,252,1082,5038
0500000US39069,"Henry County, Ohio",39,069,303,120,878,7857,10633,701,1397,27567,2280,24217,138,23,35,24,141,709,380,1325,12317
0500000US39071,"Highland County, Ohio",39,071,239,164,1028,13535,15563,2555,3257,43517,531,41070,515,33,58,0,57,1253,492,3708,17825
0500000US39073,"Hocking County, Ohio",39,073,263,40,333,9523,9406,1923,2041,27799,269,26306,94,12,127,0,109,882,212,2086,10983
0500000US39075,"Holmes County, Ohio",39,075,167,114,19927,11717,16184,645,18121,44418,467,43238,40,44,28,22,80,499,793,10977,13564
0500000US39077,"Huron County, Ohio",39,077,977,701,2424,17761,22522,2665,3736,58319,4297,51029,453,21,234,0,293,1992,755,3616,24335
0500000US39079,"Jackson County, Ohio",39,079,255,144,458,11229,11229,2588,2547,32650,332,31117,250,111,171,0,1,668,328,3018,12316
0500000US39081,"Jefferson County, Ohio",39,081,753,279,1236,23872,23435,4493,3292,64518,1243,57055,3288,32,374,0,246,2280,2449,3574,24103
0500000US39083,"Knox County, Ohio",39,083,859,613,3747,20143,24085,2462,7065,63142,1288,58688,557,8,492,1,325,1783,3366,3739,23268
0500000US39085,"Lake County, Ohio",39,085,12436,4118,18458,65949,103164,7547,10471,232216,12314,195593,11024,162,3419,101,884,8719,2767,9394,100585
0500000US39087,"Lawrence County, Ohio",39,087,450,204,699,21539,18949,4751,3086,56819,630,53269,958,22,321,13,158,1448,611,4008,21630
0500000US39089,"Licking County, Ohio",39,089,8366,2297,11598,53646,71685,8177,9576,181837,4459,154713,7654,30,6787,52,1378,6764,3550,8039,70045
0500000US39091,"Logan County, Ohio",39,091,728,381,1096,14722,17841,2201,2728,46089,1084,42154,771,42,252,0,92,1694,399,2458,18241
0500000US39093,"Lorain County, Ohio",39,093,9937,3740,23507,99743,122390,14487,16441,317129,35037,239518,22627,266,4367,0,1009,14305,8555,18163,125751
0500000US39095,"Lucas County, Ohio",39,095,16915,6631,24683,126569,167633,29998,20637,428018,33507,283012,80792,190,7340,183,1869,21125,8361,24824,171611
0500000US39097,"Madison County, Ohio",39,097,994,420,2410,15025,16397,1522,3089,44423,1395,38299,1908,79,562,14,159,2007,4467,3354,16940
0500000US39099,"Mahoning County, Ohio",39,099,5440,2243,13152,78508,83741,18645,10992,226491,15428,166951,30724,140,1869,43,1038,10298,6214,13178,84400
0500000US39101,"Marion County, Ohio",39,101,983,335,2323,24709,21400,4191,3253,65020,2098,56085,3035,23,395,0,390,2994,5470,4908,23540
0500000US39103,"Medina County, Ohio",39,103,6100,1989,7678,49779,79250,4760,7285,183660,5002,167610,2007,81,1750,109,361,6740,1607,7448,78394
0500000US39105,"Meigs County, Ohio",39,105,107,74,197,9276,6344,2282,1427,21896,116,20974,199,3,56,0,31,517,202,2145,7562
0500000US39107,"Mercer County, Ohio",39,107,738,576,815,10868,17769,1119,1507,42484,951,40019,482,10,194,19,0,809,541,1358,19866
0500000US39109,"Miami County, Ohio",39,109,3118,1313,3410,31695,44692,3455,5101,110296,2366,99179,1962,22,2062,0,397,4308,902,5570,46693
0500000US39111,"Monroe County, Ohio",39,111,83,32,183,5000,3965,757,1018,13227,18,12610,58,4,53,0,37,447,112,858,4990
0500000US39113,"Montgomery County, Ohio",39,113,28567,14008,36666,157721,207321,31126,34248,536096,22744,362682,109097,247,12029,97,2225,26975,16828,27110,210595
0500000US39115,"Morgan County, Ohio",39,115,98,29,472,5451,4388,935,864,13651,157,12320,399,15,18,0,137,605,148,1193,4955
0500000US39117,"Morrow County, Ohio",39,117,357,94,2099,11177,13241,1594,3620,35404,684,33179,144,35,152,0,86,1124,315,2497,13883
0500000US39119,"Muskingum County, Ohio",39,119,628,344,2022,27951,31583,6638,5640,86411,1146,78242,2668,38,398,12,316,3591,1851,5563,35196
0500000US39121,"Noble County, Ohio",39,121,82,40,504,7384,3344,456,910,14282,247,13148,593,17,60,0,13,204,2426,1738,3956
0500000US39123,"Ottawa County, Ohio",39,123,327,182,927,14527,15010,1441,1547,39994,2113,36131,383,31,153,10,102,1071,574,1694,16228
0500000US39125,"Paulding County, Ohio",39,125,369,276,559,5605,7290,878,968,18791,1091,16905,34,21,100,0,6,634,84,1232,8201
0500000US39127,"Perry County, Ohio",39,127,191,131,984,12141,12315,2145,2876,35535,314,33992,73,0,47,0,46,1063,303,2879,14165
0500000US39129,"Pickaway County, Ohio",39,129,406,152,894,20163,21378,2630,3258,60131,1165,54491,1830,84,49,0,161,2351,4048,4276,22828
0500000US39131,"Pike County, Ohio",39,131,129,72,382,10653,8053,2583,1295,27044,150,25534,260,27,117,154,0,802,395,2440,9414
0500000US39133,"Portage County, Ohio",39,133,5965,3199,6977,48182,67712,6649,7992,161956,3717,139345,8087,130,3499,0,628,6550,7172,7665,65390
0500000US39135,"Preble County, Ohio",39,135,241,109,579,12541,15902,1707,2170,40765,465,38721,268,8,53,0,124,1126,371,2166,17291
0500000US39137,"Putnam County, Ohio",39,137,532,325,1096,9325,13882,898,1043,34314,2315,31149,183,14,55,21,151,426,373,1081,15277
0500000US39139,"Richland County, Ohio",39,139,2061,735,5492,43994,44242,7440,9669,125099,2837,104913,8840,82,943,145,913,6426,6805,8776,48482
0500000US39141,"Ross County, Ohio",39,141,766,303,1333,28956,25082,4916,4822,76492,1092,67635,4178,146,417,26,291,2707,5339,5990,29104
0500000US39143,"Sandusky County, Ohio",39,143,1122,530,2807,19648,22596,3340,3633,58778,6430,48137,1655,66,296,6,245,1943,1101,2653,24132
0500000US39145,"Scioto County, Ohio",39,145,741,364,1065,29653,21090,6527,3972,72627,1144,66822,1673,68,353,18,132,2417,3334,5667,24910
0500000US39147,"Seneca County, Ohio",39,147,667,403,1371,17233,22338,3001,2849,54770,3123,48097,1299,92,288,12,205,1654,2674,2478,23284
0500000US39149,"Shelby County, Ohio",39,149,601,262,781,13058,19954,1657,2019,47929,835,43873,1073,13,271,16,183,1665,473,2747,21607
0500000US39151,"Stark County, Ohio",39,151,8085,3531,10970,115996,151364,19848,20437,373713,11359,313107,26381,223,3334,113,936,18260,7686,17805,149176
0500000US39153,"Summit County, Ohio",39,153,32244,14092,37212,156781,223270,32721,29845,537864,14635,394826,73927,294,23323,61,2270,28528,8779,27766,216010
0500000US39155,"Trumbull County, Ohio",39,155,2340,656,9005,73474,71538,12094,13859,200929,4601,169916,16092,117,1001,64,391,8747,3935,13775,76354
0500000US39157,"Tuscarawas County, Ohio",39,157,2153,1395,7642,28625,35453,5437,7763,92385,4306,84889,575,66,326,6,347,1870,1040,7114,36351
0500000US39159,"Union County, Ohio",39,159,4194,2153,5015,16770,28320,1177,2471,67324,2260,56920,1537,87,3375,0,326,2819,2545,1936,26050
0500000US39161,"Van Wert County, Ohio",39,161,375,223,791,8345,11777,867,1136,28826,1219,26431,138,44,100,0,23,871,322,1180,12921
0500000US39163,"Vinton County, Ohio",39,163,137,0,332,4965,3636,1111,956,12630,25,12106,128,0,183,0,9,179,70,1553,4505
0500000US39165,"Warren County, Ohio",39,165,22638,11079,25632,67440,104680,4235,9577,250008,8749,204562,7904,165,17958,12,1634,9024,5484,8438,99592
0500000US39167,"Washington County, Ohio",39,167,732,294,1218,20488,21490,3347,3602,58978,741,55225,445,91,324,0,293,1859,1392,2611,23463
0500000US39169,"Wayne County, Ohio",39,169,3098,1770,15441,35693,44253,3632,15991,116588,2885,107644,1355,79,1322,0,426,2877,4313,10249,44113
0500000US39171,"Williams County, Ohio",39,171,498,275,1201,11563,14601,2195,1722,36719,1982,33347,221,17,241,8,65,838,958,2116,16003
0500000US39173,"Wood County, Ohio",39,173,4964,2414,7324,37430,54526,3766,5501,132064,8677,112891,2736,160,2775,124,221,4480,5793,4164,56701
0500000US39175,"Wyandot County, Ohio",39,175,294,263,263,6508,8881,755,739,21598,674,20320,52,2,0,0,39,511,264,785,9710
0500000US40001,"Adair County, Oklahoma",40,001,398,191,1330,6803,5083,1805,3575,19575,1407,7632,148,7622,249,10,8,2499,587,2018,6985
0500000US40003,"Alfalfa County, Oklahoma",40,003,112,48,257,2657,1146,183,467,5696,351,4591,202,115,24,6,9,398,1245,622,1805
0500000US40005,"Atoka County, Oklahoma",40,005,173,103,518,6079,3415,742,2475,14379,636,9599,590,1320,14,2,13,2205,1491,1532,4586
0500000US40007,"Beaver County, Oklahoma",40,007,492,289,1146,1645,1531,71,575,5028,1439,3234,37,45,3,0,21,249,84,485,1931
0500000US40009,"Beckham County, Oklahoma",40,009,819,528,1616,8885,6113,1519,2104,22148,3006,16562,1021,347,255,0,10,947,2947,2635,7167
0500000US40011,"Blaine County, Oklahoma",40,011,335,279,851,3128,2251,482,927,8570,1078,6022,332,524,3,0,0,611,574,822,3029
0500000US40013,"Bryan County, Oklahoma",40,013,1243,868,2431,15878,14508,2486,8932,48253,3882,32604,1013,5961,347,28,54,4364,888,3828,18008
0500000US40015,"Caddo County, Oklahoma",40,015,1157,700,2332,9742,7387,1391,4199,26447,4487,14248,823,4152,106,0,39,2592,1409,2254,9531
0500000US40017,"Canadian County, Oklahoma",40,017,9093,3805,16034,42347,64264,4863,15513,168985,20269,118388,6411,4654,5220,141,1500,12402,2392,8209,73327
0500000US40019,"Carter County, Oklahoma",40,019,1523,806,3224,15153,17317,3090,6818,48555,4166,32267,2946,3266,608,0,206,5096,919,3890,19609
0500000US40021,"Cherokee County, Oklahoma",40,021,1681,1031,3586,16794,13284,3092,8667,47942,3829,21513,607,14875,427,31,59,6601,1850,3335,17667
0500000US40023,"Choctaw County, Oklahoma",40,023,346,177,601,5267,3973,1472,2495,14297,723,8283,1394,2124,110,8,67,1588,185,1226,5055
0500000US40025,"Cimarron County, Oklahoma",40,025,177,152,551,734,641,39,437,2218,561,1473,1,2,0,0,9,172,14,204,744
0500000US40027,"Cleveland County, Oklahoma",40,027,19931,9760,32225,87292,106747,11590,28480,300047,33060,201553,13878,10176,14032,21,1051,26276,12825,14798,125520
0500000US40029,"Coal County, Oklahoma",40,029,42,8,191,2027,1392,362,1181,5320,246,3414,19,511,27,2,0,1101,48,507,1710
0500000US40031,"Comanche County, Oklahoma",40,031,7049,3312,12934,38017,31314,7246,12356,121825,17883,65572,16910,4670,3237,715,734,12104,9571,7108,45316
0500000US40033,"Cotton County, Oklahoma",40,033,65,24,197,1926,1597,363,471,5485,424,4064,92,309,5,0,14,577,78,440,2178
0500000US40035,"Craig County, Oklahoma",40,035,280,173,585,5729,3714,755,1999,14302,566,8740,479,2785,232,21,17,1462,1177,1460,4558
0500000US40037,"Creek County, Oklahoma",40,037,1383,730,2511,25026,25518,4169,7978,72830,3959,53196,1425,7867,511,0,183,5689,851,4544,27712
0500000US40039,"Custer County, Oklahoma",40,039,1420,889,3297,6992,11089,1303,3141,28259,5623,18594,723,1231,268,21,0,1799,1343,1877,12962
0500000US40041,"Delaware County, Oklahoma",40,041,770,232,1787,17191,12016,2682,5599,41279,1862,25637,151,8233,635,58,144,4559,617,3483,13709
0500000US40043,"Dewey County, Oklahoma",40,043,67,60,122,1407,1295,148,538,4360,261,3523,2,158,4,0,0,412,76,228,1537
0500000US40045,"Ellis County, Oklahoma",40,045,136,106,188,1353,1037,170,401,3683,350,3061,14,49,31,0,6,172,61,233,1315
0500000US40047,"Garfield County, Oklahoma",40,047,3934,2507,7684,16854,21814,3734,7452,62146,9451,43568,1394,571,772,2398,21,3971,1739,4811,26389
0500000US40049,"Garvin County, Oklahoma",40,049,1164,782,1656,8837,8672,1438,4118,25860,2695,18605,340,993,151,3,92,2981,284,2249,9892
0500000US40051,"Grady County, Oklahoma",40,051,1198,677,2098,17675,19248,2534,6631,56606,4037,44542,1042,1917,277,12,135,4644,958,3536,23011
0500000US40053,"Grant County, Oklahoma",40,053,12,4,139,1429,1256,191,402,4131,194,3521,78,95,6,0,11,226,70,247,1484
0500000US40055,"Greer County, Oklahoma",40,055,67,28,254,2479,1044,494,331,5489,712,3972,328,70,10,0,6,391,1013,779,1685
0500000US40057,"Harmon County, Oklahoma",40,057,194,76,395,923,648,215,435,2406,773,1264,215,38,25,0,3,88,77,327,809
0500000US40059,"Harper County, Oklahoma",40,059,417,364,660,1014,912,59,445,3203,784,2269,2,45,2,0,0,101,56,264,1437
0500000US40061,"Haskell County, Oklahoma",40,061,286,180,490,4162,3266,1019,1873,11683,621,7904,32,1810,135,0,26,1155,77,1203,4236
0500000US40063,"Hughes County, Oklahoma",40,063,330,234,1090,6088,2770,638,1685,13389,838,8034,697,2631,60,5,193,931,1750,1454,3780
0500000US40065,"Jackson County, Oklahoma",40,065,1571,817,3893,6644,6773,1494,3014,24678,6162,15066,1431,228,416,34,44,1297,808,2129,10568
0500000US40067,"Jefferson County, Oklahoma",40,067,201,129,422,1929,1512,487,737,5380,589,4075,65,203,3,0,0,445,127,550,1782
0500000US40069,"Johnston County, Oklahoma",40,069,139,120,308,4069,2806,756,1503,10278,630,6859,236,1305,6,3,10,1229,383,832,3444
0500000US40071,"Kay County, Oklahoma",40,071,1291,750,2453,14056,13732,2880,4823,43625,3932,31058,777,3004,210,251,140,4253,1320,2735,17212
0500000US40073,"Kingfisher County, Oklahoma",40,073,1317,855,2360,4201,5072,466,1733,15430,2863,11180,73,524,86,23,0,681,255,1095,6672
0500000US40075,"Kiowa County, Oklahoma",40,075,85,21,568,3014,2282,715,734,8383,1019,6014,302,305,45,1,24,673,179,604,2854
0500000US40077,"Latimer County, Oklahoma",40,077,70,29,157,4095,2266,731,1451,9518,391,5785,116,2379,26,0,5,816,333,996,3063
0500000US40079,"Le Flore County, Oklahoma",40,079,1760,1184,2998,18839,13559,3768,8267,49053,3903,33546,866,5444,356,29,40,4869,1678,4780,17168
0500000US40081,"Lincoln County, Oklahoma",40,081,302,142,579,11990,10558,1968,4044,34219,1364,27301,555,1855,192,17,124,2811,361,2586,12618
0500000US40083,"Logan County, Oklahoma",40,083,1966,1362,3349,17584,17091,1907,5925,51938,4664,38698,2957,1353,332,45,265,3624,1969,3005,20087
0500000US40085,"Love County, Oklahoma",40,085,667,362,1453,3246,3387,537,1339,10261,1867,6923,209,402,79,5,0,776,94,939,4130
0500000US40087,"McClain County, Oklahoma",40,087,1582,846,3002,12674,15549,1281,4271,45273,4414,34150,550,2478,269,2,138,3272,300,3197,19066
0500000US40089,"McCurtain County, Oklahoma",40,089,1061,650,2105,10859,8945,2376,4583,30863,2148,18160,2371,4200,321,506,45,3112,338,2819,11045
0500000US40091,"McIntosh County, Oklahoma",40,091,241,65,735,9275,4333,1589,3519,19400,637,12809,499,2932,186,18,13,2306,309,1789,5310
0500000US40093,"Major County, Oklahoma",40,093,354,237,544,2396,2445,405,617,7628,837,6218,1,64,34,0,24,450,108,517,3216
0500000US40095,"Marshall County, Oklahoma",40,095,892,544,1968,5926,4781,723,2831,15792,2866,9947,66,1045,69,24,48,1727,153,1488,5454
0500000US40097,"Mayes County, Oklahoma",40,097,439,196,1696,13591,12579,2160,5853,39604,1536,24572,143,7848,196,24,102,5183,405,2861,14535
0500000US40099,"Murray County, Oklahoma",40,099,271,227,615,4661,4515,605,1667,13753,994,9496,152,1691,0,38,0,1382,433,1255,5526
0500000US40101,"Muskogee County, Oklahoma",40,101,1789,1014,3219,24266,18442,5071,8818,66444,4961,35586,6415,11187,502,10,142,7641,3912,5467,22687
0500000US40103,"Noble County, Oklahoma",40,103,76,46,362,3798,3532,450,617,10897,511,8610,30,640,20,1,33,1052,351,770,4399
0500000US40105,"Nowata County, Oklahoma",40,105,109,52,207,3480,3067,648,1424,9435,300,6082,165,1453,66,0,31,1338,154,542,3370
0500000US40107,"Okfuskee County, Oklahoma",40,107,275,99,688,4981,2704,761,1387,11278,442,6776,731,1992,113,0,9,1215,1385,1152,3263
0500000US40109,"Oklahoma County, Oklahoma",40,109,87237,53497,142380,215620,295419,48425,108398,806199,162060,420185,112924,17108,27155,587,3155,63025,15285,60446,328551
0500000US40111,"Okmulgee County, Oklahoma",40,111,419,225,1248,13824,10373,3042,4721,36899,1906,22417,2584,5459,170,0,83,4280,1407,2798,12662
0500000US40113,"Osage County, Oklahoma",40,113,659,283,1574,17098,14529,2418,4663,45997,2155,28542,4633,4904,116,8,101,5538,1719,3266,16954
0500000US40115,"Ottawa County, Oklahoma",40,115,805,564,1560,10758,8937,2096,4771,30341,1859,18918,343,5585,245,227,13,3151,1127,2411,11185
0500000US40117,"Pawnee County, Oklahoma",40,117,231,102,445,5801,4702,947,1922,15795,615,11741,131,1442,81,60,35,1690,233,1393,5819
0500000US40119,"Payne County, Oklahoma",40,119,5236,3888,6869,28280,25754,3303,8970,82972,5450,60968,2931,3048,3482,54,157,6882,9608,2901,30894
0500000US40121,"Pittsburg County, Oklahoma",40,121,583,329,1493,16337,11008,3243,6144,43561,2495,29452,1070,3459,213,49,96,6727,2200,3724,15370
0500000US40123,"Pontotoc County, Oklahoma",40,123,940,522,1376,11556,10718,2330,6118,38235,2503,23979,948,6906,416,38,0,3445,1166,2385,15663
0500000US40125,"Pottawatomie County, Oklahoma",40,125,1530,816,2902,26647,20718,5005,8671,73463,4682,51105,2108,7949,701,93,153,6672,3656,5576,26218
0500000US40127,"Pushmataha County, Oklahoma",40,127,118,93,411,4507,2707,785,1970,10790,467,7437,141,1775,40,18,22,890,118,947,3754
0500000US40129,"Roger Mills County, Oklahoma",40,129,78,53,123,1088,831,148,352,3359,287,2689,4,161,10,17,3,188,15,132,1269
0500000US40131,"Rogers County, Oklahoma",40,131,2839,1293,5599,28942,36975,3941,10700,98610,6085,68019,884,12059,1835,62,378,9288,1679,4904,39894
0500000US40133,"Seminole County, Oklahoma",40,133,565,306,858,9026,6206,2014,3942,23494,1331,14652,842,4237,103,12,77,2240,727,2112,7716
0500000US40135,"Sequoyah County, Oklahoma",40,135,817,407,2141,14991,11576,3283,5964,39860,2022,24159,768,7348,272,20,26,5245,408,4108,14353
0500000US40137,"Stephens County, Oklahoma",40,137,1166,598,2032,15815,13746,3096,5394,43551,3783,33727,568,1378,239,18,115,3723,597,3093,16251
0500000US40139,"Texas County, Oklahoma",40,139,4806,3647,8546,5725,7479,458,2459,20774,10816,7774,1124,146,267,0,52,595,425,3010,8627
0500000US40141,"Tillman County, Oklahoma",40,141,209,159,863,2561,1925,517,704,6910,1919,4028,448,108,19,0,10,378,207,828,2396
0500000US40143,"Tulsa County, Oklahoma",40,143,67584,43118,104927,181181,271525,34993,89731,680794,107129,390141,63117,29948,25445,1166,2280,61568,10652,45342,276244
0500000US40145,"Wagoner County, Oklahoma",40,145,4416,2099,6898,24991,32837,2692,9713,86609,7584,57789,2960,6885,1896,24,365,9106,283,4602,36229
0500000US40147,"Washington County, Oklahoma",40,147,1889,889,3274,17899,18957,3254,5846,53326,3694,37430,1275,4354,1070,11,39,5453,1159,2667,20172
0500000US40149,"Washita County, Oklahoma",40,149,185,114,584,3429,3427,616,1214,10815,1045,8835,136,198,14,2,23,562,206,878,4058
0500000US40151,"Woods County, Oklahoma",40,151,134,113,319,2707,2688,328,610,8596,641,7025,221,168,3,0,60,478,996,536,3668
0500000US40153,"Woodward County, Oklahoma",40,153,1017,756,2046,5859,6917,731,2436,20158,3073,15288,220,565,78,5,31,898,842,1603,8725
0500000US41001,"Baker County, Oregon",41,001,332,93,366,7168,4549,1225,694,16840,896,14790,221,150,63,9,59,652,597,981,5047
0500000US41003,"Benton County, Oregon",41,003,9567,5687,12089,32368,31942,5123,4638,96303,9031,73428,1103,381,6365,196,550,5249,6754,2801,30339
0500000US41005,"Clackamas County, Oregon",41,005,37183,14906,49453,126614,170232,16492,18331,423975,42768,324526,4293,1365,21434,994,2525,26070,4450,16045,151919
0500000US41007,"Clatsop County, Oregon",41,007,1826,995,2726,15291,13886,2752,2881,41363,4156,33275,383,120,514,25,76,2814,786,2141,14425
0500000US41009,"Columbia County, Oregon",41,009,1858,785,2386,18478,19501,3258,2894,53493,3603,45096,332,401,423,227,187,3224,487,4015,20015
0500000US41011,"Coos County, Oregon",41,011,2565,1203,3245,26592,18902,6711,4423,64827,4720,53192,265,955,697,44,161,4793,1389,4085,22136
0500000US41013,"Crook County, Oregon",41,013,890,131,1635,9250,9371,1579,1501,26277,2071,22553,138,200,82,0,52,1181,194,2090,9663
0500000US41015,"Curry County, Oregon",41,015,1378,399,1274,11118,5876,1676,1142,23381,1809,19230,5,298,217,31,150,1641,264,1667,6542
0500000US41017,"Deschutes County, Oregon",41,017,10076,5728,14566,62585,82376,8417,12736,206334,19035,172275,710,758,2029,305,1106,10116,1421,7110,73800
0500000US41019,"Douglas County, Oregon",41,019,3150,1106,4594,47024,32445,10041,5762,112072,7444,94380,373,931,931,88,844,7081,2247,7287,35299
0500000US41021,"Gilliam County, Oregon",41,021,79,56,147,830,568,101,109,1971,186,1576,0,32,0,0,22,155,37,169,666
0500000US41023,"Grant County, Oregon",41,023,121,57,129,3048,1818,538,533,7209,306,6263,9,38,57,0,40,496,187,471,2287
0500000US41025,"Harney County, Oregon",41,025,174,110,339,2857,1897,723,455,7499,421,6341,140,135,0,35,3,424,204,517,2610
0500000US41027,"Hood River County, Oregon",41,027,3217,2107,5988,6187,9934,1202,2260,23905,7325,14781,181,24,190,33,221,1150,895,2281,8839
0500000US41029,"Jackson County, Oregon",41,029,11820,6016,19993,76800,79398,16488,12512,222645,32570,171054,1341,778,2218,142,1167,13375,4282,12927,79848
0500000US41031,"Jefferson County, Oregon",41,031,1735,1059,4019,9082,7413,2176,1768,25203,5372,14447,142,2779,118,17,224,2104,1179,1936,8668
0500000US41033,"Josephine County, Oregon",41,033,3389,1513,4870,36933,25378,8836,5733,88179,7777,73076,367,323,693,112,735,5096,1452,6318,27833
0500000US41035,"Klamath County, Oregon",41,035,3301,1606,5747,27833,19062,6861,4728,70247,9748,52278,507,1643,650,190,383,4848,1286,5247,22715
0500000US41037,"Lake County, Oregon",41,037,275,138,451,3539,2057,591,375,8267,896,6512,40,175,12,0,130,502,588,568,2621
0500000US41039,"Lane County, Oregon",41,039,20842,10382,32210,129560,138565,30686,21276,384207,40225,300302,4145,2655,9769,695,1740,24676,10107,18008,134316
0500000US41041,"Lincoln County, Oregon",41,041,2907,1465,4410,22511,14136,4876,3971,50964,5237,39899,183,1024,601,51,389,3580,597,3094,15725
0500000US41043,"Linn County, Oregon",41,043,5652,3276,9537,41893,45220,10009,8180,130706,13937,106209,513,496,1353,214,636,7348,1647,7158,49142
0500000US41045,"Malheur County, Oregon",41,045,2355,1597,6325,12322,8707,2916,2565,31954,10864,19232,321,200,372,42,38,885,3733,3424,9893
0500000US41047,"Marion County, Oregon",41,047,47850,29963,84008,105316,123852,24964,29501,349244,101164,211930,4094,1885,6882,3702,1848,17739,11173,32691,130150
0500000US41049,"Morrow County, Oregon",41,049,2229,1691,3829,3852,4285,843,1181,12300,5167,6462,103,9,27,8,30,494,66,1864,4531
0500000US41051,"Multnomah County, Oregon",41,051,104459,45864,143696,205784,358119,56291,44948,801477,108265,522687,42192,3171,59173,4719,4632,56638,21431,45047,260998
0500000US41053,"Polk County, Oregon",41,053,5680,2664,10175,29291,29108,6530,4341,89662,13990,66254,581,971,1666,514,563,5123,2152,4922,31036
0500000US41055,"Sherman County, Oregon",41,055,14,10,50,807,508,191,50,1938,85,1655,9,9,5,0,4,171,4,119,631
0500000US41057,"Tillamook County, Oregon",41,057,1414,1009,2574,11663,7671,1921,1283,27496,3122,22345,218,103,212,29,84,1383,879,1962,7877
0500000US41059,"Umatilla County, Oregon",41,059,8725,6017,17495,25675,25707,5875,5105,79940,23747,49135,582,1556,547,175,365,3833,3976,8393,30563
0500000US41061,"Union County, Oregon",41,061,1036,620,1227,8639,8616,2114,1804,26144,1441,22439,222,137,300,391,206,1008,506,1136,9515
0500000US41063,"Wallowa County, Oregon",41,063,139,45,288,2735,2281,406,472,7553,315,6737,99,11,22,0,64,305,102,350,2368
0500000US41065,"Wasco County, Oregon",41,065,2622,1731,4735,8606,9024,2299,2229,26552,5470,18810,114,469,185,87,46,1371,1270,2618,9660
0500000US41067,"Washington County, Oregon",41,067,110302,55268,147297,153737,269219,24720,31088,603947,112182,362515,13165,1554,68747,2866,3476,39442,8179,30888,216628
0500000US41069,"Wheeler County, Oregon",41,069,50,38,64,731,301,78,48,1485,72,1237,0,1,7,0,17,151,23,112,404
0500000US41071,"Yamhill County, Oregon",41,071,9155,5466,14350,35939,39416,6210,6207,108734,19181,79063,795,753,2104,227,755,5856,6201,7779,38138
0500000US42001,"Adams County, Pennsylvania",42,001,3942,2200,6802,31953,44592,3350,6278,106115,8213,92120,1716,19,1000,5,436,2606,4458,6439,43892
0500000US42003,"Allegheny County, Pennsylvania",42,003,81618,40743,99734,364285,542428,70877,47146,1238177,36691,934734,152924,628,53578,187,6773,52662,36969,39075,425568
0500000US42005,"Armstrong County, Pennsylvania",42,005,482,273,1694,23158,25027,4387,2590,64622,605,61357,608,8,211,0,116,1717,771,3353,25368
0500000US42007,"Beaver County, Pennsylvania",42,007,3080,1026,5178,52367,69581,10006,6402,166324,3968,143523,10253,55,795,24,561,7145,2847,5630,65264
0500000US42009,"Bedford County, Pennsylvania",42,009,582,255,1339,16839,18066,3116,3663,47513,644,45325,339,24,214,0,56,911,472,3341,19222
0500000US42011,"Berks County, Pennsylvania",42,011,42175,20466,87036,124816,181718,22640,31112,433015,107531,288465,17109,212,5418,95,2047,12138,13629,34292,171899
0500000US42013,"Blair County, Pennsylvania",42,013,1837,978,3771,41493,45451,9068,6937,121277,1925,111091,2293,37,849,0,208,4874,4098,5338,48383
0500000US42015,"Bradford County, Pennsylvania",42,015,1006,391,1413,21299,20702,3572,3996,59858,1011,56341,546,39,327,0,204,1390,707,3943,21877
0500000US42017,"Bucks County, Pennsylvania",42,017,67624,22708,83016,181872,285207,19418,25315,647461,42668,517605,23810,284,32447,69,4999,25579,9454,23388,251532
0500000US42019,"Butler County, Pennsylvania",42,019,4774,2173,6906,61386,81823,7285,6729,197254,3981,181959,2096,46,2832,36,983,5321,5547,6114,77057
0500000US42021,"Cambria County, Pennsylvania",42,021,1486,605,3294,50037,45610,10559,4199,131538,2796,118621,3726,56,722,5,219,5393,6652,6541,47322
0500000US42023,"Cameron County, Pennsylvania",42,023,38,4,50,1771,1434,577,93,4427,31,4091,4,13,20,0,31,237,47,252,1685
0500000US42025,"Carbon County, Pennsylvania",42,025,2448,649,3952,21389,26239,4252,3752,65382,4522,57491,1240,19,366,0,63,1681,844,4584,25752
0500000US42027,"Centre County, Pennsylvania",42,027,12608,8250,18963,61255,53542,4910,8044,158576,5824,131223,5045,401,9039,14,562,6468,21876,5359,50026
0500000US42029,"Chester County, Pennsylvania",42,029,55147,27143,71782,143570,244499,11536,23941,547840,45958,413154,26727,141,36881,137,2144,22698,15825,19305,201111
0500000US42031,"Clarion County, Pennsylvania",42,031,375,197,1161,12461,13895,2363,2235,37179,435,34978,590,3,255,0,63,855,1637,2195,14715
0500000US42033,"Clearfield County, Pennsylvania",42,033,1544,1076,3246,29591,27124,6255,4374,78635,2378,72309,1480,13,451,15,144,1845,4553,5481,29323
0500000US42035,"Clinton County, Pennsylvania",42,035,541,221,2560,13024,13032,2457,3906,37798,719,35368,391,19,224,0,74,1003,1761,2422,14351
0500000US42037,"Columbia County, Pennsylvania",42,037,1811,565,1939,22635,25082,2826,2570,65362,2663,59166,1085,16,480,121,318,1513,3848,3241,25110
0500000US42039,"Crawford County, Pennsylvania",42,039,993,346,4483,31030,28028,6313,7240,82716,1327,76806,1077,28,454,24,409,2591,4135,5450,28716
0500000US42041,"Cumberland County, Pennsylvania",42,041,20165,9285,26490,79700,104984,8281,14276,268323,13809,216534,11002,49,15263,0,1025,10641,13282,11680,100841
0500000US42043,"Dauphin County, Pennsylvania",42,043,28406,13323,40299,82249,112022,16085,18402,289593,34032,175496,47138,207,18879,56,1800,11985,6575,17741,108237
0500000US42045,"Delaware County, Pennsylvania",42,045,65024,24121,73590,160125,238588,28783,26354,579222,29222,361386,126799,202,36677,138,3036,21762,22927,24132,197677
0500000US42047,"Elk County, Pennsylvania",42,047,326,57,477,10030,12541,1932,700,30506,314,28831,184,4,130,0,1,1042,319,1291,13347
0500000US42049,"Erie County, Pennsylvania",42,049,13084,5943,17570,90468,101361,21112,11005,269052,12851,219947,18707,168,5869,25,1079,10406,13439,13178,102157
0500000US42051,"Fayette County, Pennsylvania",42,051,1619,798,2839,48066,44525,12964,5669,125997,1822,112234,4881,43,570,97,303,6047,4487,9118,45592
0500000US42053,"Forest County, Pennsylvania",42,053,130,91,411,4619,1207,268,276,6715,344,5258,923,24,24,0,5,137,2419,869,1516
0500000US42055,"Franklin County, Pennsylvania",42,055,5868,3191,11269,47953,59795,6967,13886,157379,11830,132719,4753,50,1630,0,572,5825,1761,9699,63552
0500000US42057,"Fulton County, Pennsylvania",42,057,71,36,129,4977,5257,883,733,14531,188,13546,187,6,33,0,167,404,87,1142,6003
0500000US42059,"Greene County, Pennsylvania",42,059,236,123,642,14334,10836,2977,1484,34835,556,31738,946,3,75,0,106,1411,3126,2535,12056
0500000US42061,"Huntingdon County, Pennsylvania",42,061,399,176,1256,18004,13679,2191,1883,43653,911,38975,1983,27,227,1,62,1467,5005,2726,15024
0500000US42063,"Indiana County, Pennsylvania",42,063,2017,1236,4474,30678,29626,5289,5873,83042,1546,76118,1782,5,743,0,105,2743,5306,4057,29628
0500000US42065,"Jefferson County, Pennsylvania",42,065,189,128,1824,15072,16072,2728,3695,43864,446,41871,137,22,110,0,147,1131,758,2448,17248
0500000US42067,"Juniata County, Pennsylvania",42,067,574,379,2426,7534,8877,939,3182,23379,969,21494,233,2,112,0,71,498,280,2667,9508
0500000US42069,"Lackawanna County, Pennsylvania",42,069,14567,7526,21187,71948,83491,15738,10478,216146,21190,172120,6433,120,6443,60,1391,8389,8562,12712,84285
0500000US42071,"Lancaster County, Pennsylvania",42,071,32433,12108,87781,152135,236553,19471,61761,557931,64326,441484,19142,239,13414,46,3251,16029,15502,47350,226172
0500000US42073,"Lawrence County, Pennsylvania",42,073,1125,411,2921,29822,31828,7368,4295,85024,1872,75451,3128,11,252,0,516,3794,2235,4651,31045
0500000US42075,"Lebanon County, Pennsylvania",42,075,6272,2291,17511,42442,55936,6934,12802,144186,21918,112982,2459,29,2317,4,561,3916,3833,11432,56663
0500000US42077,"Lehigh County, Pennsylvania",42,077,54656,25448,93655,107085,161616,22198,24159,378792,105976,223873,22374,172,13297,53,2058,10989,8869,24800,147128
0500000US42079,"Luzerne County, Pennsylvania",42,079,31554,17189,49242,106612,126035,26482,21058,327675,56836,243006,13382,46,3930,98,884,9493,10810,22818,127015
0500000US42081,"Lycoming County, Pennsylvania",42,081,1806,848,3421,37505,43470,6961,5741,113489,2691,99945,4513,88,1033,22,206,4991,5711,6798,44236
0500000US42083,"McKean County, Pennsylvania",42,083,601,344,881,15160,13806,3038,1777,39904,784,36598,854,19,285,0,145,1219,2922,2210,14774
0500000US42085,"Mercer County, Pennsylvania",42,085,1933,566,4228,41375,39264,8100,6732,109257,1837,96024,6151,83,694,19,445,4004,6637,6489,39570
0500000US42087,"Mifflin County, Pennsylvania",42,087,560,243,4307,14801,17437,3151,5819,46041,1050,42953,449,41,146,24,54,1324,704,4991,19240
0500000US42089,"Monroe County, Pennsylvania",42,089,18819,4930,26908,55695,63446,9234,10499,167515,30408,101195,21773,213,4291,34,2441,7160,3085,11472,63176
0500000US42091,"Montgomery County, Pennsylvania",42,091,99605,40139,120802,226964,392768,22272,33124,867573,58178,619965,79399,161,69790,152,5074,34854,22866,30021,317164
0500000US42093,"Montour County, Pennsylvania",42,093,1014,529,1304,6181,7066,511,643,18103,564,16112,428,4,622,0,40,333,808,843,6611
0500000US42095,"Northampton County, Pennsylvania",42,095,27467,10486,45558,97835,136372,12621,13748,318580,49253,229316,18087,39,9687,22,1883,10293,12986,15893,126979
0500000US42097,"Northumberland County, Pennsylvania",42,097,1441,670,3777,32695,33594,5909,4459,90560,4702,80361,2336,9,363,0,426,2363,3699,6460,34348
0500000US42099,"Perry County, Pennsylvania",42,099,780,471,2759,14439,17561,1934,4696,46239,1164,43223,357,25,141,10,53,1266,470,3513,18227
0500000US42101,"Philadelphia County, Pennsylvania",42,101,239646,116030,362262,465180,618776,177955,111385,1579706,245882,524385,605533,1837,124921,212,12678,64258,47538,133163,390339
0500000US42103,"Pike County, Pennsylvania",42,103,4997,1201,7800,22913,20741,3046,3515,60621,7537,46637,3404,31,814,0,132,2066,435,3140,20862
0500000US42105,"Potter County, Pennsylvania",42,105,227,95,601,6043,5415,978,1061,16188,279,15305,68,12,63,6,33,422,244,984,5639
0500000US42107,"Schuylkill County, Pennsylvania",42,107,3945,1798,9213,50045,53594,9958,9402,143558,11184,123800,3766,23,678,1,209,3897,7101,10178,55944
0500000US42109,"Snyder County, Pennsylvania",42,109,665,292,3271,12822,15290,1455,4779,39668,1035,37215,259,3,258,118,97,683,3173,4294,15588
0500000US42111,"Somerset County, Pennsylvania",42,111,989,419,2904,27080,25801,4209,4555,72799,1127,67938,1889,8,382,1,258,1196,4240,4977,27728
0500000US42113,"Sullivan County, Pennsylvania",42,113,105,48,194,2681,1879,207,232,5888,138,5487,133,1,5,0,8,116,327,363,2146
0500000US42115,"Susquehanna County, Pennsylvania",42,115,753,321,983,14278,13308,2002,2349,38219,924,35833,87,2,172,2,85,1114,325,2571,13444
0500000US42117,"Tioga County, Pennsylvania",42,117,556,139,882,14659,14189,2344,2433,40945,694,38879,308,24,156,0,30,854,1115,2299,15646
0500000US42119,"Union County, Pennsylvania",42,119,1637,1130,4463,18164,13876,1711,3939,42456,2147,36495,2404,58,779,0,111,462,8952,4037,13089
0500000US42121,"Venango County, Pennsylvania",42,121,419,183,929,18693,17195,4145,2176,49801,639,46472,610,37,156,9,275,1603,1088,3173,18641
0500000US42123,"Warren County, Pennsylvania",42,123,437,119,1041,14239,13463,2361,1521,37920,481,35720,286,9,166,36,84,1138,685,1895,14300
0500000US42125,"Washington County, Pennsylvania",42,125,5117,2284,7138,67376,86254,12279,8009,210042,4335,188331,6628,19,2703,5,634,7387,5641,8238,80649
0500000US42127,"Wayne County, Pennsylvania",42,127,2205,576,2909,21613,16394,2708,3305,51262,2638,44815,1514,32,379,25,392,1467,3184,3075,17373
0500000US42129,"Westmoreland County, Pennsylvania",42,129,6790,2237,9470,117743,144415,21526,10469,352500,5692,322149,8790,79,3387,61,681,11661,7305,11715,140265
0500000US42131,"Wyoming County, Pennsylvania",42,131,433,236,591,9017,9942,1732,1007,25967,658,24183,150,7,63,0,6,900,718,1372,10450
0500000US42133,"York County, Pennsylvania",42,133,19202,8117,36301,128198,195623,20436,22068,462924,44412,365243,26685,156,6728,117,2873,16710,7902,26190,193565
0500000US44001,"Bristol County, Rhode Island",44,001,4891,1203,6213,15495,20424,1074,1142,50490,2108,44588,501,12,1308,8,108,1857,3641,2280,19623
0500000US44003,"Kent County, Rhode Island",44,003,12246,5141,15296,48440,74102,8756,5419,171456,11762,143517,3196,56,5007,75,691,7152,1960,8820,76402
0500000US44005,"Newport County, Rhode Island",44,005,5954,2263,7872,26274,32047,3030,3186,84657,5701,69726,2723,137,1403,90,770,4107,3932,2813,32589
0500000US44007,"Providence County, Rhode Island",44,007,138851,65967,204880,188467,277669,46094,35411,664854,170376,375742,46237,1070,27690,455,7225,36059,27755,62824,257066
0500000US44009,"Washington County, Rhode Island",44,009,6560,2539,7752,43091,50902,2987,2606,130344,4968,115866,1568,346,2719,15,371,4491,7345,3976,52821
0500000US45001,"Abbeville County, South Carolina",45,001,568,133,598,10022,7807,1411,2462,24420,526,16720,6212,5,50,0,164,743,906,2188,8939
0500000US45003,"Aiken County, South Carolina",45,003,5746,2810,9782,58592,57663,7543,15118,174160,12577,110667,41210,219,1625,46,833,6983,2586,11775,66455
0500000US45005,"Allendale County, South Carolina",45,005,72,41,268,3647,1924,928,824,7661,585,1748,5081,63,18,11,2,153,937,1155,2330
0500000US45007,"Anderson County, South Carolina",45,007,8300,4266,9970,67731,77095,8864,21293,210478,10853,158004,28388,972,2209,38,656,9358,3251,17297,84475
0500000US45009,"Bamberg County, South Carolina",45,009,167,96,230,5101,3657,1117,1601,13042,183,4828,7747,41,66,0,15,162,918,1994,4038
0500000US45011,"Barnwell County, South Carolina",45,011,493,329,634,7034,6633,1990,2459,20521,595,10367,8776,25,120,6,84,548,397,2262,7837
0500000US45013,"Beaufort County, South Carolina",45,013,15114,9296,21846,72103,65633,4306,15756,195289,24168,131453,30270,53,2149,0,1044,6152,7163,7608,73097
0500000US45015,"Berkeley County, South Carolina",45,015,16611,9112,23105,66603,90655,6615,21976,246802,22587,148260,56035,650,6245,151,1500,11374,3834,14646,103836
0500000US45017,"Calhoun County, South Carolina",45,017,278,9,500,5320,4745,817,1138,14182,557,7781,5524,0,30,4,0,286,194,1381,5282
0500000US45019,"Charleston County, South Carolina",45,019,28308,16390,35658,118176,166030,11493,34200,420264,30143,270977,95215,292,7411,249,1735,14242,10335,19757,168748
0500000US45021,"Cherokee County, South Carolina",45,021,1788,1172,2814,19751,18671,3105,5896,56647,3137,39486,10574,91,304,0,790,2265,1134,5738,21778
0500000US45023,"Chester County, South Carolina",45,023,419,253,672,10781,11438,2204,3755,32182,974,18579,11102,49,126,11,98,1243,179,3309,12990
0500000US45025,"Chesterfield County, South Carolina",45,025,1563,1021,2263,15057,14845,3158,5030,43784,2572,25575,13139,99,202,0,140,2057,836,5335,16598
0500000US45027,"Clarendon County, South Carolina",45,027,580,318,984,13426,9391,2111,2659,30986,1005,15264,13670,58,260,0,21,708,1392,3576,10334
0500000US45029,"Colleton County, South Carolina",45,029,1314,1123,1913,13856,11499,3837,5747,38783,1767,21908,13048,97,172,21,108,1662,493,4156,13782
0500000US45031,"Darlington County, South Carolina",45,031,1167,592,1920,22121,20634,4986,5587,62558,1552,33244,25390,126,364,0,105,1777,1210,5592,23400
0500000US45033,"Dillon County, South Carolina",45,033,382,299,861,9343,8746,2596,3452,27862,979,12398,12608,557,9,0,8,1303,351,3548,10259
0500000US45035,"Dorchester County, South Carolina",45,035,9156,4115,11858,46225,60472,5597,16680,167201,12058,101283,41565,348,3492,20,1090,7345,2173,8949,68889
0500000US45037,"Edgefield County, South Carolina",45,037,1100,881,1301,10994,8985,1201,2280,27476,1976,15532,8276,21,85,0,211,1375,2463,3285,10573
0500000US45039,"Fairfield County, South Carolina",45,039,228,23,366,7710,6687,1879,1415,20550,516,7998,11192,16,21,0,98,709,388,2260,8085
0500000US45041,"Florence County, South Carolina",45,041,4085,2297,5866,44941,46863,8488,12544,137117,4591,67339,58849,143,2230,20,555,3390,3295,11140,52523
0500000US45043,"Georgetown County, South Carolina",45,043,1719,675,1853,27343,20795,3112,6327,64811,2353,42659,17990,81,184,13,167,1364,625,3773,22667
0500000US45045,"Greenville County, South Carolina",45,045,47765,26313,64935,151376,229652,16773,54468,548166,63570,357627,83676,1163,13609,135,2864,25522,11569,33690,219794
0500000US45047,"Greenwood County, South Carolina",45,047,2303,1583,3202,24754,24171,3806,5054,69489,5019,40086,21680,34,600,0,500,1570,3541,5385,27032
0500000US45049,"Hampton County, South Carolina",45,049,413,348,782,6776,5019,1401,1808,18254,757,7407,9471,38,179,0,85,317,394,1947,6812
0500000US45051,"Horry County, South Carolina",45,051,25571,12731,32521,152206,130719,11900,44420,383016,28001,289203,44384,636,5137,312,1985,13358,6811,23232,138013
0500000US45053,"Jasper County, South Carolina",45,053,3607,2476,5509,12887,10302,1467,4463,32166,5661,14861,10556,28,205,0,5,850,1263,2118,11527
0500000US45055,"Kershaw County, South Carolina",45,055,2216,1021,3296,21746,23328,3175,5821,68314,4057,44979,16195,97,474,6,43,2463,371,5162,27256
0500000US45057,"Lancaster County, South Carolina",45,057,7382,3745,9351,35190,39161,3874,8066,104475,7808,70227,20113,101,2605,0,305,3316,1672,7518,36483
0500000US45059,"Laurens County, South Carolina",45,059,2626,1906,3677,23583,24419,4730,8366,68666,4614,45157,15724,40,403,65,89,2574,2244,7711,27317
0500000US45061,"Lee County, South Carolina",45,061,380,354,526,7261,4376,1741,1540,16166,390,5374,10051,19,26,0,8,298,1231,2228,5321
0500000US45063,"Lexington County, South Carolina",45,063,19847,11213,27275,85997,113120,11870,26159,304887,24118,214367,46071,300,6636,28,1674,11693,2715,16918,126633
0500000US45065,"McCormick County, South Carolina",45,065,75,7,85,5790,2085,446,314,9760,80,5473,3906,4,16,10,64,207,868,1152,2564
0500000US45067,"Marion County, South Carolina",45,067,402,324,1087,11802,8254,2710,3892,28664,789,11058,15716,185,0,0,51,865,227,2784,9560
0500000US45069,"Marlboro County, South Carolina",45,069,553,333,673,11662,6927,2254,2975,25975,708,9934,12400,768,107,0,182,1876,2440,3924,8119
0500000US45071,"Newberry County, South Carolina",45,071,1874,1340,3345,13487,12865,1964,3350,38435,3551,22958,11047,36,182,0,108,553,1406,3472,14655
0500000US45073,"Oconee County, South Carolina",45,073,3387,1997,3918,31740,25967,3940,8741,80469,5022,66876,4159,293,575,30,185,3329,846,7483,28794
0500000US45075,"Orangeburg County, South Carolina",45,075,1842,879,3000,31284,24864,6856,8034,83253,2231,27570,50502,209,832,16,102,1791,3707,8929,28912
0500000US45077,"Pickens County, South Carolina",45,077,4775,3165,7174,48356,48472,4369,11546,134629,7236,111318,7685,84,2197,146,630,5333,8499,10432,52093
0500000US45079,"Richland County, South Carolina",45,079,25204,13327,34813,121157,146985,17881,34898,422117,27169,166175,198097,273,12528,334,2867,14674,26886,20854,161044
0500000US45081,"Saluda County, South Carolina",45,081,1393,1106,3084,6739,5935,1065,3375,19131,3275,10931,4063,0,71,7,203,581,335,2134,6975
0500000US45083,"Spartanburg County, South Carolina",45,083,30292,15611,43495,104685,136077,14389,36913,347852,32322,226992,66985,255,8163,150,1521,11464,7919,27350,143115
0500000US45085,"Sumter County, South Carolina",45,085,3142,1336,6019,34127,31025,6454,10389,104725,4655,45700,47939,124,1516,148,648,3995,2859,7230,41705
0500000US45087,"Union County, South Carolina",45,087,391,298,611,10203,8765,2276,2774,26885,559,17272,7387,81,43,5,36,1502,409,3473,9920
0500000US45089,"Williamsburg County, South Carolina",45,089,689,531,726,12546,9077,2582,3118,30282,758,9744,19119,74,238,0,65,284,1633,3172,10713
0500000US45091,"York County, South Carolina",45,091,19814,10791,24474,76271,123605,7393,22244,293673,21772,194624,53428,1057,8838,23,1881,12050,3740,14780,116844
0500000US46003,"Aurora County, South Dakota",46,003,123,99,173,686,892,47,133,2642,184,2279,15,7,6,0,8,143,84,140,1112
0500000US46005,"Beadle County, South Dakota",46,005,2329,1362,3449,4672,7307,851,1398,19309,2878,13156,189,208,1892,4,74,908,621,1551,8159
0500000US46007,"Bennett County, South Dakota",46,007,55,32,369,1172,718,156,914,3345,169,1149,6,1874,49,0,0,98,42,238,912
0500000US46009,"Bon Homme County, South Dakota",46,009,55,44,446,3039,1906,152,287,7044,166,6064,164,393,7,0,29,221,1530,486,2370
0500000US46011,"Brookings County, South Dakota",46,011,2184,1594,3264,8918,13892,610,1793,35353,1609,30925,371,277,1160,0,10,1001,3257,555,15438
0500000US46013,"Brown County, South Dakota",46,013,1619,974,2345,9609,15140,1441,2126,37877,1770,32081,495,1088,1114,28,32,1269,1099,1574,17283
0500000US46015,"Brule County, South Dakota",46,015,72,35,280,1529,1628,122,351,5283,121,4289,34,531,0,0,0,308,347,327,2004
0500000US46017,"Buffalo County, South Dakota",46,017,0,0,14,537,250,120,777,1808,31,316,0,1414,0,0,17,30,0,101,470
0500000US46019,"Butte County, South Dakota",46,019,141,29,267,2549,4015,324,1220,10676,456,9395,0,114,50,16,18,627,159,771,4800
0500000US46021,"Campbell County, South Dakota",46,021,73,72,99,462,529,43,77,1593,125,1412,0,8,1,0,0,47,2,96,512
0500000US46023,"Charles Mix County, South Dakota",46,023,78,35,579,2597,2380,430,1548,9281,274,5916,14,2509,54,0,3,511,337,516,3203
0500000US46025,"Clark County, South Dakota",46,025,104,87,243,1160,1137,25,269,3917,209,3554,21,23,27,0,8,75,143,242,1242
0500000US46027,"Clay County, South Dakota",46,027,575,398,604,4180,5454,547,1359,15219,504,12807,278,392,452,0,6,780,2493,586,6308
0500000US46029,"Codington County, South Dakota",46,029,372,171,811,7332,12398,628,1782,28767,946,25997,198,536,176,0,122,792,549,1193,14111
0500000US46031,"Corson County, South Dakota",46,031,0,0,469,1156,443,283,645,3806,20,1138,0,2532,0,0,0,116,0,292,801
0500000US46033,"Custer County, South Dakota",46,033,236,63,477,3487,2872,204,948,8892,274,7801,29,177,39,0,123,449,224,385,3403
0500000US46035,"Davison County, South Dakota",46,035,397,288,643,5002,8154,679,1579,19952,1017,17606,133,626,99,0,130,341,712,1153,9144
0500000US46037,"Day County, South Dakota",46,037,95,78,199,1875,1761,168,450,5437,154,4514,2,534,4,0,3,226,135,255,2034
0500000US46039,"Deuel County, South Dakota",46,039,65,32,226,1252,1671,61,296,4328,136,4062,22,0,4,0,0,104,36,198,1756
0500000US46041,"Dewey County, South Dakota",46,041,22,19,283,1301,679,359,1086,5205,54,1094,27,3841,3,0,0,186,86,366,1413
0500000US46043,"Douglas County, South Dakota",46,043,86,73,107,686,908,21,435,2828,84,2597,18,60,0,0,1,68,137,179,1222
0500000US46045,"Edmunds County, South Dakota",46,045,94,63,243,1253,1179,57,175,4048,108,3796,2,20,30,0,3,89,106,228,1343
0500000US46047,"Fall River County, South Dakota",46,047,195,138,286,2948,1639,382,926,7258,249,6088,0,372,140,47,20,342,285,512,2541
0500000US46049,"Faulk County, South Dakota",46,049,14,7,126,665,576,12,130,2126,28,2021,0,5,5,0,0,67,185,125,724
0500000US46051,"Grant County, South Dakota",46,051,494,378,775,1893,3342,230,576,7563,559,6751,28,21,59,0,0,145,311,442,3343
0500000US46053,"Gregory County, South Dakota",46,053,44,9,78,1101,1394,127,326,4016,24,3462,35,162,43,10,0,280,72,210,1666
0500000US46055,"Haakon County, South Dakota",46,055,0,0,16,535,517,21,113,1722,2,1550,22,108,0,0,24,16,54,45,704
0500000US46057,"Hamlin County, South Dakota",46,057,249,219,325,1362,2332,71,475,6373,375,5810,9,11,17,0,10,141,174,300,2668
0500000US46059,"Hand County, South Dakota",46,059,28,27,103,796,1126,54,153,3140,65,2895,15,45,3,0,63,54,72,104,1289
0500000US46061,"Hanson County, South Dakota",46,061,42,31,176,779,1238,35,340,3472,48,3186,12,0,0,0,0,226,57,151,1491
0500000US46063,"Harding County, South Dakota",46,063,11,2,30,229,369,10,32,1148,16,1047,17,6,0,0,16,46,40,51,470
0500000US46065,"Hughes County, South Dakota",46,065,197,46,684,4848,5239,446,1128,17664,580,14162,9,1900,116,0,0,897,960,406,8011
0500000US46067,"Hutchinson County, South Dakota",46,067,141,77,404,1935,2665,231,365,7404,200,6723,8,60,25,0,8,380,468,333,3052
0500000US46069,"Hyde County, South Dakota",46,069,5,1,10,375,353,12,70,1191,19,1025,3,11,0,0,0,133,49,92,430
0500000US46071,"Jackson County, South Dakota",46,071,0,0,127,1115,388,195,756,2802,12,1026,0,1715,0,0,0,49,40,155,648
0500000US46073,"Jerauld County, South Dakota",46,073,60,44,55,423,688,27,59,1772,124,1584,0,0,0,0,3,61,40,84,732
0500000US46075,"Jones County, South Dakota",46,075,47,47,53,259,325,4,87,1004,10,805,0,175,0,0,3,11,0,43,318
0500000US46077,"Kingsbury County, South Dakota",46,077,50,20,139,1442,1927,83,274,5244,152,4787,0,47,23,0,19,216,138,265,2209
0500000US46079,"Lake County, South Dakota",46,079,405,270,518,3142,3872,246,428,10972,577,9748,80,270,81,19,28,169,534,505,4776
0500000US46081,"Lawrence County, South Dakota",46,081,555,177,1227,8515,11555,1027,2407,27233,1057,24182,69,675,122,22,66,1040,929,911,12579
0500000US46083,"Lincoln County, South Dakota",46,083,3448,1691,3841,13133,33792,919,2900,70638,2226,62872,1616,212,1217,0,386,2109,307,1618,33977
0500000US46085,"Lyman County, South Dakota",46,085,22,17,128,1196,850,136,789,3724,44,2127,1,1464,1,13,1,73,73,251,1235
0500000US46087,"McCook County, South Dakota",46,087,90,72,204,1314,2274,112,437,5751,206,5328,16,34,0,0,12,155,187,206,2466
0500000US46089,"McPherson County, South Dakota",46,089,6,6,303,787,710,29,39,2145,3,2076,0,3,0,4,0,59,321,262,777
0500000US46091,"Marshall County, South Dakota",46,091,134,108,240,1228,1628,26,169,4344,278,3636,5,239,8,0,13,165,140,224,1904
0500000US46093,"Meade County, South Dakota",46,093,509,276,976,7683,11220,708,2701,30546,1489,25971,533,480,211,14,201,1647,1075,1057,13846
0500000US46095,"Mellette County, South Dakota",46,095,0,0,340,610,328,159,474,1943,17,674,0,1089,0,7,10,146,46,209,616
0500000US46097,"Miner County, South Dakota",46,097,3,0,29,684,866,64,132,2300,30,2208,16,17,4,0,0,25,66,89,996
0500000US46099,"Minnehaha County, South Dakota",46,099,15410,8335,19489,40682,95478,7124,16331,203289,13457,159712,12724,3588,3158,80,675,9895,5620,9829,94883
0500000US46101,"Moody County, South Dakota",46,101,261,164,428,1668,2192,108,693,6397,371,4729,13,796,108,3,0,377,91,208,2588
0500000US46102,"Oglala Lakota County, South Dakota",46,102,22,0,1793,6244,556,1446,5887,13491,259,950,9,12248,0,0,0,25,440,1828,2317
0500000US46103,"Pennington County, South Dakota",46,103,2809,1411,4673,32534,43136,3738,11217,113512,6444,88293,1244,6831,1401,20,770,8509,3786,4299,48488
0500000US46105,"Perkins County, South Dakota",46,105,39,12,27,801,907,107,316,3001,32,2762,0,35,20,0,8,144,84,111,936
0500000US46107,"Potter County, South Dakota",46,107,32,8,64,743,825,22,99,2388,0,2227,37,21,15,0,29,59,62,66,1001
0500000US46109,"Roberts County, South Dakota",46,109,118,70,507,3046,2680,386,1820,10221,269,5770,33,3522,83,0,15,529,234,561,3506
0500000US46111,"Sanborn County, South Dakota",46,111,40,23,109,567,782,54,124,2384,123,2150,0,56,0,0,0,55,50,178,939
0500000US46115,"Spink County, South Dakota",46,115,67,52,282,1995,1940,107,573,6219,175,5757,97,24,0,0,3,163,276,285,2259
0500000US46117,"Stanley County, South Dakota",46,117,42,0,147,801,980,30,104,3015,66,2651,0,78,0,0,28,192,0,122,1455
0500000US46119,"Sully County, South Dakota",46,119,73,70,83,384,588,31,101,1526,0,1320,69,60,0,0,6,71,2,42,706
0500000US46121,"Todd County, South Dakota",46,121,228,180,3250,2983,1210,1023,2084,9244,224,747,41,7541,287,5,22,377,167,772,2154
0500000US46123,"Tripp County, South Dakota",46,123,96,50,200,1786,1751,231,762,5611,107,4485,44,770,25,0,5,175,220,474,2082
0500000US46125,"Turner County, South Dakota",46,125,175,153,316,2125,3480,304,606,8882,314,8263,37,44,27,12,3,182,245,421,4028
0500000US46127,"Union County, South Dakota",46,127,342,230,490,4278,7240,303,868,17081,823,15101,160,127,190,18,27,635,135,513,7974
0500000US46129,"Walworth County, South Dakota",46,129,21,11,191,1598,1689,182,547,5271,29,4120,18,561,32,0,12,499,160,320,2144
0500000US46135,"Yankton County, South Dakota",46,135,680,507,1252,7284,8981,712,1250,23414,1370,20356,366,480,75,0,2,765,1893,1039,10004
0500000US46137,"Ziebach County, South Dakota",46,137,9,9,377,686,217,186,617,2377,35,644,0,1646,0,7,0,45,0,148,624
0500000US47001,"Anderson County, Tennessee",47,001,2568,1145,3713,26935,28523,3901,6613,79153,3226,68364,2604,120,1102,10,539,3188,1157,4906,30157
0500000US47003,"Bedford County, Tennessee",47,003,4510,3742,6873,14815,19098,1997,7521,52237,8364,38007,3309,69,441,0,24,2023,759,5059,21438
0500000US47005,"Benton County, Tennessee",47,005,407,221,379,6530,4580,1126,1606,16006,454,14350,233,0,166,101,0,702,186,1342,5316
0500000US47007,"Bledsoe County, Tennessee",47,007,328,165,450,6803,4771,878,2395,15032,525,13010,910,45,26,0,9,507,1201,2337,5499
0500000US47009,"Blount County, Tennessee",47,009,4418,2279,4885,45021,55677,3281,12982,139333,6517,123265,3515,73,1067,35,731,4130,1876,8887,57702
0500000US47011,"Bradley County, Tennessee",47,011,6545,3302,9588,34352,40392,4973,11128,111065,9320,90175,4598,150,1275,24,809,4714,2755,8648,45245
0500000US47013,"Campbell County, Tennessee",47,013,334,187,419,15847,12304,3181,3432,39761,636,38035,190,5,74,14,31,776,551,4772,14027
0500000US47015,"Cannon County, Tennessee",47,015,120,91,246,5232,4772,603,1242,14818,460,13617,337,19,0,0,12,373,131,1464,5564
0500000US47017,"Carroll County, Tennessee",47,017,419,199,531,10803,8947,1438,2804,28641,899,23982,2385,33,87,0,26,1229,1183,2111,10205
0500000US47019,"Carter County, Tennessee",47,019,938,631,1333,22699,17583,3483,6518,56712,1422,52636,1078,13,63,0,82,1418,1457,4416,20920
0500000US47021,"Cheatham County, Tennessee",47,021,1287,798,1846,11504,16618,957,3587,41829,1993,37268,824,91,300,85,51,1217,326,3014,17833
0500000US47023,"Chester County, Tennessee",47,023,322,121,503,6525,5538,857,1340,17611,593,14754,1667,29,29,0,180,359,1226,1354,6380
0500000US47025,"Claiborne County, Tennessee",47,025,401,160,538,12881,10623,2031,2908,32466,560,30505,191,22,186,0,54,948,1255,3793,11478
0500000US47027,"Clay County, Tennessee",47,027,79,17,120,3457,1639,879,621,7670,18,7196,256,20,41,0,0,139,103,866,2371
0500000US47029,"Cocke County, Tennessee",47,029,438,168,781,14057,12383,2913,4642,36813,1144,33859,814,98,181,0,8,709,364,4056,14286
0500000US47031,"Coffee County, Tennessee",47,031,1770,1015,3051,19006,21126,2706,6166,59710,3770,50924,2467,14,764,18,133,1620,634,4730,23255
0500000US47033,"Crockett County, Tennessee",47,033,766,584,1224,4100,4923,741,1404,13944,1585,9901,1503,107,62,3,7,776,206,1123,6184
0500000US47035,"Cumberland County, Tennessee",47,035,1681,771,2084,29275,18612,3191,5276,63553,2250,59001,444,49,221,0,33,1555,635,4392,20349
0500000US47037,"Davidson County, Tennessee",47,037,107179,67076,128334,161204,327585,26860,89025,715388,99569,380315,173588,432,24576,353,3884,32671,20987,45318,295095
0500000US47039,"Decatur County, Tennessee",47,039,273,188,384,4750,3581,787,1170,11579,429,10428,315,0,161,0,29,217,184,1359,4161
0500000US47041,"DeKalb County, Tennessee",47,041,1015,791,1049,7542,6987,1145,1811,20959,1624,18243,304,48,227,0,38,475,287,2294,7909
0500000US47043,"Dickson County, Tennessee",47,043,1144,736,1814,16367,21819,2017,4436,55983,2835,48823,1686,101,67,0,238,2233,727,4165,22917
0500000US47045,"Dyer County, Tennessee",47,045,744,444,820,11871,12566,2336,3378,36508,1444,28091,5489,23,226,0,0,1235,547,2671,14896
0500000US47047,"Fayette County, Tennessee",47,047,1308,649,1757,14822,16674,1663,3184,43267,1645,28374,10812,20,302,16,178,1920,491,2701,17168
0500000US47049,"Fentress County, Tennessee",47,049,246,85,254,8542,5023,1763,2088,19309,413,18160,41,0,42,10,0,643,194,2482,6177
0500000US47051,"Franklin County, Tennessee",47,051,1150,777,1705,15861,15632,1449,3385,43990,1678,38436,2151,22,410,0,111,1182,2415,2491,17110
0500000US47053,"Gibson County, Tennessee",47,053,941,505,1630,16383,18116,3366,4634,50869,1714,38065,7406,246,202,8,180,3048,909,3786,20194
0500000US47055,"Giles County, Tennessee",47,055,512,353,810,10862,10501,1374,2251,30620,894,25382,2617,24,150,0,240,1313,671,2625,11845
0500000US47057,"Grainger County, Tennessee",47,057,739,214,556,9734,8011,1350,2044,24266,877,22631,259,39,43,103,40,274,165,2552,8911
0500000US47059,"Greene County, Tennessee",47,059,1443,645,2617,28127,23887,3329,6544,71628,2773,65138,1217,51,365,28,151,1905,1834,6193,25981
0500000US47061,"Grundy County, Tennessee",47,061,88,54,186,5641,3612,868,1812,13819,56,12956,62,16,105,0,2,622,198,1703,4621
0500000US47063,"Hamblen County, Tennessee",47,063,5228,4027,8708,21493,23463,3650,8321,65669,9926,50517,1909,43,661,376,198,2039,619,5206,25974
0500000US47065,"Hamilton County, Tennessee",47,065,24870,15643,33515,109761,153638,14488,36308,376192,30267,257073,63574,223,7773,47,1868,15367,9760,22597,151396
0500000US47067,"Hancock County, Tennessee",47,067,156,116,122,2973,1820,984,758,6852,102,6530,38,0,23,0,0,159,131,1090,2231
0500000US47069,"Hardeman County, Tennessee",47,069,428,170,653,11119,6478,1759,1641,25433,560,13508,9706,84,187,6,10,1372,3651,3140,7756
0500000US47071,"Hardin County, Tennessee",47,071,221,183,653,10933,8535,1634,3810,27249,678,24745,935,31,8,0,34,818,419,3309,9830
0500000US47073,"Hawkins County, Tennessee",47,073,565,308,1051,23893,17891,3041,5492,57964,1181,54232,722,36,344,0,71,1378,547,5354,18583
0500000US47075,"Haywood County, Tennessee",47,075,266,61,541,6144,5532,1773,1955,17475,844,7523,8526,16,21,0,90,455,214,2075,6617
0500000US47077,"Henderson County, Tennessee",47,077,385,290,362,10570,8627,1802,3299,27980,835,23993,2199,37,45,0,28,843,360,2213,9819
0500000US47079,"Henry County, Tennessee",47,079,492,134,1053,12713,10076,1762,3628,32412,977,27845,2141,128,180,17,15,1109,452,2553,11423
0500000US47081,"Hickman County, Tennessee",47,081,389,255,741,8889,8590,952,2033,25436,858,22475,790,104,111,0,101,997,1485,2454,10269
0500000US47083,"Houston County, Tennessee",47,083,107,37,109,3210,2428,516,951,8353,269,7517,214,10,22,0,0,321,183,648,3168
0500000US47085,"Humphreys County, Tennessee",47,085,337,211,475,7127,5903,835,2187,19214,561,17232,337,9,57,0,206,812,376,1727,7210
0500000US47087,"Jackson County, Tennessee",47,087,41,25,244,4734,3655,758,999,12029,342,11096,49,19,0,4,0,519,163,1415,4328
0500000US47089,"Jefferson County, Tennessee",47,089,1064,475,2024,18941,21951,2360,5036,56864,2648,50968,841,36,300,1,348,1722,1633,4532,24150
0500000US47091,"Johnson County, Tennessee",47,091,434,281,851,8637,5011,1101,2221,18196,591,15880,853,110,52,0,74,636,1633,2485,5902
0500000US47093,"Knox County, Tennessee",47,093,31875,18670,40476,141012,200949,17979,40620,494148,31276,390789,39459,333,11413,375,2122,18381,12714,25164,205029
0500000US47095,"Lake County, Tennessee",47,095,131,39,243,3946,1012,657,677,6579,206,4224,1467,55,31,10,0,586,2144,1389,1540
0500000US47097,"Lauderdale County, Tennessee",47,097,318,242,707,10476,6901,2117,2307,24784,685,14482,8300,48,155,8,39,1067,2133,2789,8230
0500000US47099,"Lawrence County, Tennessee",47,099,647,287,2167,14566,14521,2390,6416,45385,1272,41779,625,6,160,25,24,1494,506,4136,16813
0500000US47101,"Lewis County, Tennessee",47,101,46,32,61,4421,4402,1010,1840,12992,410,11877,73,0,27,0,0,605,255,1217,5251
0500000US47103,"Lincoln County, Tennessee",47,103,753,351,975,11970,12454,1273,3444,35946,1482,30426,1998,16,217,0,59,1748,448,3096,14490
0500000US47105,"Loudon County, Tennessee",47,105,3987,2681,4910,21911,20813,1547,5130,58580,6095,49910,704,34,515,0,250,1072,421,4547,22238
0500000US47107,"McMinn County, Tennessee",47,107,1276,658,2090,19557,19187,2873,4942,54884,2506,47117,1735,21,450,0,90,2965,1145,4943,21377
0500000US47109,"McNairy County, Tennessee",47,109,295,97,368,9823,7890,1510,2590,25970,561,23102,1394,46,108,0,21,738,314,2123,9525
0500000US47111,"Macon County, Tennessee",47,111,840,704,1001,7974,9348,1663,2560,26240,1837,23242,164,9,46,0,0,942,253,3037,10954
0500000US47113,"Madison County, Tennessee",47,113,3692,2343,5263,30710,36927,6540,9900,99295,5190,52995,35924,106,961,55,347,3717,4051,6343,38087
0500000US47115,"Marion County, Tennessee",47,115,347,246,459,11100,9490,1728,2410,29250,728,26334,871,32,43,0,20,1222,191,3580,9809
0500000US47117,"Marshall County, Tennessee",47,117,1166,635,2662,10853,13238,905,3733,36049,2542,29921,1347,30,250,0,295,1664,312,2254,14013
0500000US47119,"Maury County, Tennessee",47,119,4152,2623,6300,31016,44095,2674,9108,107791,8722,82285,11064,145,1077,13,267,4218,1204,5042,44568
0500000US47121,"Meigs County, Tennessee",47,121,269,76,200,5389,4276,828,1404,13343,249,11901,296,0,52,0,54,791,151,1422,4583
0500000US47123,"Monroe County, Tennessee",47,123,1058,460,2456,19213,14938,3064,5509,47695,2220,41463,950,89,104,0,143,2726,554,4998,16770
0500000US47125,"Montgomery County, Tennessee",47,125,16013,8347,21977,57723,74624,7142,20011,234153,26629,138855,44843,336,5974,655,1054,15807,4512,8249,98604
0500000US47127,"Moore County, Tennessee",47,127,103,4,54,2322,2368,183,461,6674,140,6131,144,3,39,1,0,216,97,438,2705
0500000US47129,"Morgan County, Tennessee",47,129,213,136,1199,9438,5687,1033,2020,21361,416,19517,903,26,13,4,0,482,2086,2280,7054
0500000US47131,"Obion County, Tennessee",47,131,823,565,1360,11112,9783,1957,2563,30453,1686,24113,3198,23,99,40,66,1228,316,3172,11665
0500000US47133,"Overton County, Tennessee",47,133,150,56,436,7945,7675,1067,1810,23065,512,21732,318,28,56,8,28,383,217,2847,9387
0500000US47135,"Perry County, Tennessee",47,135,185,85,218,3206,2383,480,1147,8697,120,7742,24,107,20,16,0,668,150,721,3082
0500000US47137,"Pickett County, Tennessee",47,137,57,39,229,2225,1410,378,315,5079,106,4822,7,5,0,0,0,139,82,560,1685
0500000US47139,"Polk County, Tennessee",47,139,180,25,404,6923,5856,1043,2638,17898,388,15941,138,6,50,0,48,1327,233,1787,6594
0500000US47141,"Putnam County, Tennessee",47,141,4715,2742,6165,26213,30238,3111,8647,82558,6928,70197,1963,50,947,0,156,2317,3542,5840,34143
0500000US47143,"Rhea County, Tennessee",47,143,929,761,1499,13166,10628,2297,4371,33992,2142,29632,504,9,163,0,129,1413,701,3956,12196
0500000US47145,"Roane County, Tennessee",47,145,787,165,1125,21134,17018,2983,4064,55208,1357,49837,1409,52,359,0,69,2125,480,4240,20753
0500000US47147,"Robertson County, Tennessee",47,147,4220,2640,6373,19920,29883,2086,7629,75539,7559,59484,5448,31,563,8,260,2186,797,5002,32287
0500000US47149,"Rutherford County, Tennessee",47,149,39307,22844,54515,79822,155723,9079,35954,360646,43964,229745,52973,317,13036,272,2227,18112,4773,17370,158242
0500000US47151,"Scott County, Tennessee",47,151,105,20,80,8121,6255,1973,2892,22113,47,21327,54,42,75,3,19,546,276,2846,8148
0500000US47153,"Sequatchie County, Tennessee",47,153,457,368,586,7072,4665,1022,1968,16809,831,15150,75,5,139,26,48,535,254,2047,4996
0500000US47155,"Sevier County, Tennessee",47,155,7525,5935,9518,30594,38862,2911,13147,99652,9577,84825,1094,114,1271,36,402,2333,856,8204,44090
0500000US47157,"Shelby County, Tennessee",47,157,72296,46838,96214,251105,343105,56268,108730,919173,81334,300954,480352,439,26990,840,3631,24633,14656,61365,360013
0500000US47159,"Smith County, Tennessee",47,159,306,234,648,6362,7497,780,1679,20389,641,18356,379,5,80,39,9,880,189,1727,8650
0500000US47161,"Stewart County, Tennessee",47,161,315,173,496,5385,3939,591,1639,14027,425,12705,196,13,114,0,1,573,134,1074,5326
0500000US47163,"Sullivan County, Tennessee",47,163,3001,1527,3958,58697,57381,9053,14113,160624,4217,147130,3263,175,1204,0,425,4210,2434,11868,60219
0500000US47165,"Sumner County, Tennessee",47,165,8236,4686,13765,53170,84534,4779,15124,204424,14779,160733,17073,145,3236,70,1171,7217,1627,10911,84903
0500000US47167,"Tipton County, Tennessee",47,167,566,339,1603,19436,21150,2817,4953,61553,1916,45413,11207,101,281,0,277,2358,528,4279,24059
0500000US47169,"Trousdale County, Tennessee",47,169,269,215,677,4833,4042,405,525,11957,485,9460,1319,25,9,0,131,528,2504,1214,4792
0500000US47171,"Unicoi County, Tennessee",47,171,263,65,870,6953,5889,1059,1432,17756,1188,16005,120,43,25,0,0,375,429,1741,7068
0500000US47173,"Union County, Tennessee",47,173,105,14,385,7392,7001,1171,1639,20431,485,19213,70,0,11,0,20,632,153,2057,7339
0500000US47175,"Van Buren County, Tennessee",47,175,56,10,409,2537,1646,479,957,6437,144,6092,17,9,8,0,1,166,83,642,2262
0500000US47177,"Warren County, Tennessee",47,177,1530,1219,2909,14201,14149,2433,5003,42166,4199,35131,1088,24,240,63,2,1419,621,3999,16614
0500000US47179,"Washington County, Tennessee",47,179,4792,2651,6082,45939,49762,4886,14057,136261,6679,117050,4767,89,2009,36,473,5158,4752,8271,53632
0500000US47181,"Wayne County, Tennessee",47,181,304,195,569,7378,4280,1018,1644,16168,441,14302,691,26,0,26,12,670,1756,1985,5556
0500000US47183,"Weakley County, Tennessee",47,183,921,552,1281,12354,10681,1869,2994,33016,1007,27970,2597,53,446,12,59,872,2178,2698,12423
0500000US47185,"White County, Tennessee",47,185,300,140,744,10398,8903,1463,3417,28160,909,25871,287,20,124,46,65,838,323,3176,10170
0500000US47187,"Williamson County, Tennessee",47,187,22119,12302,24106,67961,105607,1728,11486,260351,15611,210687,10162,133,13865,0,1418,8475,899,6420,91017
0500000US47189,"Wilson County, Tennessee",47,189,10449,6167,12029,42390,65497,3158,11247,158805,10359,125986,11334,46,3537,21,1804,5718,1776,7237,65000
0500000US48001,"Anderson County, Texas",48,001,3789,2279,7908,26123,14907,3161,8931,58439,11442,32202,10281,797,390,60,167,3100,10369,6093,18910
0500000US48003,"Andrews County, Texas",48,003,2568,1570,7011,4562,6668,891,4133,18610,10707,7223,292,64,58,0,33,233,200,2626,7964
0500000US48005,"Angelina County, Texas",48,005,6981,4425,15614,27974,27747,5405,15083,87275,20528,50770,10591,238,825,0,291,4032,3409,8391,33371
0500000US48007,"Aransas County, Texas",48,007,859,323,3240,10604,8196,1071,3162,24876,6736,16719,321,124,331,0,29,616,271,1441,8262
0500000US48009,"Archer County, Texas",48,009,355,216,644,2883,2799,227,1223,8867,837,7584,125,32,50,0,6,233,69,509,3745
0500000US48011,"Armstrong County, Texas",48,011,63,58,111,604,576,26,74,1822,218,1519,11,19,29,0,6,20,51,71,779
0500000US48013,"Atascosa County, Texas",48,013,4289,2666,19703,17061,16427,2725,9810,51008,33363,15788,570,201,309,0,128,649,559,6119,18066
0500000US48015,"Austin County, Texas",48,015,3612,2070,6769,9804,11137,1111,5155,31170,8661,18821,2460,33,256,0,126,813,286,2963,12587
0500000US48017,"Bailey County, Texas",48,017,1296,1059,3381,2469,1979,395,1936,6913,4565,2064,43,0,52,0,0,189,151,1089,2409
0500000US48019,"Bandera County, Texas",48,019,1177,671,3006,8529,6905,670,2921,22021,4619,16073,258,85,110,0,178,698,389,1251,8129
0500000US48021,"Bastrop County, Texas",48,021,14092,9953,33190,30889,35228,2750,22630,106582,48002,47370,6104,137,825,0,474,3670,3023,12793,38293
0500000US48023,"Baylor County, Texas",48,023,86,29,282,1296,1027,243,703,3485,458,2669,43,3,0,17,32,263,70,353,1308
0500000US48025,"Bee County, Texas",48,025,1388,816,9978,13853,7706,1201,4592,31083,19208,8608,2255,13,156,0,75,768,6795,3919,9850
0500000US48027,"Bell County, Texas",48,027,33206,15712,68919,101232,117809,18429,50786,386897,101713,164047,83099,525,11339,2321,1586,22267,9511,22055,153240
0500000US48029,"Bexar County, Texas",48,029,286265,161688,716692,548102,766169,103965,323074,2067341,1234086,541699,152543,2421,65986,2457,9941,58208,38154,181028,791007
0500000US48031,"Blanco County, Texas",48,031,696,357,1200,4548,4255,243,1815,12446,2316,9394,134,7,12,0,10,573,130,728,4342
0500000US48033,"Borden County, Texas",48,033,13,7,31,195,190,0,19,713,60,643,4,0,0,0,0,6,0,24,254
0500000US48035,"Bosque County, Texas",48,035,1116,717,2398,7387,5564,782,3222,18687,3576,13991,206,26,81,0,159,648,326,1664,6570
0500000US48037,"Bowie County, Texas",48,037,4165,2521,6778,32694,29513,5109,11563,92115,7938,56074,22755,320,1273,118,174,3463,5845,5557,34672
0500000US48039,"Brazoria County, Texas",48,039,56998,24650,102040,110473,143057,10824,48117,391255,123657,162895,62260,607,28870,115,1439,11412,13012,27940,157580
0500000US48041,"Brazos County, Texas",48,041,31008,20106,54596,74491,80808,7858,29127,242311,66411,128323,24497,179,14123,173,1073,7532,18608,14456,95943
0500000US48043,"Brewster County, Texas",48,043,1084,665,2714,3197,2408,338,1451,9503,3998,4876,56,0,177,18,0,378,472,778,3830
0500000US48045,"Briscoe County, Texas",48,045,108,56,278,486,373,36,258,1301,339,894,53,1,0,0,10,4,0,169,471
0500000US48047,"Brooks County, Texas",48,047,487,265,3982,2341,1477,1062,1416,6943,6256,500,40,46,0,19,0,82,328,1013,2361
0500000US48049,"Brown County, Texas",48,049,1553,846,5654,13642,12486,1776,5766,38347,8617,26810,1360,48,228,11,185,1088,1726,3182,15331
0500000US48051,"Burleson County, Texas",48,051,1334,922,2843,6371,6111,941,2348,18857,4276,11781,2002,4,123,0,51,620,292,1859,6864
0500000US48053,"Burnet County, Texas",48,053,4237,2990,8129,17813,19028,1531,9783,52652,12318,37239,656,71,359,28,129,1852,1014,4152,20294
0500000US48055,"Caldwell County, Texas",48,055,6257,4416,15709,15975,15642,1893,10010,48669,27728,16718,2201,2,370,26,217,1407,3117,5860,18561
0500000US48057,"Calhoun County, Texas",48,057,1834,1007,5118,5374,7433,1357,1340,19868,9821,8111,517,60,824,0,0,535,305,2028,8896
0500000US48059,"Callahan County, Texas",48,059,238,48,1010,4640,4773,556,2187,14241,1598,11539,165,5,82,8,113,731,93,782,5637
0500000US48061,"Cameron County, Texas",48,061,98730,60539,285910,133905,125623,34273,109395,426120,380524,36979,2175,342,3314,118,800,1868,3309,70657,150452
0500000US48063,"Camp County, Texas",48,063,1341,964,2385,4033,4311,800,2482,12798,3504,6767,1984,0,173,0,7,363,76,1249,4737
0500000US48065,"Carson County, Texas",48,065,122,39,226,1660,2106,101,672,5801,635,4743,40,23,16,37,38,269,72,244,2612
0500000US48067,"Cass County, Texas",48,067,814,407,1171,11202,8165,1963,3823,28568,1548,21256,4632,60,200,0,131,741,376,2448,10043
0500000US48069,"Castro County, Texas",48,069,1281,994,3552,1865,2320,228,1602,7344,4817,2180,86,60,66,0,2,133,101,1152,3164
0500000US48071,"Chambers County, Texas",48,071,4961,2826,10032,13240,18652,995,8148,51498,13637,31679,3867,85,779,0,52,1399,273,3714,20975
0500000US48073,"Cherokee County, Texas",48,073,4869,3691,9791,18638,15072,2668,9739,51886,12422,30496,6627,46,230,0,265,1800,3198,6248,17072
0500000US48075,"Childress County, Texas",48,075,320,225,1113,2998,1935,162,754,6743,2153,3702,454,100,13,0,0,321,1432,982,2458
0500000US48077,"Clay County, Texas",48,077,146,90,397,3438,3551,273,1834,10495,746,9125,103,61,84,0,4,372,91,429,4601
0500000US48079,"Cochran County, Texas",48,079,481,385,1323,818,700,200,665,2550,1536,841,125,5,0,0,3,40,205,540,967
0500000US48081,"Coke County, Texas",48,081,78,18,273,1295,1008,234,359,3353,706,2522,41,0,8,0,0,76,140,291,1251
0500000US48083,"Coleman County, Texas",48,083,407,319,1156,2966,2364,439,1663,7833,1297,5988,348,2,44,0,10,144,58,744,2735
0500000US48085,"Collin County, Texas",48,085,271482,134274,341827,267903,519892,12768,110313,1163337,187150,576632,125634,1838,217824,579,7038,46642,7686,41523,420669
0500000US48087,"Collingsworth County, Texas",48,087,161,90,356,675,823,169,560,2588,844,1413,115,10,0,32,13,161,55,437,1077
0500000US48089,"Colorado County, Texas",48,089,1832,1002,3583,7239,6914,757,2594,21006,6409,11178,2040,12,141,0,111,1115,408,1510,8284
0500000US48091,"Comal County, Texas",48,091,11466,4518,26521,55518,68070,3111,19127,183826,52232,117679,4363,197,2501,15,892,5947,1496,6772,69279
0500000US48093,"Comanche County, Texas",48,093,1388,1029,2718,4452,4605,560,2853,13950,4110,9232,60,32,47,0,18,451,161,1461,5753
0500000US48095,"Concho County, Texas",48,095,410,297,870,1692,1005,56,429,3328,1062,1981,158,0,56,0,6,65,862,457,1078
0500000US48097,"Cooke County, Texas",48,097,3011,2198,6041,12498,16333,1561,6861,43046,8999,30678,1378,111,313,0,50,1517,623,3334,18182
0500000US48099,"Coryell County, Texas",48,099,5185,2632,12468,29646,16426,3416,6768,84748,17559,46080,10976,221,1665,637,290,7320,16452,4862,27877
0500000US48101,"Cottle County, Texas",48,101,26,26,281,474,362,172,152,1368,574,639,32,0,0,0,15,108,5,180,457
0500000US48103,"Crane County, Texas",48,103,1089,835,2615,1560,1333,63,832,4610,3177,1181,88,8,72,8,0,76,126,775,1653
0500000US48105,"Crockett County, Texas",48,105,494,180,1785,906,794,0,63,2822,1886,927,7,0,0,0,0,2,55,790,1200
0500000US48107,"Crosby County, Texas",48,107,186,113,1554,1560,1514,466,1001,5041,2837,1937,141,0,35,0,1,90,93,632,2024
0500000US48109,"Culberson County, Texas",48,109,208,103,1130,854,482,232,418,2195,1712,383,5,64,27,0,0,4,31,380,762
0500000US48111,"Dallam County, Texas",48,111,1637,1351,2750,1362,2571,301,1775,7298,3965,2979,15,0,3,0,90,246,35,950,3383
0500000US48113,"Dallas County, Texas",48,113,650070,425335,1046737,635478,1106209,103078,558186,2621179,1081496,691299,579305,3637,183450,1117,9562,71313,32109,309143,1043738
0500000US48115,"Dawson County, Texas",48,115,1021,703,3956,4600,3246,791,2314,12134,6770,4268,788,8,63,4,0,233,1886,2181,4084
0500000US48117,"Deaf Smith County, Texas",48,117,3170,2445,9216,4525,6487,810,3835,18460,14110,3884,147,71,0,0,0,248,206,3197,7703
0500000US48119,"Delta County, Texas",48,119,81,57,122,1815,1766,239,514,5438,499,4236,440,13,24,0,26,200,53,411,2062
0500000US48121,"Denton County, Texas",48,121,170384,83159,234802,219232,439759,15679,103414,979561,200647,513612,105081,1333,108215,794,5709,44170,12033,42731,386648
0500000US48123,"DeWitt County, Texas",48,123,704,572,3273,7664,6175,818,3104,20016,7143,10539,1200,41,133,0,76,884,1813,2016,6909
0500000US48125,"Dickens County, Texas",48,125,95,48,314,648,445,108,205,1747,573,1098,24,0,27,8,0,17,37,192,617
0500000US48127,"Dimmit County, Texas",48,127,605,319,4592,3481,2086,774,1195,8380,7303,687,94,234,46,0,0,16,162,1426,2257
0500000US48129,"Donley County, Texas",48,129,159,49,315,1319,819,40,561,3257,410,2520,168,6,83,0,17,53,416,289,1216
0500000US48131,"Duval County, Texas",48,131,299,71,4659,3935,2570,759,2025,9742,7950,1524,69,0,117,0,0,82,619,1533,2713
0500000US48133,"Eastland County, Texas",48,133,866,653,2289,6335,5790,851,2726,18011,3109,13853,388,52,85,7,38,479,957,1881,7141
0500000US48135,"Ector County, Texas",48,135,27480,17085,70904,39231,59929,8102,35999,164654,104530,47215,6901,222,1754,321,259,3452,2152,21439,70453
0500000US48137,"Edwards County, Texas",48,137,122,100,453,458,335,91,240,1290,555,687,27,2,0,0,0,19,41,151,415
0500000US48139,"Ellis County, Texas",48,139,18153,10277,40393,52164,82384,4902,31738,213160,60062,112230,30773,211,1760,207,1043,6874,2086,16262,89858
0500000US48141,"El Paso County, Texas",48,141,201312,93944,552943,250764,276973,57900,182797,870779,720158,95932,26533,1971,10016,1315,2102,12752,13986,103975,336168
0500000US48143,"Erath County, Texas",48,143,2900,1603,6877,13074,15924,1143,6598,43794,9757,31602,770,143,417,0,111,994,3574,3204,18134
0500000US48145,"Falls County, Texas",48,145,1207,761,2604,7121,4168,835,2598,17291,4324,8568,3174,0,291,0,7,927,1954,1568,5609
0500000US48147,"Fannin County, Texas",48,147,1839,1091,3988,13757,11601,1314,4938,37326,4902,28063,2200,94,184,25,338,1520,3032,3263,13145
0500000US48149,"Fayette County, Texas",48,149,1579,988,4186,8980,8597,768,2447,25042,5522,17402,1406,17,69,16,29,581,471,1573,9780
0500000US48151,"Fisher County, Texas",48,151,100,67,475,1203,1001,218,423,3655,1023,2347,126,4,7,0,15,133,44,233,1447
0500000US48153,"Floyd County, Texas",48,153,569,435,1957,1582,1657,252,1213,5216,3030,1918,105,15,10,0,0,138,20,824,2203
0500000US48155,"Foard County, Texas",48,155,4,1,58,311,264,8,181,991,118,818,3,0,3,0,0,49,44,132,491
0500000US48157,"Fort Bend County, Texas",48,157,272749,114164,346893,227983,346831,19922,103492,893767,220445,256878,183779,696,195903,472,3930,31664,5799,46810,338264
0500000US48159,"Franklin County, Texas",48,159,831,474,1173,3583,3734,241,1581,10632,1567,8184,572,18,33,0,0,258,100,717,3747
0500000US48161,"Freestone County, Texas",48,161,1088,599,2280,8129,5194,1050,2342,20049,3455,12677,2908,32,29,0,0,948,1476,1807,6751
0500000US48163,"Frio County, Texas",48,163,2022,1527,8041,7164,5424,1281,2479,18582,14461,2705,950,21,252,7,47,139,2267,3363,6453
0500000US48165,"Gaines County, Texas",48,165,6383,4718,11766,5963,6680,539,8080,22232,8954,12535,460,0,124,0,27,132,211,5011,8288
0500000US48167,"Galveston County, Texas",48,167,36517,18076,69512,102621,129586,14723,48254,358990,94669,193684,42715,546,12059,240,1660,13417,5728,24692,142121
0500000US48169,"Garza County, Texas",48,169,634,480,1728,2505,1164,161,684,5118,2533,1894,506,16,3,0,0,166,1319,1058,1641
0500000US48171,"Gillespie County, Texas",48,171,1648,994,4346,10302,9253,417,3788,27524,6307,20252,31,17,106,45,96,670,378,2045,10220
0500000US48173,"Glasscock County, Texas",48,173,108,89,245,360,403,45,268,1068,288,707,0,0,0,0,0,73,0,90,423
0500000US48175,"Goliad County, Texas",48,175,292,234,995,2868,1956,293,946,7141,2308,4315,341,31,1,0,0,145,111,633,2560
0500000US48177,"Gonzales County, Texas",48,177,2315,1515,5019,6255,7067,1295,3511,19851,10139,8064,1159,17,76,116,43,237,342,3252,7834
0500000US48179,"Gray County, Texas",48,179,2386,1759,4572,7008,6537,1107,3424,21045,6614,12501,950,153,179,0,201,447,1697,2288,8350
0500000US48181,"Grayson County, Texas",48,181,11100,7419,16686,42420,54469,4565,22279,143337,23433,101885,7379,579,2168,175,685,7033,2610,9798,56696
0500000US48183,"Gregg County, Texas",48,183,10345,7060,20350,37417,47319,6530,20375,125480,25347,68589,22080,433,1650,31,213,7137,4198,10681,51225
0500000US48185,"Grimes County, Texas",48,185,2291,1213,6231,12254,9175,1420,5098,31340,7998,17787,3557,118,116,26,476,1262,3588,4229,10443
0500000US48187,"Guadalupe County, Texas",48,187,13796,7221,38017,51760,65595,5919,19913,183642,71699,86315,13100,146,2712,48,1491,8131,2001,12526,73263
0500000US48189,"Hale County, Texas",48,189,2956,1950,11048,10073,10149,2532,6368,32131,19688,10095,1447,22,147,10,155,567,2030,5159,12694
0500000US48191,"Hall County, Texas",48,191,242,100,697,1014,487,163,432,2820,1002,1512,116,31,12,0,0,147,59,343,1063
0500000US48193,"Hamilton County, Texas",48,193,419,340,829,3131,2362,401,1109,8406,1196,6854,165,15,3,2,8,163,268,657,3133
0500000US48195,"Hansford County, Texas",48,195,847,570,1689,1211,1645,52,1075,5119,2572,2408,7,29,15,8,0,80,71,694,2349
0500000US48197,"Hardeman County, Texas",48,197,204,132,450,1040,1104,168,545,3501,897,2176,118,23,48,0,0,239,31,324,1538
0500000US48199,"Hardin County, Texas",48,199,1305,534,2479,18756,19789,2866,9080,57642,3936,47504,3201,28,317,2,83,2571,470,3378,22700
0500000US48201,"Harris County, Texas",48,201,1298617,782660,2026513,1216115,1910370,235477,1005342,4838303,2126581,1284914,900450,4756,351368,2602,22806,144826,46749,547261,1860445
0500000US48203,"Harrison County, Texas",48,203,3413,2084,7297,22100,25454,3371,9834,70155,10404,42448,14250,91,327,29,135,2471,2002,4878,28227
0500000US48205,"Hartley County, Texas",48,205,512,383,1053,2358,1233,131,629,5215,1626,2948,315,9,9,13,0,295,1399,773,1485
0500000US48207,"Haskell County, Texas",48,207,265,151,920,1862,1490,328,847,5421,1432,3546,321,9,10,0,0,103,195,514,2235
0500000US48209,"Hays County, Texas",48,209,26313,14319,62602,67270,104793,5032,31034,268638,105942,135533,10310,171,5325,145,2744,8468,8210,13412,108589
0500000US48211,"Hemphill County, Texas",48,211,456,289,980,1050,1044,135,586,3234,1054,2012,76,19,0,0,1,72,43,456,1307
0500000US48213,"Henderson County, Texas",48,213,4656,2715,8751,31669,27516,4306,13986,84862,12555,62680,4304,148,665,75,248,4187,1391,7159,30502
0500000US48215,"Hidalgo County, Texas",48,215,232467,158306,658116,264998,253628,75177,249883,891977,819984,53400,5099,567,9017,190,1031,2689,7827,153601,295926
0500000US48217,"Hill County, Texas",48,217,2517,1577,5565,12824,12182,1535,6842,37328,8635,25220,1851,46,197,0,83,1296,757,3418,14102
0500000US48219,"Hockley County, Texas",48,219,1702,1121,5013,6156,7355,946,4053,21363,10718,9376,595,39,29,0,0,606,499,2530,8633
0500000US48221,"Hood County, Texas",48,221,2873,1825,5985,23620,22088,1166,9229,65894,9069,53225,712,226,463,32,186,1981,939,3639,23855
0500000US48223,"Hopkins County, Texas",48,223,3563,2359,5987,11465,13299,1041,6963,37784,7066,26619,2652,135,327,34,161,790,546,3757,15176
0500000US48225,"Houston County, Texas",48,225,753,568,1958,10089,5250,1425,2244,22051,3187,12783,4603,125,84,5,22,1242,2702,2778,6743
0500000US48227,"Howard County, Texas",48,227,3173,2550,9214,11535,9145,1511,3988,32290,15408,13927,1468,105,319,11,61,991,3200,4185,12666
0500000US48229,"Hudspeth County, Texas",48,229,842,698,2090,1547,905,173,921,3403,2270,936,47,0,0,0,0,150,487,926,1100
0500000US48231,"Hunt County, Texas",48,231,8817,5776,17651,32709,38048,4508,18386,108972,23418,70872,8457,360,1495,14,290,4066,3459,9655,41023
0500000US48233,"Hutchinson County, Texas",48,233,1387,811,2774,6459,6860,478,2619,20184,5012,13654,434,211,127,53,72,621,273,1877,7758
0500000US48235,"Irion County, Texas",48,235,72,38,259,438,514,23,209,1409,388,963,1,40,0,0,0,17,1,95,543
0500000US48237,"Jack County, Texas",48,237,459,370,882,3670,2208,316,1407,8882,1660,6632,259,4,42,0,21,264,1076,1161,2834
0500000US48239,"Jackson County, Texas",48,239,803,465,2676,5411,4635,1101,2516,15152,5055,8614,994,16,214,0,38,221,212,1724,5573
0500000US48241,"Jasper County, Texas",48,241,748,467,1650,12062,9164,2161,5920,32727,2288,23921,4992,26,147,13,30,1310,1185,2382,11043
0500000US48243,"Jeff Davis County, Texas",48,243,166,74,445,782,580,53,269,1865,562,1221,0,0,0,0,0,82,15,116,542
0500000US48245,"Jefferson County, Texas",48,245,30819,18999,54408,86484,81722,16008,49278,253878,61240,92242,83053,376,9581,77,723,6586,15405,25327,95770
0500000US48247,"Jim Hogg County, Texas",48,247,41,17,2146,1385,1319,394,1349,4727,4322,379,16,0,10,0,0,0,71,585,1660
0500000US48249,"Jim Wells County, Texas",48,249,1914,842,17471,13142,12076,3190,8046,38850,30899,7135,301,71,197,48,0,199,374,5049,13648
0500000US48251,"Johnson County, Texas",48,251,13544,7471,33457,54356,72349,5079,31523,195597,49502,126272,9914,314,2082,169,944,6400,2983,16188,84005
0500000US48253,"Jones County, Texas",48,253,754,554,3363,10252,4656,871,2786,20304,5816,11302,2025,66,116,0,69,910,5849,2799,6000
0500000US48255,"Karnes County, Texas",48,255,549,294,3529,6808,3303,998,1834,14968,7991,5191,1389,9,45,7,0,336,3370,2344,4515
0500000US48257,"Kaufman County, Texas",48,257,19660,9702,36172,40590,64432,5054,25723,172604,47209,84197,31718,214,3184,30,410,5642,1472,14748,69716
0500000US48259,"Kendall County, Texas",48,259,3352,2280,6601,15798,17210,795,5159,48567,11835,33597,426,45,800,6,364,1494,707,1790,16479
0500000US48261,"Kenedy County, Texas",48,261,68,53,127,69,48,1,36,145,128,13,1,1,1,0,0,1,6,58,46
0500000US48263,"Kent County, Texas",48,263,3,3,68,359,171,53,26,734,118,580,7,0,0,0,0,29,61,74,223
0500000US48265,"Kerr County, Texas",48,265,4106,2037,7381,20026,18368,1452,9053,53489,14337,35909,799,64,607,8,226,1539,2246,3841,19823
0500000US48267,"Kimble County, Texas",48,267,274,161,718,1697,1161,232,595,4389,1162,3071,47,44,0,0,0,65,40,687,1860
0500000US48269,"King County, Texas",48,269,0,0,0,80,49,0,16,211,35,146,0,0,0,0,0,30,0,20,86
0500000US48271,"Kinney County, Texas",48,271,613,315,1485,1319,940,174,612,3157,1814,1255,2,37,0,0,0,49,354,438,1140
0500000US48273,"Kleberg County, Texas",48,273,1753,1116,9812,9336,9515,2531,4850,30579,21825,6362,1110,59,390,0,88,745,1745,2566,11780
0500000US48275,"Knox County, Texas",48,275,234,101,681,1055,909,175,566,3307,1109,1885,124,6,10,0,3,170,119,331,1292
0500000US48277,"Lamar County, Texas",48,277,2279,942,4521,15858,17629,2494,9678,50669,4871,36121,6086,315,470,250,21,2535,731,3939,19859
0500000US48279,"Lamb County, Texas",48,279,1665,1326,5175,3910,4454,666,3166,12828,7478,4613,417,6,86,45,3,180,192,1727,5397
0500000US48281,"Lampasas County, Texas",48,281,1118,555,2597,8426,6793,733,2885,22715,4657,15785,899,8,244,0,44,1078,233,1304,8273
0500000US48283,"La Salle County, Texas",48,283,353,294,3186,3453,1390,229,999,6839,4910,1336,359,29,6,0,126,73,1141,1355,1968
0500000US48285,"Lavaca County, Texas",48,285,987,742,2218,6632,6775,705,2124,20552,4129,14687,749,0,71,0,32,884,423,1659,8113
0500000US48287,"Lee County, Texas",48,287,1255,690,3121,5861,6013,829,2820,17971,4774,10761,1731,48,42,0,45,570,486,2073,6600
0500000US48289,"Leon County, Texas",48,289,1133,689,1923,6263,4490,551,2773,16263,2712,11525,1168,22,24,0,13,799,79,1456,5602
0500000US48291,"Liberty County, Texas",48,291,16131,12674,31623,34192,30226,5190,25703,103380,40921,50298,7744,93,582,23,175,3544,5180,13966,34250
0500000US48293,"Limestone County, Texas",48,293,2116,1556,3789,8986,5761,1390,3835,22283,5243,12184,3761,11,219,0,32,833,870,2228,7611
0500000US48295,"Lipscomb County, Texas",48,295,442,311,815,878,759,61,519,2918,1127,1637,1,7,0,23,0,123,52,281,1100
0500000US48297,"Live Oak County, Texas",48,297,1008,880,3141,5471,2907,718,1841,11620,4911,5480,225,0,84,76,0,844,1605,1738,3451
0500000US48299,"Llano County, Texas",48,299,1100,739,1999,9936,6597,811,3522,22424,2995,18410,65,53,142,0,166,593,221,1660,7232
0500000US48301,"Loving County, Texas",48,301,2,0,21,7,4,2,0,33,0,31,0,0,2,0,0,0,0,3,25
0500000US48303,"Lubbock County, Texas",48,303,19461,11534,59152,86235,117669,13478,43564,318884,115556,164153,21358,468,7562,249,920,8618,13311,20640,137931
0500000US48305,"Lynn County, Texas",48,305,229,145,1207,1689,1711,256,737,5752,2370,3134,100,3,28,8,2,107,65,551,2268
0500000US48307,"McCulloch County, Texas",48,307,316,286,1693,2615,1995,405,1470,7514,2289,4810,71,4,10,0,0,330,107,728,2603
0500000US48309,"McLennan County, Texas",48,309,22817,16424,48794,77542,100850,11783,37180,266067,71761,143918,35929,368,4499,44,854,8694,9143,19631,107527
0500000US48311,"McMullen County, Texas",48,311,29,29,160,207,119,8,105,700,435,261,0,3,0,0,0,1,0,56,189
0500000US48313,"Madison County, Texas",48,313,1268,842,2387,5320,3806,447,1471,13648,3573,7136,2093,9,155,19,12,651,2240,1530,4358
0500000US48315,"Marion County, Texas",48,315,220,140,153,4170,2892,863,1379,9737,468,6771,2133,40,16,0,6,303,115,981,3437
0500000US48317,"Martin County, Texas",48,317,483,301,1580,1412,1630,194,881,5218,2488,2355,146,0,5,0,85,139,61,595,2222
0500000US48319,"Mason County, Texas",48,319,183,144,714,1795,1007,80,533,3955,749,3157,2,0,8,0,0,39,8,536,1276
0500000US48321,"Matagorda County, Texas",48,321,4282,2998,9214,11024,12714,2628,6430,36329,15889,15025,3511,21,594,16,314,959,382,4600,14069
0500000US48323,"Maverick County, Texas",48,323,17638,9453,47402,17589,15994,5191,13479,58082,55049,1657,103,853,270,44,0,106,463,10979,20197
0500000US48325,"Medina County, Texas",48,325,3478,1499,13174,19871,16068,1902,5946,53547,27578,22304,1540,66,420,52,300,1287,2464,5102,18555
0500000US48327,"Menard County, Texas",48,327,89,85,412,721,431,86,451,1955,503,1375,8,0,0,0,0,69,46,270,644
0500000US48329,"Midland County, Texas",48,329,22346,12643,50698,38757,70021,4750,25167,174801,80341,73917,11202,241,4179,45,769,4107,1924,15769,78940
0500000US48331,"Milam County, Texas",48,331,1591,956,4329,8583,7947,1135,3921,25567,6638,15749,2065,15,129,0,22,949,518,1985,9387
0500000US48333,"Mills County, Texas",48,333,213,116,643,1617,1303,238,472,4511,947,3298,30,1,30,0,22,183,160,382,1805
0500000US48335,"Mitchell County, Texas",48,335,339,227,1867,3493,2764,357,1336,9018,3500,4216,740,25,87,0,19,431,1412,978,3510
0500000US48337,"Montague County, Texas",48,337,663,460,1658,7998,5960,837,3006,21046,2586,17592,14,97,35,4,6,712,331,1811,7279
0500000US48339,"Montgomery County, Texas",48,339,104342,60465,162283,186607,258548,16304,102877,684432,191006,401443,41547,653,22808,477,2751,23747,3178,43594,260399
0500000US48341,"Moore County, Texas",48,341,6428,4995,10293,5374,7927,616,4833,21373,13048,6028,1029,61,449,0,7,751,146,4043,9054
0500000US48343,"Morris County, Texas",48,343,736,482,1300,4345,3547,665,1521,12076,1355,7477,2696,45,129,0,66,308,116,1076,4400
0500000US48345,"Motley County, Texas",48,345,17,6,74,432,405,58,245,1183,119,931,63,1,0,0,0,69,0,130,483
0500000US48347,"Nacogdoches County, Texas",48,347,5211,3505,10342,19835,21197,4205,9918,65162,14101,37202,10724,103,554,26,210,2242,4897,5358,24314
0500000US48349,"Navarro County, Texas",48,349,7042,4525,13057,16536,17712,2635,9939,54711,17568,27636,4983,108,462,364,54,3536,1404,7247,20594
0500000US48351,"Newton County, Texas",48,351,168,83,405,4970,3408,687,2291,12093,439,8971,2097,14,86,21,5,460,149,1293,4101
0500000US48353,"Nolan County, Texas",48,353,646,256,2995,4626,4597,1160,1893,14454,5404,7773,384,98,13,0,50,732,391,1504,5718
0500000US48355,"Nueces County, Texas",48,355,29675,17932,108126,108180,123270,22892,61051,352955,220501,103446,12470,461,8002,192,1125,6758,8479,34462,144773
0500000US48357,"Ochiltree County, Texas",48,357,2713,2052,4503,2257,3914,184,2486,9786,5562,3847,4,80,28,0,50,215,72,1302,4456
0500000US48359,"Oldham County, Texas",48,359,177,116,330,784,571,8,334,2249,625,1402,195,0,7,0,2,18,520,184,742
0500000US48361,"Orange County, Texas",48,361,2709,1363,5616,25834,30180,4455,12604,85307,8216,65488,6462,116,953,88,361,3623,659,4987,34887
0500000US48363,"Palo Pinto County, Texas",48,363,1494,980,3105,10219,9019,1679,5290,29295,6034,21389,677,38,207,0,93,857,289,2557,10596
0500000US48365,"Panola County, Texas",48,365,906,560,2032,8136,7669,969,3819,22726,2359,16166,2543,6,121,3,106,1422,491,2079,8790
0500000US48367,"Parker County, Texas",48,367,7817,4253,14401,44228,63555,2873,21568,165168,24246,130712,2110,258,1404,57,365,6016,1692,9267,67518
0500000US48369,"Parmer County, Texas",48,369,2399,1843,4942,2757,3492,159,2323,9731,6487,2961,28,0,0,0,25,230,95,1940,4334
0500000US48371,"Pecos County, Texas",48,371,2074,965,6809,5433,4447,705,2115,14896,10627,3292,501,14,386,7,0,69,2108,1732,5672
0500000US48373,"Polk County, Texas",48,373,2363,1251,5858,22154,14020,3170,7032,52800,8100,37440,4079,494,295,2,30,2360,3809,6310,16713
0500000US48375,"Potter County, Texas",48,375,16819,10356,32745,36373,39555,6211,21098,115975,45527,48959,11867,222,5479,100,253,3568,6939,16331,44480
0500000US48377,"Presidio County, Texas",48,377,1813,1198,3979,1938,1162,426,1989,5930,4715,1081,0,18,1,0,0,115,5,1281,1740
0500000US48379,"Rains County, Texas",48,379,303,212,797,5016,4199,542,2222,12775,1311,10453,319,59,128,0,35,470,65,931,4455
0500000US48381,"Randall County, Texas",48,381,7575,3197,18797,38095,54588,3917,15907,146070,35886,97071,4589,252,2486,99,795,4892,2825,5939,66468
0500000US48383,"Reagan County, Texas",48,383,384,309,1291,862,933,62,613,3232,2220,715,176,0,46,0,0,75,8,235,1179
0500000US48385,"Real County, Texas",48,385,97,16,349,1506,380,163,440,2802,530,2215,21,0,0,0,0,36,101,182,545
0500000US48387,"Red River County, Texas",48,387,341,247,548,4765,3679,938,1884,11611,869,8456,1892,112,39,5,24,214,175,1080,3900
0500000US48389,"Reeves County, Texas",48,389,2440,1355,7326,4237,3807,735,2041,12664,10798,1465,212,15,23,0,117,34,1047,2345,5013
0500000US48391,"Refugio County, Texas",48,391,204,81,1590,2577,2018,352,1053,6707,3382,2724,415,8,0,0,29,149,150,784,2482
0500000US48393,"Roberts County, Texas",48,393,0,0,20,221,263,11,92,832,55,741,3,0,0,0,0,33,0,34,337
0500000US48395,"Robertson County, Texas",48,395,799,623,1998,5799,4793,1048,1915,17167,3805,9411,2946,21,106,0,8,870,212,1525,6578
0500000US48397,"Rockwall County, Texas",48,397,11054,4296,17140,28651,51233,1759,10622,123617,25723,77844,11233,156,4301,81,557,3722,737,4567,49788
0500000US48399,"Runnels County, Texas",48,399,373,232,2100,2994,3316,414,1613,9874,3442,5925,290,1,11,0,0,205,205,875,4192
0500000US48401,"Rusk County, Texas",48,401,3330,1960,6955,19986,16871,2012,6588,52842,10088,32458,6964,68,191,48,15,3010,5074,5531,19567
0500000US48403,"Sabine County, Texas",48,403,56,25,108,4493,2494,691,1270,10023,165,8472,685,4,71,48,74,504,121,949,3267
0500000US48405,"San Augustine County, Texas",48,405,454,370,642,3314,2321,689,1489,7874,657,5363,1687,30,0,0,0,137,244,878,2343
0500000US48407,"San Jacinto County, Texas",48,407,2525,1431,4604,10943,8462,1862,5002,28441,5452,19576,2469,18,78,0,13,835,144,3421,9458
0500000US48409,"San Patricio County, Texas",48,409,5432,3639,19805,22276,23422,3623,12980,70181,39623,26568,1037,54,747,127,494,1531,681,7285,27206
0500000US48411,"San Saba County, Texas",48,411,463,337,1069,2313,1505,198,1373,5696,1746,3567,141,9,14,9,0,210,648,649,2126
0500000US48413,"Schleicher County, Texas",48,413,216,54,792,842,716,70,534,2381,1266,996,13,0,0,11,0,95,23,352,843
0500000US48415,"Scurry County, Texas",48,415,1010,487,3803,5987,4618,471,2495,16488,7145,8076,537,110,137,0,130,353,1913,1983,6136
0500000US48417,"Shackelford County, Texas",48,417,27,19,210,858,1139,107,421,3175,411,2577,27,3,1,0,8,148,44,153,1385
0500000US48419,"Shelby County, Texas",48,419,1788,1197,3398,8008,7836,1474,5017,24155,4802,14428,3649,164,9,177,30,896,157,2819,9219
0500000US48421,"Sherman County, Texas",48,421,550,408,821,770,730,37,369,2295,1070,1196,3,0,12,0,0,14,36,358,1039
0500000US48423,"Smith County, Texas",48,423,21242,12164,41552,72592,88073,7560,40375,241740,50591,138917,39300,231,4208,98,673,7722,6461,18065,96264
0500000US48425,"Somervell County, Texas",48,425,806,571,1476,2893,3607,203,1177,9691,1759,7450,126,17,0,0,48,291,312,517,3888
0500000US48427,"Starr County, Texas",48,427,17968,12050,54815,20379,15016,8146,18950,66067,64218,1510,232,10,38,0,0,59,536,14726,19805
0500000US48429,"Stephens County, Texas",48,429,808,386,1499,3445,2703,374,1216,9351,2349,6380,282,0,98,0,25,217,523,1043,3546
0500000US48431,"Sterling County, Texas",48,431,174,95,400,442,323,48,379,1468,524,922,2,4,2,0,0,14,34,134,503
0500000US48433,"Stonewall County, Texas",48,433,11,6,63,378,443,41,150,1227,245,960,5,0,0,0,0,17,46,82,538
0500000US48435,"Sutton County, Texas",48,435,297,199,1606,904,1064,85,515,3277,2077,1044,4,11,0,0,83,58,19,415,1421
0500000US48437,"Swisher County, Texas",48,437,307,94,1598,2617,1708,328,1469,6937,3212,2880,536,41,3,0,73,192,642,932,2611
0500000US48439,"Tarrant County, Texas",48,439,373152,215322,607261,525575,901793,74867,359852,2167390,655747,910924,374999,2885,131143,3710,10014,77968,28460,179841,889694
0500000US48441,"Taylor County, Texas",48,441,9837,5506,20968,40302,52665,6088,19597,145863,36641,88918,11193,169,3153,116,895,4778,6866,8933,62520
0500000US48443,"Terrell County, Texas",48,443,7,0,244,413,118,16,127,835,335,424,0,0,0,0,0,76,0,39,254
0500000US48445,"Terry County, Texas",48,445,1178,992,4549,3837,3741,1146,2930,11629,6619,4383,334,52,20,0,0,221,729,1619,4415
0500000US48447,"Throckmorton County, Texas",48,447,57,32,78,528,389,78,338,1639,168,1383,0,0,10,0,0,78,0,75,656
0500000US48449,"Titus County, Texas",48,449,5781,3969,10984,9151,10619,2159,6703,31363,14103,13290,3206,83,0,0,52,629,240,4258,12473
0500000US48451,"Tom Green County, Texas",48,451,7133,3585,26307,34070,41536,4490,17809,119577,48530,61456,4247,120,1598,66,582,2978,5105,10174,49294
0500000US48453,"Travis County, Texas",48,453,240497,142012,376381,291589,595558,32506,160065,1330015,433057,623738,104335,1367,104225,596,6569,56128,27659,76038,480682
0500000US48455,"Trinity County, Texas",48,455,483,332,1318,5993,3856,1005,2222,14046,1569,10801,1105,7,26,0,6,532,139,1161,4588
0500000US48457,"Tyler County, Texas",48,457,415,294,1274,9612,4978,1175,2850,20238,1696,15458,2157,17,87,0,49,774,2129,2223,5864
0500000US48459,"Upshur County, Texas",48,459,1656,1114,2573,14671,14129,1922,5808,42567,4434,32848,3052,27,251,15,65,1875,500,3708,15745
0500000US48461,"Upton County, Texas",48,461,304,138,1213,1214,862,104,585,3191,1747,1358,38,5,14,0,0,29,74,456,1125
0500000US48463,"Uvalde County, Texas",48,463,2718,1459,11518,8329,6697,2041,4533,24881,17635,6360,80,72,267,0,90,377,849,3459,9060
0500000US48465,"Val Verde County, Texas",48,465,9490,4667,28146,14133,12758,3666,7895,47741,38761,7338,572,38,286,8,92,646,1795,6757,18020
0500000US48467,"Van Zandt County, Texas",48,467,2574,1782,5937,21596,20528,2503,11410,62649,8407,50270,1456,214,301,8,188,1805,636,5684,23088
0500000US48469,"Victoria County, Texas",48,469,6501,3713,20287,27091,32839,4948,15560,91413,43995,38746,5026,100,1114,67,394,1971,1414,9081,36932
0500000US48471,"Walker County, Texas",48,471,6114,3417,13947,37032,18559,2736,10275,80209,17492,42497,15730,133,832,263,248,3014,17336,8369,25058
0500000US48473,"Waller County, Texas",48,473,9058,5748,16239,18735,21563,2365,12317,61552,20629,23476,14373,39,1239,17,149,1630,4812,5582,23530
0500000US48475,"Ward County, Texas",48,475,1061,686,3973,2867,3712,400,2089,11144,6263,4053,562,31,92,0,0,143,123,1582,4961
0500000US48477,"Washington County, Texas",48,477,2631,1317,4421,12403,12659,1653,5185,36647,6772,22514,5191,110,529,0,98,1433,2381,2446,14358
0500000US48479,"Webb County, Texas",48,479,68115,45180,214973,71900,89224,19282,73141,269294,255830,9632,1177,114,1339,3,614,585,2720,44823,104144
0500000US48481,"Wharton County, Texas",48,481,3563,2149,10602,12802,14318,2206,5857,41794,17560,18096,4563,90,209,0,55,1221,774,3952,17053
0500000US48483,"Wheeler County, Texas",48,483,451,358,913,1486,1466,263,1014,4862,1233,3331,69,19,50,0,11,149,89,373,2060
0500000US48485,"Wichita County, Texas",48,485,8762,5211,15648,38350,43285,5991,18380,129996,26848,81302,13241,417,2944,149,262,4833,11686,10575,52530
0500000US48487,"Wilbarger County, Texas",48,487,746,399,2115,4286,3817,673,1097,12616,3816,6875,731,12,389,0,36,757,667,1623,5101
0500000US48489,"Willacy County, Texas",48,489,2091,1321,11499,7107,5334,1813,4427,20139,17577,1966,307,0,32,0,0,257,1640,3768,7142
0500000US48491,"Williamson County, Texas",48,491,109040,58904,161075,154828,288290,11096,65764,672688,166454,358479,45037,629,66854,787,4286,30162,4778,26831,253932
0500000US48493,"Wilson County, Texas",48,493,2418,1241,11513,16476,17916,1522,5724,52781,21077,28906,1041,73,336,10,391,947,436,3691,20016
0500000US48495,"Winkler County, Texas",48,495,1140,748,3330,1928,2617,520,1399,7454,4657,2353,294,0,41,4,61,44,109,1274,3321
0500000US48497,"Wise County, Texas",48,497,5998,3650,11807,21078,28723,1959,11035,75005,15852,54653,1219,220,527,13,189,2332,1130,6627,30221
0500000US48499,"Wood County, Texas",48,499,1934,1321,3405,20679,12550,2078,7818,46961,5433,37833,1761,9,256,5,200,1464,1812,4209,14768
0500000US48501,"Yoakum County, Texas",48,501,1673,1276,3663,2090,2043,85,1689,7571,4966,2348,11,0,71,0,0,175,74,1091,2614
0500000US48503,"Young County, Texas",48,503,1369,825,2693,5335,6668,863,3314,18029,3692,13542,104,41,181,0,26,443,267,1442,8071
0500000US48505,"Zapata County, Texas",48,505,3245,2317,10620,4737,3378,1430,3748,13841,12999,662,20,0,84,0,0,76,246,2762,4337
0500000US48507,"Zavala County, Texas",48,507,723,337,5915,3159,2491,1329,1391,9412,8717,569,79,0,47,0,0,0,55,1717,3069
0500000US49001,"Beaver County, Utah",49,001,489,404,792,2416,2049,113,1051,7273,1088,6082,24,4,0,16,7,52,351,308,2738
0500000US49003,"Box Elder County, Utah",49,003,2134,1274,4378,15491,22226,1087,4881,61246,6263,52332,202,265,354,134,122,1574,364,2826,23834
0500000US49005,"Cache County, Utah",49,005,8871,5259,15511,30428,55146,2127,9610,140046,16428,113872,1057,91,2386,595,315,5302,4511,4002,54099
0500000US49007,"Carbon County, Utah",49,007,381,129,971,6937,6325,1135,1254,20517,2728,16801,120,85,51,73,56,603,402,1017,7623
0500000US49009,"Daggett County, Utah",49,009,7,7,16,314,125,15,75,783,22,711,0,27,0,0,2,21,65,41,263
0500000US49011,"Davis County, Utah",49,011,21479,10343,37329,80333,141857,5317,21030,370924,43362,296197,4224,980,7005,3278,2172,13706,2511,9784,144849
0500000US49013,"Duchesne County, Utah",49,013,677,361,1126,5630,6195,720,2401,20185,1509,17115,29,661,97,97,64,613,273,1003,7308
0500000US49015,"Emery County, Utah",49,015,120,88,415,3153,3095,351,657,10046,752,8926,8,75,0,0,12,273,91,338,3854
0500000US49017,"Garfield County, Utah",49,017,80,55,175,1689,1697,114,619,5219,381,4680,3,21,0,27,0,107,286,176,1846
0500000US49019,"Grand County, Utah",49,019,848,388,990,2611,4087,148,1057,9754,1265,7573,0,314,216,126,8,252,159,369,4318
0500000US49021,"Iron County, Utah",49,021,2705,1372,5027,16927,22060,1797,6367,62252,6534,51697,435,738,767,174,179,1728,1201,2429,23735
0500000US49023,"Juab County, Utah",49,023,270,15,420,2715,4577,230,816,12586,687,11413,88,108,0,2,0,288,156,412,5112
0500000US49025,"Kane County, Utah",49,025,205,48,293,2948,2743,82,418,8170,409,7144,17,182,9,17,56,336,292,372,2631
0500000US49027,"Millard County, Utah",49,027,1056,622,1552,3578,4195,208,1515,13315,1805,10834,9,150,273,7,49,188,174,676,4978
0500000US49029,"Morgan County, Utah",49,029,231,43,585,3029,4302,13,609,12802,375,11791,12,9,17,57,228,313,19,158,4825
0500000US49031,"Piute County, Utah",49,031,51,9,95,760,449,53,140,1694,128,1534,2,0,0,0,0,30,7,178,404
0500000US49033,"Rich County, Utah",49,033,18,0,63,678,929,30,186,2631,142,2416,0,21,0,4,1,47,28,33,866
0500000US49035,"Salt Lake County, Utah",49,035,161142,93853,240544,259333,525267,22043,109550,1196523,246878,797051,19966,5407,50316,18193,5235,53477,16462,62822,473964
0500000US49037,"San Juan County, Utah",49,037,248,150,4743,4846,3116,690,2500,14483,833,6490,13,6474,37,55,115,466,401,1058,4424
0500000US49039,"Sanpete County, Utah",49,039,1667,1117,2956,10327,9039,647,2678,29719,3185,24877,267,159,250,139,192,650,2704,1556,10491
0500000US49041,"Sevier County, Utah",49,041,391,233,708,6688,7064,751,2029,22085,1171,20073,25,94,62,42,67,551,420,968,8326
0500000US49043,"Summit County, Utah",49,043,3977,2258,6029,10680,18361,222,3142,42970,4914,35639,126,53,756,87,60,1335,185,1271,16207
0500000US49045,"Tooele County, Utah",49,045,3433,1825,9788,15782,32193,1632,4831,79347,11935,61750,759,296,541,719,601,2746,411,3715,32598
0500000US49047,"Uintah County, Utah",49,047,1137,729,2081,10562,11621,1603,4821,37056,3249,29637,175,1410,296,50,74,2165,343,2253,12906
0500000US49049,"Utah County, Utah",49,049,58150,35721,103810,143422,290071,8173,52811,705400,102417,547434,4909,1598,10925,4720,3136,30261,16282,17836,257455
0500000US49051,"Wasatch County, Utah",49,051,3030,1823,5299,8494,14439,128,2743,36642,5387,29547,65,10,378,145,120,990,225,974,14318
0500000US49053,"Washington County, Utah",49,053,11355,6496,20169,65503,67764,3112,21726,196431,23790,159646,767,889,2232,1231,718,7158,2722,6689,69299
0500000US49055,"Wayne County, Utah",49,055,98,78,91,888,743,81,107,2584,78,2344,9,0,0,0,0,153,23,67,846
0500000US49057,"Weber County, Utah",49,057,18302,10001,37113,62572,105473,5705,23413,269648,51905,199456,2938,854,4093,505,656,9241,3403,13122,111545
0500000US50001,"Addison County, Vermont",50,001,1805,967,2300,11547,15877,1306,1724,37664,1224,33735,340,6,675,26,133,1525,3307,1197,14532
0500000US50003,"Bennington County, Vermont",50,003,1014,366,1315,12578,13727,2310,1986,37269,1047,33822,427,29,317,5,174,1448,1051,1524,13430
0500000US50005,"Caledonia County, Vermont",50,005,767,221,1307,9561,11337,1949,1200,30475,657,28015,219,54,125,2,262,1141,941,1408,11999
0500000US50007,"Chittenden County, Vermont",50,007,13358,4419,14954,43173,77057,5608,5963,169758,4852,145073,3879,133,7423,30,613,7755,10730,4446,66772
0500000US50009,"Essex County, Vermont",50,009,186,65,374,2281,1726,530,291,5982,96,5539,4,41,60,0,2,240,40,471,2263
0500000US50011,"Franklin County, Vermont",50,011,1091,437,1493,14249,19265,2456,1726,50638,1016,46534,124,139,348,4,201,2272,556,2395,20733
0500000US50013,"Grand Isle County, Vermont",50,013,289,134,299,2335,2917,283,250,7450,166,6722,26,100,24,0,41,371,23,240,2957
0500000US50015,"Lamoille County, Vermont",50,015,1121,600,1216,6347,11332,1243,1733,26148,661,23949,233,56,223,0,189,837,601,1195,11968
0500000US50017,"Orange County, Vermont",50,017,625,137,751,9088,11505,1240,1295,29761,538,27606,101,38,170,2,150,1156,577,1152,12159
0500000US50019,"Orleans County, Vermont",50,019,960,260,1548,8891,9476,1738,1186,27606,527,25583,255,110,177,0,44,910,777,1580,10891
0500000US50021,"Rutland County, Vermont",50,021,1335,354,2456,21519,22127,2710,2338,60425,1347,56009,377,14,350,0,56,2272,2042,2632,23983
0500000US50023,"Washington County, Vermont",50,023,1928,695,2295,17553,23429,2600,1834,60017,1664,54646,491,9,488,0,368,2351,1550,1593,23826
0500000US50025,"Windham County, Vermont",50,025,1333,465,1614,14978,16931,2624,1625,45923,1423,41363,378,12,548,0,218,1981,1808,1611,16586
0500000US50027,"Windsor County, Vermont",50,027,1857,826,2213,19129,21760,2437,2083,57990,1327,53435,264,44,592,0,81,2247,914,2247,21309
0500000US51001,"Accomack County, Virginia",51,001,2823,2262,4365,12239,11048,1805,3619,33335,3649,19359,9038,30,240,0,96,923,1290,3982,12443
0500000US51003,"Albemarle County, Virginia",51,003,12119,6699,15716,36737,40205,2100,6721,114919,8647,84395,10344,74,6660,9,432,4358,7969,4579,40175
0500000US51005,"Alleghany County, Virginia",51,005,145,75,212,6505,4423,520,961,14859,237,13516,778,16,60,0,20,232,342,1146,5567
0500000US51007,"Amelia County, Virginia",51,007,258,216,384,4793,4614,727,1025,13462,528,9706,2623,0,24,29,0,552,129,1331,4938
0500000US51009,"Amherst County, Virginia",51,009,548,250,826,10622,11046,1327,2100,31485,926,23215,5326,67,217,18,320,1396,1030,2318,12465
0500000US51011,"Appomattox County, Virginia",51,011,286,105,155,5224,5934,1014,1095,16610,399,12679,2637,1,66,0,246,582,76,884,6734
0500000US51013,"Arlington County, Virginia",51,013,53024,26946,65953,45130,102496,4480,12280,236254,37572,136939,21913,268,24753,82,1646,13081,3053,8381,62811
0500000US51015,"Augusta County, Virginia",51,015,1843,1003,3298,25833,30396,1762,4937,78033,3132,68653,3334,72,334,37,176,2295,2780,4655,34478
0500000US51017,"Bath County, Virginia",51,017,24,10,165,1677,1196,188,99,4100,125,3766,140,0,10,0,14,45,163,506,1626
0500000US51019,"Bedford County, Virginia",51,019,2265,1013,2648,28766,29733,2164,4550,80894,2283,68786,5093,143,1038,0,838,2713,546,4226,31509
0500000US51021,"Bland County, Virginia",51,021,20,2,94,3118,1656,119,269,6199,73,5760,244,2,6,0,0,114,802,379,1973
0500000US51023,"Botetourt County, Virginia",51,023,659,149,719,12277,12462,427,1672,34004,850,30753,872,36,244,59,145,1045,436,1445,13285
0500000US51025,"Brunswick County, Virginia",51,025,458,378,641,6605,4828,1287,763,15841,456,6535,8161,50,87,0,4,548,2088,2136,5846
0500000US51027,"Buchanan County, Virginia",51,027,160,93,534,11038,3675,2056,868,19415,213,18095,739,8,152,0,11,197,1258,3191,4817
0500000US51029,"Buckingham County, Virginia",51,029,310,194,769,7571,4842,1065,1370,16976,447,10332,5193,18,65,0,48,873,2172,1798,5402
0500000US51031,"Campbell County, Virginia",51,031,1893,1013,2478,18019,22764,2735,2553,55312,1924,42496,7832,18,576,26,281,2159,787,3985,23172
0500000US51033,"Caroline County, Virginia",51,033,1625,872,2239,8202,11829,1605,2139,32098,2464,19636,7594,96,315,22,351,1620,952,2383,13671
0500000US51035,"Carroll County, Virginia",51,035,605,365,1111,11524,9553,1903,2604,29157,1191,27165,71,14,82,8,22,604,198,3207,11503
0500000US51036,"Charles City County, Virginia",51,036,143,65,142,2431,2476,309,296,6627,138,2956,2687,366,70,0,30,380,0,637,2787
0500000US51037,"Charlotte County, Virginia",51,037,219,133,223,4272,3324,990,721,11422,295,7790,2817,0,22,0,44,454,152,1359,4370
0500000US51041,"Chesterfield County, Virginia",51,041,37268,18861,49694,96556,143799,9081,24284,377869,44796,213256,86294,121,13612,157,3044,16589,4452,17765,149318
0500000US51043,"Clarke County, Virginia",51,043,937,435,1439,5135,5309,165,787,15216,1184,12474,816,48,132,0,135,427,297,795,5393
0500000US51045,"Craig County, Virginia",51,045,33,6,88,1807,1599,169,151,4856,72,4638,3,0,0,0,83,60,18,443,1612
0500000US51047,"Culpeper County, Virginia",51,047,5363,3254,7535,15218,19861,1849,6286,54397,8473,35002,6804,138,600,27,335,3018,1692,4417,21679
0500000US51049,"Cumberland County, Virginia",51,049,164,50,234,3284,3126,850,397,9818,201,6290,2887,5,0,14,13,408,32,994,4060
0500000US51051,"Dickenson County, Virginia",51,051,32,0,104,6427,3485,1376,576,13733,101,13381,134,27,13,0,6,71,453,1546,4476
0500000US51053,"Dinwiddie County, Virginia",51,053,949,452,1384,8981,10240,1587,1670,28191,1236,17533,8415,7,168,0,220,612,657,1872,11757
0500000US51057,"Essex County, Virginia",51,057,438,302,677,4434,3388,571,933,10623,488,5653,3914,11,107,62,29,359,116,1184,3637
0500000US51059,"Fairfax County, Virginia",51,059,354016,134541,422170,267808,444423,17970,80532,1147837,202057,537118,108252,1038,227854,482,9206,61830,10398,53957,386819
0500000US51061,"Fauquier County, Virginia",51,061,6601,2621,8522,19470,27902,1288,4574,74577,9257,55792,4665,39,1298,25,357,3144,356,3877,30370
0500000US51063,"Floyd County, Virginia",51,063,410,277,516,5196,5786,534,1127,15593,469,14372,392,0,57,0,37,266,111,1046,6449
0500000US51065,"Fluvanna County, Virginia",51,065,754,246,1125,9172,9779,685,1793,28092,1288,21055,3311,29,251,0,352,1806,1333,1324,10724
0500000US51067,"Franklin County, Virginia",51,067,1176,554,1627,21038,19686,2939,3704,55130,2062,47208,3748,86,329,12,43,1642,1225,3506,20553
0500000US51069,"Frederick County, Virginia",51,069,7421,3923,10702,26684,36147,2070,5968,95008,11843,73583,4167,85,1852,42,476,2960,1498,6696,39514
0500000US51071,"Giles County, Virginia",51,071,352,110,536,5949,5452,741,1063,16557,291,15515,448,2,76,19,15,191,163,985,6930
0500000US51073,"Gloucester County, Virginia",51,073,836,285,1190,13073,13338,1089,1900,39526,1680,32612,3215,20,318,0,75,1606,307,2417,16297
0500000US51075,"Goochland County, Virginia",51,075,1297,101,1499,9934,9946,383,663,26410,1004,20485,3610,16,501,0,40,754,957,928,9856
0500000US51077,"Grayson County, Virginia",51,077,336,152,626,6925,4287,1036,1086,15287,641,13336,841,0,157,0,57,255,1036,1688,5226
0500000US51079,"Greene County, Virginia",51,079,1507,782,1796,5702,8118,728,1423,21155,1578,16667,1563,8,464,41,196,638,156,1287,8566
0500000US51081,"Greensville County, Virginia",51,081,469,207,602,5779,2933,496,369,11275,325,3971,6301,0,26,0,41,611,3213,1599,3516
0500000US51083,"Halifax County, Virginia",51,083,535,235,1258,13093,10527,2815,2232,33639,885,19992,11550,31,210,0,157,814,897,3922,12184
0500000US51085,"Hanover County, Virginia",51,085,4799,2047,5020,31442,45610,2238,4940,112879,4474,91069,9355,99,2414,93,657,4718,2340,4391,45331
0500000US51087,"Henrico County, Virginia",51,087,46741,22621,52040,85654,139625,11106,20884,335744,23193,166119,97727,298,31599,169,1883,14756,3846,15710,130756
0500000US51089,"Henry County, Virginia",51,089,1309,679,3040,19884,16253,3613,3073,49980,3476,33856,11047,47,260,0,77,1217,849,5955,18135
0500000US51091,"Highland County, Virginia",51,091,32,5,38,947,513,81,89,2296,0,2179,0,0,55,0,0,62,0,196,676
0500000US51093,"Isle of Wight County, Virginia",51,093,1391,515,1601,12235,14694,1193,1839,39974,1653,27486,8511,61,501,102,176,1484,272,2266,16490
0500000US51095,"James City County, Virginia",51,095,6149,2421,6043,29247,25691,2072,3737,81013,5793,58118,10010,12,2059,64,496,4461,1250,2863,28669
0500000US51097,"King and Queen County, Virginia",51,097,92,11,88,2239,2430,585,387,6695,221,4435,1463,47,5,0,48,476,0,495,2675
0500000US51099,"King George County, Virginia",51,099,1218,445,1497,7177,7544,693,902,27896,1932,19190,4149,7,361,0,435,1822,214,1476,11316
0500000US51101,"King William County, Virginia",51,101,438,93,375,4726,7429,498,978,18593,612,14196,2795,200,116,10,56,608,80,888,8446
0500000US51103,"Lancaster County, Virginia",51,103,438,84,363,5148,2850,566,697,10936,192,7373,2792,0,69,0,58,452,269,1147,3327
0500000US51105,"Lee County, Virginia",51,105,219,148,461,10958,4829,2407,1417,21900,525,20057,925,48,40,0,30,275,1585,2671,5688
0500000US51107,"Loudoun County, Virginia",51,107,118810,44281,141811,86419,183998,4541,23184,432998,61750,220791,32463,453,94036,196,3263,20046,1491,17324,151984
0500000US51109,"Louisa County, Virginia",51,109,1792,610,2622,12099,14313,1774,2137,39980,1659,30420,4604,129,242,10,353,2563,115,2958,16608
0500000US51111,"Lunenburg County, Virginia",51,111,489,394,570,5214,3215,1048,1111,12016,738,6900,3890,2,25,2,0,459,974,1713,3850
0500000US51113,"Madison County, Virginia",51,113,442,183,708,4549,4900,581,702,14044,546,11766,1245,2,45,0,21,419,298,1091,5557
0500000US51115,"Mathews County, Virginia",51,115,140,27,211,3818,2397,255,578,8540,228,7225,825,7,0,6,98,151,126,616,2628
0500000US51117,"Mecklenburg County, Virginia",51,117,967,474,1200,12305,9208,2281,1714,30516,972,18401,9881,31,294,0,66,871,1005,3251,11116
0500000US51119,"Middlesex County, Virginia",51,119,276,114,345,4747,3221,544,585,10847,349,8420,1711,0,43,0,19,305,413,753,3321
0500000US51121,"Montgomery County, Virginia",51,121,9459,6239,10392,36962,32456,1782,4692,99101,4602,80153,3810,110,6336,139,847,3104,10789,2350,34577
0500000US51125,"Nelson County, Virginia",51,125,688,314,857,5710,4725,728,1048,14732,705,11752,1623,28,132,0,17,475,103,1156,4823
0500000US51127,"New Kent County, Virginia",51,127,1037,445,1118,7240,9364,414,1069,25105,964,18996,3308,160,336,37,20,1284,764,1087,10444
0500000US51131,"Northampton County, Virginia",51,131,889,527,1137,4777,3635,811,1188,12059,1124,6745,3574,10,118,0,28,460,286,1156,4305
0500000US51133,"Northumberland County, Virginia",51,133,555,48,686,6217,3104,371,794,12188,432,8327,2326,16,533,0,99,455,0,1025,3624
0500000US51135,"Nottoway County, Virginia",51,135,473,273,684,6785,4320,852,1398,15597,758,8438,5653,16,125,0,58,549,2586,1628,5030
0500000US51137,"Orange County, Virginia",51,137,1916,729,2350,11789,13338,1126,2225,37822,2650,28310,3812,2,378,0,273,2397,552,2311,14829
0500000US51139,"Page County, Virginia",51,139,733,319,820,8501,7959,1345,1870,23727,609,21823,498,37,94,0,153,513,284,2941,9470
0500000US51141,"Patrick County, Virginia",51,141,464,165,522,7343,5825,980,928,17512,615,15607,884,8,90,0,0,308,384,2088,6124
0500000US51143,"Pittsylvania County, Virginia",51,143,1001,543,1624,24424,19621,3733,3313,59856,1857,43827,12137,27,185,0,54,1769,1392,6331,22272
0500000US51145,"Powhatan County, Virginia",51,145,1004,370,1756,10084,12272,166,1295,31555,919,26740,2262,40,90,0,204,1300,1294,2015,11858
0500000US51147,"Prince Edward County, Virginia",51,147,765,367,934,10021,6165,1314,1287,21996,1078,13188,6489,33,242,251,25,690,4607,1468,7212
0500000US51149,"Prince George County, Virginia",51,149,2524,1046,4117,13355,11744,1425,1789,43146,4487,22174,13318,135,776,196,356,1704,8268,2479,14917
0500000US51153,"Prince William County, Virginia",51,153,128534,54525,166459,106118,178072,9124,47872,488880,127463,185150,95696,317,48594,390,3531,27739,4003,31297,189722
0500000US51155,"Pulaski County, Virginia",51,155,452,81,826,13131,11270,2239,1808,33687,749,30088,1493,13,144,9,65,1126,1050,2112,13277
0500000US51157,"Rappahannock County, Virginia",51,157,435,173,328,2554,2503,161,804,7427,358,6118,267,34,14,0,332,304,11,490,2516
0500000US51159,"Richmond County, Virginia",51,159,469,264,462,4154,2255,335,391,9095,686,5464,2439,46,59,0,20,381,1627,1217,2742
0500000US51161,"Roanoke County, Virginia",51,161,6601,2692,8183,31356,37292,2930,3735,97023,3966,79806,6250,98,3627,21,435,2820,2193,3868,38277
0500000US51163,"Rockbridge County, Virginia",51,163,582,199,521,8437,7410,1061,1064,22531,522,20136,582,41,196,0,268,786,509,1515,8819
0500000US51165,"Rockingham County, Virginia",51,165,5317,2906,8221,25070,32840,1941,9062,85600,7966,72239,1853,41,936,54,262,2249,1991,7379,36815
0500000US51167,"Russell County, Virginia",51,167,198,119,201,11660,7237,2331,1188,25538,180,24673,277,28,23,59,33,265,406,3263,8516
0500000US51169,"Scott County, Virginia",51,169,149,87,285,9966,5926,2113,1213,21479,329,20489,274,5,15,24,26,317,736,2463,7143
0500000US51171,"Shenandoah County, Virginia",51,171,2321,1355,3956,14399,16171,1852,3311,44925,4107,37681,1307,9,547,3,69,1202,410,3286,18084
0500000US51173,"Smyth County, Virginia",51,173,424,327,626,12204,9068,2152,1570,29420,629,27471,598,18,23,10,24,647,753,2849,10789
0500000US51175,"Southampton County, Virginia",51,175,346,99,498,6632,5312,999,802,17964,453,10856,5240,57,140,0,74,1144,1443,1712,7155
0500000US51177,"Spotsylvania County, Virginia",51,177,15223,6420,20093,37068,51746,3489,9555,146603,19628,89359,24495,166,3901,131,570,8353,365,9161,58352
0500000US51179,"Stafford County, Virginia",51,179,22598,9162,28982,38621,51591,2299,9975,163466,27085,84188,31801,132,6435,16,1719,12090,3774,7743,62325
0500000US51181,"Surry County, Virginia",51,181,127,61,154,2205,2283,266,204,6549,205,3532,2554,0,20,0,0,238,0,424,2891
0500000US51183,"Sussex County, Virginia",51,183,110,68,191,4697,3473,715,788,10765,120,4382,5823,6,58,0,17,359,1650,1309,3803
0500000US51185,"Tazewell County, Virginia",51,185,499,98,961,18069,10929,2490,1555,39624,535,36751,1203,14,244,6,20,851,1658,3632,12479
0500000US51187,"Warren County, Virginia",51,187,2600,1340,2709,12501,15429,1609,3686,41531,3064,33781,2097,5,561,0,509,1514,938,3171,16076
0500000US51191,"Washington County, Virginia",51,191,747,340,1659,21448,18022,2816,3568,53926,1001,50728,981,41,272,3,48,852,1348,3869,20797
0500000US51193,"Westmoreland County, Virginia",51,193,899,507,1268,7577,5074,1635,1518,18826,1210,11733,4366,16,185,0,180,1136,110,1752,6295
0500000US51195,"Wise County, Virginia",51,195,539,267,642,15846,9051,3135,2148,35448,509,31893,1681,73,112,0,211,969,3043,4869,10707
0500000US51197,"Wythe County, Virginia",51,197,393,225,657,10352,9911,1651,1689,28188,449,26185,619,4,225,95,80,531,246,2042,11029
0500000US51199,"York County, Virginia",51,199,5656,1582,7262,19064,22058,965,2395,71005,5545,46998,9245,85,4137,178,525,4292,1452,2342,28957
0500000US51510,"Alexandria city, Virginia",51,510,39109,20000,45671,28386,68219,3899,13416,156976,28788,77106,32969,217,9768,49,750,7329,1628,8305,52937
0500000US51520,"Bristol city, Virginia",51,520,379,208,571,6146,5874,1599,1826,16849,465,14230,969,0,76,13,299,797,333,1185,6008
0500000US51530,"Buena Vista city, Virginia",51,530,57,21,66,2499,2256,348,283,6593,15,5583,134,83,62,23,32,661,524,493,2398
0500000US51540,"Charlottesville city, Virginia",51,540,4797,3028,6446,13633,15814,1967,2031,45437,3132,29163,7026,15,3198,0,302,2601,3003,1888,13444
0500000US51550,"Chesapeake city, Virginia",51,550,14714,4955,19980,66060,85969,6728,14039,252583,19408,135855,71944,309,9654,118,1776,13519,4121,9990,104085
0500000US51570,"Colonial Heights city, Virginia",51,570,1194,466,1588,5158,6328,983,1371,18352,1528,11961,3432,34,686,0,62,649,188,1155,7529
0500000US51580,"Covington city, Virginia",51,580,233,139,334,2362,1653,470,390,5680,202,4495,720,0,76,0,0,187,81,523,1834
0500000US51590,"Danville city, Virginia",51,590,1485,933,1938,15460,13603,5197,3313,42214,2348,16369,21304,20,503,0,29,1641,1539,3753,14186
0500000US51595,"Emporia city, Virginia",51,595,141,102,316,1876,1714,736,252,5547,436,1017,3569,0,32,0,0,493,197,704,1905
0500000US51600,"Fairfax city, Virginia",51,600,7660,3634,8775,5664,10043,286,2083,25026,4728,12800,1585,36,4597,0,259,1021,536,1520,8223
0500000US51610,"Falls Church city, Virginia",51,610,2448,888,2935,3195,5508,97,247,14710,1587,10005,520,0,1344,0,192,1062,143,464,4351
0500000US51620,"Franklin city, Virginia",51,620,67,54,132,2707,2510,983,232,8250,261,3114,4524,0,3,0,0,348,134,770,2829
0500000US51630,"Fredericksburg city, Virginia",51,630,3505,2171,5152,7166,11170,1249,2222,28873,3628,15787,5603,34,1140,0,194,2487,2212,1359,11175
0500000US51640,"Galax city, Virginia",51,640,369,202,622,2316,2083,610,440,6726,950,5165,331,13,19,0,24,224,264,698,2628
0500000US51650,"Hampton city, Virginia",51,650,8117,2246,10737,38759,44810,9340,9118,137557,9447,48479,66188,339,3085,66,1233,8720,3772,6549,56519
0500000US51660,"Harrisonburg city, Virginia",51,660,9145,5651,13818,16529,19341,1900,5314,51392,12119,31246,3685,7,1823,24,353,2135,7226,4041,19451
0500000US51670,"Hopewell city, Virginia",51,670,1064,592,1825,6521,7772,2321,1789,22959,2052,9335,9545,6,247,0,19,1755,236,1699,8667
0500000US51678,"Lexington city, Virginia",51,678,439,259,780,4006,2258,388,397,7525,472,5887,437,25,262,0,0,442,3210,301,1750
0500000US51680,"Lynchburg city, Virginia",51,680,3855,2248,5861,26968,30192,4361,4672,79497,4041,47601,21483,55,1775,120,924,3498,10830,4041,26941
0500000US51683,"Manassas city, Virginia",51,683,13945,7642,19789,9106,17253,899,8240,42976,18865,14320,5058,42,2386,8,119,2178,69,5264,18192
0500000US51685,"Manassas Park city, Virginia",51,685,6179,3072,8770,3297,7213,525,3691,16798,7867,4430,2282,0,1712,0,0,507,6,2562,7835
0500000US51690,"Martinsville city, Virginia",51,690,1014,781,1557,4439,4832,1379,1102,13658,1168,5689,5999,0,399,0,55,348,435,1001,4757
0500000US51700,"Newport News city, Virginia",51,700,14119,6102,18293,47934,65023,11796,14428,184216,19873,72296,74745,420,5995,182,1455,9250,6647,9611,75199
0500000US51710,"Norfolk city, Virginia",51,710,18511,8515,25895,57506,77785,16170,18825,233596,23691,96188,90856,626,8508,169,1231,12327,19565,14793,99751
0500000US51720,"Norton city, Virginia",51,720,11,0,89,1551,1135,477,365,3577,112,3275,79,0,11,0,0,100,38,145,981
0500000US51730,"Petersburg city, Virginia",51,730,1523,852,2490,9510,10741,3428,2138,33537,2183,4818,24890,22,433,31,58,1102,540,3010,11939
0500000US51735,"Poquoson city, Virginia",51,735,497,187,498,3504,4796,91,281,12639,525,11037,238,17,217,0,75,530,71,225,5558
0500000US51740,"Portsmouth city, Virginia",51,740,3168,1443,4749,27827,30597,8008,6805,97190,5225,34405,48784,189,1552,32,679,6324,2725,7229,37893
0500000US51750,"Radford city, Virginia",51,750,346,189,599,5796,6242,730,811,16726,731,13535,1544,8,406,0,57,445,3113,465,6850
0500000US51760,"Richmond city, Virginia",51,760,19276,13215,26090,61104,97259,15789,20016,229359,24539,94895,93026,244,4775,114,1157,10609,10408,15974,86285
0500000US51770,"Roanoke city, Virginia",51,770,7886,5174,10004,29636,38119,7359,9499,98355,8823,54346,27236,90,3082,95,632,4051,1742,7099,36839
0500000US51775,"Salem city, Virginia",51,775,1147,753,1176,8585,9892,795,1074,25618,1227,20895,2217,60,503,0,202,514,2285,1001,10169
0500000US51790,"Staunton city, Virginia",51,790,914,483,1353,8691,8930,1467,1611,25948,1233,20330,2662,28,361,8,60,1266,1727,1134,10099
0500000US51800,"Suffolk city, Virginia",51,800,4396,1813,5812,27224,32493,3807,6102,98796,5172,45224,41068,93,1818,9,846,4566,922,5955,41377
0500000US51810,"Virginia Beach city, Virginia",51,810,41807,14911,52515,116042,165268,11892,27294,456349,41512,268555,82972,502,32184,454,2908,27262,7750,16774,194868
0500000US51820,"Waynesboro city, Virginia",51,820,1529,824,2089,6564,8945,1402,2321,22841,2218,16351,2491,22,412,0,0,1347,226,1755,9365
0500000US51830,"Williamsburg city, Virginia",51,830,1614,836,2278,7407,5072,397,960,15798,1318,10618,2258,35,1038,0,20,511,4813,498,4163
0500000US51840,"Winchester city, Virginia",51,840,3376,2436,5138,7864,11143,1340,3390,27913,5848,17126,2156,41,608,0,221,1913,1092,2347,10431
0500000US53001,"Adams County, Washington",53,001,5087,4098,10183,5743,6299,1188,3297,20800,13423,6469,40,47,119,29,138,535,374,3881,6963
0500000US53003,"Asotin County, Washington",53,003,609,375,769,8436,7414,1767,1339,22467,1028,19563,196,234,256,0,149,1041,210,1298,7968
0500000US53005,"Benton County, Washington",53,005,24350,13768,43118,63135,73887,11533,16743,212905,54546,137553,3401,869,6490,461,1365,8220,2392,14779,79067
0500000US53007,"Chelan County, Washington",53,007,11221,7375,19176,25920,28682,3798,8366,80172,23247,52097,333,473,661,110,497,2754,1727,7392,29661
0500000US53009,"Clallam County, Washington",53,009,3479,1159,4581,35040,20920,4564,5152,77813,5273,62410,633,2557,1320,34,344,5242,1485,3776,23732
0500000US53011,"Clark County, Washington",53,011,56848,23608,80673,147961,200765,23679,34370,516959,63672,374701,10872,1521,25878,4157,3182,32976,3977,26634,188503
0500000US53013,"Columbia County, Washington",53,013,201,166,296,1509,1132,263,312,4014,335,3261,22,13,75,0,8,300,64,315,1368
0500000US53015,"Cowlitz County, Washington",53,015,4803,2690,8366,38952,38068,7772,6883,112360,11775,89475,722,868,1312,461,675,7072,1131,7987,41918
0500000US53017,"Douglas County, Washington",53,017,7059,5138,11529,12860,17187,2275,5896,44366,15729,25695,177,236,335,126,126,1942,828,5207,17540
0500000US53019,"Ferry County, Washington",53,019,181,115,279,3603,967,618,414,7387,269,5270,24,973,52,159,38,602,141,508,1732
0500000US53021,"Franklin County, Washington",53,021,20597,13456,45066,24639,34306,5631,12773,98902,54664,36696,1834,179,1728,159,585,3057,3022,13100,38685
0500000US53023,"Garfield County, Washington",53,023,53,53,137,1016,557,140,101,2353,117,2033,19,0,49,0,0,135,33,97,699
0500000US53025,"Grant County, Washington",53,025,16431,12547,33664,28804,31907,5855,13787,101799,44645,50089,1246,585,830,29,209,4166,3186,11759,37372
0500000US53027,"Grays Harbor County, Washington",53,027,4294,2616,7459,31688,20894,5577,5642,77053,8617,58592,1137,2916,1021,310,419,4041,2792,5811,24119
0500000US53029,"Island County, Washington",53,029,6957,2436,7797,32295,23268,2771,3599,86836,7582,65470,1879,547,4242,363,227,6526,2273,2696,30594
0500000US53031,"Jefferson County, Washington",53,031,1618,648,2046,16996,8258,1327,1246,33577,1480,28394,115,351,434,35,569,2199,639,1300,8419
0500000US53033,"King County, Washington",53,033,589378,307918,674641,568796,1038747,77601,119199,2287171,251983,1210898,147480,8436,469780,16925,14623,167046,40926,102976,705065
0500000US53035,"Kitsap County, Washington",53,035,19923,7797,24767,87038,80164,10833,13304,277881,26018,201834,6055,2258,13337,2609,1889,23881,7243,9159,96437
0500000US53037,"Kittitas County, Washington",53,037,2268,1242,3546,15491,16104,2459,2728,47172,4974,37384,497,142,812,25,441,2897,1595,1960,17583
0500000US53039,"Klickitat County, Washington",53,039,2057,1147,2909,9394,7100,1181,1505,23411,3089,18440,81,310,179,65,137,1110,518,1834,6788
0500000US53041,"Lewis County, Washington",53,041,4526,2495,6975,30443,27090,5397,5348,85154,9810,68038,554,887,927,199,554,4185,818,5299,29714
0500000US53043,"Lincoln County, Washington",53,043,218,99,429,4276,3024,707,392,11489,477,10191,55,169,54,32,25,486,107,629,3583
0500000US53045,"Mason County, Washington",53,045,4728,3034,6742,28576,16793,3954,4419,67982,8685,50945,690,971,650,111,717,5213,1660,4704,20878
0500000US53047,"Okanogan County, Washington",53,047,5720,4161,7756,15617,12901,3380,6399,43425,9128,27099,559,3587,261,17,253,2521,2761,4579,13643
0500000US53049,"Pacific County, Washington",53,049,1263,669,2289,10796,6156,1662,1351,23994,2378,19059,131,446,374,15,264,1327,257,1742,6851
0500000US53051,"Pend Oreille County, Washington",53,051,290,105,286,5997,3854,994,848,14050,565,11905,23,283,71,12,122,1069,118,644,4355
0500000US53053,"Pierce County, Washington",53,053,101407,43176,142247,249410,340899,43291,53478,930319,119500,571064,64989,5620,62848,14916,5500,85882,21707,47783,363118
0500000US53055,"San Juan County, Washington",53,055,1289,567,1218,7772,5693,512,1106,18478,1409,15743,45,78,248,43,65,847,182,630,5512
0500000US53057,"Skagit County, Washington",53,057,11811,6227,19947,44707,44810,6469,8325,131328,25367,93088,922,1259,2708,265,901,6818,1823,7884,48464
0500000US53059,"Skamania County, Washington",53,059,485,209,573,4576,4122,615,805,12402,832,10286,98,120,143,19,129,775,112,645,4293
0500000US53061,"Snohomish County, Washington",53,061,163015,80108,193558,222308,353091,27910,51757,844430,102350,523347,30238,5376,114492,4355,5728,58544,10153,41240,315948
0500000US53063,"Spokane County, Washington",53,063,29757,12493,40290,168576,203931,34596,27567,549056,38877,443936,10556,3978,12242,3891,2560,33016,15253,19846,199286
0500000US53065,"Stevens County, Washington",53,065,909,250,1322,19761,12932,2915,2691,48067,2012,40278,152,1847,364,126,497,2791,249,2876,15410
0500000US53067,"Thurston County, Washington",53,067,24715,10108,33381,93996,88807,13304,14412,299067,31748,207943,9445,2537,18056,2968,2755,23615,4302,11340,103698
0500000US53069,"Wahkiakum County, Washington",53,069,109,25,83,2272,1031,144,200,4658,261,3953,39,10,78,0,0,317,29,232,1139
0500000US53071,"Walla Walla County, Washington",53,071,5920,3294,11796,21182,20845,3168,4127,62161,14816,42088,994,214,1111,139,270,2529,5048,4346,21446
0500000US53073,"Whatcom County, Washington",53,073,22902,10094,27470,71199,88362,11003,13247,230503,24461,174501,2118,3609,10036,503,879,14396,4936,9730,87031
0500000US53075,"Whitman County, Washington",53,075,3534,2276,4712,15200,14524,2044,2550,47003,3827,34562,647,157,3191,94,480,4045,6124,993,16879
0500000US53077,"Yakima County, Washington",53,077,46831,31310,101070,72199,86114,19853,32507,257152,134645,101208,1628,5925,2861,917,1059,8909,3998,36653,96414
0500000US54001,"Barbour County, West Virginia",54,001,56,41,276,6626,4512,1199,999,15424,192,13961,230,35,47,0,26,933,618,1216,4759
0500000US54003,"Berkeley County, West Virginia",54,003,6511,2335,7086,34878,49114,5907,7557,129514,8294,103178,9232,110,1237,40,986,6437,1139,8154,56122
0500000US54005,"Boone County, West Virginia",54,005,96,37,208,9328,5509,1747,965,21026,143,20415,86,5,35,0,0,342,137,2024,6346
0500000US54007,"Braxton County, West Virginia",54,007,12,2,33,5873,2886,1055,1003,12208,69,10555,70,0,11,0,21,1482,439,1419,3286
0500000US54009,"Brooke County, West Virginia",54,009,332,203,343,8369,7801,1364,1290,21805,310,20151,327,7,144,4,0,862,916,998,8295
0500000US54011,"Cabell County, West Virginia",54,011,1596,781,2629,32771,30815,6575,6160,92739,1631,82311,3837,50,1075,41,195,3599,4673,5795,34613
0500000US54013,"Calhoun County, West Virginia",54,013,3,3,28,2998,1397,643,543,6048,39,5781,5,3,3,0,40,177,24,790,1667
0500000US54015,"Clay County, West Virginia",54,015,2,0,3,3601,1636,969,451,7835,18,7583,4,4,0,0,0,226,61,816,2233
0500000US54017,"Doddridge County, West Virginia",54,017,122,16,157,3935,2113,264,366,7711,110,7072,189,12,0,0,46,282,1074,901,2236
0500000US54019,"Fayette County, West Virginia",54,019,103,38,158,16790,11748,3120,3077,39519,549,36140,1640,10,21,0,126,1033,1238,3764,12962
0500000US54021,"Gilmer County, West Virginia",54,021,248,219,344,4038,1393,487,374,7288,299,5724,993,9,16,0,46,201,2148,783,1691
0500000US54023,"Grant County, West Virginia",54,023,82,29,112,4093,3402,731,495,10983,79,10527,185,0,19,0,1,172,140,843,4293
0500000US54025,"Greenbrier County, West Virginia",54,025,573,334,1053,13558,9989,2697,2007,32386,609,29706,758,44,214,11,4,1040,612,3037,11545
0500000US54027,"Hampshire County, West Virginia",54,027,369,30,323,9531,6295,1272,1510,23465,409,21860,226,17,6,0,140,807,562,2034,8012
0500000US54029,"Hancock County, West Virginia",54,029,264,41,383,10083,10163,1941,1812,28431,496,26151,501,7,141,84,53,998,288,1925,10626
0500000US54031,"Hardy County, West Virginia",54,031,292,250,560,5197,4473,1144,1108,14243,658,12636,675,2,8,4,71,189,85,1585,5108
0500000US54033,"Harrison County, West Virginia",54,033,787,287,1295,23133,20404,4208,4846,64984,1472,59667,953,40,530,1,33,2288,1055,4732,24146
0500000US54035,"Jackson County, West Virginia",54,035,574,298,580,11481,7760,2207,1697,27705,292,26488,39,7,110,14,121,634,166,2048,9008
0500000US54037,"Jefferson County, West Virginia",54,037,3011,1542,3896,17335,21874,2492,3521,59260,4630,47108,3320,26,814,0,409,2953,1220,4131,23285
0500000US54039,"Kanawha County, West Virginia",54,039,3531,1457,3782,64521,57921,12081,8485,176537,2789,151690,8544,90,2023,195,474,10732,3116,10964,64193
0500000US54041,"Lewis County, West Virginia",54,041,49,17,117,6343,5022,1487,1081,16740,232,15063,184,19,21,0,16,1205,202,1377,5591
0500000US54043,"Lincoln County, West Virginia",54,043,93,45,117,9580,4630,1838,1148,19902,164,19163,1,27,103,0,0,444,73,2532,5439
0500000US54045,"Logan County, West Virginia",54,045,122,4,162,14016,7944,3566,1990,31418,258,30046,614,2,79,1,0,418,817,3656,9525
0500000US54047,"McDowell County, West Virginia",54,047,295,238,420,11005,2650,2360,1398,17943,373,15515,1577,17,9,0,3,449,2183,3298,3424
0500000US54049,"Marion County, West Virginia",54,049,475,298,893,18805,19698,3624,3739,55909,919,50891,1424,11,323,1,143,2197,1430,2796,21471
0500000US54051,"Marshall County, West Virginia",54,051,166,43,564,11525,9810,2647,1627,29865,347,27750,98,19,100,18,296,1237,749,1670,11377
0500000US54053,"Mason County, West Virginia",54,053,62,27,143,11027,7043,1878,1488,25043,154,23895,253,2,93,0,65,581,601,2331,8412
0500000US54055,"Mercer County, West Virginia",54,055,370,178,1057,23383,17652,5242,2844,58563,789,51880,2372,205,127,0,154,3036,1364,4742,20616
0500000US54057,"Mineral County, West Virginia",54,057,136,70,406,10216,8014,1886,1311,26854,332,24804,356,102,29,12,142,1077,584,1123,9737
0500000US54059,"Mingo County, West Virginia",54,059,45,17,146,11655,4553,3397,1528,22542,178,21420,447,3,1,0,25,468,83,3346,5012
0500000US54061,"Monongalia County, West Virginia",54,061,5736,3014,6739,33164,41268,4169,5625,107163,3397,91918,3334,56,3738,1,757,3962,6386,3559,43531
0500000US54063,"Monroe County, West Virginia",54,063,10,1,24,5229,3459,556,869,12386,79,11658,180,0,0,0,90,379,74,1109,3960
0500000US54065,"Morgan County, West Virginia",54,065,216,83,305,6446,6117,1031,1052,17426,310,16223,8,0,115,12,98,660,177,1465,7192
0500000US54067,"Nicholas County, West Virginia",54,067,399,86,195,10682,6869,1829,1410,24277,265,23372,133,2,59,0,12,434,135,1718,8105
0500000US54069,"Ohio County, West Virginia",54,069,1058,497,1462,14493,15449,3393,2110,41582,699,37344,1390,30,203,0,47,1869,2172,2146,15763
0500000US54071,"Pendleton County, West Virginia",54,071,6,6,67,2468,1644,315,407,6043,134,5707,85,9,13,0,0,95,99,481,2024
0500000US54073,"Pleasants County, West Virginia",54,073,36,0,37,2847,2425,452,743,7521,158,7101,31,22,0,0,0,209,399,582,2639
0500000US54075,"Pocahontas County, West Virginia",54,075,44,10,49,3748,1656,690,455,7784,131,7295,42,0,10,0,37,269,341,844,2094
0500000US54077,"Preston County, West Virginia",54,077,534,383,668,14443,10059,2207,2387,34160,661,29815,2208,97,125,0,65,1189,3800,3554,11940
0500000US54079,"Putnam County, West Virginia",54,079,792,398,828,18891,21120,2998,3187,57177,871,53543,542,17,458,0,213,1533,318,2442,23286
0500000US54081,"Raleigh County, West Virginia",54,081,1104,515,1875,30986,20457,5591,2955,73195,1298,63619,4868,12,632,25,165,2576,3339,7333,23848
0500000US54083,"Randolph County, West Virginia",54,083,130,25,298,11305,7957,1773,1822,27576,308,24798,387,15,2,0,0,2066,2314,2373,9071
0500000US54085,"Ritchie County, West Virginia",54,085,120,71,267,3575,2186,540,645,8286,59,7992,9,0,111,0,1,114,36,898,2786
0500000US54087,"Roane County, West Virginia",54,087,74,31,150,6548,3125,1245,1080,13786,167,13101,3,7,34,5,15,454,97,1569,4033
0500000US54089,"Summers County, West Virginia",54,089,114,23,394,6452,2159,1077,716,11729,157,10575,718,27,0,0,53,199,881,1548,3164
0500000US54091,"Taylor County, West Virginia",54,091,62,0,91,6268,4938,1334,824,16487,169,15641,103,22,0,0,0,552,383,1457,5932
0500000US54093,"Tucker County, West Virginia",54,093,58,12,114,2907,1917,363,346,6654,33,6446,0,2,0,0,0,173,138,491,2246
0500000US54095,"Tyler County, West Virginia",54,095,47,0,77,3661,2103,644,628,8064,88,7571,71,6,0,0,1,327,80,570,2565
0500000US54097,"Upshur County, West Virginia",54,097,216,131,329,9934,6888,1815,1485,23712,351,21761,287,10,88,5,195,1015,1384,1885,7408
0500000US54099,"Wayne County, West Virginia",54,099,237,194,473,15414,11225,2879,1791,38164,346,36534,366,0,17,0,80,821,197,3437,13251
0500000US54101,"Webster County, West Virginia",54,101,0,0,33,3751,2116,944,468,8144,66,7588,11,0,0,0,8,471,61,1101,2399
0500000US54103,"Wetzel County, West Virginia",54,103,51,27,95,5970,3909,1215,512,14078,196,13197,26,0,6,0,70,583,149,902,4586
0500000US54105,"Wirt County, West Virginia",54,105,11,0,68,2186,1472,374,347,5053,0,4873,0,0,11,0,9,160,0,365,1573
0500000US54107,"Wood County, West Virginia",54,107,859,282,905,29857,28577,6317,5144,83407,1231,78081,936,58,365,89,131,2516,1091,5273,30937
0500000US54109,"Wyoming County, West Virginia",54,109,38,21,184,10383,4349,1948,1450,20629,167,19961,55,0,17,0,10,419,127,3312,5973
0500000US55001,"Adams County, Wisconsin",55,001,696,323,857,9783,6721,1391,942,21123,933,18503,424,105,135,0,111,912,723,1823,7295
0500000US55003,"Ashland County, Wisconsin",55,003,349,169,538,5313,5479,975,1015,16080,476,13065,83,1502,116,1,15,822,605,510,6059
0500000US55005,"Barron County, Wisconsin",55,005,928,485,1796,14398,17959,2288,2879,46797,1509,42500,618,127,272,0,164,1607,704,2794,19548
0500000US55007,"Bayfield County, Wisconsin",55,007,187,72,495,6690,5117,859,868,16575,351,13873,109,1234,74,7,34,893,105,523,5721
0500000US55009,"Brown County, Wisconsin",55,009,14677,8535,26012,69341,121621,11597,13573,270892,27824,209400,6527,4110,8982,87,1032,12930,7155,11709,118049
0500000US55011,"Buffalo County, Wisconsin",55,011,228,140,360,4137,5403,598,562,13393,385,12540,57,18,24,0,16,353,133,721,5687
0500000US55013,"Burnett County, Wisconsin",55,013,237,35,328,7308,5396,900,1008,16916,333,15160,148,472,92,8,63,640,129,860,5690
0500000US55015,"Calumet County, Wisconsin",55,015,2096,911,3039,13375,24261,1301,1373,52942,3016,46318,496,104,1375,0,187,1446,196,1828,23630
0500000US55017,"Chippewa County, Wisconsin",55,017,957,274,2318,19951,26849,3203,2829,66799,1311,61692,964,277,873,4,50,1628,2878,2995,27647
0500000US55019,"Clark County, Wisconsin",55,019,1124,922,5840,9139,12017,1348,7735,34739,2232,31436,102,43,136,3,74,713,482,3681,12150
0500000US55021,"Columbia County, Wisconsin",55,021,1391,630,2498,16444,23874,2162,2838,58272,2385,52592,949,212,458,0,143,1533,1603,2536,25120
0500000US55023,"Crawford County, Wisconsin",55,023,397,153,576,6303,5062,728,1060,16042,314,14863,252,33,83,15,30,452,840,852,5938
0500000US55025,"Dane County, Wisconsin",55,025,51269,29852,62786,140387,245012,20385,20491,572674,44744,433966,29416,620,35051,138,2403,26336,16060,13573,222308
0500000US55027,"Dodge County, Wisconsin",55,027,2173,1252,4583,26731,37592,3831,3495,88742,5941,77460,2237,253,429,21,172,2229,4595,4713,39234
0500000US55029,"Door County, Wisconsin",55,029,902,460,1252,11281,11018,1168,1049,30445,1266,27856,13,130,138,0,2,1040,352,862,11736
0500000US55031,"Douglas County, Wisconsin",55,031,804,366,919,13971,17682,2390,1730,44229,860,39695,372,496,331,0,119,2356,1286,1783,18572
0500000US55033,"Dunn County, Wisconsin",55,033,1019,451,1931,12342,19067,2212,2223,45527,1124,41189,397,35,1402,7,182,1191,3183,1540,19618
0500000US55035,"Eau Claire County, Wisconsin",55,035,3572,1840,6796,27382,49116,4962,6595,107116,3384,93442,1308,203,4424,138,432,3785,4163,2815,47866
0500000US55037,"Florence County, Wisconsin",55,037,18,1,41,2003,1377,292,265,4646,21,4407,12,74,0,0,0,132,54,283,1598
0500000US55039,"Fond du Lac County, Wisconsin",55,039,3861,2133,5980,30334,44572,4095,4168,104137,7129,89538,1768,147,1917,0,558,3080,3568,5072,45266
0500000US55041,"Forest County, Wisconsin",55,041,66,26,240,3880,2276,599,705,9369,206,7283,39,993,8,10,132,698,182,676,3213
0500000US55043,"Grant County, Wisconsin",55,043,788,397,2316,15415,19252,2122,4064,51770,1332,48129,764,58,364,21,109,993,3762,2140,20324
0500000US55045,"Green County, Wisconsin",55,045,738,304,1319,10006,15410,1296,1406,37017,1567,34049,284,25,209,0,92,791,394,1626,16334
0500000US55047,"Green Lake County, Wisconsin",55,047,370,154,1577,6486,7080,966,1713,19263,1079,17439,90,65,219,14,47,310,332,1174,7246
0500000US55049,"Iowa County, Wisconsin",55,049,382,239,530,6197,10010,958,805,23867,545,22051,181,21,209,0,75,785,247,814,10107
0500000US55051,"Iron County, Wisconsin",55,051,91,18,144,2532,1929,377,374,6210,100,5770,3,14,30,0,3,290,103,240,2411
0500000US55053,"Jackson County, Wisconsin",55,053,339,134,950,7342,6890,1265,1340,20981,781,17893,404,941,103,11,96,752,1256,1188,8053
0500000US55055,"Jefferson County, Wisconsin",55,055,3152,2186,5192,22550,37898,3213,4075,86003,7309,74788,793,57,533,4,225,2294,3248,4242,39106
0500000US55057,"Juneau County, Wisconsin",55,057,623,205,869,9591,8869,1635,1365,26689,788,23322,601,169,158,0,89,1562,1852,1925,10391
0500000US55059,"Kenosha County, Wisconsin",55,059,12422,5875,20896,45210,71659,8401,9578,168438,25582,120437,9999,209,3042,0,1217,7952,3925,9245,73408
0500000US55061,"Kewaunee County, Wisconsin",55,061,518,274,911,6102,8580,434,798,20664,847,19010,84,30,97,0,54,542,178,822,9058
0500000US55063,"La Crosse County, Wisconsin",55,063,3652,887,7664,33357,53319,4781,5211,120488,3269,105302,1762,256,5423,21,391,4064,4831,2741,52347
0500000US55065,"Lafayette County, Wisconsin",55,065,717,547,1319,4565,6158,588,1767,16942,1200,15201,62,16,90,0,63,310,127,967,6769
0500000US55067,"Langlade County, Wisconsin",55,067,222,119,415,6950,7253,1191,984,19490,493,17831,84,132,31,0,3,916,281,1298,7687
0500000US55069,"Lincoln County, Wisconsin",55,069,527,168,640,9964,10679,1674,1329,28426,647,26444,136,28,123,8,150,890,565,1640,11359
0500000US55071,"Manitowoc County, Wisconsin",55,071,2392,1299,4547,25553,34318,3617,3333,81406,4474,71047,620,133,1950,90,342,2750,1328,4532,34902
0500000US55073,"Marathon County, Wisconsin",55,073,6009,2622,9945,36765,60387,5745,8009,138403,4893,119281,800,136,7842,25,475,4951,1675,6470,59529
0500000US55075,"Marinette County, Wisconsin",55,075,736,413,1347,15205,15346,2313,1740,42046,1233,39286,194,50,147,2,25,1109,827,2159,16551
0500000US55077,"Marquette County, Wisconsin",55,077,283,156,547,5886,5486,831,869,15746,582,14531,77,35,72,0,33,416,179,931,6064
0500000US55078,"Menominee County, Wisconsin",55,078,8,0,299,1528,721,366,866,4252,216,553,35,3357,0,0,0,91,52,135,1195
0500000US55079,"Milwaukee County, Wisconsin",55,079,91406,49967,161479,255208,383638,80462,65984,926331,157150,445132,235244,2910,44897,125,3035,37838,19286,64813,345501
0500000US55081,"Monroe County, Wisconsin",55,081,1185,694,3908,13177,16087,2553,4060,46208,2664,40701,671,315,380,1,43,1433,851,2865,18573
0500000US55083,"Oconto County, Wisconsin",55,083,441,168,716,12839,15771,1510,1371,39589,903,36922,51,400,95,0,59,1159,381,1905,16130
0500000US55085,"Oneida County, Wisconsin",55,085,567,281,750,14796,13699,1383,1600,38167,654,35631,183,283,178,9,57,1172,591,1196,14611
0500000US55087,"Outagamie County, Wisconsin",55,087,8310,3913,13799,47509,88030,6395,7735,192826,10177,163655,2859,1824,7138,47,312,6814,3283,6659,86295
0500000US55089,"Ozaukee County, Wisconsin",55,089,4658,1485,5110,26123,41430,1921,2336,92966,3470,82881,1368,113,2028,23,250,2833,1919,1439,38642
0500000US55091,"Pepin County, Wisconsin",55,091,135,68,425,2298,2661,301,668,7431,198,6995,31,9,48,0,33,117,81,317,2725
0500000US55093,"Pierce County, Wisconsin",55,093,955,406,1237,11013,18912,934,1309,42584,1280,38888,242,60,490,22,136,1466,2514,1029,18244
0500000US55095,"Polk County, Wisconsin",55,095,537,205,901,14711,17670,1900,2806,45555,1008,42344,105,201,207,4,138,1548,509,1985,18603
0500000US55097,"Portage County, Wisconsin",55,097,2173,859,3230,19912,31077,2387,3385,70832,2956,63074,537,43,2038,0,135,2049,2940,2570,30255
0500000US55099,"Price County, Wisconsin",55,099,172,87,281,5701,4791,861,804,14092,247,13125,14,77,78,9,30,512,173,663,5169
0500000US55101,"Racine County, Wisconsin",55,101,9775,5364,17041,56338,80797,9869,11071,197532,29754,135438,20442,333,2247,161,783,8374,4982,10277,81968
0500000US55103,"Richland County, Wisconsin",55,103,439,223,1106,5614,6420,1037,1204,17205,563,15839,55,9,158,0,100,481,361,899,6960
0500000US55105,"Rock County, Wisconsin",55,105,7554,4403,13666,45977,68734,8653,8993,164350,16646,130867,7584,80,1779,9,460,6925,2680,8367,71180
0500000US55107,"Rusk County, Wisconsin",55,107,155,68,318,5173,4819,1027,796,14179,296,13194,164,43,52,5,28,397,182,745,5226
0500000US55109,"St. Croix County, Wisconsin",55,109,2233,1028,3018,23622,40967,2322,3874,96033,2935,87799,643,55,1064,23,363,3151,931,2051,40869
0500000US55111,"Sauk County, Wisconsin",55,111,2570,1462,5028,17632,27919,2830,3947,66009,4488,56960,511,304,296,18,527,2905,771,3438,29160
0500000US55113,"Sawyer County, Wisconsin",55,113,287,186,629,7452,5718,1205,1181,18476,450,14209,107,2386,109,0,67,1148,492,893,6323
0500000US55115,"Shawano County, Wisconsin",55,115,564,234,1274,13356,15461,1901,2466,41039,1334,34737,239,2315,262,6,202,1944,580,1918,16560
0500000US55117,"Sheboygan County, Wisconsin",55,117,6894,3033,10757,33673,51394,4354,4638,117991,9148,95364,2490,149,6809,146,271,3614,3196,5429,50854
0500000US55119,"Taylor County, Wisconsin",55,119,357,252,1060,6028,7898,746,1462,20024,599,18788,67,18,63,30,97,362,157,1201,8232
0500000US55121,"Trempealeau County, Wisconsin",55,121,1625,1422,3163,7781,12073,1140,2645,30839,3997,25871,100,47,139,5,45,635,387,1901,13199
0500000US55123,"Vernon County, Wisconsin",55,123,286,147,3276,9692,10843,1127,4629,31049,548,29271,90,15,65,0,109,951,429,2019,11211
0500000US55125,"Vilas County, Wisconsin",55,125,411,88,552,9373,7376,1098,1318,23647,541,20054,65,1921,91,0,45,930,234,638,8581
0500000US55127,"Walworth County, Wisconsin",55,127,6578,3579,10851,30109,46276,3316,5960,105657,12821,87752,783,106,885,18,336,2956,2993,5019,46277
0500000US55129,"Washburn County, Wisconsin",55,129,257,102,430,6538,5764,873,892,16854,353,15577,37,162,78,3,37,607,220,769,6049
0500000US55131,"Washington County, Wisconsin",55,131,3959,1701,5550,35924,63725,2920,3864,137879,5174,124357,1790,131,1997,22,452,3956,924,4150,61914
0500000US55133,"Waukesha County, Wisconsin",55,133,22683,9435,30267,112469,187449,7378,12537,411762,23650,350148,6303,445,15980,32,1894,13310,4215,8276,175760
0500000US55135,"Waupaca County, Wisconsin",55,135,662,352,1809,16376,20447,2246,2959,51569,2006,47642,252,93,133,1,122,1320,1237,2841,21802
0500000US55137,"Waushara County, Wisconsin",55,137,641,343,2052,9533,8582,1310,2189,24868,1740,21697,450,84,111,2,77,707,930,1868,9436
0500000US55139,"Winnebago County, Wisconsin",55,139,5928,2890,9537,48279,75912,6976,7581,171769,8736,145904,4642,446,5525,66,643,5807,6759,6533,75534
0500000US55141,"Wood County, Wisconsin",55,141,1662,975,2680,22902,29362,4244,3296,74004,2763,66780,468,167,1292,2,214,2318,1077,2897,30087
0500000US56001,"Albany County, Wyoming",56,001,2840,2086,4267,10057,13579,694,2779,38249,4043,30551,394,95,1374,43,54,1695,2659,606,15735
0500000US56003,"Big Horn County, Wyoming",56,003,378,192,728,3864,3760,235,1519,11828,1143,10053,79,34,59,62,36,362,262,894,4481
0500000US56005,"Campbell County, Wyoming",56,005,1660,942,3491,11083,18122,604,6129,47240,4562,39792,157,358,115,3,96,2157,552,2483,21080
0500000US56007,"Carbon County, Wyoming",56,007,601,365,1406,4730,4256,284,1698,14463,2640,10908,201,95,34,0,27,558,586,952,5572
0500000US56009,"Converse County, Wyoming",56,009,275,104,205,3644,4831,389,1646,13762,1127,12006,78,4,28,0,0,519,86,505,5857
0500000US56011,"Crook County, Wyoming",56,011,80,46,229,2111,2635,18,844,7455,158,6927,0,11,15,13,11,320,45,366,2994
0500000US56013,"Fremont County, Wyoming",56,013,661,277,2141,12031,10820,1217,6801,39533,2745,27156,216,6908,123,33,323,2029,975,1668,14014
0500000US56015,"Goshen County, Wyoming",56,015,209,171,758,4794,3660,383,1392,12605,1288,10648,30,89,74,21,48,407,963,522,4198
0500000US56017,"Hot Springs County, Wyoming",56,017,78,20,83,1647,1224,168,534,4620,183,4135,0,16,14,0,27,245,92,150,1636
0500000US56019,"Johnson County, Wyoming",56,019,213,119,284,2977,2517,59,797,8686,373,7819,1,144,47,0,52,250,140,376,2936
0500000US56021,"Laramie County, Wyoming",56,021,3313,1320,6413,27040,32981,2337,9242,101060,16004,75654,2130,410,1060,93,1610,4099,1419,3449,44742
0500000US56023,"Lincoln County, Wyoming",56,023,592,227,989,5619,7498,369,2430,20486,1131,18601,10,57,67,4,54,562,86,620,8371
0500000US56025,"Natrona County, Wyoming",56,025,1849,782,4076,21179,30827,2197,8445,79977,7577,67676,426,232,440,0,380,3246,1340,3558,34401
0500000US56027,"Niobrara County, Wyoming",56,027,0,0,26,964,538,53,127,2368,133,2059,82,48,0,1,3,42,214,100,955
0500000US56029,"Park County, Wyoming",56,029,555,183,1066,9519,10450,474,3300,30449,1828,26475,69,47,137,17,682,1194,1031,1085,11953
0500000US56031,"Platte County, Wyoming",56,031,49,44,611,3401,2357,189,1828,8612,761,7318,29,35,0,34,11,424,106,469,3014
0500000US56033,"Sheridan County, Wyoming",56,033,673,385,1056,9645,11042,513,2948,32055,1596,28602,221,201,306,0,172,957,875,869,13559
0500000US56035,"Sublette County, Wyoming",56,035,192,59,211,2622,3331,94,700,8838,648,7643,10,22,0,0,43,472,53,275,3408
0500000US56037,"Sweetwater County, Wyoming",56,037,2183,1447,3447,10789,15945,1289,5259,41542,6991,31890,542,194,197,3,346,1379,539,1980,18085
0500000US56039,"Teton County, Wyoming",56,039,3215,2082,4288,4425,12468,124,2167,23396,3575,18147,94,61,368,0,212,939,892,557,9717
0500000US56041,"Uinta County, Wyoming",56,041,525,232,1139,5625,6715,528,2190,20644,2087,17707,116,27,49,0,21,637,205,783,8661
0500000US56043,"Washakie County, Wyoming",56,043,225,133,567,2395,2644,258,967,7703,1089,6206,9,14,26,0,22,337,160,464,3196
0500000US56045,"Weston County, Wyoming",56,045,128,116,270,2434,2177,77,885,6826,365,5818,1,119,32,1,36,454,376,461,2515
