GEO_ID,pct_foreign_born,pct_not_citizen,pct_language_not_english,pct_not_in_labor_force,rate_unemployment,pct_private_wage_salary_workers,pct_households_fs_snap,pct_no_health_insurance,pct_people_impoverished,pct_hispanic,pct_NH_white,pct_NH_black,pct_NH_AIAN,pct_NH_asian,pct_NH_NHPI,pct_NH_some_other,pct_NH_two_or_more,pct_unhoused,pct_not_hs_graduate,pct_commute_drove_or_carpooled
0500000US01001,2.6,52.7,3.8,41.5,2.4,75.2,9.2,7.3,11.3,3.8,70.6,20.4,0.1,1.1,0.0,0.2,3.7,0.8,8.7,92.3
0500000US01003,4.1,53.1,5.9,41.1,3.0,78.7,6.7,8.3,10.1,5.8,80.7,8.0,0.3,1.0,0.0,0.6,3.6,1.26,8.2,85.5
0500000US01005,3.3,74.5,7.3,54.4,7.8,70.4,21.3,10.3,21.4,6.2,43.7,46.3,0.1,0.6,0.0,1.3,1.8,12.38,21.9,92.0
0500000US01007,1.9,89.5,2.2,50.3,12.1,79.7,20.7,6.9,22.5,3.5,73.4,19.7,0.0,0.4,0.0,0.2,2.8,7.18,17.7,92.9
0500000US01009,5.0,64.9,8.3,42.5,5.0,80.9,12.3,10.3,12.9,10.3,84.5,1.2,0.1,0.1,0.1,0.3,3.3,0.92,16.8,92.8
0500000US01011,3.0,71.9,5.8,58.9,7.2,74.5,34.0,11.8,33.3,6.0,21.0,69.5,0.0,0.4,0.0,0.1,3.0,13.12,25.2,97.2
0500000US01013,2.3,58.0,3.1,48.5,6.5,82.1,17.3,12.3,22.4,1.7,50.5,44.7,0.5,1.3,0.0,0.0,1.3,1.54,13.0,92.9
0500000US01015,2.9,53.6,3.9,43.9,6.0,77.2,17.9,10.2,17.9,4.6,69.3,21.6,0.2,0.8,0.1,0.4,3.0,3.71,13.6,92.0
0500000US01017,2.1,80.7,3.6,44.7,5.1,80.1,16.3,11.0,15.7,4.0,53.9,38.4,0.1,0.2,0.0,0.3,3.2,1.96,16.3,92.6
0500000US01019,2.0,61.4,2.6,51.0,3.9,76.2,11.0,7.2,14.8,1.8,90.4,3.8,0.2,0.2,0.0,0.1,3.5,1.01,17.6,93.9
0500000US01021,5.0,65.4,8.9,42.3,5.5,79.4,14.6,11.1,14.0,10.2,76.4,9.4,0.0,0.4,0.0,0.9,2.6,0.78,14.6,91.0
0500000US01023,0.5,85.0,2.0,52.1,5.0,78.5,15.7,8.6,16.5,1.2,56.6,37.5,0.2,0.0,0.0,0.0,4.5,1.03,13.8,94.8
0500000US01025,1.1,63.1,1.8,49.3,9.2,80.3,23.5,7.5,20.1,1.2,51.1,44.6,0.2,0.5,0.0,0.6,1.8,1.73,13.9,93.3
0500000US01027,1.0,33.6,3.1,52.8,2.4,75.6,14.2,7.2,17.6,3.3,78.9,12.8,0.2,0.4,0.0,0.1,4.4,1.61,16.8,89.6
0500000US01029,0.7,63.8,1.2,50.3,2.6,83.2,14.5,8.8,13.7,2.1,92.2,3.6,0.2,0.1,0.0,0.2,1.5,0.97,14.1,93.2
0500000US01031,4.6,59.0,8.0,42.9,5.1,70.3,11.5,10.4,16.7,9.8,67.5,15.6,0.5,1.1,0.0,0.2,5.3,1.38,12.9,93.6
0500000US01033,1.7,53.7,2.4,42.8,3.1,76.8,14.5,7.9,17.4,3.5,77.1,15.5,0.2,0.5,0.0,0.2,3.1,0.69,12.6,90.4
0500000US01035,0.8,46.8,1.3,59.5,8.7,79.8,20.0,8.0,27.8,1.0,50.0,44.9,0.2,0.1,0.0,0.1,3.7,0.81,10.7,90.6
0500000US01037,0.5,55.3,2.9,52.4,6.2,80.4,16.2,7.6,13.1,2.5,65.9,29.2,0.1,0.3,0.0,0.0,2.1,3.05,16.2,89.2
0500000US01039,1.2,52.8,1.6,47.7,5.2,75.9,14.2,9.4,19.2,2.0,82.3,11.9,0.2,0.5,0.0,0.3,2.8,1.64,14.8,94.5
0500000US01041,1.8,50.0,2.8,48.4,5.4,75.9,20.8,8.1,17.9,2.2,69.8,23.6,0.5,0.4,0.0,0.0,3.6,1.39,14.0,94.7
0500000US01043,2.3,66.8,4.4,42.0,3.8,79.0,10.0,10.9,15.3,5.0,89.5,1.0,0.3,0.5,0.0,0.1,3.6,1.19,13.7,94.3
0500000US01045,3.5,41.2,5.7,46.1,6.6,72.8,18.4,10.1,18.7,7.1,66.1,20.3,0.2,1.2,0.0,0.3,4.8,1.65,13.4,90.7
0500000US01047,1.9,62.0,2.0,47.7,11.0,78.7,36.2,8.2,31.0,1.0,26.6,69.9,0.1,0.6,0.0,0.0,1.8,1.18,12.4,91.5
0500000US01049,7.8,80.1,14.9,44.3,4.1,78.0,17.7,15.5,22.4,17.1,77.0,1.3,0.4,0.2,0.0,0.6,3.4,1.24,20.8,94.3
0500000US01051,2.0,54.8,2.7,40.2,4.6,74.1,10.5,7.7,10.3,3.4,71.8,21.1,0.1,0.5,0.0,0.1,3.0,4.74,10.3,90.9
0500000US01053,0.8,27.0,2.0,52.4,10.1,79.2,15.2,9.2,20.0,2.4,60.0,29.4,2.8,0.5,0.0,0.3,4.8,6.9,15.6,95.6
0500000US01055,2.4,66.9,4.3,44.8,5.9,76.2,15.7,11.4,16.9,5.2,76.2,14.7,0.1,0.7,0.0,0.4,2.8,1.53,13.9,93.7
0500000US01057,0.5,0.0,0.6,48.2,8.4,78.5,18.0,7.7,21.8,0.9,83.2,11.1,0.1,0.0,0.2,0.2,4.1,1.86,14.3,96.8
0500000US01059,9.8,70.0,17.9,42.9,3.6,78.0,20.0,12.7,19.1,20.6,72.5,4.0,0.1,0.1,0.0,0.3,2.4,0.97,19.5,96.7
0500000US01061,2.2,47.2,4.6,45.1,5.6,78.0,18.3,12.5,19.2,5.3,80.5,8.4,0.2,0.6,0.0,1.3,3.7,0.89,16.1,94.0
0500000US01063,0.6,2.4,0.5,59.7,4.0,66.2,31.9,13.7,40.1,0.1,17.8,81.2,0.1,0.0,0.0,0.0,0.6,1.55,13.1,93.5
0500000US01065,0.8,19.4,1.6,51.4,6.0,73.3,27.8,6.2,24.6,1.3,38.1,54.6,0.4,0.1,0.0,0.0,5.5,1.28,18.2,95.8
0500000US01067,0.9,51.3,1.7,44.9,3.6,73.9,14.1,9.1,18.3,2.2,70.2,24.8,0.2,0.2,0.0,0.0,2.4,1.2,16.4,94.1
0500000US01069,3.1,60.7,4.6,42.1,4.5,79.4,16.1,11.2,17.5,4.6,63.4,27.1,0.2,1.1,0.0,0.4,3.3,1.07,12.1,93.5
0500000US01071,1.9,54.7,3.3,48.5,4.5,77.9,12.3,10.3,17.3,3.6,88.2,3.1,0.4,0.5,0.0,0.2,4.0,1.16,17.2,93.3
0500000US01073,4.9,66.7,7.6,38.5,4.7,79.9,14.2,9.4,15.7,5.5,47.5,42.1,0.1,1.9,0.1,0.5,2.3,3.11,8.8,85.5
0500000US01075,0.5,66.7,0.9,49.0,5.5,76.8,20.5,8.0,18.0,1.9,85.6,10.0,0.2,0.0,0.0,0.2,2.1,0.8,16.5,92.0
0500000US01077,2.6,69.6,3.9,40.9,4.1,76.5,10.0,8.8,12.2,3.5,82.1,9.0,0.2,0.6,0.0,0.3,4.2,3.2,9.4,89.7
0500000US01079,1.3,58.3,3.0,43.1,2.0,80.0,15.1,8.0,13.3,3.1,75.5,9.3,3.7,0.4,0.0,0.1,7.8,0.7,15.0,94.0
0500000US01081,7.0,69.9,8.6,39.7,3.5,73.3,10.0,8.6,18.9,5.4,65.3,21.6,0.0,4.3,0.0,0.6,2.7,4.1,7.9,86.3
0500000US01083,4.1,51.7,6.4,40.0,3.3,78.4,8.8,7.8,10.0,7.5,72.3,12.7,0.3,1.7,0.0,0.5,5.1,2.74,13.3,87.6
0500000US01085,0.6,43.6,2.0,53.6,6.8,73.5,28.9,7.6,29.9,0.2,24.7,73.8,0.1,0.0,0.0,0.0,1.2,1.68,17.4,89.7
0500000US01087,1.5,56.4,2.2,48.8,8.3,74.8,24.1,9.4,24.3,2.2,16.8,77.5,0.0,0.3,0.0,0.1,3.1,13.93,15.4,80.9
0500000US01089,6.0,52.2,7.7,35.2,3.6,76.6,7.6,7.7,10.1,6.8,61.6,23.6,0.4,2.5,0.1,0.3,4.8,2.87,7.2,82.4
0500000US01091,1.6,55.4,2.3,49.1,4.1,77.9,23.6,9.2,21.9,2.7,44.3,50.8,0.1,0.3,0.0,0.0,1.9,1.24,14.2,91.3
0500000US01093,0.7,67.3,1.8,49.6,5.0,73.5,17.3,10.7,16.2,3.2,89.7,3.5,0.2,0.3,0.1,0.0,3.1,2.25,17.0,95.0
0500000US01095,7.0,69.6,13.3,42.6,3.9,78.5,12.4,12.0,16.6,17.2,76.4,2.5,0.2,0.6,0.1,0.2,2.8,1.1,15.2,92.2
0500000US01097,3.4,43.2,4.8,41.5,5.3,79.5,17.3,10.4,16.2,3.5,54.8,35.7,0.3,2.2,0.0,0.5,3.0,1.94,10.7,89.5
0500000US01099,0.7,15.5,1.1,54.5,10.4,79.2,14.0,9.1,20.1,0.2,53.6,41.9,0.9,0.4,0.1,0.0,2.9,1.12,15.9,95.2
0500000US01101,5.6,65.8,7.3,40.9,5.9,73.3,20.2,10.3,19.9,5.0,29.7,58.8,0.0,3.4,0.0,0.1,3.0,3.77,10.8,89.4
0500000US01103,5.5,74.9,9.0,42.2,3.7,80.5,12.2,10.9,13.5,10.6,72.1,12.5,0.3,0.6,0.0,0.5,3.4,1.67,14.1,90.5
0500000US01105,1.6,85.0,1.4,60.4,16.5,74.0,33.5,7.2,31.4,0.2,27.8,71.2,0.0,0.0,0.0,0.0,0.7,10.1,16.9,90.0
0500000US01107,2.9,87.8,3.5,54.5,4.7,78.3,18.5,7.5,20.0,3.6,52.8,40.9,0.3,0.1,0.0,0.2,2.2,8.88,14.7,94.0
0500000US01109,3.6,75.9,4.8,44.0,3.7,74.6,17.1,8.4,23.3,2.7,54.6,37.1,0.3,1.9,0.1,0.1,3.2,8.05,13.4,91.9
0500000US01111,1.4,50.3,2.2,48.9,3.8,78.4,18.8,9.1,19.9,3.0,74.6,15.5,0.1,0.4,0.0,0.5,5.9,2.35,15.1,89.8
0500000US01113,2.7,26.8,4.1,44.1,6.2,75.6,20.1,11.3,22.2,6.0,43.9,45.1,0.1,0.5,0.0,0.4,3.9,0.84,13.0,87.0
0500000US01115,1.7,44.7,3.3,40.8,4.6,79.6,11.0,7.2,11.4,3.0,83.1,10.0,0.3,0.6,0.1,0.3,2.7,2.09,12.2,86.9
0500000US01117,5.5,52.2,8.4,33.9,2.9,80.8,4.6,6.4,7.2,7.6,73.2,13.4,0.1,2.2,0.0,0.6,3.0,1.67,5.5,81.5
0500000US01119,0.9,60.7,1.7,54.6,12.1,62.4,30.5,8.6,26.5,0.7,25.7,68.1,0.1,0.2,0.0,0.0,5.2,18.13,13.7,85.2
0500000US01121,2.0,66.2,3.4,47.4,6.8,77.7,17.0,8.1,17.8,2.4,61.8,29.8,0.1,0.6,0.0,0.2,5.0,4.22,14.0,93.2
0500000US01123,1.9,68.4,3.8,46.2,4.9,79.7,13.3,8.4,16.3,2.9,67.8,23.2,0.2,0.6,0.0,0.4,4.9,1.86,12.9,92.5
0500000US01125,4.7,63.6,6.6,37.9,5.8,75.4,10.9,6.7,16.8,5.6,58.9,30.8,0.2,1.6,0.0,0.2,2.8,6.22,8.5,88.6
0500000US01127,1.5,76.9,3.5,46.8,4.9,81.9,14.3,9.6,18.5,3.8,86.2,6.3,0.1,0.4,0.0,0.4,2.9,1.55,15.8,94.2
0500000US01129,0.3,72.1,1.3,51.1,4.9,77.8,13.8,6.8,17.1,1.0,65.0,24.1,6.7,0.2,0.0,0.3,2.7,0.81,10.4,91.2
0500000US01131,0.4,85.0,0.8,51.3,11.8,72.2,37.0,8.7,28.2,0.0,27.5,70.0,0.0,0.0,0.0,0.0,2.4,1.87,18.6,90.3
0500000US01133,2.1,71.9,3.0,47.1,3.6,81.4,14.6,8.9,18.7,3.7,90.4,1.0,0.1,0.3,0.0,0.0,4.5,1.49,22.5,91.2
0500000US02013,23.5,61.5,32.6,22.4,8.4,70.3,14.5,35.6,13.2,8.7,16.9,3.0,39.8,19.0,0.8,0.8,11.1,31.34,13.1,38.1
0500000US02016,43.0,55.9,60.6,13.6,4.3,80.7,4.8,18.5,11.3,13.7,24.2,7.0,7.3,39.5,1.7,0.0,6.7,36.12,9.4,55.7
0500000US02020,10.9,34.4,17.2,30.2,4.6,71.2,8.7,9.9,8.9,9.5,54.2,4.8,7.0,9.8,3.1,0.9,10.7,2.62,5.9,82.0
0500000US02050,1.8,38.5,58.2,37.9,15.9,47.5,42.4,12.0,25.6,1.5,8.3,1.2,83.2,1.6,0.0,0.0,4.3,4.6,17.8,34.3
0500000US02060,11.3,60.6,14.7,31.7,4.4,64.9,5.2,20.8,9.3,5.0,48.6,0.5,20.8,10.0,1.2,1.6,12.2,27.02,2.9,58.7
0500000US02063,5.8,44.4,13.6,29.8,9.5,59.9,9.8,11.4,5.9,4.8,70.4,1.5,4.6,5.0,0.8,1.2,11.7,6.28,3.7,75.5
0500000US02066,1.0,18.5,4.4,45.5,4.8,45.8,12.8,13.4,8.7,5.8,53.2,0.2,31.2,0.8,0.7,0.0,8.2,1.33,9.5,75.2
0500000US02068,6.2,56.1,10.5,22.0,0.9,81.7,3.0,10.1,8.3,8.1,71.8,2.7,2.9,2.2,1.0,1.3,10.0,39.36,7.4,63.5
0500000US02070,4.1,70.8,35.0,39.5,10.5,50.4,27.9,15.9,19.5,3.7,14.3,0.7,69.9,1.8,0.3,0.1,9.1,7.66,11.1,52.4
0500000US02090,5.6,45.0,9.8,31.5,5.3,69.3,6.8,9.3,6.1,8.5,66.8,3.9,5.8,2.8,0.7,0.9,10.6,4.32,5.3,83.9
0500000US02100,7.9,40.9,7.4,41.9,4.7,64.1,4.7,11.5,5.4,4.6,71.4,0.6,5.6,6.0,0.0,0.5,11.3,3.5,1.8,69.4
0500000US02105,6.8,45.2,17.1,37.3,15.8,48.4,16.7,19.0,14.2,11.0,48.1,0.3,25.5,2.6,0.4,0.3,11.7,7.14,6.0,38.8
0500000US02110,7.7,35.9,10.9,32.8,4.0,55.8,6.4,8.3,8.9,7.1,61.4,0.6,8.4,7.2,1.3,0.4,13.6,2.4,4.8,76.1
0500000US02122,3.7,29.0,6.4,44.0,7.0,70.1,9.6,11.5,11.8,4.4,77.5,0.6,6.1,1.8,0.3,0.8,8.4,3.23,5.3,78.2
0500000US02130,8.0,36.5,10.6,33.7,3.1,65.1,8.3,9.2,8.7,5.4,60.4,0.5,12.3,8.9,0.1,0.4,12.1,2.42,4.3,82.5
0500000US02150,18.7,40.6,23.3,26.0,5.0,65.4,5.8,12.2,8.7,8.3,45.0,0.7,10.4,22.2,0.1,1.3,12.0,4.93,7.3,79.4
0500000US02158,1.9,25.0,27.8,42.2,19.8,47.1,51.4,11.0,32.4,1.3,2.9,1.0,86.0,0.3,0.1,0.0,8.5,2.41,20.0,7.2
0500000US02164,5.2,67.9,12.8,22.3,8.6,48.0,29.3,32.2,12.8,2.8,15.9,1.4,43.6,1.9,0.0,0.2,34.3,19.94,7.9,47.2
0500000US02170,2.9,33.8,5.7,39.7,5.8,70.3,9.4,11.9,10.0,5.4,75.7,1.1,5.4,1.6,0.4,0.6,9.8,2.35,5.9,80.7
0500000US02180,2.2,48.8,24.3,36.5,16.9,56.7,29.4,14.0,21.5,2.2,13.4,0.6,73.5,1.7,0.0,0.0,8.5,5.09,10.1,40.2
0500000US02185,6.8,53.5,37.7,25.8,7.6,60.2,14.0,13.5,11.1,5.4,31.0,1.2,48.7,5.4,1.9,0.1,6.2,28.35,12.7,46.3
0500000US02188,2.2,78.4,25.1,41.2,16.7,53.2,35.8,18.1,17.9,2.3,9.2,0.6,80.6,1.6,0.0,0.0,5.8,6.45,14.7,27.4
0500000US02195,13.8,34.6,18.9,33.8,3.8,62.0,7.6,9.3,7.0,10.9,61.5,1.3,5.0,12.4,0.2,0.2,8.4,8.21,9.5,61.4
0500000US02198,3.2,40.2,8.2,38.6,7.7,48.5,16.4,17.0,12.7,3.8,43.6,0.2,36.0,2.2,0.7,0.3,13.2,2.57,8.2,68.3
0500000US02220,10.0,65.4,14.4,29.8,6.8,67.1,7.5,10.1,7.5,6.9,57.6,0.3,7.6,8.3,1.2,1.6,16.5,4.79,5.2,71.5
0500000US02230,15.9,15.2,17.7,26.0,9.1,56.4,2.7,8.5,5.9,6.4,68.8,0.8,5.5,8.0,0.0,0.0,10.4,20.66,6.5,42.8
0500000US02240,8.6,36.9,16.8,40.7,6.5,57.4,8.6,14.8,12.7,6.0,72.2,0.8,8.9,1.7,0.1,0.1,10.1,8.86,6.8,71.6
0500000US02275,5.5,57.9,7.1,48.8,4.3,60.0,8.5,11.2,12.1,3.8,56.4,0.1,17.7,4.2,1.0,0.0,16.9,2.68,6.4,64.2
0500000US02282,18.4,78.4,27.0,30.0,0.9,60.8,5.3,24.9,11.9,8.7,24.9,4.7,21.1,17.6,1.3,0.0,21.6,25.24,6.4,48.4
0500000US02290,3.1,51.9,14.5,33.3,5.4,43.9,22.4,24.5,16.0,2.2,21.6,1.9,65.5,1.4,0.1,0.1,7.1,9.18,12.4,47.1
0500000US04001,1.6,51.4,51.0,58.2,10.7,47.4,30.5,18.2,30.5,6.4,18.8,1.0,71.0,0.7,0.1,0.0,2.0,2.31,15.0,84.8
0500000US04003,11.3,38.2,26.8,50.6,7.4,66.6,14.9,8.3,15.4,34.7,54.1,2.9,0.5,1.9,0.2,0.6,5.2,4.62,10.7,83.2
0500000US04005,5.0,53.5,22.1,37.6,5.6,72.2,10.6,11.0,16.8,15.5,52.2,1.4,24.2,1.7,0.1,0.5,4.5,9.09,8.0,75.8
0500000US04007,3.6,32.5,14.0,52.8,7.1,68.4,14.6,10.9,16.9,18.0,61.4,0.5,9.2,0.8,0.1,0.3,9.8,2.01,9.5,83.6
0500000US04009,2.5,53.0,19.0,46.6,7.7,74.7,16.3,9.6,17.3,30.8,52.7,1.6,8.3,0.5,0.1,0.4,5.7,7.15,15.0,92.4
0500000US04011,7.9,34.2,23.5,44.3,2.3,80.8,5.7,2.9,8.2,46.7,45.1,1.4,1.8,1.4,0.0,0.1,3.5,0.65,14.5,96.5
0500000US04012,9.8,65.4,22.1,57.1,10.0,59.9,11.6,10.7,17.5,25.6,57.3,1.4,10.9,1.4,0.0,0.1,3.3,0.71,14.9,84.1
0500000US04013,14.5,53.6,26.0,34.9,4.5,82.5,8.6,10.6,11.0,31.2,52.5,5.4,1.3,4.5,0.2,0.5,4.5,1.58,10.2,74.3
0500000US04015,6.1,40.3,9.2,55.5,7.3,76.6,13.1,9.5,16.1,17.1,74.9,1.0,1.3,1.1,0.2,0.3,4.1,1.88,11.9,86.7
0500000US04017,2.5,45.4,32.0,54.2,8.8,63.6,22.2,15.9,24.7,10.9,42.7,1.0,41.0,0.4,0.1,0.3,3.6,2.53,13.6,85.7
0500000US04019,11.8,44.5,25.7,42.0,5.5,76.0,12.1,8.6,14.3,36.4,50.5,3.3,1.9,2.9,0.1,0.5,4.3,2.77,9.5,79.0
0500000US04021,9.1,51.5,18.6,46.1,6.0,79.8,10.8,10.9,11.1,29.8,54.9,5.1,3.4,1.6,0.3,0.4,4.3,3.44,10.8,79.7
0500000US04023,34.2,39.9,77.7,42.7,12.2,71.5,23.9,15.2,20.2,82.5,15.3,0.1,0.2,0.3,0.3,0.1,1.2,0.28,23.4,87.7
0500000US04025,6.4,48.3,10.5,51.8,4.3,75.7,8.2,10.1,12.0,15.4,77.4,0.5,1.0,1.1,0.1,0.6,3.9,1.8,7.3,80.6
0500000US04027,25.1,53.7,55.5,47.2,6.9,73.1,18.3,14.0,15.6,64.9,29.0,1.5,0.8,1.0,0.0,0.4,2.3,3.67,22.5,88.9
0500000US05001,1.3,86.4,1.6,39.9,8.1,73.4,14.9,9.7,19.0,4.1,67.1,26.1,0.1,0.1,0.0,0.0,2.4,1.63,14.5,94.4
0500000US05003,2.2,83.0,5.3,52.4,5.5,78.6,13.2,9.9,22.1,6.4,67.3,23.7,0.1,0.0,0.3,0.1,2.2,0.94,12.3,93.6
0500000US05005,2.1,27.7,3.0,56.2,6.3,78.8,8.5,7.0,15.5,2.9,91.5,0.3,0.3,0.7,0.0,0.0,4.3,1.06,10.3,89.3
0500000US05007,12.7,68.1,15.8,33.2,3.1,85.3,3.9,9.5,7.6,18.5,58.0,1.8,0.6,4.6,0.7,0.5,15.3,0.97,9.5,82.2
0500000US05009,1.4,57.6,2.8,43.4,2.5,80.2,8.4,8.2,11.7,3.2,92.5,0.3,0.3,0.3,0.1,0.1,3.3,1.18,7.6,86.9
0500000US05011,5.9,86.5,13.9,48.5,6.6,71.1,17.5,12.5,19.9,15.9,53.9,25.9,0.0,0.0,0.4,0.2,3.5,1.74,13.7,94.6
0500000US05013,1.2,33.9,3.6,48.8,5.6,77.8,8.0,4.8,10.2,3.0,72.4,17.2,0.6,0.2,0.0,0.0,6.6,4.44,12.9,93.1
0500000US05015,9.1,69.3,13.2,46.0,4.7,77.8,5.2,14.2,17.2,15.7,70.3,0.3,0.9,1.3,1.4,0.2,9.9,1.03,15.2,81.3
0500000US05017,2.2,48.4,4.1,53.4,9.1,69.6,16.7,10.9,22.6,6.4,38.6,53.3,0.1,0.2,0.0,0.1,1.3,7.91,16.8,95.2
0500000US05019,1.9,67.5,4.2,42.8,3.8,78.0,11.7,10.3,21.6,5.6,67.3,23.2,0.0,0.8,0.1,0.1,2.8,12.73,10.7,86.1
0500000US05021,0.5,77.6,0.8,43.5,6.3,77.5,10.1,9.8,17.2,1.1,93.5,0.1,0.4,0.0,0.0,0.0,4.9,0.77,12.4,90.6
0500000US05023,0.9,74.0,2.4,54.2,6.4,78.3,8.6,7.2,13.9,3.0,91.5,0.3,0.4,0.2,0.0,0.5,4.1,1.08,11.2,91.1
0500000US05025,0.2,100.0,1.0,53.3,2.2,67.3,13.1,4.0,15.8,1.4,83.5,12.5,0.0,0.3,0.0,0.0,2.2,1.03,7.4,93.7
0500000US05027,1.6,80.7,3.4,44.4,3.2,75.6,11.8,7.5,21.1,3.5,58.2,34.4,0.1,0.4,0.0,0.0,3.4,9.2,11.3,88.8
0500000US05029,1.9,86.4,3.9,45.7,6.4,73.5,13.6,5.8,19.7,4.7,79.4,11.5,0.4,0.3,0.0,0.3,3.4,0.87,9.9,90.5
0500000US05031,3.7,65.7,6.7,36.7,5.6,78.6,11.8,8.2,20.1,6.3,70.8,16.6,0.2,1.2,0.0,0.3,4.5,2.95,9.8,91.1
0500000US05033,4.4,44.9,7.3,44.5,4.1,82.8,10.2,9.4,14.7,8.6,79.3,1.3,0.8,1.1,0.0,0.8,8.1,1.18,13.4,91.6
0500000US05035,2.1,67.3,2.8,37.6,10.2,79.3,16.1,9.6,21.0,3.3,38.8,50.9,0.1,0.8,0.0,0.0,6.2,1.62,14.6,91.6
0500000US05037,4.5,89.0,5.1,40.8,10.7,72.5,10.3,8.7,19.7,2.3,71.6,15.8,0.3,2.9,0.0,0.1,7.1,0.91,15.0,94.4
0500000US05039,0.3,47.6,1.0,47.5,8.2,82.2,14.9,3.9,13.9,1.1,52.1,42.6,0.0,0.1,0.0,0.0,4.1,4.02,14.1,91.9
0500000US05041,3.5,84.0,6.7,52.8,8.0,72.1,23.3,7.7,28.3,7.2,42.5,49.0,0.2,0.0,0.1,0.1,0.9,1.26,22.1,94.4
0500000US05043,3.4,59.2,6.9,48.6,5.9,68.0,16.4,8.3,22.4,4.4,64.7,26.9,0.0,0.8,0.0,0.0,3.2,4.15,11.2,91.5
0500000US05045,3.6,61.5,4.9,37.7,3.4,79.8,7.1,7.1,14.5,5.7,76.9,11.7,0.2,1.0,0.0,0.3,4.1,4.12,6.6,89.0
0500000US05047,1.5,54.0,3.3,46.4,4.9,77.0,11.2,9.4,18.0,3.3,86.1,0.2,1.0,0.6,0.0,0.3,8.5,1.93,12.7,93.7
0500000US05049,0.6,94.4,1.3,56.7,4.6,74.6,12.8,6.6,18.0,1.9,92.3,0.3,0.1,0.2,0.0,0.3,4.8,1.28,11.7,85.9
0500000US05051,4.0,54.3,7.0,45.5,5.7,80.2,9.0,9.5,15.8,7.5,79.2,7.6,0.3,0.7,0.1,0.1,4.5,1.68,9.4,89.7
0500000US05053,0.9,72.9,0.7,42.6,4.5,72.5,7.2,6.6,13.1,2.9,91.1,2.7,0.1,0.5,0.0,0.3,2.4,0.78,9.3,88.9
0500000US05055,1.4,58.5,2.3,40.9,5.9,81.4,14.6,8.9,17.4,3.7,88.4,2.2,0.0,0.4,0.5,0.8,3.9,1.56,13.2,92.2
0500000US05057,7.8,76.0,11.1,48.4,5.6,72.8,10.3,8.3,20.2,15.3,51.5,28.6,0.2,0.7,0.0,0.2,3.6,1.65,17.6,94.1
0500000US05059,1.3,29.2,3.4,49.6,3.7,79.3,10.8,7.2,15.1,4.1,80.6,11.1,0.4,0.0,0.0,0.1,3.6,6.96,10.2,92.4
0500000US05061,5.8,66.7,12.7,43.5,5.4,75.7,9.8,9.9,22.5,12.6,62.9,20.8,0.1,0.6,0.0,0.0,3.1,1.45,12.3,92.1
0500000US05063,4.0,71.4,5.9,42.0,3.9,79.8,13.7,10.0,20.4,8.9,82.1,1.8,0.2,0.8,0.3,0.6,5.3,2.5,11.8,91.0
0500000US05065,1.3,30.3,3.3,58.9,7.2,73.8,14.4,8.4,22.3,3.0,87.4,1.6,0.6,0.5,0.1,0.2,6.7,8.69,14.2,91.5
0500000US05067,1.2,66.7,1.5,53.8,9.8,76.1,19.3,9.7,21.7,3.3,75.1,15.2,0.5,0.4,0.0,0.0,5.6,14.44,15.1,92.6
0500000US05069,2.0,57.9,3.1,48.6,8.1,71.9,14.7,5.1,18.6,2.7,36.7,56.3,0.1,0.8,0.2,0.3,3.0,8.68,11.6,92.6
0500000US05071,8.2,64.8,12.8,48.1,4.6,78.1,12.0,8.2,19.8,13.9,76.7,1.4,0.2,3.3,0.2,0.2,4.1,3.14,15.7,92.5
0500000US05073,0.7,14.3,1.5,55.7,5.3,78.1,14.9,8.8,22.3,0.6,57.7,36.9,0.2,1.0,0.0,0.4,3.2,1.4,18.5,92.0
0500000US05075,1.0,81.9,2.1,46.8,5.8,75.9,16.0,11.5,20.1,2.2,91.7,0.9,0.0,0.1,0.1,0.1,4.7,3.76,16.8,94.6
0500000US05077,1.1,42.2,1.2,63.1,19.1,64.7,27.8,6.4,39.4,3.1,39.6,54.5,0.0,0.0,0.0,0.0,2.7,18.67,20.2,81.2
0500000US05079,2.8,94.5,4.9,63.8,2.7,74.2,12.8,8.1,15.4,5.1,61.7,27.7,0.1,0.2,0.0,0.0,5.1,32.81,17.8,92.2
0500000US05081,0.6,69.6,1.1,44.1,7.3,76.5,11.1,4.0,15.5,4.0,71.6,19.0,0.6,0.4,0.0,0.1,4.2,1.35,8.7,95.8
0500000US05083,1.5,36.5,3.7,42.7,5.6,71.2,9.9,7.1,13.9,3.5,88.2,1.5,0.1,1.4,0.0,0.1,5.2,2.31,11.6,87.2
0500000US05085,2.7,45.7,4.4,36.9,4.4,78.4,7.1,6.2,10.4,5.4,83.0,5.5,0.1,1.0,0.0,0.2,4.8,0.89,9.3,90.3
0500000US05087,3.2,76.5,4.6,41.7,5.3,74.9,11.6,12.6,14.1,6.5,68.3,0.1,0.3,0.5,0.9,0.2,23.2,0.63,13.7,87.7
0500000US05089,2.4,55.1,2.4,55.2,4.9,76.2,11.1,6.7,18.0,2.7,91.4,0.1,1.1,0.8,0.1,0.1,3.6,0.81,14.4,88.7
0500000US05091,1.6,36.2,2.7,47.5,7.1,76.2,15.7,11.5,24.6,4.1,65.8,25.2,0.6,0.8,0.0,0.2,3.3,3.04,13.9,93.3
0500000US05093,2.5,61.7,4.2,40.7,6.9,76.7,19.1,8.4,21.1,4.9,55.8,34.4,0.0,0.5,0.0,0.3,4.1,2.01,14.1,92.9
0500000US05095,1.3,70.6,2.2,48.9,9.8,75.3,16.1,7.5,20.6,2.9,52.8,40.2,0.0,0.7,0.0,0.1,3.3,1.26,18.3,93.6
0500000US05097,2.3,85.1,3.6,54.7,5.8,71.9,10.0,10.2,22.4,5.0,89.3,0.8,1.1,0.9,0.0,0.1,2.8,1.22,11.1,93.4
0500000US05099,0.5,73.7,2.0,47.5,4.6,77.3,10.1,6.7,20.3,4.8,62.6,31.2,0.0,0.0,0.1,0.1,1.2,2.27,10.3,97.5
0500000US05101,0.6,27.9,0.4,48.0,4.1,68.3,11.1,6.5,15.9,1.7,92.5,0.2,0.6,0.0,0.0,0.1,4.9,0.93,16.6,80.6
0500000US05103,0.9,66.0,1.9,50.2,5.2,69.7,14.8,6.9,18.9,2.6,53.9,40.8,0.2,0.3,0.0,0.0,2.2,1.63,11.3,93.1
0500000US05105,1.2,73.4,1.7,48.5,4.1,72.6,8.7,9.2,14.2,3.5,89.4,3.1,0.4,0.1,0.0,0.0,3.5,1.43,12.0,91.4
0500000US05107,1.5,88.6,1.9,50.4,14.5,75.4,32.1,7.6,29.3,2.1,32.9,60.2,0.0,1.1,0.0,0.1,3.5,1.39,19.2,87.9
0500000US05109,4.2,79.6,5.9,49.6,3.9,70.6,12.4,11.9,20.7,8.0,83.4,3.3,0.1,0.5,0.0,0.0,4.7,2.45,12.6,93.2
0500000US05111,1.1,71.5,2.3,45.3,6.4,76.5,19.2,8.7,20.1,3.8,84.2,5.3,0.5,0.2,0.0,0.0,5.9,1.36,18.8,92.4
0500000US05113,2.6,58.1,5.4,45.8,7.3,71.9,12.5,9.0,15.9,7.0,86.3,0.1,0.7,0.1,0.2,0.2,5.4,0.77,13.7,91.4
0500000US05115,4.8,56.4,9.4,43.0,5.1,77.0,9.9,7.3,16.9,11.0,80.6,2.2,0.2,0.8,0.1,0.3,4.9,4.75,12.8,91.2
0500000US05117,0.6,22.4,2.3,46.4,3.0,73.2,13.5,6.0,11.8,2.4,83.4,9.9,0.0,0.0,0.0,0.2,4.1,1.85,12.6,94.3
0500000US05119,6.1,68.8,9.8,37.6,4.7,74.4,10.0,9.7,16.7,8.4,48.2,36.7,0.2,2.2,0.0,0.3,4.1,2.02,7.8,84.9
0500000US05121,2.9,61.1,4.0,46.7,5.3,79.2,15.7,7.2,22.4,2.6,88.9,1.1,0.3,0.4,2.8,0.2,3.8,2.03,15.3,93.8
0500000US05123,2.2,84.8,2.8,53.7,9.2,74.4,24.3,8.2,28.5,3.7,39.3,54.4,0.2,0.1,0.0,0.2,2.1,13.23,14.1,93.6
0500000US05125,4.2,59.7,6.5,37.6,3.9,75.0,3.9,6.0,8.8,7.3,78.3,9.3,0.2,1.0,0.0,0.5,3.5,1.02,6.7,87.8
0500000US05127,4.6,45.5,8.6,48.7,6.2,80.2,12.6,11.3,18.7,7.9,83.1,1.1,0.5,3.0,0.1,0.0,4.3,0.9,15.7,92.0
0500000US05129,1.4,38.3,2.0,51.8,3.7,64.8,12.6,8.2,23.0,2.2,88.4,0.0,1.6,0.5,0.0,0.0,7.3,0.99,17.1,92.2
0500000US05131,9.0,54.4,15.8,39.4,5.5,82.1,11.6,10.5,16.0,16.0,66.2,5.1,0.7,4.3,0.0,0.3,7.4,1.47,14.4,89.7
0500000US05133,14.3,70.1,31.3,42.0,4.9,77.6,21.5,14.9,17.3,35.5,52.7,4.8,1.7,0.0,1.5,0.5,3.4,0.68,26.5,95.8
0500000US05135,1.3,56.0,1.9,54.9,8.1,75.5,17.3,8.2,16.5,2.5,90.9,0.5,0.2,0.7,0.0,0.0,5.3,1.14,13.8,90.3
0500000US05137,1.2,18.6,2.7,59.2,3.2,66.2,17.8,8.0,19.3,2.2,89.8,0.1,0.9,0.1,0.0,0.0,6.9,1.1,13.1,83.9
0500000US05139,3.0,55.7,4.2,43.8,5.5,81.3,9.4,5.6,19.5,4.7,59.4,32.1,0.2,0.9,0.0,0.1,2.7,1.54,11.5,91.6
0500000US05141,1.9,63.5,3.3,55.5,3.8,82.4,10.7,8.2,19.1,3.4,91.6,0.4,0.7,0.4,0.0,0.0,3.4,1.14,12.7,86.3
0500000US05143,12.4,71.8,17.5,35.0,3.4,79.9,5.6,12.4,14.6,18.6,59.9,3.0,0.6,2.4,2.8,0.5,12.2,3.4,12.2,85.2
0500000US05145,2.1,72.6,3.6,43.4,5.8,78.5,11.5,9.8,17.5,5.0,85.0,4.2,0.1,0.7,0.0,0.3,4.8,3.95,12.9,92.1
0500000US05147,0.4,79.2,1.6,45.8,5.0,75.9,19.9,9.2,24.1,1.4,69.2,24.8,0.0,0.1,0.4,0.3,3.8,1.79,17.0,92.2
0500000US05149,8.8,60.4,19.6,41.6,3.4,77.1,10.2,10.2,15.6,21.2,73.1,1.5,0.3,1.4,0.0,0.1,2.2,1.66,17.2,88.9
0500000US06001,34.7,45.3,47.2,33.1,5.4,79.9,9.9,4.0,9.2,23.4,27.4,9.3,0.2,32.7,0.7,0.6,5.6,2.2,11.2,60.9
0500000US06003,5.4,20.7,15.9,38.6,4.4,71.6,9.7,3.7,10.0,13.4,57.1,0.0,25.1,2.2,0.0,0.8,1.4,2.85,3.7,76.2
0500000US06005,5.8,37.7,10.5,51.7,5.4,70.0,9.8,4.9,8.2,16.0,72.6,1.9,1.0,1.3,0.1,1.2,5.8,8.68,9.3,82.3
0500000US06007,8.6,48.8,16.6,40.8,7.5,72.9,16.0,6.4,19.2,20.0,65.1,1.7,0.8,5.5,0.3,0.6,5.9,3.05,9.4,81.3
0500000US06009,6.1,50.2,8.8,50.8,4.5,70.9,9.5,5.0,13.0,14.5,76.4,1.0,1.1,2.2,0.1,0.1,4.6,1.14,7.6,79.2
0500000US06011,27.5,59.8,53.1,37.0,9.8,70.6,16.4,8.0,11.4,62.9,29.8,1.5,0.5,0.9,0.1,1.7,2.5,1.25,25.8,92.2
0500000US06013,26.6,41.4,37.5,35.3,6.5,77.8,8.5,4.6,8.4,27.6,38.1,7.9,0.2,18.6,0.5,0.8,6.3,1.06,10.4,69.7
0500000US06015,6.8,47.8,12.7,50.8,6.4,61.9,22.8,5.5,12.9,19.9,59.9,2.5,5.2,3.2,0.5,1.2,7.6,8.74,14.1,87.1
0500000US06017,9.2,40.3,12.1,41.9,4.5,73.8,6.5,3.9,8.0,14.5,73.1,0.8,0.3,5.2,0.1,0.6,5.5,1.02,4.8,72.9
0500000US06019,20.0,52.1,43.7,38.3,8.7,74.2,21.8,6.7,18.3,54.5,26.2,4.2,0.4,10.9,0.1,0.4,3.2,1.91,20.9,85.2
0500000US06021,18.6,64.5,39.8,38.6,8.0,73.1,14.7,8.5,16.0,45.0,47.5,0.2,0.7,3.0,0.0,0.2,3.4,0.9,21.8,88.5
0500000US06023,6.2,43.3,11.1,43.1,9.0,62.8,21.0,4.9,18.7,14.2,69.5,1.3,3.1,3.0,0.3,0.8,8.0,3.06,8.1,78.9
0500000US06025,31.6,47.1,75.3,47.0,12.5,69.9,28.7,6.0,19.5,86.0,9.1,2.0,0.6,1.3,0.1,0.1,0.9,3.97,28.5,87.8
0500000US06027,7.9,59.5,19.3,42.7,2.5,53.5,8.5,7.0,10.9,24.2,58.0,0.5,9.3,1.5,0.1,0.7,5.7,3.66,7.0,78.8
0500000US06029,20.2,59.4,45.7,41.2,8.6,75.0,20.2,7.8,19.1,56.5,29.6,4.8,0.3,5.1,0.1,0.6,3.0,2.8,23.0,89.8
0500000US06031,19.2,65.9,41.9,43.8,10.8,72.8,20.0,7.3,16.0,58.2,28.0,5.8,0.7,3.6,0.2,0.3,3.2,8.9,24.2,90.6
0500000US06033,9.9,56.7,19.7,48.4,11.1,66.4,24.3,6.9,17.0,24.6,64.0,2.0,1.6,1.4,0.3,0.3,5.6,1.48,12.4,80.8
0500000US06035,7.0,73.6,18.2,58.7,8.3,51.9,13.4,6.4,14.0,22.6,61.3,6.1,2.6,2.0,1.0,0.3,4.2,21.73,23.0,87.4
0500000US06037,33.4,45.2,55.1,35.2,7.3,78.0,14.4,8.2,13.7,48.4,24.7,7.4,0.2,14.9,0.2,0.6,3.5,2.02,19.1,74.1
0500000US06039,20.1,64.3,45.7,43.6,10.1,73.6,21.7,7.4,19.2,60.9,29.9,2.4,0.4,2.4,0.1,0.4,3.4,3.93,26.9,83.4
0500000US06041,19.6,48.5,23.9,37.7,6.1,75.5,5.5,3.8,8.3,19.5,65.1,2.1,0.1,6.1,0.2,1.2,5.9,2.54,7.2,58.9
0500000US06043,8.2,59.8,10.6,44.1,6.0,57.9,13.4,5.2,14.0,14.7,74.0,0.9,1.3,1.9,0.2,1.1,5.8,12.35,9.7,75.3
0500000US06045,12.2,57.5,22.1,43.5,9.0,69.1,17.4,7.7,15.4,27.6,61.1,0.6,2.5,2.1,0.1,0.7,5.2,2.45,12.7,80.9
0500000US06047,25.6,58.0,52.7,40.8,10.6,77.4,21.0,8.1,19.1,63.4,23.2,2.6,0.2,7.1,0.2,0.4,2.9,1.53,27.7,86.5
0500000US06049,8.8,51.4,14.0,52.6,7.6,51.2,14.0,10.0,17.9,15.7,74.8,0.6,1.8,2.1,0.0,0.4,4.7,6.36,13.3,78.5
0500000US06051,14.1,66.5,22.1,28.3,3.1,70.1,4.6,8.8,8.6,27.1,64.9,0.1,1.2,1.8,0.0,0.9,3.9,4.08,11.2,68.4
0500000US06053,29.6,69.3,56.3,39.9,5.2,76.0,9.6,9.6,12.7,61.6,26.9,2.0,0.1,5.5,0.4,0.4,3.0,4.37,26.7,80.2
0500000US06055,22.2,44.3,34.2,36.7,5.2,77.8,6.9,5.7,8.5,36.4,48.6,1.7,0.2,8.1,0.3,0.5,4.4,3.01,14.9,79.6
0500000US06057,6.4,54.5,9.1,46.4,5.4,70.5,8.1,5.3,11.0,10.7,80.7,0.3,0.3,1.6,0.0,0.7,5.7,1.47,5.2,69.2
0500000US06059,30.4,41.3,46.4,34.4,5.4,80.6,8.5,6.4,9.5,34.2,36.9,1.5,0.1,22.2,0.3,0.5,4.3,1.68,12.9,76.4
0500000US06061,12.7,35.3,16.6,38.8,4.8,74.5,5.7,3.2,6.8,15.7,65.5,1.6,0.2,9.1,0.2,0.7,7.2,1.28,4.9,73.8
0500000US06063,4.8,28.1,8.2,53.3,9.2,60.0,13.5,5.8,10.6,10.3,80.8,1.0,1.5,0.8,0.0,0.4,5.3,1.88,6.3,86.7
0500000US06065,21.9,43.9,42.4,38.8,6.5,77.2,12.5,7.7,10.6,51.3,31.0,6.0,0.3,6.9,0.3,0.7,3.6,1.48,16.5,84.3
0500000US06067,22.3,40.9,33.7,36.4,6.7,70.2,14.2,4.9,12.5,24.2,40.6,9.0,0.2,17.6,1.1,0.7,6.7,1.59,11.7,75.4
0500000US06069,20.0,55.0,44.1,33.0,5.4,77.9,10.5,6.0,6.7,62.4,29.2,0.8,0.2,3.5,0.3,0.1,3.6,0.64,16.6,84.8
0500000US06071,21.6,46.9,44.3,37.8,7.1,77.5,15.8,8.0,13.3,55.2,24.7,7.5,0.3,8.1,0.3,0.6,3.5,1.8,17.5,85.3
0500000US06073,22.8,40.7,37.3,33.8,6.1,78.2,9.9,6.4,10.3,34.6,42.4,4.4,0.2,12.1,0.4,0.6,5.3,3.26,10.9,74.0
0500000US06075,34.0,37.4,43.6,30.4,6.1,80.1,11.4,3.3,11.2,16.2,36.8,4.7,0.2,34.9,0.3,0.8,6.1,3.16,11.0,34.5
0500000US06077,25.2,48.3,43.0,38.0,7.6,79.1,15.6,6.3,12.4,42.5,26.8,6.6,0.3,18.2,0.5,0.5,4.6,1.79,19.1,86.0
0500000US06079,9.9,48.3,17.5,41.8,5.5,72.0,8.2,5.7,12.9,25.0,64.5,1.1,0.1,3.4,0.1,0.7,5.1,5.37,7.8,78.2
0500000US06081,35.7,41.7,45.8,32.7,4.8,81.3,5.1,3.8,6.7,24.9,34.7,2.0,0.1,31.0,1.1,0.9,5.2,1.56,9.8,65.4
0500000US06083,22.2,59.8,40.5,37.5,6.4,75.6,10.9,8.7,14.7,48.2,40.6,1.5,0.2,5.2,0.1,0.5,3.7,5.16,18.1,76.4
0500000US06085,41.5,47.8,55.2,32.6,4.9,84.7,6.6,3.9,7.1,25.0,27.2,2.2,0.2,40.3,0.4,0.6,4.2,2.11,10.7,68.9
0500000US06087,18.0,55.3,33.6,37.2,6.1,74.0,9.9,4.9,11.6,35.2,53.9,0.7,0.1,4.7,0.1,0.7,4.5,5.63,11.4,70.3
0500000US06089,5.0,47.1,7.8,43.9,6.3,72.1,13.4,6.5,13.3,11.8,75.3,0.8,1.3,3.4,0.2,0.5,6.7,1.97,7.9,86.0
0500000US06091,3.8,89.3,9.7,47.3,12.6,59.3,9.8,13.7,4.4,11.0,86.0,0.3,0.0,0.0,0.0,2.1,0.7,3.79,7.5,77.3
0500000US06093,5.8,37.4,9.7,49.1,7.9,64.5,15.5,6.0,16.4,13.5,73.3,1.3,2.7,1.8,0.4,0.4,6.5,2.02,8.3,83.0
0500000US06095,20.8,41.0,31.5,38.0,6.5,76.3,11.4,4.8,10.0,29.6,33.2,12.3,0.2,15.9,0.8,0.9,6.9,2.31,11.4,83.5
0500000US06097,16.8,51.9,27.0,36.0,5.7,76.5,8.0,5.1,8.9,30.0,57.9,1.5,0.3,4.3,0.3,0.7,5.0,2.13,11.3,78.8
0500000US06099,21.0,52.4,43.0,38.1,8.0,78.1,15.5,5.6,13.5,50.0,36.3,2.6,0.3,5.9,0.6,0.4,4.0,1.11,20.1,88.0
0500000US06101,22.7,46.6,36.9,39.4,7.2,76.3,13.2,6.4,14.4,32.9,40.7,1.6,0.7,17.5,0.4,1.2,5.1,0.96,19.8,89.3
0500000US06103,11.1,60.1,21.2,46.3,5.9,66.4,13.9,6.6,15.6,29.1,61.4,0.8,1.2,1.7,0.1,1.0,4.7,1.73,12.8,86.6
0500000US06105,4.8,28.4,6.4,57.9,8.4,51.0,11.1,9.3,20.7,6.1,77.4,1.1,3.7,0.6,0.6,3.6,6.9,1.83,7.8,72.6
0500000US06107,22.2,62.3,50.2,38.9,9.3,75.3,24.1,8.1,17.9,66.6,25.5,1.3,0.4,3.5,0.1,0.5,2.0,1.23,25.2,90.9
0500000US06109,4.6,35.0,7.2,50.4,8.2,65.1,11.7,5.3,10.4,13.6,78.0,1.8,0.6,1.5,0.3,0.5,3.8,6.18,6.7,83.7
0500000US06111,22.2,46.5,38.4,35.7,5.7,77.6,8.5,7.3,9.3,44.3,41.9,1.7,0.1,7.1,0.2,0.6,4.1,1.59,14.9,80.5
0500000US06113,21.0,51.0,36.3,38.6,6.1,66.4,13.1,4.8,16.7,33.4,41.8,2.4,0.4,14.9,0.3,0.7,6.1,4.34,11.4,69.3
0500000US06115,11.5,42.9,25.4,38.5,6.8,72.0,19.3,6.4,14.2,30.8,49.0,3.8,0.7,7.8,0.4,0.5,7.0,1.77,14.3,88.7
0500000US08001,15.6,64.5,29.3,27.8,4.6,81.5,10.3,11.6,9.8,42.8,45.2,3.3,0.3,3.8,0.2,0.7,3.7,0.67,14.8,80.4
0500000US08003,5.1,69.7,21.2,36.6,3.7,66.8,28.6,5.8,17.2,48.2,45.2,1.7,1.0,1.0,0.1,0.4,2.4,5.69,11.4,87.3
0500000US08005,16.5,50.6,23.4,28.3,5.0,81.6,7.7,9.3,8.6,21.7,55.2,10.5,0.3,6.0,0.3,0.5,5.5,0.78,8.1,73.2
0500000US08007,4.4,59.3,6.8,49.6,1.3,66.6,6.9,10.5,8.2,16.6,77.4,0.0,1.2,0.7,0.0,0.4,3.7,1.17,4.6,79.3
0500000US08009,5.0,68.2,3.7,43.2,0.6,56.5,21.3,7.4,24.6,10.9,82.8,0.4,0.3,2.6,0.0,0.1,2.9,2.25,12.3,86.2
0500000US08011,2.2,91.9,8.9,61.8,5.8,65.3,21.4,7.4,28.4,32.5,53.7,3.2,1.0,0.9,0.2,0.1,8.4,23.77,17.1,91.7
0500000US08013,10.1,47.9,15.1,33.1,4.8,78.1,5.9,4.4,11.2,14.7,74.5,0.8,0.2,4.7,0.1,0.3,4.8,4.14,4.2,58.1
0500000US08014,10.5,45.8,14.1,29.1,3.8,80.7,3.8,4.4,6.2,14.1,72.4,1.1,0.2,6.9,0.1,0.6,4.7,0.5,3.6,65.4
0500000US08015,2.5,56.8,5.2,44.2,4.8,73.9,7.0,6.5,8.3,9.8,84.2,1.2,0.2,0.5,0.2,0.3,3.6,7.12,5.3,67.0
0500000US08017,4.8,47.0,6.0,30.5,0.4,58.8,8.8,5.3,8.2,10.8,78.3,1.8,0.1,0.0,0.6,0.1,8.3,2.24,7.8,83.0
0500000US08019,3.5,11.7,6.1,32.2,4.8,77.6,6.0,5.7,6.4,7.8,85.8,0.1,0.7,1.8,0.1,0.7,3.0,1.07,6.5,70.2
0500000US08021,4.0,48.0,27.3,39.3,4.8,64.3,16.2,13.6,11.7,49.8,46.0,0.1,0.9,0.4,0.1,0.7,1.9,1.0,9.3,82.3
0500000US08023,5.7,58.0,29.2,56.0,3.5,57.8,29.1,8.5,21.0,54.7,37.3,1.9,0.2,1.5,0.0,0.0,4.4,0.61,10.0,77.3
0500000US08025,2.8,41.3,10.3,68.5,3.9,67.7,22.4,8.1,19.4,29.0,55.7,6.6,3.6,0.8,0.3,0.1,4.0,30.83,18.6,80.7
0500000US08027,2.3,46.7,1.8,54.3,3.7,67.2,7.6,5.0,12.7,4.2,88.9,0.0,0.1,1.1,0.0,2.1,3.7,0.65,4.7,73.4
0500000US08029,3.8,30.9,9.0,50.8,3.2,69.0,11.3,12.0,14.0,14.5,79.8,0.7,0.2,0.5,0.0,1.2,3.1,3.29,9.2,79.5
0500000US08031,14.5,54.1,23.9,25.6,4.9,83.0,8.8,9.0,11.2,28.0,54.0,8.6,0.3,3.6,0.1,0.5,4.8,2.06,8.8,62.4
0500000US08033,0.5,100.0,8.2,36.6,2.5,66.0,7.4,7.9,21.6,9.9,82.7,0.0,2.5,0.0,0.0,0.3,4.5,0.0,4.5,75.6
0500000US08035,8.4,43.1,10.4,28.1,3.6,82.7,2.1,3.9,3.8,10.2,77.0,1.3,0.2,5.8,0.1,0.5,4.9,0.35,2.1,66.8
0500000US08037,16.4,53.0,25.0,26.5,4.7,78.3,3.8,10.9,8.7,30.4,62.2,0.6,0.2,1.5,0.1,0.3,4.7,0.13,4.9,77.4
0500000US08039,3.3,28.5,5.3,34.8,3.4,76.4,3.9,5.1,5.3,9.2,82.8,0.7,0.2,0.7,0.4,0.5,5.5,0.22,3.6,77.0
0500000US08041,7.2,42.3,11.3,31.4,5.4,77.4,9.3,7.2,8.5,18.7,65.6,5.5,0.2,2.8,0.2,0.6,6.4,2.96,4.9,78.0
0500000US08043,2.3,50.6,5.1,55.9,4.3,68.7,16.0,6.5,13.3,13.2,77.8,3.3,1.1,0.9,0.0,0.8,2.9,15.44,9.2,80.7
0500000US08045,14.1,59.4,26.4,27.4,3.4,76.4,8.0,15.6,8.2,32.6,61.5,0.6,0.2,0.8,0.1,0.6,3.4,1.72,10.6,83.2
0500000US08047,2.5,40.5,4.9,31.0,3.1,74.9,8.9,3.9,11.2,7.4,84.8,2.6,1.1,1.1,0.0,0.2,3.0,1.37,6.6,78.4
0500000US08049,4.2,65.0,7.2,29.4,4.1,78.8,3.1,11.5,7.6,10.2,76.8,0.2,1.3,0.7,0.0,0.7,10.1,1.79,4.3,71.8
0500000US08051,3.7,42.4,5.9,27.2,4.7,71.7,7.6,5.0,11.3,10.0,84.1,0.4,0.3,0.5,0.1,0.8,3.8,6.66,2.4,64.8
0500000US08053,1.0,0.0,4.2,45.8,0.0,66.2,12.3,9.3,4.1,1.9,86.6,0.3,2.9,0.0,0.0,0.0,8.4,0.3,0.0,55.2
0500000US08055,0.9,16.7,7.1,58.5,8.0,64.9,19.0,3.6,17.3,30.6,62.9,0.0,1.2,0.2,0.0,0.5,4.6,2.32,6.9,73.1
0500000US08057,1.5,10.0,2.0,39.1,9.2,67.5,15.7,7.7,14.6,10.5,86.6,1.3,0.4,0.0,0.0,0.0,1.2,1.75,8.5,53.3
0500000US08059,6.3,43.3,10.0,30.7,3.9,79.7,5.5,5.3,6.7,16.1,75.2,1.1,0.2,2.9,0.1,0.4,4.0,1.51,4.2,70.1
0500000US08061,5.5,59.2,6.7,37.7,0.1,59.5,15.7,8.8,11.8,12.9,83.1,0.0,0.4,1.5,0.0,0.0,2.0,2.91,7.4,88.5
0500000US08063,6.9,58.9,15.3,34.7,2.4,69.0,10.5,12.0,9.8,20.2,74.9,0.1,0.6,0.2,0.0,0.1,4.0,1.85,8.9,85.3
0500000US08065,12.4,75.7,19.1,24.0,2.2,69.5,7.6,13.7,7.9,32.8,58.3,0.1,0.1,0.1,0.0,0.8,7.7,1.98,6.2,79.3
0500000US08067,3.1,46.7,7.5,36.1,3.8,71.3,8.7,8.2,11.7,12.9,76.1,0.2,4.6,0.8,0.0,1.2,4.3,3.16,3.5,73.9
0500000US08069,5.5,47.9,8.6,33.1,4.8,76.8,7.7,5.6,11.2,12.9,79.2,1.0,0.2,2.2,0.1,0.6,3.8,2.91,3.5,71.9
0500000US08071,3.2,68.1,10.4,48.1,5.6,68.1,20.3,8.4,18.7,38.8,54.2,1.6,0.9,1.3,0.1,0.3,2.9,5.55,9.8,80.6
0500000US08073,4.6,43.9,7.7,54.1,1.4,59.5,12.3,7.6,9.8,15.2,74.1,5.5,1.0,0.1,0.0,0.1,4.0,19.08,13.8,86.4
0500000US08075,5.7,48.3,10.1,43.2,5.4,70.6,18.0,7.2,15.8,17.2,75.5,3.6,0.5,0.6,0.0,0.4,2.1,11.4,10.1,85.6
0500000US08077,4.1,54.5,6.6,39.1,5.4,77.4,11.3,9.9,10.7,15.5,78.4,0.6,0.4,0.9,0.0,0.7,3.5,2.8,7.1,80.4
0500000US08079,0.5,0.0,1.1,42.9,9.1,53.8,7.8,12.9,10.0,6.3,85.3,0.0,0.1,0.7,0.0,0.0,7.5,0.55,1.6,78.0
0500000US08081,4.7,60.5,10.0,34.7,4.5,69.3,12.0,9.7,8.4,16.8,76.5,0.0,0.6,0.5,0.1,1.1,4.4,0.93,9.1,90.6
0500000US08083,2.6,49.3,9.8,45.0,3.9,66.0,11.9,11.1,13.3,12.5,70.5,0.7,9.0,0.9,0.1,0.6,5.7,1.39,8.5,83.8
0500000US08085,6.0,66.0,14.8,42.9,4.4,75.7,11.2,13.3,11.5,21.5,73.1,0.4,0.5,0.5,0.0,0.3,3.7,1.84,8.4,84.7
0500000US08087,12.0,63.6,24.1,35.6,5.3,72.9,16.0,12.2,14.3,38.4,54.6,2.0,0.1,0.7,0.2,0.2,3.8,1.91,14.4,85.5
0500000US08089,4.8,47.4,15.2,44.5,6.7,65.7,21.8,6.6,22.1,42.0,52.4,1.1,0.3,0.7,0.0,0.5,2.9,2.67,11.3,88.0
0500000US08091,3.9,47.4,5.0,45.3,3.5,69.0,3.9,12.7,4.3,6.1,89.1,0.2,0.0,0.5,0.0,0.2,3.9,0.0,2.6,69.2
0500000US08093,3.2,26.7,3.2,38.2,3.3,72.2,3.7,6.0,5.0,7.6,85.3,0.9,0.0,1.1,0.0,0.7,4.3,0.35,2.1,72.2
0500000US08095,11.7,64.9,23.3,34.1,2.9,64.0,11.3,6.8,16.8,28.9,69.4,0.0,0.0,0.1,0.0,0.4,1.2,1.56,10.2,84.9
0500000US08097,10.0,40.3,15.9,31.6,2.5,81.8,2.7,5.0,7.8,11.4,80.3,0.4,0.3,2.0,0.0,0.3,5.4,0.92,3.6,51.8
0500000US08099,10.5,51.0,18.4,39.2,4.1,65.5,20.1,9.6,18.2,40.5,55.0,1.0,0.0,0.3,0.0,0.1,3.0,3.14,13.4,89.7
0500000US08101,4.1,62.8,10.1,44.6,4.8,73.7,19.7,5.2,14.6,42.1,51.0,1.9,0.4,0.8,0.0,0.5,3.2,3.29,9.2,88.4
0500000US08103,4.8,71.4,7.0,37.3,2.4,63.1,13.8,9.5,8.5,10.8,82.0,0.0,0.6,0.7,0.0,0.0,5.9,4.42,4.2,82.7
0500000US08105,3.8,82.5,17.1,38.2,10.1,68.9,17.0,10.7,18.0,40.7,54.7,0.3,1.1,0.1,0.0,0.3,2.8,2.07,11.5,86.2
0500000US08107,6.1,48.2,7.3,29.7,2.4,80.6,5.1,7.6,5.2,9.0,80.1,0.2,0.3,0.6,0.1,0.6,9.0,1.78,2.6,72.1
0500000US08109,7.7,34.0,22.8,41.9,10.3,62.7,24.1,12.6,17.8,36.8,54.9,0.0,0.4,1.2,0.0,0.3,6.4,0.5,8.1,78.5
0500000US08111,11.0,96.3,23.3,23.4,9.4,47.9,8.5,10.1,21.3,18.2,76.2,0.0,1.0,0.0,0.0,0.0,4.6,0.0,0.0,60.2
0500000US08113,5.2,59.2,14.2,24.1,2.7,70.4,3.6,15.2,9.3,11.7,84.0,1.0,0.1,0.6,0.0,0.1,2.5,0.15,1.8,46.4
0500000US08115,4.6,55.7,9.4,36.7,2.9,72.1,18.8,10.0,13.0,19.4,72.7,1.0,0.1,1.8,0.0,0.6,4.5,1.78,4.8,88.0
0500000US08117,8.5,74.8,9.8,24.2,5.0,83.7,1.7,10.2,7.7,17.2,74.5,0.4,0.3,1.5,0.4,0.1,5.7,2.22,4.1,64.7
0500000US08119,1.7,36.2,3.0,42.2,3.7,75.6,10.9,6.9,7.6,7.7,83.9,0.9,0.0,0.3,0.1,0.6,6.5,0.6,3.8,76.7
0500000US08121,4.0,52.3,6.4,41.0,3.1,57.5,11.1,6.0,8.1,11.8,83.3,1.1,0.0,0.6,0.0,0.7,2.6,3.81,10.1,82.9
0500000US08123,9.1,57.5,19.1,30.2,4.8,78.9,9.1,8.0,9.6,31.0,62.0,1.3,0.3,1.6,0.1,0.5,3.2,1.5,11.3,82.2
0500000US08125,16.3,90.7,26.8,34.4,4.5,66.5,13.3,15.7,17.9,30.3,66.9,0.3,0.8,0.0,0.0,0.4,1.4,1.72,18.5,89.6
0500000US09110,15.2,40.4,24.1,34.1,5.2,80.1,13.1,4.5,10.3,17.7,60.0,11.5,0.1,6.0,0.0,0.7,4.1,3.55,8.6,77.2
0500000US09120,22.5,49.9,34.1,33.4,7.3,80.4,14.2,8.6,12.4,26.7,51.9,11.3,0.1,5.1,0.0,1.5,3.5,2.88,12.8,74.7
0500000US09130,8.2,37.9,10.7,35.0,3.8,79.2,6.8,3.3,6.8,7.8,79.2,4.4,0.0,3.4,0.2,0.3,4.6,3.93,4.5,78.1
0500000US09140,14.2,40.9,23.3,34.9,6.0,80.5,14.5,4.8,11.2,19.9,59.8,10.6,0.0,3.8,0.0,0.9,5.0,1.46,9.5,83.1
0500000US09150,4.4,41.7,6.3,34.2,6.0,78.6,10.9,3.8,7.5,5.2,86.3,1.4,0.1,1.3,0.1,0.5,5.1,1.53,7.5,85.8
0500000US09160,9.5,43.2,11.4,35.3,5.4,78.9,8.6,3.9,8.8,8.9,81.8,2.4,0.0,2.1,0.0,0.6,4.2,2.04,5.8,78.7
0500000US09170,13.7,47.2,22.3,34.9,6.0,81.8,13.5,4.9,11.4,19.5,58.5,13.0,0.1,4.5,0.0,0.8,3.5,3.87,7.9,76.6
0500000US09180,8.8,41.8,15.3,36.0,5.0,78.4,12.4,4.7,10.7,15.0,70.6,4.9,0.3,3.7,0.0,0.6,4.8,4.14,7.2,82.5
0500000US09190,23.8,48.9,29.7,31.7,5.3,82.5,7.0,7.2,7.5,20.5,58.6,9.3,0.1,5.4,0.0,1.2,4.8,1.18,8.3,67.4
0500000US10001,7.4,37.8,11.4,38.0,5.8,74.2,13.7,6.6,10.6,8.1,56.5,26.4,0.3,2.5,0.0,0.5,5.6,2.34,9.0,86.9
0500000US10003,12.8,44.7,17.3,34.3,4.8,81.7,9.8,5.9,10.1,11.8,52.3,24.9,0.0,6.2,0.0,0.5,4.2,2.8,7.4,75.9
0500000US10005,8.4,54.3,13.0,45.9,5.3,78.8,10.6,7.0,10.9,11.5,72.3,9.8,0.2,1.3,0.0,0.5,4.4,1.06,9.8,83.4
0500000US11001,14.3,52.1,19.1,28.4,6.3,69.2,14.3,3.6,15.4,11.9,36.5,41.6,0.1,4.3,0.0,0.7,4.9,5.03,7.3,31.4
0500000US12001,11.6,44.9,16.6,40.1,4.4,67.5,9.2,7.4,21.2,12.6,57.6,19.0,0.1,6.0,0.0,0.6,4.1,6.71,5.5,76.5
0500000US12003,1.4,35.0,3.2,43.4,4.5,73.2,16.7,11.8,11.8,4.1,77.6,10.9,0.0,0.8,0.0,0.0,6.6,9.09,12.9,86.9
0500000US12005,8.6,54.7,10.9,36.4,3.9,73.8,12.6,14.4,11.9,9.2,72.7,9.8,0.2,2.0,0.1,0.5,5.6,1.49,8.6,86.6
0500000US12007,3.2,24.9,5.0,51.0,4.7,73.0,17.3,11.6,16.8,5.0,72.9,15.4,0.0,0.7,0.0,0.0,5.9,13.39,16.6,84.0
0500000US12009,9.7,31.0,12.2,43.3,4.8,81.2,9.4,9.8,10.2,12.2,70.2,9.4,0.1,2.4,0.1,0.8,4.8,1.35,6.7,82.0
0500000US12011,36.9,38.8,43.8,33.7,5.4,82.6,13.2,12.5,12.2,32.8,30.7,27.4,0.1,3.6,0.1,1.1,4.3,0.94,9.6,79.5
0500000US12013,3.6,57.2,5.2,56.4,8.0,68.2,20.0,17.6,20.7,5.3,75.5,11.4,0.9,0.8,0.0,1.1,5.1,13.07,17.4,92.6
0500000US12015,9.8,35.1,10.1,56.8,5.4,80.0,7.3,9.7,9.0,8.2,81.3,5.0,0.1,1.3,0.0,0.5,3.5,2.24,7.5,79.5
0500000US12017,5.6,26.9,6.6,59.6,6.4,81.0,12.0,10.4,15.6,7.0,85.3,1.7,0.2,1.3,0.0,0.4,4.1,1.69,8.6,82.8
0500000US12019,7.0,34.9,10.8,37.0,3.8,80.9,8.6,8.2,9.2,11.4,67.8,11.6,0.1,3.0,0.1,0.9,5.1,0.94,7.5,81.0
0500000US12021,24.6,50.4,32.7,48.8,3.9,82.5,5.6,11.3,10.7,28.2,61.4,6.4,0.1,1.5,0.0,0.4,2.0,1.25,10.0,79.9
0500000US12023,4.7,47.7,7.5,45.7,5.3,72.8,20.5,12.6,16.7,7.9,70.3,16.1,0.1,1.0,0.0,0.8,3.9,5.77,14.0,88.8
0500000US12027,13.6,63.8,22.4,50.5,9.5,76.0,22.4,19.9,24.1,30.1,54.9,12.3,0.2,0.1,0.1,0.2,2.1,8.3,26.5,92.2
0500000US12029,2.3,40.5,2.6,60.5,3.3,73.1,17.2,17.1,20.9,4.6,83.0,6.0,0.5,0.2,0.0,0.2,5.5,9.64,15.3,89.0
0500000US12031,12.2,42.1,16.3,34.3,4.5,83.7,14.3,11.0,14.1,12.4,48.4,28.2,0.1,4.9,0.1,0.8,5.2,2.19,8.7,79.3
0500000US12033,5.7,46.3,8.6,38.7,5.9,80.3,15.0,11.7,14.7,7.0,61.7,20.8,0.2,2.8,0.1,0.4,7.0,5.66,9.1,78.4
0500000US12035,12.8,26.3,15.5,50.9,4.4,79.1,7.6,10.5,10.3,11.6,72.4,8.8,0.0,2.4,0.0,0.6,4.0,0.61,6.6,78.2
0500000US12037,4.2,57.7,5.9,52.8,8.5,68.3,14.3,16.7,16.5,5.6,78.4,10.6,0.1,0.1,0.0,0.1,5.1,12.95,15.6,86.6
0500000US12039,5.7,65.6,11.4,52.3,5.0,66.7,25.7,15.7,27.9,12.5,31.3,52.2,0.3,0.1,0.0,0.0,3.5,8.95,18.3,89.0
0500000US12041,3.9,68.3,6.3,49.2,3.5,74.3,17.1,12.8,11.5,8.0,85.1,3.0,0.1,0.2,0.0,0.3,3.2,4.89,13.2,91.6
0500000US12043,11.0,66.2,25.2,60.8,7.1,81.3,16.3,22.8,17.2,25.7,54.6,14.7,2.9,0.5,0.0,0.6,1.1,11.03,24.7,87.7
0500000US12045,3.8,51.1,5.9,58.2,2.6,71.8,12.0,8.3,12.5,4.9,76.6,13.5,0.1,0.6,0.1,0.0,4.1,17.26,15.0,84.6
0500000US12047,4.5,39.6,12.0,62.3,6.7,69.7,28.6,14.5,20.1,11.5,54.5,30.4,0.5,0.6,0.1,0.1,2.5,18.03,18.4,89.0
0500000US12049,11.7,63.0,31.0,47.4,5.9,82.3,24.9,20.1,25.3,42.3,46.4,7.2,0.1,1.1,0.0,0.2,2.6,6.88,23.1,92.2
0500000US12051,30.0,58.3,51.8,41.1,4.4,81.4,18.2,21.7,22.5,57.6,28.3,10.5,0.9,1.2,0.0,0.3,1.2,5.66,32.0,86.3
0500000US12053,8.4,32.1,13.3,48.3,5.3,81.3,12.4,11.2,11.7,17.0,72.1,4.7,0.2,1.3,0.1,0.9,3.7,0.99,9.6,82.1
0500000US12055,10.8,45.9,21.2,56.4,6.4,77.0,15.7,13.8,15.3,22.2,63.1,9.3,0.2,1.5,0.0,0.6,3.1,1.59,13.4,87.4
0500000US12057,19.7,47.5,30.7,34.3,4.5,83.9,13.3,11.1,12.7,30.4,44.8,15.3,0.1,4.5,0.1,0.8,4.1,1.95,10.3,75.1
0500000US12059,2.6,28.9,5.1,51.5,4.5,67.4,14.3,13.0,14.0,3.7,84.2,5.8,0.4,0.6,0.1,0.5,4.9,9.24,12.5,92.3
0500000US12061,10.0,33.5,14.1,51.4,4.5,82.1,7.5,10.0,11.1,13.9,72.5,7.7,0.2,1.5,0.0,0.7,3.5,1.02,8.0,83.1
0500000US12063,2.1,37.8,6.0,55.9,4.5,62.6,18.7,8.6,19.5,5.4,63.6,25.2,0.2,0.6,0.1,0.2,4.8,14.74,16.1,90.8
0500000US12065,3.2,35.8,5.1,46.6,7.4,76.0,20.6,9.7,21.0,5.1,60.3,27.8,0.1,1.2,0.1,0.5,5.0,7.45,11.6,90.9
0500000US12067,6.8,75.1,11.3,56.2,10.9,74.0,16.6,9.5,17.5,12.8,67.2,17.5,0.0,0.0,0.0,0.0,2.5,17.78,17.8,89.4
0500000US12069,10.7,40.0,16.1,46.2,5.0,81.7,9.6,9.6,8.9,18.8,63.6,10.2,0.1,2.0,0.1,0.8,4.4,1.12,8.6,81.0
0500000US12071,18.9,50.8,25.8,46.4,4.0,82.8,8.3,12.9,12.0,24.7,62.0,7.6,0.1,1.7,0.0,0.7,3.2,1.61,9.7,80.6
0500000US12073,7.4,45.2,10.9,34.7,5.7,66.0,11.7,7.4,18.7,8.2,53.2,30.2,0.0,3.5,0.0,0.5,4.4,6.27,6.2,79.7
0500000US12075,3.9,53.5,7.4,49.7,4.1,73.1,17.2,13.1,17.4,10.4,76.3,7.7,0.1,0.6,0.0,0.4,4.4,0.83,11.9,89.5
0500000US12077,3.6,60.4,7.4,56.9,6.6,60.4,26.7,8.2,17.5,6.4,76.6,11.5,0.5,0.2,0.1,0.1,4.6,20.33,20.3,92.8
0500000US12079,3.6,55.9,5.3,58.4,5.8,75.9,17.2,12.3,21.0,5.8,53.7,35.5,0.0,0.1,0.0,0.4,4.3,9.59,19.9,90.4
0500000US12081,14.5,48.5,19.8,45.1,4.6,81.9,7.5,11.8,9.8,18.3,67.6,7.6,0.1,2.2,0.1,0.4,3.8,1.18,9.1,79.8
0500000US12083,9.4,41.7,16.0,50.9,4.8,81.5,13.2,12.5,14.4,17.0,65.5,11.6,0.1,1.7,0.1,0.6,3.4,2.12,10.4,85.6
0500000US12085,11.1,45.5,15.2,48.0,4.9,84.3,6.6,10.5,11.3,15.9,74.8,4.7,0.1,1.3,0.0,0.3,2.9,2.5,7.0,80.3
0500000US12086,54.5,40.6,75.3,35.7,4.6,81.5,22.8,13.6,14.7,69.3,12.6,14.1,0.1,1.5,0.0,0.6,1.9,1.62,16.1,77.8
0500000US12087,19.8,40.6,22.2,37.4,2.9,74.9,7.5,12.8,10.6,24.6,63.7,6.8,0.0,1.0,0.0,0.9,2.9,1.91,6.9,73.2
0500000US12089,3.9,29.8,5.6,41.9,4.5,81.8,6.9,7.2,9.7,5.7,83.4,5.5,0.1,1.3,0.0,0.6,3.3,0.84,7.1,84.0
0500000US12091,9.2,54.5,12.5,35.1,3.8,72.3,7.9,11.8,9.3,11.3,69.3,9.1,0.1,3.2,0.1,0.5,6.3,2.12,6.7,87.0
0500000US12093,13.4,50.9,22.4,49.9,4.4,74.0,16.4,17.2,18.0,26.1,61.8,7.5,0.3,0.7,0.0,0.3,3.2,6.62,19.8,86.9
0500000US12095,24.3,50.7,38.5,32.5,5.5,84.4,13.7,12.0,13.0,33.8,35.9,19.1,0.1,5.3,0.1,1.0,4.8,2.61,9.4,77.2
0500000US12097,26.6,51.1,54.7,33.9,5.4,84.4,17.2,10.6,12.8,56.0,27.2,9.9,0.0,2.7,0.0,0.9,3.3,0.54,10.5,82.9
0500000US12099,27.7,43.7,34.2,40.4,5.5,82.7,10.0,13.2,11.3,24.4,49.6,18.1,0.1,2.8,0.0,0.9,4.1,1.75,10.8,79.4
0500000US12101,12.3,38.4,19.0,42.3,4.9,81.5,10.7,9.9,11.1,18.6,67.5,6.0,0.1,3.4,0.0,0.6,3.8,1.28,8.5,76.1
0500000US12103,12.4,33.9,15.9,41.2,4.4,82.6,8.6,10.4,11.5,11.2,71.0,9.4,0.1,3.6,0.1,0.6,4.0,2.26,7.2,74.7
0500000US12105,12.6,53.4,27.8,42.0,4.8,84.5,14.6,12.4,14.5,29.2,50.8,14.1,0.1,1.8,0.0,0.7,3.4,2.0,12.1,83.8
0500000US12107,4.7,62.0,9.0,52.5,7.4,79.7,22.7,14.1,23.4,11.2,69.3,14.7,0.2,0.5,0.0,0.4,3.6,1.83,17.7,87.1
0500000US12109,9.4,34.5,11.4,39.4,3.3,82.5,4.2,5.3,6.5,9.1,77.4,4.9,0.0,3.7,0.0,0.6,4.2,1.05,4.2,70.3
0500000US12111,18.2,35.0,24.6,44.0,6.1,80.5,12.2,11.4,12.3,21.8,51.1,20.9,0.1,2.0,0.0,0.6,3.5,0.91,10.8,84.9
0500000US12113,4.9,35.1,6.5,40.2,4.5,77.3,9.7,10.2,8.8,6.9,78.4,5.5,0.1,1.9,0.2,0.7,6.3,2.47,6.9,84.6
0500000US12115,13.0,36.2,14.8,51.1,3.7,82.2,5.2,9.9,8.6,10.7,80.0,3.9,0.1,1.9,0.0,0.5,2.9,1.78,5.2,80.0
0500000US12117,15.1,38.2,23.1,33.0,4.2,83.8,9.2,9.5,9.0,23.9,54.7,11.1,0.1,5.3,0.1,0.6,4.2,0.97,6.0,75.1
0500000US12119,6.1,34.5,6.6,74.2,5.4,81.9,5.7,5.2,9.7,6.4,83.6,6.3,0.2,1.0,0.0,0.4,2.0,5.48,7.3,77.4
0500000US12121,6.0,54.7,9.1,49.5,6.3,76.2,15.9,11.1,15.0,11.8,72.6,9.5,0.2,0.7,0.0,0.4,4.8,4.48,14.8,88.4
0500000US12123,5.3,71.4,6.2,56.5,5.4,68.3,16.9,11.2,17.3,4.3,71.5,19.0,0.3,0.6,0.5,0.6,3.2,11.95,14.8,86.8
0500000US12125,2.0,77.0,4.7,62.0,4.8,68.6,16.8,7.8,19.5,5.4,70.0,14.7,0.0,0.2,0.0,0.2,9.4,28.48,21.4,91.6
0500000US12127,8.8,39.6,15.7,45.2,4.1,83.0,12.0,10.2,11.8,16.3,67.6,10.3,0.1,2.0,0.0,0.4,3.2,2.88,7.9,82.0
0500000US12129,2.8,49.3,5.2,41.5,3.3,60.8,12.2,6.8,6.7,4.9,76.7,13.7,0.3,0.4,0.0,0.5,3.5,8.03,11.6,91.1
0500000US12131,7.4,42.6,8.5,40.9,4.9,79.9,9.4,14.7,12.5,8.6,81.2,4.1,0.3,1.1,0.0,0.5,4.2,2.02,7.9,80.5
0500000US12133,2.7,40.0,4.1,53.2,3.6,72.9,12.4,14.1,17.3,4.0,75.9,13.4,0.5,0.6,0.0,0.1,5.4,10.36,15.7,90.2
0500000US13001,5.4,66.5,10.2,45.4,3.1,75.4,19.6,16.8,22.5,10.8,67.5,18.1,0.1,0.4,0.0,0.0,3.1,2.69,15.6,92.8
0500000US13003,13.4,89.8,25.7,40.8,4.8,82.5,26.2,26.1,25.0,27.5,53.6,13.6,0.0,0.0,0.0,0.0,5.2,0.3,31.4,96.2
0500000US13005,3.5,73.4,8.0,49.2,2.6,77.2,20.9,14.9,24.5,8.5,72.2,13.4,0.0,0.9,0.1,0.0,4.9,3.28,14.1,90.1
0500000US13007,4.7,86.3,10.8,55.5,6.7,79.6,15.2,19.0,26.3,4.2,50.9,36.8,0.0,6.0,0.0,0.1,1.9,2.65,10.2,84.3
0500000US13009,3.3,50.6,4.6,52.3,6.2,73.4,16.2,12.2,21.7,2.9,51.4,41.3,0.1,1.7,0.4,0.2,1.9,13.2,12.9,89.1
0500000US13011,5.7,51.1,7.8,39.0,2.9,78.3,9.0,11.8,11.3,7.3,85.6,2.7,0.1,1.9,0.0,0.0,2.4,0.0,17.0,90.3
0500000US13013,10.1,47.6,17.2,32.4,3.7,80.7,8.7,15.4,9.6,15.3,62.8,13.7,0.1,4.0,0.0,0.4,3.7,0.43,11.4,88.9
0500000US13015,4.9,49.7,9.6,34.6,4.7,81.5,8.7,14.8,10.3,10.6,73.3,10.4,0.0,1.1,0.4,0.9,3.2,0.91,11.4,86.4
0500000US13017,2.7,79.3,7.1,44.9,3.1,79.8,21.3,19.0,25.2,6.8,53.3,37.9,0.2,0.4,0.0,0.3,1.1,1.7,16.1,88.9
0500000US13019,1.6,57.2,4.2,43.6,3.7,71.7,23.5,14.9,20.6,6.1,79.1,11.2,0.2,0.1,0.2,0.0,3.1,0.95,16.6,87.2
0500000US13021,3.8,56.7,5.9,43.3,8.1,80.1,22.3,13.6,24.7,4.7,34.3,54.7,0.0,2.3,0.0,0.8,3.2,3.98,12.6,85.7
0500000US13023,1.2,51.6,2.6,44.6,5.9,63.2,22.4,7.3,19.3,3.8,67.4,26.0,0.1,0.9,0.0,0.0,1.7,9.98,13.6,90.3
0500000US13025,1.3,29.8,1.6,48.1,2.8,75.4,18.9,20.1,17.1,3.1,90.8,3.2,0.0,0.5,0.0,0.0,2.3,0.34,16.2,94.8
0500000US13027,3.3,56.1,6.1,49.0,5.0,79.9,20.7,16.1,25.4,6.8,53.4,32.8,0.0,1.4,0.0,1.6,4.0,2.18,15.5,91.1
0500000US13029,6.3,26.7,10.6,29.1,5.3,77.6,7.9,6.7,6.7,8.2,69.7,13.2,0.0,2.6,0.0,0.3,6.0,0.33,7.3,87.5
0500000US13031,4.0,52.5,6.6,40.4,8.2,74.4,16.5,10.9,23.0,5.2,61.5,28.1,0.1,1.4,0.0,0.4,3.4,7.32,10.1,86.7
0500000US13033,1.7,40.6,3.1,41.7,5.0,76.2,18.9,13.8,18.3,3.6,48.0,45.0,0.1,0.5,0.0,0.0,2.8,0.94,18.1,88.4
0500000US13035,0.9,40.4,3.9,45.5,3.2,76.8,14.8,12.3,10.4,3.9,64.2,24.3,0.5,0.3,0.0,0.7,6.3,9.34,15.6,88.3
0500000US13037,3.1,89.5,8.0,66.4,6.0,75.4,34.3,14.2,22.8,5.5,32.7,58.4,0.2,0.4,0.0,0.1,2.6,31.25,21.1,85.6
0500000US13039,2.9,37.7,6.0,39.1,5.4,71.3,10.5,8.9,12.9,7.6,68.0,16.2,0.1,1.7,0.0,0.7,5.6,2.84,6.3,84.5
0500000US13043,5.8,78.8,12.2,47.3,2.5,68.8,22.5,15.1,16.3,12.8,58.5,22.4,0.6,0.6,0.0,0.3,4.7,2.68,17.2,95.2
0500000US13045,5.7,67.1,8.0,37.0,5.9,79.9,14.5,12.0,15.4,8.6,66.7,18.2,0.3,0.9,0.0,1.1,4.2,2.56,14.2,86.8
0500000US13047,2.8,40.4,5.1,38.0,4.3,79.2,11.8,11.0,9.9,4.0,87.8,1.3,0.0,1.5,0.0,0.6,4.7,0.76,10.3,89.2
0500000US13049,2.7,32.0,3.9,46.3,14.0,75.5,25.2,16.2,18.1,15.4,54.4,24.8,0.4,1.1,0.0,0.0,3.9,4.53,18.5,96.8
0500000US13051,8.7,53.3,11.4,36.3,5.9,80.4,11.8,12.9,14.3,8.3,45.3,38.4,0.1,3.0,0.1,0.9,3.9,3.97,8.9,82.4
0500000US13053,4.8,33.8,16.5,17.1,9.1,70.7,22.5,6.1,13.9,17.9,54.1,19.3,0.4,3.1,0.3,1.4,3.4,51.02,3.5,68.8
0500000US13055,3.5,63.4,6.0,50.5,5.4,78.6,18.8,13.1,21.2,5.7,81.0,8.9,0.1,0.4,0.0,0.0,3.8,6.0,24.6,94.6
0500000US13057,10.3,57.3,13.3,31.5,3.2,84.0,3.5,10.4,7.0,12.4,73.9,7.0,0.0,2.4,0.0,0.5,3.7,0.71,7.5,75.9
0500000US13059,9.9,67.3,15.7,37.5,5.2,69.9,9.4,11.2,26.0,11.8,54.1,25.6,0.2,4.1,0.0,0.4,3.8,8.06,10.3,78.2
0500000US13061,0.3,0.0,1.7,50.3,4.5,78.3,26.2,7.8,21.0,0.0,37.3,60.5,0.0,0.0,0.0,0.0,2.1,2.07,13.8,94.8
0500000US13063,13.4,47.7,20.9,33.3,7.2,80.7,19.3,17.0,17.9,14.5,7.8,68.5,0.1,4.9,0.1,0.7,3.3,1.29,14.5,83.9
0500000US13065,5.9,84.7,8.3,52.1,2.1,71.8,25.4,22.0,26.1,6.6,63.3,25.7,1.1,0.3,0.0,0.0,3.0,7.5,21.8,84.2
0500000US13067,16.5,51.8,21.9,29.5,4.5,83.7,6.2,12.0,8.7,15.1,47.1,26.4,0.1,5.4,0.0,0.9,5.0,1.22,7.0,72.5
0500000US13069,7.1,69.7,12.8,46.4,4.4,76.4,20.0,17.9,23.1,13.5,55.6,28.0,0.1,0.7,0.0,0.4,1.6,8.09,19.5,90.6
0500000US13071,11.1,74.6,19.1,40.4,4.3,81.4,19.7,20.5,22.9,20.8,53.5,22.8,0.2,0.9,0.0,0.1,1.8,2.11,19.3,89.8
0500000US13073,7.3,40.5,11.2,35.5,4.8,72.5,6.7,9.3,7.5,8.0,63.2,18.7,0.1,4.7,0.0,0.8,4.5,0.59,7.5,87.5
0500000US13075,2.4,78.7,5.9,42.0,3.6,74.1,15.3,15.3,17.7,7.6,60.5,27.6,0.0,0.4,0.0,0.8,3.0,1.61,16.4,94.9
0500000US13077,6.6,54.3,9.2,36.0,3.1,81.7,6.9,8.5,7.4,8.2,67.3,18.2,0.0,2.1,0.0,0.5,3.8,0.54,8.0,83.3
0500000US13079,2.2,42.8,3.1,42.7,2.4,70.5,14.4,11.9,11.6,3.9,71.9,21.0,0.6,0.1,0.0,0.0,2.4,1.37,14.9,88.0
0500000US13081,3.1,48.1,3.5,44.1,7.5,75.5,26.9,14.5,23.3,3.6,48.2,44.8,0.1,0.5,0.0,0.5,2.3,1.69,16.2,89.5
0500000US13083,1.8,51.0,3.1,43.2,3.2,81.3,10.5,9.6,8.2,2.9,91.5,1.1,0.0,1.2,0.0,0.1,3.1,6.81,11.4,84.8
0500000US13085,5.2,53.8,6.5,37.4,3.5,74.1,7.1,11.8,8.5,7.3,85.7,1.9,0.0,1.3,0.0,0.5,3.3,0.47,10.0,82.7
0500000US13087,3.7,69.3,6.8,48.7,6.3,75.9,22.8,13.8,22.0,7.1,48.5,41.9,0.1,0.7,0.0,0.0,1.7,3.96,16.4,91.4
0500000US13089,17.3,51.1,21.1,31.7,6.4,81.3,12.8,12.7,13.7,10.6,27.9,50.4,0.1,6.1,0.1,0.6,4.2,1.41,9.2,70.3
0500000US13091,1.9,84.3,2.4,53.7,6.1,70.6,22.2,14.6,21.5,3.6,63.8,30.9,0.2,0.0,0.0,0.0,1.4,8.62,15.7,91.7
0500000US13093,4.3,71.4,11.7,56.2,3.6,77.7,17.6,11.9,15.7,8.3,40.8,46.9,0.1,0.0,0.0,0.5,3.3,21.53,15.9,92.8
0500000US13095,2.3,69.1,4.5,44.9,10.2,73.9,29.0,13.1,25.0,3.3,22.8,70.2,0.1,0.7,0.0,0.3,2.6,5.13,14.0,87.6
0500000US13097,9.6,43.9,14.4,33.9,6.2,79.1,12.8,12.3,10.9,12.2,31.1,49.2,0.1,1.8,0.1,1.2,4.3,0.93,8.7,82.1
0500000US13099,0.5,95.9,1.0,46.3,6.7,73.5,26.2,13.7,23.6,0.6,41.1,53.2,0.0,0.4,0.0,0.0,4.6,1.14,16.8,93.5
0500000US13101,10.8,85.0,22.4,35.1,1.7,68.8,20.3,21.1,14.2,21.1,58.1,6.3,0.1,7.9,0.0,0.0,6.6,0.32,17.4,92.4
0500000US13103,4.2,55.2,5.6,32.6,5.5,80.4,7.8,9.7,6.8,6.6,72.9,14.4,0.1,1.0,0.1,0.4,4.5,0.47,9.4,91.5
0500000US13105,4.5,40.8,6.0,40.9,4.6,78.3,15.4,12.2,18.0,5.9,62.2,22.3,0.5,1.3,0.0,0.5,7.3,1.23,14.2,90.4
0500000US13107,2.6,57.9,4.7,43.8,8.9,74.4,27.0,16.0,25.7,4.8,57.7,31.3,0.0,0.9,0.0,0.2,5.1,4.82,20.3,89.2
0500000US13109,5.1,62.3,13.0,43.6,4.3,81.7,19.6,15.7,19.1,12.3,55.0,28.0,0.1,1.0,0.0,0.0,3.6,5.44,17.8,88.3
0500000US13111,4.0,26.5,3.4,49.8,3.7,76.7,13.4,14.4,13.7,3.3,91.8,0.4,0.0,0.8,0.0,0.5,3.2,0.62,11.4,84.6
0500000US13113,11.0,46.8,13.6,39.9,3.8,81.1,4.8,8.6,5.6,8.6,55.5,25.3,0.1,4.9,0.0,1.7,3.8,0.65,5.1,78.2
0500000US13115,6.6,59.4,11.4,41.1,4.2,81.6,14.9,13.5,16.0,12.4,68.8,13.6,0.0,1.5,0.1,0.3,3.4,4.25,15.3,88.1
0500000US13117,22.9,52.1,27.7,30.9,3.5,86.3,2.2,7.9,4.3,10.1,61.8,4.2,0.1,19.6,0.0,0.6,3.7,0.39,5.6,65.5
0500000US13119,4.6,66.5,6.3,46.7,5.9,75.8,14.7,18.3,19.5,5.4,80.9,8.8,0.1,1.8,0.0,0.3,2.7,2.91,16.9,87.3
0500000US13121,14.1,48.8,17.7,30.5,5.4,83.4,11.6,9.5,12.3,8.2,36.8,42.1,0.1,7.8,0.0,0.8,4.2,2.94,6.2,62.2
0500000US13123,5.2,47.8,9.9,47.4,2.7,76.0,9.6,14.6,16.0,12.3,83.6,0.3,0.1,0.5,0.0,0.1,3.0,0.71,12.8,88.5
0500000US13125,0.1,0.0,0.1,47.9,1.6,60.5,19.2,12.0,12.6,3.2,86.5,7.2,0.0,0.0,0.0,0.0,3.1,2.49,19.2,85.7
0500000US13127,6.4,51.9,8.6,43.1,3.7,75.5,12.4,13.3,16.1,7.8,61.8,24.1,0.1,1.3,0.0,0.3,4.7,1.62,10.0,87.4
0500000US13129,7.9,54.8,15.9,38.7,3.7,79.6,10.2,15.4,12.0,16.3,75.8,3.4,0.1,0.9,0.1,0.2,3.2,0.92,19.3,91.1
0500000US13131,5.7,88.9,11.8,42.8,3.7,79.3,20.3,18.1,20.3,13.3,56.0,28.8,0.2,0.1,0.0,0.1,1.4,0.68,19.5,95.2
0500000US13133,5.1,55.0,7.5,49.8,3.4,73.3,7.2,13.9,9.8,7.2,59.2,29.5,0.0,1.2,0.0,0.6,2.2,0.68,11.7,80.8
0500000US13135,28.4,50.6,38.1,31.4,4.2,82.2,7.8,15.2,10.8,23.7,30.6,27.8,0.1,13.2,0.0,0.6,4.0,0.6,12.1,78.5
0500000US13137,9.4,73.4,16.5,44.0,2.7,82.3,13.4,14.5,14.1,16.1,75.4,3.2,0.1,2.3,0.0,0.2,2.8,5.05,17.4,88.8
0500000US13139,16.9,66.7,29.1,36.4,3.5,83.7,9.6,16.5,11.8,29.1,57.9,6.7,0.0,2.2,0.0,0.4,3.6,1.17,19.0,84.5
0500000US13141,2.2,28.3,2.8,69.9,6.3,68.8,29.8,9.8,30.6,0.7,27.3,69.7,0.0,0.6,0.0,0.0,1.7,20.08,23.9,91.6
0500000US13143,1.5,37.0,2.3,38.9,4.4,78.9,14.1,11.1,15.4,2.1,89.0,5.0,0.0,0.6,0.0,0.6,2.7,0.74,15.4,88.7
0500000US13145,2.1,23.2,4.8,40.4,5.9,76.2,10.1,6.8,9.0,4.9,74.2,15.5,0.1,0.6,0.0,0.2,4.3,1.34,6.0,86.6
0500000US13147,3.7,71.5,5.5,44.7,3.4,78.5,10.4,10.8,11.9,4.3,73.9,17.0,0.1,1.4,0.0,0.1,3.3,2.26,14.6,88.1
0500000US13149,0.7,20.5,3.7,46.8,4.3,77.6,25.3,13.8,17.9,2.8,84.4,7.8,0.0,0.5,0.0,0.0,4.6,0.96,12.1,91.3
0500000US13151,9.1,32.0,11.5,32.4,6.2,77.9,10.5,9.8,9.2,8.3,32.4,51.2,0.1,3.3,0.1,0.7,3.9,0.39,7.0,82.0
0500000US13153,6.6,46.7,8.4,36.4,5.1,69.0,10.3,10.2,11.1,7.6,51.4,32.2,0.1,3.0,0.1,0.5,5.1,1.01,7.5,87.5
0500000US13155,1.5,56.0,5.3,44.4,4.0,78.5,14.8,19.5,22.4,7.2,66.3,24.1,0.0,0.1,0.0,0.0,2.2,2.81,14.8,93.0
0500000US13157,7.3,38.9,11.5,34.4,3.4,78.3,7.5,11.6,7.3,10.9,75.8,7.6,0.0,2.4,0.1,0.4,2.9,0.77,11.3,84.8
0500000US13159,2.5,69.8,3.4,40.2,7.2,76.2,11.7,12.9,16.0,5.0,74.1,16.3,0.0,0.2,0.0,0.8,3.6,0.6,10.4,89.5
0500000US13161,5.9,77.8,13.2,45.3,6.7,78.1,17.1,21.9,21.8,14.0,67.4,12.0,0.0,0.5,0.3,0.9,4.8,0.85,22.7,91.0
0500000US13163,3.5,77.7,3.8,43.8,5.8,76.0,22.3,17.0,16.9,3.6,41.1,52.7,0.0,0.0,0.0,1.0,1.6,3.3,16.3,94.0
0500000US13165,2.9,81.7,7.1,56.9,3.9,63.1,21.3,14.6,22.9,9.2,52.7,37.1,0.1,0.0,0.0,0.0,0.9,14.46,19.8,87.0
0500000US13167,0.7,73.5,1.5,56.6,7.4,68.9,25.0,13.8,24.2,1.8,61.5,32.8,0.3,0.0,0.0,0.2,3.5,15.51,23.3,92.8
0500000US13169,1.3,44.0,2.0,39.3,3.8,76.1,14.8,8.6,12.1,2.2,69.3,24.3,0.0,0.2,0.0,0.3,3.6,1.02,8.0,85.5
0500000US13171,2.7,40.0,1.8,43.2,4.1,75.4,13.5,10.7,9.6,3.4,66.4,27.1,0.1,0.7,0.0,0.0,2.3,5.31,10.4,91.9
0500000US13173,4.8,75.1,8.0,46.6,4.0,73.1,19.2,17.1,26.1,7.4,64.7,24.2,0.0,1.2,0.0,1.0,1.5,3.79,12.0,82.1
0500000US13175,3.2,69.6,3.7,42.9,5.2,77.1,20.5,12.1,22.6,3.3,56.3,36.5,0.1,1.0,0.3,0.3,2.1,1.73,13.1,94.1
0500000US13177,4.3,30.4,5.4,34.3,3.3,73.3,9.5,8.2,5.7,3.4,66.3,23.7,0.0,2.5,0.1,0.2,3.7,2.87,7.6,91.6
0500000US13179,6.3,38.9,12.8,33.3,7.9,73.7,16.0,10.8,15.3,12.7,36.5,40.8,0.2,1.7,0.5,0.6,6.9,3.77,7.4,89.0
0500000US13181,3.0,68.7,1.9,46.5,2.8,69.8,11.6,12.3,17.0,1.5,68.2,27.2,0.0,0.1,0.0,0.2,2.7,0.66,12.1,91.9
0500000US13183,5.0,54.8,10.0,41.7,6.8,70.6,18.2,11.0,17.3,13.1,53.0,22.9,0.0,0.7,0.5,1.1,8.6,1.37,14.6,89.4
0500000US13185,4.0,51.7,6.7,39.6,5.1,76.8,16.2,14.3,19.2,7.1,50.6,37.0,0.1,1.7,0.0,0.2,3.2,3.79,9.9,90.2
0500000US13187,3.5,37.2,6.0,43.4,5.7,77.2,9.2,11.8,14.1,5.8,88.7,2.0,0.2,0.8,0.1,0.1,2.2,9.19,10.3,83.7
0500000US13189,1.6,36.0,3.0,45.5,1.9,77.3,17.0,9.6,20.3,3.7,53.1,40.1,0.0,0.3,0.0,0.0,2.8,1.05,12.9,90.4
0500000US13191,0.8,14.1,2.3,51.2,3.2,69.3,21.8,9.3,23.0,2.7,63.2,28.0,0.2,0.4,0.0,0.0,5.6,0.56,16.4,82.2
0500000US13193,3.4,81.0,7.5,58.1,7.2,79.9,27.1,24.7,25.1,4.7,32.5,58.4,0.2,1.6,0.0,0.6,1.9,16.61,22.6,84.6
0500000US13195,4.3,56.7,6.7,41.3,3.9,79.5,12.2,15.6,17.2,7.4,77.8,9.4,0.1,2.0,0.0,0.5,2.7,0.69,16.6,89.5
0500000US13197,8.1,69.8,10.3,46.1,4.8,78.1,21.5,17.3,20.9,8.0,57.4,27.2,0.2,2.3,0.0,0.1,4.7,1.35,21.7,92.6
0500000US13199,1.0,11.5,1.4,46.3,6.6,81.3,23.0,12.4,18.9,0.8,56.8,39.1,0.1,0.7,0.1,0.1,2.3,0.8,17.0,92.7
0500000US13201,2.7,71.3,4.8,45.5,3.9,67.8,17.6,9.6,23.8,3.3,64.9,28.2,0.3,0.9,0.2,1.0,1.3,2.89,15.8,92.6
0500000US13205,3.0,56.0,6.6,50.0,5.9,74.7,27.4,17.9,23.4,5.2,45.8,45.0,0.2,0.0,0.0,1.0,2.8,7.12,17.1,95.4
0500000US13207,2.1,40.6,3.9,40.7,2.7,77.3,5.9,9.4,12.3,2.9,71.9,22.1,0.2,1.2,0.0,0.1,1.6,4.11,8.9,92.3
0500000US13209,2.8,55.3,6.7,45.6,7.5,71.2,17.9,13.7,20.6,7.5,64.8,23.4,0.1,0.6,0.0,0.1,3.6,9.7,13.3,91.4
0500000US13211,2.9,47.2,3.7,41.3,2.4,72.8,11.3,11.1,8.8,3.8,73.4,20.5,0.0,0.7,0.0,0.0,1.6,0.91,8.6,89.2
0500000US13213,7.0,60.4,13.4,37.2,4.5,84.9,12.3,13.8,14.4,16.1,79.6,0.6,0.0,0.4,0.3,0.3,2.6,0.71,21.1,91.9
0500000US13215,5.1,43.2,8.3,39.2,6.3,75.5,16.8,11.1,19.0,8.5,36.7,46.1,0.0,2.6,0.1,0.6,5.2,2.91,10.5,83.1
0500000US13217,7.0,51.2,7.1,35.4,6.6,75.3,13.6,11.3,12.3,7.1,38.8,47.3,0.1,1.5,0.0,0.2,5.0,1.24,9.8,84.1
0500000US13219,7.1,40.6,8.9,35.1,3.0,74.1,2.8,6.8,6.2,5.8,82.1,3.4,0.2,4.7,0.0,0.1,3.6,0.43,3.6,81.0
0500000US13221,3.8,68.8,6.2,39.3,3.1,68.4,12.1,10.8,11.6,6.8,73.1,15.4,0.0,0.7,0.1,0.2,3.6,0.79,11.7,88.7
0500000US13223,7.9,45.2,10.6,32.3,4.5,81.5,8.0,10.1,6.6,8.7,61.0,23.1,0.1,1.5,0.1,0.3,5.2,0.42,7.6,83.5
0500000US13225,4.7,59.9,7.1,38.8,6.6,75.6,18.8,12.1,17.3,9.4,42.9,41.4,0.1,0.2,0.2,0.2,5.5,4.96,11.0,84.8
0500000US13227,2.8,57.0,3.9,41.8,3.0,77.3,9.7,12.0,12.0,4.0,91.5,0.6,0.2,0.3,0.1,0.1,3.2,0.99,10.1,81.6
0500000US13229,1.7,82.0,2.9,39.9,2.6,77.5,11.6,12.5,13.8,5.3,82.0,9.9,0.3,0.0,0.0,0.1,2.4,1.15,11.9,96.1
0500000US13231,1.7,54.5,1.8,39.7,3.4,74.7,5.2,13.3,9.3,2.3,86.1,8.4,0.0,0.5,0.2,0.7,1.8,1.56,10.8,87.7
0500000US13233,6.1,78.9,12.1,41.7,5.9,80.3,17.3,12.0,16.4,13.9,70.4,11.9,0.0,0.7,0.0,0.7,2.3,1.16,15.5,91.3
0500000US13235,3.2,79.1,5.7,56.0,3.2,77.0,14.9,9.7,16.5,5.7,61.3,30.6,0.0,0.8,0.0,0.0,1.5,12.78,15.3,91.2
0500000US13237,7.6,53.7,11.2,45.8,3.7,75.8,11.0,10.3,17.6,7.2,64.5,22.0,0.0,2.0,0.3,0.3,3.7,0.77,13.4,85.8
0500000US13239,0.0,-666666666.0,0.3,59.7,28.6,92.0,22.7,14.8,15.7,0.8,42.8,52.5,0.0,0.0,0.0,0.0,3.8,0.0,19.1,98.1
0500000US13241,6.6,60.4,8.7,48.0,1.3,76.4,7.2,13.9,13.1,8.8,86.7,0.8,0.0,0.9,0.0,0.1,2.8,1.48,9.7,81.5
0500000US13243,0.2,46.7,0.5,43.1,10.9,68.2,39.4,8.0,30.0,4.2,26.8,67.4,0.0,0.1,0.0,0.2,1.4,3.37,13.3,94.1
0500000US13245,3.8,47.8,6.7,37.6,8.5,76.3,21.1,11.8,20.0,5.8,31.4,55.7,0.1,1.6,0.2,0.6,4.7,4.5,12.2,83.6
0500000US13247,10.7,41.2,11.8,35.2,5.9,79.0,12.2,13.1,10.8,10.9,24.0,57.5,0.0,1.6,0.0,0.7,5.3,0.86,8.7,83.4
0500000US13249,0.3,46.7,1.3,44.1,7.6,84.6,15.4,10.1,13.9,1.4,82.6,14.6,0.0,0.0,0.0,0.0,1.4,0.0,13.6,86.8
0500000US13251,1.3,55.0,2.2,44.7,4.6,77.4,13.7,12.9,17.2,2.7,55.1,39.0,0.0,0.0,0.0,0.0,3.1,2.0,13.9,90.9
0500000US13253,0.8,79.2,2.1,52.7,6.0,72.5,21.3,14.8,20.1,3.1,61.9,33.5,0.2,0.5,0.0,0.0,1.0,1.14,11.8,92.8
0500000US13255,4.1,53.1,6.7,43.3,7.3,80.9,18.5,13.3,18.9,6.1,53.4,35.8,0.0,1.0,0.0,0.6,3.0,1.34,14.5,90.3
0500000US13257,3.5,60.4,5.4,43.0,5.4,77.3,14.5,14.6,15.8,4.0,80.6,8.1,0.0,1.1,0.1,0.0,6.2,3.44,14.9,88.9
0500000US13259,4.1,56.2,5.4,63.5,5.5,77.8,33.7,22.6,26.4,4.2,25.3,67.7,1.5,0.2,0.0,0.0,1.1,19.82,20.0,98.2
0500000US13261,4.3,59.3,7.1,42.7,4.7,74.7,21.9,14.0,23.7,6.2,38.5,49.8,0.2,1.3,0.0,0.1,3.8,5.9,15.2,85.4
0500000US13263,0.1,0.0,1.4,53.7,3.3,77.1,23.1,11.8,25.2,0.6,40.4,53.7,0.0,0.1,0.0,0.6,4.6,0.51,17.6,85.8
0500000US13265,1.3,38.1,3.4,50.1,5.0,62.1,25.9,10.6,20.4,4.4,39.4,45.9,0.0,0.1,0.3,2.7,7.3,0.71,12.7,89.0
0500000US13267,5.1,65.5,10.8,53.1,6.7,69.4,22.2,13.9,23.4,10.7,57.3,26.7,0.2,0.8,0.0,0.9,3.4,17.68,17.2,90.3
0500000US13269,1.4,54.5,2.5,53.3,2.6,69.9,34.1,10.3,32.1,1.0,58.5,37.8,0.4,0.3,0.0,0.0,2.0,3.12,20.5,90.0
0500000US13271,6.4,84.2,12.7,64.5,5.2,79.2,27.9,20.7,24.1,15.0,48.3,35.5,0.0,0.1,0.0,0.0,1.0,18.76,22.1,94.8
0500000US13273,1.4,50.0,3.2,49.9,4.1,76.6,24.4,14.5,33.3,2.6,36.7,59.9,0.0,0.1,0.0,0.0,0.6,3.24,20.0,82.7
0500000US13275,2.7,51.4,5.0,37.6,5.6,79.1,20.4,11.8,17.9,3.9,57.0,34.9,0.2,0.9,0.1,0.7,2.3,1.24,10.9,90.7
0500000US13277,5.9,77.3,12.5,44.0,2.8,82.1,17.7,14.5,20.8,13.2,52.9,29.5,0.1,1.3,0.0,0.2,2.7,4.9,13.5,91.4
0500000US13279,6.4,82.3,10.7,43.3,4.4,78.4,22.5,16.0,22.5,12.1,57.5,23.6,0.3,0.8,0.0,0.1,5.5,2.06,15.5,90.7
0500000US13281,2.0,65.1,2.6,58.6,4.6,71.8,7.5,11.5,13.3,3.3,92.9,1.4,0.0,0.0,0.0,0.0,2.3,6.73,7.6,79.2
0500000US13283,1.3,82.7,1.8,46.9,7.7,70.4,22.3,12.8,13.8,1.5,62.0,30.6,1.5,0.1,0.0,0.2,4.2,6.82,25.5,94.7
0500000US13285,4.5,71.2,6.3,38.2,5.3,81.1,19.3,9.5,16.9,4.7,53.9,36.0,0.1,2.3,0.0,0.2,2.9,2.09,11.0,88.2
0500000US13287,1.9,61.1,5.1,45.7,12.2,71.7,32.5,13.2,20.3,4.8,53.9,36.4,0.1,0.0,0.0,0.1,4.6,3.4,23.4,84.6
0500000US13289,1.3,83.8,2.8,55.0,3.8,66.1,21.8,14.6,18.2,1.1,54.8,39.4,0.4,1.0,0.0,0.5,2.8,1.49,21.8,89.3
0500000US13291,2.7,62.3,3.4,54.8,2.6,79.7,7.4,13.7,10.9,3.8,92.5,0.7,0.0,0.4,0.0,0.0,2.6,2.06,11.7,87.8
0500000US13293,1.5,25.6,2.6,45.3,3.9,78.6,22.7,12.4,19.3,2.7,66.4,25.8,0.1,0.2,0.3,0.0,4.5,1.43,14.3,92.6
0500000US13295,1.3,55.1,2.4,41.3,3.9,79.7,12.0,12.6,13.3,2.9,89.3,3.0,0.3,0.4,0.0,0.1,4.1,2.38,13.0,87.5
0500000US13297,6.1,35.4,7.6,37.0,5.3,78.4,11.5,10.7,11.9,6.6,67.9,18.7,0.2,1.3,0.1,0.8,4.4,0.9,12.4,84.2
0500000US13299,3.7,76.7,5.1,50.1,5.9,76.9,21.9,16.8,21.5,5.1,61.2,29.7,0.1,1.3,0.1,0.4,2.2,6.68,17.1,92.6
0500000US13301,0.3,61.5,0.9,45.5,10.0,82.4,22.3,7.7,21.4,1.1,39.2,56.0,0.0,0.1,0.0,0.0,3.5,1.62,23.5,92.5
0500000US13303,1.2,83.8,2.7,47.8,8.0,73.2,29.4,13.5,17.2,2.2,41.7,53.1,0.0,0.5,0.0,0.2,2.3,9.07,15.8,91.9
0500000US13305,4.1,77.1,5.9,48.4,7.2,75.0,20.2,20.0,21.3,6.3,70.3,19.5,0.1,1.3,0.0,0.1,2.5,6.27,13.4,92.5
0500000US13307,3.2,84.2,4.0,42.8,4.2,66.8,28.7,21.5,22.3,4.4,38.7,56.1,0.0,0.0,0.0,0.0,0.8,0.08,11.2,94.4
0500000US13309,1.2,47.1,4.0,61.1,5.0,84.3,23.5,23.6,32.7,4.3,56.5,37.0,0.4,0.0,0.0,0.0,1.8,16.59,20.9,95.1
0500000US13311,2.5,46.6,4.0,44.4,3.8,75.7,9.7,11.6,12.4,3.8,88.9,1.9,0.1,0.6,0.0,0.9,3.8,1.99,15.2,84.7
0500000US13313,18.5,62.1,31.5,37.0,5.2,83.2,11.2,18.1,14.8,37.2,55.5,3.4,0.0,1.4,0.0,0.1,2.3,1.25,24.4,93.2
0500000US13315,1.4,78.6,3.0,61.5,5.5,67.0,20.2,13.7,21.9,3.8,59.1,32.1,0.0,0.0,0.2,0.2,4.6,20.25,20.8,85.3
0500000US13317,3.8,59.3,6.2,51.7,1.5,75.0,17.6,15.3,17.8,4.8,51.6,39.4,0.1,1.2,0.0,0.1,2.7,1.28,17.6,95.5
0500000US13319,1.6,57.6,1.7,47.6,4.8,79.9,15.3,10.0,21.6,3.3,55.6,37.7,0.0,0.5,0.0,1.2,1.6,1.31,11.6,93.0
0500000US13321,1.7,34.3,3.2,44.8,6.9,76.5,21.4,12.5,24.0,2.4,66.2,25.1,0.2,0.8,0.0,0.4,4.9,0.83,14.5,88.9
0500000US15001,11.8,50.4,22.6,43.5,6.0,68.9,17.8,4.5,14.9,11.7,29.9,0.8,0.2,20.2,11.7,0.6,24.9,1.25,6.8,83.0
0500000US15003,19.6,36.9,26.0,34.8,4.7,70.6,10.2,3.3,9.2,9.4,17.2,2.2,0.1,41.6,9.1,0.3,20.1,3.42,6.8,77.2
0500000US15005,4.5,0.0,11.9,26.9,0.0,55.1,7.5,4.5,22.7,13.4,19.4,0.0,17.9,17.9,14.9,0.0,16.4,31.34,19.4,59.2
0500000US15007,14.4,44.0,18.3,35.7,3.8,72.1,11.3,4.0,9.1,10.6,28.7,0.8,0.1,30.0,9.5,0.4,19.9,1.02,6.9,86.4
0500000US15009,17.1,43.7,22.0,36.2,5.5,76.2,10.4,4.1,9.2,10.6,29.0,0.8,0.1,27.7,9.6,0.3,21.7,1.57,6.8,83.6
0500000US16001,6.2,45.9,9.3,34.2,3.1,78.7,5.1,6.4,8.3,9.8,80.9,1.3,0.3,2.7,0.2,0.5,4.3,2.64,4.8,76.4
0500000US16003,0.5,77.3,1.3,52.7,7.4,63.8,4.6,11.9,17.9,5.0,87.0,0.2,2.0,0.0,0.0,0.0,5.8,1.43,7.1,81.4
0500000US16005,3.4,53.6,6.1,36.9,4.3,74.5,14.6,6.5,12.3,9.9,80.3,0.8,2.1,1.5,0.3,1.0,4.1,3.06,6.3,83.7
0500000US16007,1.7,38.2,3.6,42.3,2.6,68.6,4.7,6.9,7.0,3.8,93.2,0.5,0.4,0.2,0.0,0.0,1.8,0.86,7.6,87.6
0500000US16009,0.7,40.5,3.0,45.9,3.7,72.4,10.6,14.3,12.9,3.8,83.6,0.5,7.2,0.0,0.0,0.3,4.6,0.86,12.4,87.5
0500000US16011,5.7,54.8,14.6,36.8,5.4,73.0,10.3,8.9,11.7,17.8,73.7,0.2,4.7,0.3,0.0,0.2,3.2,1.04,11.1,89.7
0500000US16013,13.8,56.3,23.7,30.2,2.1,82.4,4.1,9.0,6.6,21.8,71.9,0.3,0.1,0.6,0.0,0.4,4.8,1.49,8.5,75.3
0500000US16015,2.0,46.6,4.3,46.8,3.4,70.4,6.8,9.3,7.7,5.1,83.5,0.2,1.0,1.5,0.0,2.2,6.5,0.71,4.1,73.0
0500000US16017,2.2,48.8,4.1,48.1,4.8,75.7,6.4,11.1,11.1,4.0,89.0,0.3,0.4,0.5,0.1,0.9,4.7,1.06,7.7,80.9
0500000US16019,4.1,58.2,9.7,34.9,4.6,76.4,9.1,8.4,9.8,14.5,80.2,0.3,0.4,0.9,0.1,0.4,3.3,1.21,8.1,84.6
0500000US16021,4.4,83.2,6.8,50.9,2.6,73.4,10.8,14.0,13.6,5.7,81.5,0.3,1.5,2.1,0.0,1.2,7.7,1.15,13.9,83.9
0500000US16023,2.9,83.3,6.2,44.4,4.4,69.9,10.9,7.8,19.3,6.4,88.7,0.0,0.0,0.0,0.3,0.0,4.5,0.78,10.9,75.6
0500000US16025,1.3,73.3,7.7,43.7,0.0,74.3,0.3,11.9,5.9,14.0,75.9,0.0,0.7,0.0,0.0,3.7,5.7,0.0,13.0,76.5
0500000US16027,8.7,56.6,19.2,35.2,3.7,79.8,8.6,12.3,10.5,26.0,67.1,0.7,0.3,0.8,0.2,0.9,4.0,1.53,12.3,83.5
0500000US16029,3.9,88.0,3.3,37.7,1.9,74.3,7.7,7.8,9.2,5.7,90.5,0.2,0.1,0.0,0.0,0.0,3.5,1.3,9.1,92.1
0500000US16031,10.3,67.1,22.3,36.3,2.4,81.6,9.2,11.7,12.4,30.1,64.4,0.5,0.2,0.3,0.0,1.4,3.3,1.65,14.6,87.7
0500000US16033,19.3,78.7,27.7,38.9,2.1,62.6,4.3,17.1,11.7,28.7,63.1,0.0,0.1,0.0,0.0,6.9,1.1,3.65,25.6,84.4
0500000US16035,2.1,70.4,2.6,52.2,4.5,69.2,8.4,11.2,13.2,4.6,87.6,0.2,1.5,1.0,0.0,0.5,4.6,8.27,8.0,85.3
0500000US16037,4.8,14.5,3.6,51.0,2.0,62.5,4.6,12.1,15.8,4.5,88.4,0.3,0.4,3.1,0.0,0.4,3.0,5.68,6.1,69.4
0500000US16039,9.3,53.6,14.2,36.4,6.0,68.2,7.8,9.1,10.5,18.2,69.5,2.8,0.5,2.6,0.4,0.8,5.2,4.14,12.0,89.9
0500000US16041,2.6,32.1,7.1,35.3,2.4,75.2,6.1,8.4,7.9,7.4,89.4,0.1,0.1,0.1,0.1,0.4,2.4,0.4,4.3,82.8
0500000US16043,5.5,61.7,9.1,41.8,3.9,71.1,8.8,10.6,10.1,12.4,82.7,0.3,0.5,0.1,0.1,1.8,2.0,3.79,9.2,84.1
0500000US16045,6.2,59.4,10.5,44.6,2.9,75.1,6.8,11.1,12.0,9.7,83.5,0.0,0.7,0.8,0.0,0.8,4.5,1.32,10.5,83.7
0500000US16047,14.0,63.3,27.5,37.3,3.8,76.8,8.3,19.1,13.0,31.5,63.1,0.1,0.9,0.3,0.0,0.2,4.0,0.76,19.2,86.8
0500000US16049,2.1,36.0,3.7,51.3,3.7,66.5,4.6,14.2,11.1,4.0,89.1,0.1,1.8,0.5,0.0,0.6,3.8,3.42,8.1,81.1
0500000US16051,4.2,55.4,11.6,33.9,2.7,72.5,7.5,7.8,9.7,11.0,85.7,0.0,0.2,0.1,0.0,0.4,2.6,0.52,6.7,88.1
0500000US16053,17.9,77.2,34.7,35.1,3.6,79.5,7.6,14.8,12.6,39.2,56.8,0.1,0.1,0.0,0.0,0.1,3.6,0.78,26.5,91.9
0500000US16055,2.3,32.4,3.2,39.5,3.3,79.7,6.7,9.4,9.0,5.7,85.6,0.3,0.6,0.7,0.0,0.8,6.2,1.1,5.3,81.8
0500000US16057,3.9,55.2,5.7,38.0,6.8,67.9,5.4,8.1,17.6,5.2,84.5,1.0,0.5,2.1,0.2,0.5,6.1,9.47,3.5,76.8
0500000US16059,0.6,56.3,2.4,47.2,2.0,73.5,10.0,6.1,12.8,3.9,91.5,0.1,0.4,0.0,0.1,0.5,3.5,1.79,9.2,80.6
0500000US16061,1.2,32.6,3.8,52.4,2.4,62.7,9.8,11.1,15.3,4.3,81.7,1.1,1.3,1.0,0.0,0.9,9.7,2.36,8.6,82.4
0500000US16063,15.7,65.0,27.8,32.6,4.9,71.1,6.0,11.9,10.5,32.4,62.2,0.6,0.4,0.3,0.0,0.2,3.9,0.88,16.0,89.8
0500000US16065,5.2,82.7,9.8,31.5,8.3,77.7,9.5,4.9,24.5,9.8,83.5,1.0,0.2,1.5,0.3,0.9,2.8,21.04,2.7,70.5
0500000US16067,11.8,50.0,25.7,35.2,3.4,78.5,11.1,13.4,14.5,37.0,58.8,0.1,1.2,0.2,0.0,0.2,2.3,0.37,17.0,93.0
0500000US16069,1.7,30.0,2.5,40.9,2.6,75.7,7.3,7.7,12.2,4.4,85.5,0.2,4.2,0.9,0.2,0.5,4.2,2.97,6.2,87.1
0500000US16071,1.1,34.0,6.4,37.5,1.4,66.4,4.8,6.7,10.8,4.4,91.8,0.4,0.4,0.0,0.0,0.4,2.5,0.84,4.3,83.3
0500000US16073,10.8,77.3,21.2,43.0,2.0,74.9,11.8,21.9,12.2,24.8,67.8,0.5,1.9,0.1,0.2,0.3,4.3,1.38,21.8,86.3
0500000US16075,5.1,53.2,9.6,41.4,3.2,73.8,15.6,7.1,10.2,17.9,75.5,0.1,0.3,0.7,0.0,1.3,4.2,0.75,13.8,91.5
0500000US16077,12.9,56.9,30.7,36.0,5.6,69.4,8.9,14.9,9.5,34.3,60.5,0.4,0.9,0.0,0.0,0.0,3.9,0.93,12.2,80.5
0500000US16079,1.8,48.2,2.1,44.1,5.3,79.6,10.3,9.2,13.1,4.1,88.7,1.0,0.9,0.3,0.3,0.2,4.5,1.79,10.1,84.5
0500000US16081,10.6,75.3,15.6,26.1,1.2,76.6,3.1,14.5,9.1,17.3,79.3,0.0,0.7,0.1,0.0,0.0,2.6,0.14,7.5,76.2
0500000US16083,8.5,52.1,14.9,35.4,3.0,79.1,9.6,10.2,11.5,18.0,75.3,0.8,0.3,1.1,0.3,0.5,3.7,1.57,10.7,89.9
0500000US16085,1.4,54.4,2.6,48.5,4.8,75.2,3.1,8.8,11.7,5.4,90.1,0.0,0.1,0.2,0.1,0.9,3.1,1.75,9.0,70.4
0500000US16087,6.4,57.3,13.6,52.3,5.2,68.0,11.1,9.0,15.3,16.5,77.6,0.3,0.1,0.6,0.2,0.4,4.3,1.62,10.4,83.1
0500000US17001,1.2,39.1,2.4,34.8,3.9,83.9,12.4,4.4,12.8,2.1,90.0,2.8,0.1,0.7,0.0,0.2,4.1,2.9,6.2,87.8
0500000US17003,1.0,35.4,0.3,50.9,6.5,66.8,26.8,9.5,19.0,0.7,62.9,32.9,0.0,0.4,0.0,0.0,3.1,2.52,12.6,92.0
0500000US17005,1.1,57.3,2.3,47.1,4.5,76.7,12.9,3.6,10.9,2.0,85.9,6.1,1.0,0.6,0.0,0.1,4.2,12.57,9.9,85.6
0500000US17007,11.3,48.6,20.6,34.2,7.4,84.6,14.3,5.6,9.9,25.6,68.0,2.3,0.0,1.0,0.0,0.4,2.8,0.56,13.8,88.5
0500000US17009,1.6,59.0,7.0,58.6,3.1,81.3,12.1,2.1,9.2,6.7,74.1,17.8,0.0,0.0,0.0,0.0,1.3,30.61,23.3,88.5
0500000US17011,3.4,44.0,7.3,37.2,4.3,79.9,13.5,5.4,10.8,10.2,84.6,0.6,0.0,0.9,0.0,0.3,3.4,1.48,8.5,90.6
0500000US17013,0.3,21.4,0.4,44.9,3.2,74.1,7.7,2.4,6.3,0.8,94.3,1.5,0.0,0.0,0.0,0.1,3.2,2.54,5.7,79.7
0500000US17015,2.4,61.2,6.0,49.5,3.1,77.5,15.1,5.8,14.2,5.3,87.8,3.9,0.3,0.8,0.0,0.2,1.7,10.42,11.1,88.7
0500000US17017,14.2,77.9,22.1,41.5,4.2,80.2,14.7,7.7,11.1,22.9,69.9,4.0,0.1,0.9,0.5,0.4,1.3,1.15,13.6,91.9
0500000US17019,14.2,67.6,19.0,39.4,4.3,65.5,9.1,5.2,19.1,8.3,62.4,13.4,0.1,11.4,0.0,0.4,4.1,7.2,4.9,71.9
0500000US17021,1.2,41.3,2.5,43.6,4.6,75.7,15.3,3.9,10.2,3.3,91.0,2.1,0.0,0.7,0.0,0.3,2.4,5.21,9.1,90.8
0500000US17023,1.3,60.2,2.2,38.7,3.7,75.1,13.4,4.7,9.1,1.9,95.0,0.5,0.0,0.1,0.0,0.0,2.5,1.85,7.5,92.4
0500000US17025,0.2,48.4,1.2,43.4,4.8,78.0,18.5,5.1,17.5,2.0,94.8,0.3,0.1,0.2,0.0,0.2,2.3,2.81,9.5,94.7
0500000US17027,2.3,58.9,4.2,37.2,3.4,77.1,9.0,4.8,7.4,4.1,90.1,3.1,0.1,0.6,0.0,0.0,2.0,5.81,7.8,83.9
0500000US17029,2.8,45.1,5.1,39.1,6.1,76.1,19.0,7.1,18.7,3.9,88.0,3.6,0.0,1.1,0.0,0.4,3.1,8.15,8.9,85.4
0500000US17031,21.7,47.5,35.8,33.8,7.0,82.8,15.7,8.9,13.5,26.8,40.1,21.8,0.1,7.9,0.0,0.4,3.0,1.7,11.4,62.5
0500000US17033,1.2,25.6,2.8,44.7,3.0,76.3,13.7,5.3,12.1,2.7,90.3,3.4,0.6,0.2,0.0,0.1,2.8,7.0,9.5,91.6
0500000US17035,0.2,38.9,0.7,34.7,1.4,76.5,9.2,5.3,9.1,0.4,95.0,0.2,0.0,0.0,0.0,0.0,4.4,1.31,5.9,87.3
0500000US17037,6.4,54.9,12.0,31.6,6.8,77.3,14.7,5.1,14.8,14.5,71.0,6.8,0.2,2.2,0.0,0.5,4.8,4.79,7.8,84.4
0500000US17039,1.8,34.1,2.7,38.2,4.0,79.0,13.1,3.2,10.0,3.5,92.7,1.0,0.2,0.2,0.0,0.0,2.3,1.46,6.1,86.4
0500000US17041,4.2,57.8,19.9,34.8,2.5,77.9,12.4,15.4,8.5,8.5,87.4,1.2,0.1,0.4,0.0,0.4,2.0,1.28,12.5,83.5
0500000US17043,20.5,41.7,29.6,32.0,4.9,85.1,7.4,5.2,6.6,16.1,62.2,4.8,0.0,13.0,0.0,0.4,3.5,1.5,7.0,71.7
0500000US17045,1.0,50.9,2.1,41.9,4.4,79.2,19.3,5.4,12.0,1.5,95.8,0.7,0.0,0.2,0.0,0.0,1.7,2.38,10.8,90.9
0500000US17047,0.8,58.0,2.1,39.9,5.6,80.3,17.1,6.0,16.5,1.5,94.7,0.1,0.0,0.2,0.0,0.1,3.4,0.28,8.1,88.9
0500000US17049,1.6,54.9,3.2,34.3,2.1,80.9,12.2,5.3,10.1,2.8,94.2,0.3,0.0,0.8,0.0,0.2,1.6,1.39,7.0,85.2
0500000US17051,0.9,46.0,4.5,45.2,3.8,75.7,11.6,7.3,15.5,3.0,88.3,3.2,0.3,0.2,0.1,0.0,5.0,4.65,12.7,89.7
0500000US17053,2.6,70.7,4.2,38.1,5.5,79.6,14.4,5.7,12.4,5.3,89.4,0.3,0.0,0.4,0.0,0.5,4.0,3.02,8.4,87.9
0500000US17055,1.2,53.6,2.7,44.0,7.7,77.1,25.8,7.3,17.5,2.0,94.1,0.4,0.1,0.4,0.0,0.2,2.8,1.22,10.4,89.7
0500000US17057,1.2,59.3,2.5,46.2,6.7,75.0,17.3,3.7,13.2,2.5,91.7,2.8,0.3,0.3,0.0,0.2,2.1,6.39,9.4,90.6
0500000US17059,0.7,20.0,2.1,44.1,9.2,70.3,21.8,4.6,13.6,1.2,95.0,1.1,0.1,0.8,0.0,0.0,1.8,0.64,13.2,96.8
0500000US17061,0.2,12.0,1.4,42.0,4.9,76.8,15.5,4.1,14.3,1.1,95.8,0.8,0.1,0.5,0.0,0.1,1.6,1.79,8.8,88.0
0500000US17063,4.1,26.6,8.5,32.7,4.6,83.6,10.9,3.4,6.0,12.0,82.4,2.3,0.1,0.6,0.0,0.3,2.4,0.62,6.2,87.3
0500000US17065,0.5,41.0,1.9,41.3,5.1,75.9,15.2,7.6,12.1,0.7,94.7,0.2,0.2,0.5,0.1,0.4,3.2,1.5,8.3,95.8
0500000US17067,1.5,70.1,2.7,41.2,4.2,72.4,13.3,5.7,12.3,2.3,94.0,0.7,0.1,0.4,0.1,0.1,2.3,1.6,6.4,89.5
0500000US17069,0.3,0.0,0.3,58.9,2.8,80.1,18.5,3.7,11.0,0.9,95.7,1.4,0.0,0.0,0.0,0.2,1.7,3.5,8.1,91.7
0500000US17071,0.6,27.0,1.1,45.2,7.8,73.1,13.8,2.6,13.9,1.2,93.7,0.3,0.7,0.2,0.0,0.5,3.5,1.02,9.1,94.6
0500000US17073,1.7,37.0,4.5,38.0,4.8,76.3,13.3,4.0,8.9,6.9,87.0,1.0,0.0,0.5,0.0,0.6,4.0,1.48,7.6,87.5
0500000US17075,3.5,55.9,6.0,39.9,4.5,79.0,14.2,6.0,12.5,8.3,87.2,0.8,0.1,0.3,0.0,0.4,2.9,1.58,10.9,88.3
0500000US17077,5.7,67.0,9.8,43.4,7.5,68.2,18.5,6.3,21.0,5.3,71.3,13.9,0.1,3.7,0.0,1.0,4.7,7.77,7.1,81.1
0500000US17079,1.2,88.0,1.9,33.0,4.2,79.4,14.0,5.0,11.1,1.3,96.8,0.1,0.0,0.1,0.0,0.0,1.6,1.17,8.2,89.5
0500000US17081,1.9,45.6,3.6,41.0,5.8,81.3,17.1,7.2,13.5,2.8,83.6,5.8,0.3,1.0,0.0,0.4,6.0,4.08,7.7,92.2
0500000US17083,1.0,65.5,1.8,39.4,3.4,79.6,11.9,5.0,8.8,1.6,94.6,0.6,0.0,0.7,0.1,0.1,2.4,4.98,5.9,83.9
0500000US17085,1.9,43.3,2.6,40.4,3.6,79.0,8.4,4.7,7.8,4.2,91.9,0.8,0.1,0.5,0.1,0.3,2.2,1.18,6.8,82.5
0500000US17087,1.2,57.6,2.3,58.0,3.5,71.5,12.9,8.1,17.6,4.5,80.1,7.8,0.0,0.2,0.0,0.2,7.2,13.52,14.6,92.9
0500000US17089,17.2,52.1,31.8,30.5,4.8,84.9,11.0,7.8,7.9,33.4,54.0,4.7,0.1,4.0,0.0,0.4,3.4,1.05,12.6,79.6
0500000US17091,5.7,50.0,10.9,38.4,4.9,82.6,15.9,5.7,12.2,12.7,68.0,14.3,0.0,1.0,0.0,0.3,3.7,4.52,8.4,86.6
0500000US17093,11.4,48.3,21.8,27.3,4.3,82.6,8.6,4.0,5.4,22.4,62.0,7.6,0.2,3.5,0.0,0.4,3.9,0.28,6.0,82.9
0500000US17095,3.2,67.2,5.2,44.7,5.1,80.1,15.4,5.0,14.6,6.4,79.9,8.0,0.0,1.3,0.0,0.4,4.0,8.09,10.1,88.0
0500000US17097,19.8,48.3,31.4,31.8,5.2,83.8,9.4,6.9,8.3,24.9,56.2,6.3,0.1,8.6,0.0,0.6,3.3,2.82,9.4,74.2
0500000US17099,3.9,51.1,7.9,38.7,5.4,81.5,14.8,4.0,13.9,11.2,82.1,2.5,0.0,0.8,0.0,0.3,3.1,2.83,8.2,91.2
0500000US17101,1.5,72.6,3.0,48.8,8.1,82.6,14.7,6.6,14.5,2.1,83.8,6.2,0.0,0.5,0.0,0.0,7.3,9.83,13.0,86.5
0500000US17103,2.2,62.5,4.6,44.3,5.2,79.3,15.4,3.8,11.8,7.6,83.4,5.3,0.0,0.7,0.0,0.1,2.9,7.93,8.8,91.5
0500000US17105,2.4,42.7,4.0,39.9,3.5,77.7,14.7,5.2,10.5,5.8,87.7,3.4,0.0,0.6,0.0,0.1,2.4,5.7,11.4,87.6
0500000US17107,1.5,51.9,3.0,45.2,4.0,78.0,18.4,2.6,13.1,3.5,85.9,5.4,0.1,0.5,0.0,0.1,4.6,12.11,7.3,86.8
0500000US17109,2.7,64.8,4.8,37.7,7.9,72.5,14.2,7.4,17.2,3.5,85.2,5.6,0.0,2.1,0.1,0.4,3.1,9.92,5.8,86.3
0500000US17111,9.9,46.0,16.1,30.3,4.7,82.7,7.4,4.5,6.2,16.1,76.1,1.4,0.0,3.0,0.0,0.2,3.2,0.6,6.3,80.6
0500000US17113,7.6,60.2,9.7,35.2,3.1,80.5,10.3,4.6,12.9,6.4,76.2,8.4,0.1,5.2,0.0,0.3,3.3,5.41,4.1,76.9
0500000US17115,2.7,52.7,4.1,41.9,6.8,83.5,19.8,4.1,15.0,2.9,73.3,16.2,0.1,1.5,0.0,0.4,5.6,2.96,6.9,87.6
0500000US17117,0.9,47.8,1.4,42.9,3.7,79.4,15.4,4.1,13.1,1.4,93.5,1.5,0.1,0.3,0.0,0.2,3.0,2.0,8.6,87.1
0500000US17119,2.2,42.5,3.6,37.3,4.6,82.2,13.7,4.7,11.1,4.3,81.8,7.7,0.1,0.8,0.0,0.2,5.0,2.09,6.1,84.7
0500000US17121,1.5,49.0,2.5,39.9,5.9,78.5,19.8,6.4,15.4,2.2,89.1,2.9,0.1,0.7,0.0,0.8,4.2,2.4,9.3,92.7
0500000US17123,1.1,58.1,2.9,43.8,3.8,80.1,13.5,3.5,11.4,3.5,92.1,0.4,0.1,0.1,0.0,0.1,3.7,2.37,8.5,91.3
0500000US17125,0.9,19.0,2.2,45.7,4.9,75.5,15.5,3.9,14.8,1.6,94.2,0.5,0.2,0.4,0.0,0.0,3.1,1.79,7.0,87.3
0500000US17127,1.4,67.2,2.5,45.4,3.8,77.7,17.1,7.8,16.3,2.9,86.3,6.4,0.0,0.3,0.0,0.3,3.9,1.84,9.3,92.8
0500000US17129,0.9,39.6,1.4,40.7,3.5,66.1,14.5,2.2,10.1,1.7,94.8,0.5,0.0,0.3,0.0,0.0,2.8,0.91,5.0,86.8
0500000US17131,1.1,32.5,2.8,39.2,3.2,79.5,9.9,4.6,8.9,3.4,93.1,0.6,0.1,0.4,0.0,0.0,2.4,1.08,6.1,87.1
0500000US17133,1.2,34.9,2.1,31.7,1.9,80.9,4.4,2.5,5.0,1.9,95.0,0.6,0.1,0.6,0.0,0.2,1.6,0.88,4.0,85.4
0500000US17135,0.8,31.7,2.5,47.5,4.7,76.3,15.4,4.5,12.6,2.2,91.7,3.3,0.1,0.4,0.0,0.2,2.1,8.13,9.8,86.8
0500000US17137,1.1,36.2,2.4,43.4,5.4,77.7,16.2,4.4,13.4,2.9,87.2,4.9,0.1,0.8,0.1,0.1,4.0,7.22,10.5,87.8
0500000US17139,0.7,51.4,10.9,39.8,2.2,79.5,11.8,14.1,9.2,1.7,95.1,1.0,0.0,0.1,0.0,0.1,2.1,2.43,14.4,84.4
0500000US17141,4.5,50.5,8.6,38.4,5.0,78.6,10.7,4.1,8.4,11.9,83.0,1.2,0.0,0.6,0.0,0.3,2.9,1.08,8.9,88.9
0500000US17143,7.1,58.2,8.9,37.8,6.2,82.3,18.0,5.8,15.7,6.0,66.1,17.2,0.1,4.6,0.0,0.5,5.5,2.88,6.6,84.6
0500000US17145,1.2,51.2,2.6,51.0,4.6,73.3,19.0,3.5,16.9,3.7,84.9,7.6,0.0,0.4,0.0,0.2,3.2,12.23,14.1,92.0
0500000US17147,1.7,38.8,2.4,35.0,2.8,76.5,6.3,3.3,6.1,1.6,94.8,1.2,0.0,0.6,0.0,0.2,1.6,0.95,3.8,90.3
0500000US17149,0.9,72.6,2.2,39.6,3.9,69.2,15.9,5.7,14.8,2.1,94.7,0.6,0.0,0.3,0.4,0.0,2.0,2.37,8.6,91.9
0500000US17151,0.9,45.5,3.0,57.5,2.8,70.3,9.1,3.1,13.3,3.0,88.7,4.8,0.7,0.0,0.0,0.0,2.8,4.01,7.4,89.0
0500000US17153,0.5,29.6,0.8,58.4,4.3,70.7,22.9,4.7,25.0,1.0,61.9,33.6,0.0,0.2,0.0,0.1,3.3,3.77,12.4,88.2
0500000US17155,1.8,11.9,3.8,39.7,4.2,79.5,8.3,3.0,8.1,6.6,88.6,0.3,0.0,0.7,0.0,0.5,3.2,0.11,5.8,91.2
0500000US17157,2.4,85.3,3.1,46.8,5.0,73.7,12.9,5.3,14.6,3.8,85.1,8.2,0.1,0.6,0.1,0.2,1.9,10.57,12.9,90.9
0500000US17159,1.4,69.3,2.9,38.6,3.1,80.9,15.7,6.1,12.1,2.0,93.4,0.3,0.1,0.5,0.0,0.9,2.8,2.03,8.5,90.0
0500000US17161,8.7,53.3,13.8,38.8,5.6,81.6,15.9,6.1,15.5,14.2,67.4,10.9,0.1,2.6,0.0,0.4,4.4,3.57,9.3,86.0
0500000US17163,3.3,46.1,5.0,36.6,6.0,77.9,16.2,5.1,13.6,5.1,59.1,27.7,0.2,1.6,0.0,0.5,5.8,1.9,6.5,83.5
0500000US17165,0.9,53.8,2.0,45.4,7.7,71.9,26.2,5.4,18.9,2.2,91.3,3.1,0.1,0.5,0.0,0.1,2.6,2.36,10.3,92.6
0500000US17167,3.6,50.2,4.8,38.8,5.4,68.6,15.5,3.6,13.1,2.9,77.3,12.5,0.1,2.3,0.0,0.5,4.3,2.03,5.9,82.7
0500000US17169,1.3,10.2,3.1,48.4,5.0,67.2,11.6,10.4,20.8,2.7,90.2,3.7,0.0,0.6,0.0,0.0,2.7,12.91,7.3,90.9
0500000US17171,0.6,65.6,2.2,44.6,2.7,71.9,16.2,5.5,11.5,1.6,95.4,1.0,0.1,0.4,0.0,0.0,1.4,0.85,7.6,86.6
0500000US17173,1.0,32.7,1.9,38.6,3.0,76.9,14.0,4.4,9.2,1.2,96.0,0.2,0.3,0.2,0.0,0.1,2.0,0.99,5.1,89.9
0500000US17175,2.4,66.4,3.5,40.7,2.3,78.3,11.6,5.8,11.1,2.9,90.7,1.2,0.1,0.8,0.0,0.0,4.2,2.22,7.2,87.0
0500000US17177,2.6,54.8,3.8,39.4,4.3,80.5,17.0,5.2,13.9,5.6,78.9,8.5,0.2,0.8,0.0,0.4,5.6,1.77,7.4,85.6
0500000US17179,1.6,40.5,2.4,37.7,3.6,83.6,10.4,5.1,9.0,2.7,91.9,1.6,0.1,1.0,0.0,0.2,2.5,2.32,5.7,86.2
0500000US17181,3.0,49.2,5.6,49.1,3.9,71.4,17.3,6.4,20.2,5.5,89.5,0.9,0.0,0.6,0.1,0.0,3.4,5.13,12.5,88.6
0500000US17183,1.8,26.9,3.9,43.7,6.1,74.1,19.5,4.9,17.7,5.6,76.7,14.7,0.1,0.9,0.0,0.2,1.9,3.98,9.0,85.9
0500000US17185,2.2,38.9,3.1,44.0,4.4,83.5,20.4,4.2,16.7,2.1,93.4,0.5,0.1,1.6,0.0,0.0,2.2,1.83,7.2,90.6
0500000US17187,6.5,70.3,12.0,39.0,3.6,77.1,16.0,5.0,14.6,11.1,81.1,2.7,0.1,2.4,0.1,0.3,2.1,6.37,12.9,86.1
0500000US17189,0.6,46.6,2.0,36.7,4.3,78.2,9.5,3.4,7.5,1.6,94.8,1.2,0.1,0.2,0.0,0.1,2.0,1.75,7.1,89.2
0500000US17191,2.2,79.3,6.8,42.1,3.4,75.0,14.0,12.1,16.1,2.1,95.0,0.3,0.0,0.6,0.0,0.0,2.0,0.76,10.4,91.0
0500000US17193,0.6,57.3,1.6,46.3,4.0,80.2,18.7,4.9,16.4,1.6,95.2,0.6,0.0,0.3,0.0,0.1,2.2,2.52,11.1,90.3
0500000US17195,3.0,46.6,7.2,38.1,4.4,79.6,14.1,5.0,12.0,13.3,80.9,1.2,0.0,0.5,0.0,0.4,3.6,1.86,8.1,89.4
0500000US17197,13.5,43.3,22.4,31.7,4.9,83.9,10.1,5.2,7.3,19.8,58.6,11.6,0.1,6.3,0.0,0.4,3.4,1.16,8.2,80.9
0500000US17199,2.0,47.7,3.3,41.2,5.0,73.1,16.6,4.6,13.8,2.9,87.9,4.3,0.2,1.4,0.0,0.1,3.2,3.18,7.2,89.3
0500000US17201,8.9,51.6,15.2,38.5,7.3,84.0,20.4,6.2,15.6,15.5,63.8,11.6,0.1,2.9,0.0,0.3,5.8,1.5,11.2,87.0
0500000US17203,1.5,58.3,2.2,36.8,3.5,82.8,5.5,5.2,7.0,2.1,93.5,0.6,0.1,0.6,0.0,0.2,3.0,2.63,5.2,85.9
0500000US18001,1.6,59.2,16.0,38.8,2.8,82.3,6.6,20.7,11.2,4.8,92.7,0.3,0.0,0.4,0.0,0.1,1.8,1.51,11.1,88.1
0500000US18003,7.8,50.8,12.4,33.7,4.7,86.1,9.1,8.3,12.5,9.0,69.8,10.5,0.0,5.3,0.0,0.5,4.8,1.45,9.7,87.5
0500000US18005,11.2,74.3,14.6,33.8,4.1,87.3,7.4,5.5,10.5,9.2,77.7,1.8,0.1,7.4,0.0,0.4,3.4,1.3,8.0,83.5
0500000US18007,2.5,84.2,5.1,39.2,3.9,77.9,11.7,7.1,13.9,7.3,88.9,0.7,0.1,0.0,0.0,0.1,2.9,1.25,11.1,87.6
0500000US18009,1.8,61.3,2.7,42.8,3.7,80.5,14.6,7.5,16.2,2.4,93.8,0.6,0.0,0.1,0.0,0.1,2.9,1.15,9.7,88.2
0500000US18011,5.3,39.5,7.2,30.5,2.8,83.9,3.7,4.5,4.5,4.3,86.2,3.0,0.0,3.6,0.0,0.1,2.8,0.92,5.1,78.1
0500000US18013,2.0,22.6,2.4,40.8,2.2,78.4,4.9,4.3,7.8,1.9,94.2,0.3,0.4,0.6,0.1,0.2,2.3,0.92,5.8,84.4
0500000US18015,1.7,40.6,3.5,36.4,3.1,78.5,5.2,12.2,8.8,4.6,92.5,0.3,0.0,0.1,0.0,0.1,2.4,0.58,10.4,91.4
0500000US18017,10.2,58.5,14.8,39.4,4.6,83.7,9.4,6.6,13.2,18.6,74.1,1.2,0.1,1.4,0.0,0.5,4.2,2.27,14.4,93.1
0500000US18019,4.2,60.9,6.3,34.0,4.0,84.1,7.7,6.7,10.2,6.9,79.6,7.0,0.0,1.2,0.0,0.4,4.9,1.34,8.8,84.5
0500000US18021,1.1,15.4,1.5,39.6,3.2,82.7,7.8,6.0,11.7,2.0,94.0,0.5,0.0,0.4,0.0,0.2,2.9,1.54,9.8,93.0
0500000US18023,9.1,80.1,12.3,34.9,2.6,82.6,6.9,7.7,9.8,19.5,77.8,0.5,0.1,0.4,0.0,0.0,1.7,1.77,13.1,92.2
0500000US18025,0.2,24.0,2.5,48.2,3.5,83.6,11.7,7.0,22.9,1.6,95.3,0.2,0.1,0.0,0.0,0.0,2.8,1.06,13.9,90.1
0500000US18027,4.0,68.9,19.4,38.3,1.5,80.6,10.3,21.9,11.7,6.5,87.4,1.6,0.1,0.3,0.0,0.5,3.7,1.8,23.4,88.1
0500000US18029,1.0,35.8,1.6,37.5,1.9,85.5,7.7,4.8,7.6,1.6,94.1,0.3,0.0,0.5,0.0,0.6,3.0,1.03,7.3,87.9
0500000US18031,1.1,82.7,2.7,34.3,2.7,88.0,5.6,3.9,10.2,2.5,93.1,0.4,0.0,0.1,0.0,0.5,3.4,1.81,9.2,86.3
0500000US18033,1.5,34.6,2.5,33.6,4.5,86.4,6.3,6.5,9.5,3.1,93.6,0.1,0.0,0.6,0.0,0.2,2.5,1.12,7.1,92.3
0500000US18035,2.5,60.9,4.0,39.9,5.8,80.6,14.2,6.8,19.6,3.3,84.3,5.2,0.1,1.6,0.0,0.4,5.0,7.02,9.5,86.9
0500000US18037,5.8,64.2,8.4,33.3,2.3,85.5,4.2,5.2,11.0,10.0,86.9,0.8,0.1,0.5,0.0,0.2,1.5,1.77,10.6,91.8
0500000US18039,9.7,62.8,23.0,34.9,3.6,85.3,7.0,14.2,12.4,20.1,69.9,4.7,0.2,1.0,0.0,0.6,3.6,1.32,17.8,90.0
0500000US18041,1.6,47.8,2.0,43.4,3.4,84.5,14.1,6.3,17.9,1.4,93.7,1.4,0.1,0.1,0.0,0.0,3.3,1.68,14.2,92.1
0500000US18043,2.7,51.2,3.5,36.0,4.1,83.4,7.6,4.6,10.3,4.3,85.3,4.8,0.0,1.2,0.0,0.3,4.1,1.86,7.1,84.5
0500000US18045,1.3,45.0,2.9,37.2,4.7,80.4,8.8,6.6,12.4,3.0,93.4,0.6,0.1,0.2,0.0,0.7,2.0,0.77,8.9,91.6
0500000US18047,1.3,27.9,2.8,37.9,3.9,87.0,4.6,6.7,6.9,1.2,95.7,0.1,0.0,0.9,0.0,0.4,1.8,0.83,9.8,87.3
0500000US18049,2.1,60.3,5.5,41.3,6.8,80.7,12.4,8.9,15.3,5.5,89.5,0.5,0.1,0.1,0.0,1.4,2.9,0.76,11.9,91.5
0500000US18051,1.6,62.0,2.4,37.9,2.3,86.8,8.2,3.7,10.8,2.3,90.1,1.8,0.0,0.6,0.1,0.8,4.3,2.11,9.4,91.9
0500000US18053,2.8,61.2,3.9,41.6,6.3,80.9,13.8,6.8,19.8,5.5,82.6,4.8,0.3,0.9,0.0,0.1,5.8,8.08,10.7,85.1
0500000US18055,1.0,78.5,1.4,41.4,6.0,76.2,10.7,7.4,12.8,2.1,95.2,0.5,0.0,0.2,0.0,0.1,1.8,1.31,10.6,88.9
0500000US18057,10.3,50.5,12.5,28.8,2.8,85.4,2.5,4.1,4.4,5.6,78.6,4.4,0.0,6.9,0.0,0.6,3.8,0.6,2.7,74.9
0500000US18059,3.3,36.6,4.0,31.6,2.7,82.2,4.5,5.5,4.7,3.5,88.1,3.5,0.1,1.1,0.0,0.3,3.3,0.81,5.8,81.8
0500000US18061,1.6,56.3,2.4,39.3,3.5,81.6,6.0,5.0,7.2,2.4,94.2,0.8,0.0,0.7,0.0,0.3,1.6,1.24,8.0,89.6
0500000US18063,7.3,42.5,10.3,31.8,2.6,82.4,3.3,5.2,5.3,5.2,77.3,10.0,0.1,3.3,0.0,0.4,3.7,2.73,6.7,83.3
0500000US18065,1.3,45.3,2.3,45.7,3.7,81.4,10.1,5.7,13.6,2.3,92.1,2.2,0.1,0.5,0.0,0.2,2.6,6.49,9.5,87.7
0500000US18067,1.9,39.5,3.3,41.0,5.8,84.5,11.4,5.7,13.4,4.1,82.6,7.3,0.0,1.4,0.0,0.3,4.2,1.36,8.2,91.4
0500000US18069,1.5,64.0,2.7,36.9,3.5,85.9,11.0,5.5,9.9,3.2,92.9,0.7,0.1,0.6,0.1,0.2,2.3,3.83,7.3,88.9
0500000US18071,9.0,85.5,12.5,36.4,2.6,82.8,8.7,8.5,12.3,14.4,79.5,0.6,0.0,2.2,0.0,0.4,2.9,1.53,12.1,92.0
0500000US18073,4.1,67.1,5.3,39.9,4.9,82.9,5.4,5.5,8.4,7.6,86.9,0.7,0.0,0.2,0.0,0.0,4.6,1.44,7.3,92.2
0500000US18075,1.1,65.9,6.9,40.6,4.4,82.5,9.7,10.8,14.4,4.6,92.8,0.3,0.1,0.1,0.0,0.0,2.2,1.3,14.0,86.7
0500000US18077,1.4,68.8,3.7,42.2,4.4,78.9,10.0,7.6,12.3,3.5,91.0,1.0,0.2,0.8,0.0,0.8,2.7,6.12,10.0,90.9
0500000US18079,1.5,67.4,3.5,39.4,4.6,84.0,8.0,9.1,12.6,3.5,92.8,0.3,0.1,0.5,0.0,0.3,2.5,1.36,12.3,93.8
0500000US18081,5.7,46.0,8.3,33.2,3.0,83.6,6.5,4.7,7.4,4.3,83.9,3.2,0.0,5.1,0.0,0.3,3.1,1.71,7.7,83.5
0500000US18083,1.9,62.7,4.0,38.6,3.1,83.3,12.9,6.0,13.7,3.0,89.4,1.7,0.0,0.9,0.0,0.1,4.8,4.69,10.5,93.0
0500000US18085,4.9,66.5,12.8,35.3,2.8,86.1,5.2,11.7,9.8,9.7,85.2,0.6,0.0,1.4,0.0,0.3,2.8,1.96,12.1,86.4
0500000US18087,2.3,54.4,48.1,35.2,4.2,85.8,4.6,44.4,5.9,4.5,93.4,0.3,0.1,0.1,0.0,0.0,1.6,0.61,41.1,76.9
0500000US18089,7.3,43.0,15.1,38.9,6.1,84.9,12.9,6.6,14.3,20.9,51.4,22.7,0.1,1.6,0.0,0.4,2.9,1.04,9.8,87.6
0500000US18091,3.4,54.2,5.6,43.8,4.8,84.1,9.9,5.9,13.6,7.6,76.0,10.3,0.1,0.6,0.0,0.5,4.9,6.15,9.2,90.4
0500000US18093,1.2,36.3,1.8,39.1,3.5,79.6,8.3,6.1,12.2,2.0,93.3,0.2,0.0,0.6,0.0,0.7,3.1,1.42,10.1,90.4
0500000US18095,2.1,55.8,4.8,39.9,5.9,84.6,13.8,7.4,13.4,5.4,82.0,6.1,0.1,0.7,0.0,0.3,5.4,3.81,9.2,86.9
0500000US18097,12.6,67.7,18.2,31.3,5.0,84.0,12.5,8.8,15.3,13.8,49.5,27.1,0.1,4.0,0.0,0.6,4.9,1.65,11.9,81.6
0500000US18099,5.1,70.1,15.3,37.1,2.6,84.7,6.4,12.9,11.7,11.9,84.9,0.6,0.0,0.6,0.0,0.1,1.8,1.5,14.6,86.9
0500000US18101,0.5,76.5,1.7,38.8,2.4,71.1,7.3,7.7,16.3,1.4,94.6,0.4,0.0,0.1,0.0,0.4,3.0,1.45,10.5,89.5
0500000US18103,1.4,72.7,3.4,45.3,6.6,81.5,11.6,6.9,15.1,3.7,86.9,3.7,0.2,0.6,0.2,0.4,4.1,6.76,11.4,92.5
0500000US18105,8.6,63.3,11.4,37.9,5.5,71.2,6.0,5.3,19.7,4.8,80.7,3.5,0.0,6.8,0.0,0.3,3.9,10.19,5.2,73.8
0500000US18107,3.3,60.1,6.2,36.1,3.3,82.0,9.2,8.2,10.5,6.2,89.0,0.9,0.0,0.5,0.0,0.7,2.7,3.23,10.4,88.4
0500000US18109,1.3,52.7,2.3,38.6,4.2,81.3,7.8,5.1,9.3,2.1,93.5,0.8,0.0,0.5,0.0,0.3,2.7,1.09,9.7,86.5
0500000US18111,3.8,53.1,5.8,40.2,6.5,78.7,8.5,5.0,14.0,8.4,85.6,1.1,0.1,0.5,0.0,0.3,4.0,1.18,9.8,88.1
0500000US18113,6.0,59.3,15.7,37.1,3.2,83.0,5.1,12.6,9.2,11.3,85.1,0.3,0.0,0.6,0.2,0.3,2.2,1.47,16.8,91.3
0500000US18115,1.6,16.0,3.2,41.5,1.3,85.1,3.4,5.9,8.1,1.9,94.8,0.1,0.1,1.1,0.0,0.1,2.0,0.78,6.0,89.0
0500000US18117,1.5,25.7,2.8,38.6,3.1,80.4,11.5,7.4,13.4,1.8,93.3,1.2,0.0,0.5,0.0,0.2,3.1,1.4,14.2,91.1
0500000US18119,0.8,23.1,2.2,40.2,3.0,82.6,9.7,6.3,12.3,1.5,95.0,0.8,0.0,0.6,0.0,0.2,1.9,1.18,12.4,87.6
0500000US18121,0.3,100.0,6.6,48.1,4.4,75.2,12.7,14.9,16.2,0.8,94.3,1.6,0.0,0.0,0.0,0.0,3.3,6.06,17.0,83.7
0500000US18123,0.9,35.6,1.9,44.4,4.5,83.9,10.3,5.8,15.0,1.6,92.5,2.1,0.1,0.6,0.0,0.1,2.9,7.15,8.3,91.9
0500000US18125,0.4,0.0,0.5,40.6,3.2,85.4,9.5,3.8,10.7,1.1,95.4,0.4,0.9,0.0,0.0,0.0,2.1,1.64,9.5,93.6
0500000US18127,4.0,40.0,7.3,37.1,4.7,84.8,5.6,5.0,9.6,11.7,79.1,4.3,0.0,1.4,0.0,0.4,3.1,1.97,6.0,87.6
0500000US18129,1.1,23.0,1.2,37.6,1.8,81.1,7.0,3.2,10.1,1.5,93.2,0.7,0.1,0.3,0.0,1.3,2.9,1.21,7.0,90.8
0500000US18131,2.5,66.4,3.2,39.8,1.8,79.6,8.1,7.0,12.1,4.2,91.3,0.2,0.1,0.4,0.1,0.0,3.7,1.43,11.4,89.8
0500000US18133,2.4,51.2,3.8,43.6,3.1,84.5,8.1,4.6,8.7,2.3,90.6,3.3,0.1,1.3,0.0,0.3,2.2,11.86,7.4,83.6
0500000US18135,2.4,69.4,5.0,41.6,4.5,82.2,15.0,7.2,15.8,5.3,90.7,0.7,0.1,0.5,0.0,0.7,2.1,1.44,9.1,88.9
0500000US18137,1.2,38.6,1.7,36.2,3.0,81.4,7.3,5.2,10.1,2.0,94.2,0.7,0.0,0.5,0.0,0.4,2.2,1.69,9.4,89.1
0500000US18139,0.7,84.4,3.7,38.6,4.3,83.7,10.0,7.5,11.9,1.9,94.4,0.6,0.0,0.0,0.0,0.4,2.7,0.88,9.0,92.2
0500000US18141,6.9,59.8,11.1,36.7,5.2,85.2,9.8,7.1,14.2,10.5,68.9,12.3,0.1,2.7,0.1,0.4,4.9,4.34,8.5,83.2
0500000US18143,1.3,70.3,2.0,40.6,3.3,81.4,14.2,3.3,16.6,2.6,93.5,0.4,0.0,0.0,0.1,1.0,2.4,1.55,14.8,90.2
0500000US18145,3.4,67.8,5.5,36.6,3.6,84.8,8.1,5.6,13.0,5.6,89.8,1.4,0.0,1.0,0.0,0.1,2.1,1.81,9.1,87.7
0500000US18147,2.2,56.3,3.5,37.3,3.3,82.7,6.7,4.7,7.5,3.6,93.2,0.6,0.0,0.2,0.0,0.4,2.0,1.64,6.9,92.9
0500000US18149,2.3,55.4,3.0,44.9,3.4,87.7,12.5,7.8,13.4,4.3,91.0,0.5,0.1,0.3,0.0,0.1,3.6,0.42,13.0,91.9
0500000US18151,2.1,59.6,3.5,38.9,7.2,83.9,7.1,5.7,9.3,4.5,91.4,0.7,0.0,0.7,0.0,0.6,2.2,4.18,7.5,89.7
0500000US18153,0.8,32.7,1.5,45.2,4.4,81.1,11.0,6.8,13.9,1.9,90.4,3.0,0.1,0.4,0.0,0.6,3.7,9.96,11.0,90.9
0500000US18155,1.1,29.7,5.3,41.5,4.2,76.6,13.0,13.0,12.6,0.6,94.6,0.3,0.2,0.3,0.0,0.2,3.8,0.98,19.8,90.5
0500000US18157,12.3,69.6,14.6,37.6,3.3,76.3,7.2,5.3,19.2,10.3,71.6,6.2,0.1,8.0,0.0,0.5,3.3,8.69,7.7,79.6
0500000US18159,1.5,59.0,3.0,40.7,2.3,74.6,6.7,8.4,11.2,3.3,92.8,1.1,0.1,0.3,0.0,0.3,2.2,1.47,9.2,87.9
0500000US18161,1.5,70.6,2.3,35.5,4.3,76.2,6.2,6.8,8.5,2.5,95.1,0.6,0.1,0.4,0.0,0.0,1.3,0.76,12.2,93.1
0500000US18163,3.5,61.5,4.5,36.5,4.2,86.3,11.2,6.9,14.3,3.8,80.3,8.4,0.1,1.4,0.3,0.7,5.1,3.41,8.5,88.5
0500000US18165,0.8,79.7,1.5,44.6,4.6,80.8,11.5,4.3,15.3,1.5,95.3,0.7,0.1,0.1,0.0,0.0,2.2,1.3,6.9,89.7
0500000US18167,3.1,55.6,4.8,42.4,5.7,80.4,13.5,7.9,19.2,3.2,84.0,5.8,0.1,2.1,0.0,0.4,4.4,7.03,9.3,89.5
0500000US18169,1.4,39.6,2.2,39.6,3.4,80.5,7.1,4.8,11.1,3.2,92.2,0.9,0.1,0.4,0.0,0.3,2.9,5.32,8.4,89.8
0500000US18171,1.1,15.8,2.1,35.4,4.4,79.3,7.4,3.9,11.0,1.5,94.2,0.1,0.1,0.2,0.0,0.3,3.6,0.99,7.1,91.8
0500000US18173,3.3,46.0,3.2,36.0,3.1,82.4,3.6,3.5,7.0,2.5,89.5,1.7,0.1,1.7,0.0,0.7,3.8,1.43,4.9,88.2
0500000US18175,0.7,52.6,1.8,38.6,3.2,83.2,11.0,7.8,14.4,1.5,95.3,0.3,0.0,0.1,0.0,0.4,2.4,1.16,12.2,90.7
0500000US18177,2.6,64.3,5.9,41.5,5.4,81.8,15.1,10.8,17.9,4.0,85.7,3.8,0.0,0.9,0.0,0.6,5.0,3.09,12.2,89.2
0500000US18179,1.9,75.0,3.1,33.5,2.6,86.7,5.8,6.9,7.2,4.0,92.2,1.0,0.0,0.2,0.1,0.1,2.4,1.85,7.1,90.9
0500000US18181,6.7,71.8,8.4,38.6,3.5,80.1,6.2,7.2,10.2,10.7,85.8,0.5,0.1,0.3,0.0,0.1,2.5,0.91,9.4,90.2
0500000US18183,1.0,22.9,2.3,34.4,3.3,85.3,6.5,6.0,9.9,2.8,91.9,0.2,0.1,0.3,0.0,0.7,3.9,1.02,7.0,89.3
0500000US19001,1.6,39.3,1.8,34.6,4.0,72.3,9.8,5.3,9.5,3.2,93.1,1.4,0.0,0.3,0.1,0.6,1.4,2.24,5.1,85.8
0500000US19003,0.5,42.1,2.5,40.0,3.9,68.1,9.5,3.3,9.1,1.7,94.5,0.3,0.2,0.0,0.0,0.1,3.2,2.76,6.1,87.7
0500000US19005,7.2,68.2,12.7,35.5,2.5,70.0,8.3,7.0,10.1,9.1,86.5,1.8,0.1,0.4,0.0,0.0,2.0,1.86,7.4,83.0
0500000US19007,1.3,65.0,6.8,43.8,3.9,74.2,13.3,9.0,17.5,2.0,93.8,0.8,0.0,0.9,0.0,0.0,2.4,1.79,10.2,86.7
0500000US19009,1.7,55.9,2.6,38.2,1.3,72.7,8.4,3.7,11.8,2.5,93.8,0.5,0.1,0.1,0.3,0.8,2.1,2.02,7.7,85.9
0500000US19011,0.8,33.8,2.3,34.6,2.0,78.5,4.8,3.0,7.4,2.0,94.4,0.4,0.1,0.2,0.0,0.1,2.8,1.32,4.8,85.7
0500000US19013,6.5,55.0,8.8,33.3,4.6,82.3,11.1,5.1,14.9,5.2,78.1,9.1,0.1,2.7,0.7,0.2,3.9,3.73,7.1,86.9
0500000US19015,1.5,23.5,2.6,33.7,1.5,74.9,4.8,3.3,6.2,2.9,92.9,1.2,0.0,0.2,0.0,0.0,2.8,2.18,4.9,86.6
0500000US19017,1.6,25.8,2.3,33.9,3.3,78.0,5.3,2.2,7.3,2.1,92.3,1.1,0.0,0.9,0.0,1.0,2.6,5.94,3.8,82.1
0500000US19019,1.3,71.3,4.0,32.1,2.8,78.6,6.6,6.7,8.6,1.9,95.0,0.6,0.1,0.2,0.1,0.0,2.2,0.84,5.9,87.7
0500000US19021,21.3,66.5,36.5,31.0,5.5,82.7,10.0,6.2,7.8,29.4,52.1,3.3,0.1,9.5,2.9,0.4,2.4,4.57,18.7,88.9
0500000US19023,2.3,53.3,2.9,36.5,3.1,76.7,7.0,3.2,9.2,1.7,94.6,0.2,0.0,1.3,0.0,0.7,1.6,1.45,6.1,90.6
0500000US19025,1.0,77.1,2.8,43.8,2.6,69.5,9.5,4.4,9.3,2.7,91.3,1.6,0.2,0.2,0.0,0.4,3.6,7.03,7.1,87.1
0500000US19027,1.6,52.0,2.0,33.8,1.8,77.2,5.9,2.8,7.9,3.5,91.9,0.5,0.0,0.2,0.0,0.3,3.6,2.41,4.8,89.6
0500000US19029,0.9,80.8,1.4,36.5,1.4,76.8,12.0,4.1,14.3,2.7,93.5,0.9,0.2,0.5,0.4,0.2,1.6,1.73,5.5,84.6
0500000US19031,0.9,42.7,1.7,35.4,2.3,72.7,6.5,4.2,7.3,2.8,93.2,0.4,0.1,0.5,0.1,0.2,2.8,1.48,4.3,84.1
0500000US19033,2.6,58.4,3.7,36.8,2.6,82.6,9.0,4.5,10.6,5.6,88.2,1.9,0.2,1.2,0.6,0.0,2.2,2.51,5.2,87.7
0500000US19035,3.6,55.2,6.1,33.8,2.5,72.5,7.0,4.8,12.1,5.4,88.6,1.0,0.0,0.4,0.0,0.2,4.5,3.4,6.8,85.7
0500000US19037,3.0,94.6,4.5,33.3,1.6,77.8,5.0,7.8,8.8,4.6,92.6,0.5,0.4,0.0,0.0,0.1,1.7,1.53,6.3,86.8
0500000US19039,6.6,40.8,11.2,35.2,4.2,78.5,11.5,4.9,9.7,16.8,77.5,0.1,0.0,0.6,0.0,0.2,4.9,1.51,10.7,89.7
0500000US19041,2.5,71.1,3.2,34.2,3.5,78.4,9.4,5.5,11.4,4.7,91.1,0.3,0.1,0.8,0.0,0.1,2.9,1.91,6.7,89.3
0500000US19043,2.3,41.1,5.7,38.3,2.5,78.7,6.7,8.4,10.9,2.3,95.0,0.6,0.0,0.3,0.0,0.0,1.7,1.77,7.4,83.9
0500000US19045,2.0,32.2,2.9,38.9,3.4,79.5,12.8,5.1,13.2,3.6,89.0,3.1,0.1,0.7,0.0,0.1,3.4,1.53,6.7,88.1
0500000US19047,17.5,54.9,27.0,33.7,3.8,72.7,10.5,8.8,14.8,30.8,62.1,0.9,0.1,2.2,0.0,0.1,3.9,2.63,16.4,87.9
0500000US19049,10.4,50.1,13.2,25.5,2.3,81.4,5.5,3.9,6.3,6.9,80.9,3.0,0.0,4.9,0.0,0.5,3.9,0.59,4.6,76.7
0500000US19051,1.4,75.6,22.6,38.4,2.7,72.0,6.7,25.1,7.2,2.4,93.8,0.0,0.0,0.0,0.0,1.4,2.4,1.07,19.1,78.8
0500000US19053,1.9,76.0,5.2,37.6,1.9,70.5,9.7,7.6,14.6,3.5,90.2,1.3,0.2,0.7,0.0,0.6,3.4,7.41,10.3,85.2
0500000US19055,0.3,94.7,2.4,30.4,2.0,75.5,8.5,3.3,7.8,1.7,94.1,0.1,0.1,0.0,0.0,0.3,3.7,1.32,6.3,87.7
0500000US19057,2.3,65.6,3.1,38.2,3.1,82.0,11.4,3.9,12.8,3.7,84.5,4.7,0.2,1.2,0.0,0.2,5.5,1.75,6.3,92.2
0500000US19059,1.2,70.8,1.7,35.5,3.0,77.3,4.5,2.6,7.6,2.9,93.4,0.0,0.1,0.5,0.0,0.0,3.2,1.51,3.1,85.7
0500000US19061,3.3,63.8,4.8,33.2,3.7,84.4,8.0,3.5,9.7,3.3,88.3,2.9,0.0,1.3,0.8,0.1,3.3,4.2,6.1,83.9
0500000US19063,3.4,50.2,8.2,34.7,1.7,81.8,8.5,5.8,9.9,10.2,85.2,1.6,0.1,0.2,0.1,0.5,2.1,5.88,9.9,87.3
0500000US19065,2.1,79.1,3.8,39.3,3.2,76.4,8.3,5.6,12.0,3.1,91.0,0.8,0.3,0.9,0.0,0.1,3.7,3.81,6.9,86.8
0500000US19067,2.4,5.4,3.4,38.0,3.3,77.0,8.3,3.6,11.6,3.9,88.7,1.4,0.0,1.6,0.1,0.0,4.4,1.75,5.0,89.4
0500000US19069,8.5,83.2,15.4,39.2,3.8,78.3,6.9,10.0,13.6,16.5,80.2,0.7,0.1,0.4,0.0,0.4,1.8,2.0,9.5,88.3
0500000US19071,1.6,63.2,2.3,41.1,0.8,67.2,11.7,3.5,7.7,3.4,91.4,0.4,0.1,0.2,0.0,0.0,4.6,1.75,6.9,87.2
0500000US19073,1.5,50.8,2.2,40.3,2.3,69.0,8.2,4.1,9.8,3.5,92.3,0.1,0.3,0.6,0.0,0.0,3.1,1.32,6.4,90.6
0500000US19075,1.7,73.8,2.2,34.3,2.0,77.8,4.4,3.8,6.5,1.8,94.9,0.6,0.5,0.5,0.0,0.8,1.1,1.2,3.1,87.8
0500000US19077,1.9,66.7,2.2,37.1,3.2,76.4,7.9,3.1,9.9,3.1,92.4,0.6,0.1,0.5,0.3,0.5,2.5,1.32,4.1,84.2
0500000US19079,6.4,79.5,10.7,34.1,4.8,77.8,8.0,5.7,7.4,10.1,83.8,1.0,0.2,2.3,0.1,0.4,2.2,1.31,5.6,90.6
0500000US19081,2.1,64.6,4.4,36.8,1.9,77.7,6.5,5.8,12.2,6.0,90.1,0.4,0.1,0.9,0.0,0.5,1.9,2.13,8.6,87.5
0500000US19083,3.6,66.9,5.2,38.1,4.3,77.0,8.4,5.0,9.7,5.5,90.1,1.1,0.3,0.8,0.0,0.1,2.1,4.0,7.0,84.4
0500000US19085,0.8,53.0,1.4,34.8,2.3,75.2,6.5,4.7,7.1,2.2,94.4,0.1,0.0,0.3,0.0,0.2,2.7,1.77,6.2,86.5
0500000US19087,2.0,53.3,4.4,41.4,1.5,76.9,9.0,4.7,12.0,5.5,86.2,2.5,0.2,0.9,0.0,0.2,4.4,8.24,8.3,90.6
0500000US19089,2.3,53.9,9.6,35.3,1.9,78.6,6.5,10.2,8.9,3.3,93.0,0.8,0.1,0.3,0.0,0.3,2.1,1.94,7.5,84.6
0500000US19091,4.4,79.6,6.0,35.9,5.0,76.0,11.3,5.8,12.9,5.7,90.4,0.3,0.1,1.0,0.7,0.2,1.5,1.41,6.8,86.6
0500000US19093,2.6,67.2,4.5,34.1,2.4,76.1,7.6,5.9,11.3,4.1,91.5,0.3,0.0,0.7,0.0,0.2,3.1,2.23,5.5,87.7
0500000US19095,1.0,43.4,2.7,33.3,1.9,74.2,6.5,3.2,8.9,3.4,92.5,0.3,0.1,0.2,0.0,0.8,2.7,2.04,4.5,88.8
0500000US19097,0.8,70.1,2.9,37.2,5.1,80.2,10.5,5.7,9.7,1.6,93.6,1.0,0.1,0.1,0.5,0.6,2.6,1.24,5.8,86.7
0500000US19099,2.8,82.6,5.1,37.9,5.7,79.1,7.4,4.5,8.3,3.1,90.8,1.5,0.1,0.7,0.2,0.1,3.6,5.0,6.0,86.1
0500000US19101,14.1,79.5,15.9,41.0,8.0,79.4,12.9,6.7,15.2,4.1,82.4,2.4,0.1,8.2,0.0,0.3,2.5,6.76,4.9,74.0
0500000US19103,9.8,53.2,14.7,30.6,3.8,68.2,6.0,4.7,17.1,6.7,74.8,7.6,0.1,5.6,0.0,0.5,4.6,5.21,3.7,71.5
0500000US19105,1.6,66.9,2.8,40.2,3.6,75.4,10.6,3.5,12.0,2.6,91.5,2.5,0.1,0.6,0.0,0.0,2.7,5.69,4.8,85.0
0500000US19107,1.0,51.5,3.0,39.3,4.5,72.7,9.4,4.0,12.1,2.3,94.6,0.3,0.0,0.2,0.0,0.3,2.3,1.38,5.6,86.2
0500000US19109,3.4,77.1,4.9,37.3,1.9,75.9,4.6,3.8,8.2,4.5,91.7,0.7,0.0,0.4,0.1,0.2,2.4,2.1,4.9,87.6
0500000US19111,1.9,48.4,2.6,42.2,4.5,77.2,13.5,5.4,13.1,3.5,90.3,2.4,0.1,0.6,0.1,0.1,3.0,3.61,7.5,90.2
0500000US19113,5.6,45.4,7.1,32.3,3.5,82.8,8.1,4.1,9.4,4.1,82.4,5.9,0.1,2.4,0.0,0.4,4.7,2.18,4.8,81.9
0500000US19115,9.4,64.9,15.3,36.6,3.0,79.9,13.7,4.8,9.8,16.4,77.0,0.9,0.1,2.2,0.0,0.0,3.4,1.19,14.3,93.1
0500000US19117,4.1,62.7,7.4,39.9,5.2,78.2,9.9,8.0,14.9,2.9,94.0,0.3,0.0,0.8,0.0,0.0,2.0,1.08,8.2,91.7
0500000US19119,2.0,57.3,2.6,31.7,2.3,73.6,3.2,4.0,5.3,3.9,93.4,0.4,0.1,0.5,0.0,0.0,1.8,1.47,4.7,85.5
0500000US19121,1.8,18.3,3.9,30.3,3.5,81.9,6.1,4.9,7.0,2.3,94.3,0.7,0.0,0.4,0.0,0.1,2.2,0.97,3.4,79.6
0500000US19123,2.2,50.4,3.5,35.0,3.5,79.5,13.0,4.7,12.6,2.5,91.6,1.1,0.0,1.0,0.3,0.1,3.4,3.55,6.5,89.0
0500000US19125,2.1,37.1,3.3,34.5,2.2,80.8,7.9,2.5,8.2,2.3,93.3,0.4,0.0,1.4,0.0,0.2,2.3,5.02,5.2,84.3
0500000US19127,14.6,64.3,24.8,33.3,4.3,79.2,9.2,5.8,11.2,24.6,66.0,1.6,0.2,4.1,0.0,0.4,3.2,3.05,13.1,89.4
0500000US19129,1.2,27.3,1.9,38.3,2.0,75.6,6.5,2.7,8.2,3.9,92.7,0.4,0.1,0.5,0.0,0.1,2.3,2.7,3.4,84.8
0500000US19131,1.8,55.5,6.5,33.6,1.2,73.4,7.7,7.4,9.5,2.4,95.1,0.3,0.3,0.6,0.0,0.0,1.2,2.05,6.9,78.1
0500000US19133,0.7,7.0,2.3,38.9,1.6,73.5,8.8,3.9,10.6,2.7,92.8,0.2,0.4,0.0,0.0,0.0,3.8,2.24,7.5,89.9
0500000US19135,0.7,39.3,3.9,38.6,3.1,73.3,7.8,3.6,9.2,2.1,94.8,1.2,0.1,0.5,0.0,0.2,1.1,2.13,4.6,88.2
0500000US19137,1.6,27.0,2.5,42.1,2.6,74.6,14.5,3.7,15.3,0.8,92.0,1.8,0.1,1.1,0.4,0.7,3.2,2.06,8.3,88.0
0500000US19139,6.8,54.9,14.1,35.0,3.2,79.7,12.1,4.3,13.7,18.8,75.0,2.2,0.1,0.6,0.0,0.1,3.1,1.66,10.3,89.6
0500000US19141,4.4,68.7,7.6,34.3,1.0,79.8,7.7,3.0,13.3,7.6,87.0,1.7,0.2,0.7,0.2,0.1,2.6,3.04,9.5,89.1
0500000US19143,5.8,59.9,10.2,34.7,3.4,79.7,8.7,8.0,16.0,10.6,84.0,0.5,1.1,0.6,0.0,0.2,3.0,2.1,12.6,87.3
0500000US19145,1.9,37.6,2.5,45.7,5.0,75.4,12.8,4.8,13.8,3.3,90.3,1.7,0.4,0.5,0.0,0.3,3.4,7.65,6.6,88.7
0500000US19147,2.5,41.3,3.7,32.8,2.2,78.7,10.0,4.8,11.6,3.5,91.3,1.6,0.1,0.6,0.0,0.1,2.8,3.69,6.7,87.7
0500000US19149,3.7,56.1,6.9,31.1,2.2,80.4,6.6,5.3,6.9,6.4,88.0,2.4,0.2,0.5,0.4,0.0,2.0,1.45,5.2,88.3
0500000US19151,3.2,60.8,4.3,39.0,5.4,72.8,7.6,7.6,10.3,5.8,88.6,0.7,0.1,0.2,0.8,0.0,3.9,1.86,9.4,91.2
0500000US19153,10.1,53.2,14.7,28.6,4.4,82.8,9.8,5.3,10.3,10.4,73.2,7.3,0.1,4.9,0.0,0.3,3.8,1.74,7.5,80.8
0500000US19155,4.0,56.4,6.9,36.6,3.8,81.9,9.8,5.0,12.1,9.1,84.5,1.8,0.2,0.9,0.2,0.3,3.0,2.85,9.3,86.5
0500000US19157,3.6,76.0,5.3,37.9,3.6,79.0,9.4,3.9,10.7,3.5,89.8,0.9,0.3,2.0,0.0,0.1,3.3,8.91,5.1,72.6
0500000US19159,0.7,55.9,3.0,36.6,3.3,65.3,13.1,6.6,8.8,2.2,94.7,0.4,0.3,0.0,0.0,0.0,2.5,3.62,6.0,82.0
0500000US19161,2.4,68.4,3.6,32.6,4.4,75.7,7.5,4.8,9.2,4.4,91.8,0.5,0.1,0.4,0.2,0.3,2.4,1.73,7.2,91.9
0500000US19163,4.8,45.2,7.0,34.3,3.7,81.0,10.3,5.2,11.5,7.4,77.0,7.1,0.1,2.8,0.1,0.4,5.1,2.0,5.9,85.4
0500000US19165,1.6,72.4,2.7,37.5,3.2,73.8,7.3,2.3,7.6,4.4,91.3,0.3,0.1,0.5,0.0,0.4,3.0,1.88,4.7,80.0
0500000US19167,8.5,63.2,12.5,29.7,1.5,80.6,2.8,5.8,6.7,14.3,82.8,0.6,0.1,0.5,0.0,0.3,1.3,6.47,9.1,82.0
0500000US19169,8.6,64.8,11.1,33.2,4.8,67.4,4.6,4.2,18.2,5.2,81.0,2.7,0.1,6.6,0.1,0.3,4.0,12.61,2.6,75.2
0500000US19171,4.1,68.2,11.2,38.1,3.8,76.8,9.6,6.2,14.8,11.7,78.4,0.9,5.3,0.7,0.0,0.1,2.9,2.1,8.5,89.1
0500000US19173,3.2,60.4,6.9,37.1,2.9,69.4,10.1,3.5,11.0,8.1,88.9,0.2,0.0,0.0,0.0,0.7,2.2,1.81,7.4,91.5
0500000US19175,1.8,80.9,4.3,41.9,4.0,76.8,17.4,8.3,12.4,3.8,91.9,0.8,0.0,0.9,0.0,0.2,2.4,2.53,8.5,89.9
0500000US19177,0.6,46.7,15.1,41.8,4.1,67.1,8.0,17.4,15.1,1.8,94.4,0.4,0.1,0.0,0.0,1.0,2.4,1.16,14.3,81.2
0500000US19179,9.9,62.7,15.1,38.1,4.3,80.6,15.3,7.3,15.8,13.4,75.6,3.0,0.0,1.6,2.4,0.2,3.7,2.49,11.4,90.5
0500000US19181,1.5,44.3,2.9,31.3,3.4,80.2,6.1,2.0,5.1,3.7,91.9,0.7,0.1,0.7,0.0,0.1,2.8,2.95,3.3,81.2
0500000US19183,3.2,56.7,7.7,32.5,2.2,70.0,8.1,7.6,8.2,7.8,88.7,1.0,0.0,0.4,0.0,0.1,2.0,1.53,6.5,85.7
0500000US19185,0.9,62.3,8.2,38.7,2.9,74.5,10.3,12.8,10.1,1.2,93.7,0.2,0.0,0.1,0.0,0.0,4.8,1.81,9.1,86.8
0500000US19187,3.0,80.9,4.9,37.7,4.8,81.7,11.0,6.3,12.9,6.6,83.9,3.3,0.1,1.2,0.0,0.3,4.7,7.68,7.0,90.2
0500000US19189,3.5,70.4,6.3,36.7,3.0,74.8,10.0,5.6,11.2,5.8,89.0,2.0,0.2,1.3,0.0,0.2,1.5,5.42,5.3,85.4
0500000US19191,2.6,79.8,4.6,34.0,2.3,75.9,3.1,2.7,8.4,3.1,93.3,0.4,0.4,0.5,0.0,0.1,2.2,8.85,3.8,76.8
0500000US19193,10.6,60.3,18.5,32.8,4.1,82.4,12.6,7.3,14.0,19.1,67.1,4.9,1.3,2.3,0.7,0.2,4.3,2.66,12.4,90.7
0500000US19195,0.9,73.8,2.9,31.7,3.5,75.1,6.7,7.0,8.2,3.5,93.3,0.8,0.1,0.4,0.0,0.0,1.8,1.03,6.4,83.8
0500000US19197,6.5,85.9,14.5,39.9,1.8,74.4,9.5,5.8,16.8,19.9,75.5,0.4,0.1,0.5,0.0,1.4,2.2,1.55,8.3,87.1
0500000US20001,3.2,70.8,2.5,37.3,7.9,67.5,9.3,9.5,9.9,4.3,88.5,2.8,0.5,0.4,0.4,0.1,3.0,3.6,5.9,87.8
0500000US20003,0.4,87.9,8.0,38.0,4.1,70.8,5.2,9.4,11.0,1.8,90.9,1.1,0.1,0.0,0.0,0.0,6.1,1.47,12.0,85.9
0500000US20005,2.1,51.5,4.0,37.4,4.6,80.7,10.9,8.8,13.0,3.8,86.7,3.5,0.1,0.3,0.0,0.2,5.4,10.87,5.5,82.7
0500000US20007,0.3,72.7,0.9,30.6,1.2,58.2,2.8,7.2,11.8,6.3,88.7,0.1,2.3,0.0,0.0,0.2,2.5,1.28,4.1,93.0
0500000US20009,5.0,58.6,9.3,37.1,3.9,74.4,7.0,11.2,15.4,16.7,78.9,0.6,0.2,0.2,0.0,0.2,3.2,1.81,9.5,87.9
0500000US20011,1.8,58.1,3.0,38.3,5.3,75.4,7.8,8.3,13.6,3.1,88.8,1.7,0.1,0.8,0.0,0.3,5.2,2.58,9.2,83.6
0500000US20013,1.2,51.9,2.0,37.0,5.2,71.6,11.6,10.2,13.8,4.7,81.5,1.6,6.3,0.3,0.0,1.0,4.7,1.39,5.6,87.8
0500000US20015,4.0,61.2,4.7,36.5,3.4,76.9,6.5,6.0,8.5,5.8,85.7,1.9,0.5,1.7,0.1,0.2,4.0,4.54,5.5,88.4
0500000US20017,4.1,51.9,5.6,44.1,0.9,72.3,5.6,7.3,8.4,8.4,86.3,1.1,0.2,0.5,0.0,0.0,3.5,5.58,7.8,85.1
0500000US20019,0.8,29.6,1.8,45.7,3.6,72.6,14.0,11.4,14.9,5.0,80.1,0.8,3.5,0.1,0.0,2.3,8.2,2.52,9.8,88.6
0500000US20021,1.3,27.5,2.1,39.2,3.3,78.8,13.1,11.4,14.1,3.0,85.3,0.8,2.0,0.5,0.2,0.7,7.4,1.14,10.6,92.9
0500000US20023,4.6,76.9,6.2,37.4,2.5,62.5,3.9,12.6,17.0,9.4,87.2,0.1,0.4,0.0,0.2,0.0,2.7,1.37,10.8,79.1
0500000US20025,1.6,51.6,4.1,37.4,2.8,69.1,4.8,6.8,9.9,5.4,87.3,0.0,0.9,0.4,0.0,0.3,5.7,1.93,8.1,83.1
0500000US20027,0.9,78.4,2.1,41.3,1.0,56.1,7.2,5.7,13.4,3.5,90.0,2.4,0.5,0.6,0.0,0.0,3.0,2.6,6.5,88.5
0500000US20029,1.5,83.1,3.0,36.7,2.5,67.5,5.0,7.9,10.0,3.9,89.3,0.8,0.5,0.1,1.1,0.1,4.2,5.75,4.9,91.1
0500000US20031,1.2,23.7,5.2,40.9,6.4,73.0,8.6,11.0,10.7,3.9,91.3,0.6,0.1,0.9,0.0,0.2,3.0,1.85,7.7,92.0
0500000US20033,0.8,78.6,2.3,37.5,1.7,63.6,7.5,7.5,9.2,2.0,94.7,0.4,0.0,0.0,0.0,0.0,2.9,3.18,4.0,89.4
0500000US20035,4.6,51.3,6.2,42.2,3.9,72.2,11.6,8.1,14.3,12.2,76.9,2.4,1.2,1.5,0.3,0.2,5.3,6.44,9.4,91.7
0500000US20037,3.8,66.7,5.8,34.9,4.1,75.2,11.9,13.0,20.6,7.5,83.4,1.5,0.5,1.7,0.2,0.3,4.9,4.21,7.7,90.2
0500000US20039,2.1,70.7,2.7,38.8,4.1,58.3,5.1,5.2,12.7,4.8,90.5,1.1,0.5,0.0,0.0,0.5,2.6,1.98,5.9,77.3
0500000US20041,0.9,52.6,4.1,37.9,2.8,72.0,5.7,8.9,8.1,5.7,88.4,0.1,0.1,0.2,0.0,0.4,5.1,1.6,6.2,89.1
0500000US20043,1.6,47.9,2.6,38.1,1.6,77.1,7.5,6.4,9.6,3.5,88.0,3.0,0.2,0.1,0.1,0.0,5.1,8.76,7.4,86.9
0500000US20045,6.0,59.4,8.8,31.0,4.2,73.5,5.3,8.2,14.7,7.2,76.0,4.2,1.0,4.3,0.0,0.5,6.8,7.2,4.4,75.9
0500000US20047,12.0,75.1,19.4,41.7,6.8,66.8,4.5,10.5,18.9,22.8,72.5,0.1,0.7,0.0,0.0,0.0,3.9,1.94,12.8,89.7
0500000US20049,1.0,37.5,2.2,47.4,2.0,62.9,7.3,7.4,10.4,4.5,87.4,0.1,0.7,0.2,0.0,1.0,6.2,0.49,9.3,83.9
0500000US20051,2.4,66.7,6.2,28.0,3.2,70.3,6.0,7.3,18.3,7.3,86.9,1.3,0.2,1.6,0.0,0.0,2.8,5.65,5.1,85.1
0500000US20053,1.6,68.0,2.6,49.2,2.6,68.7,6.7,3.7,10.4,6.1,83.8,3.4,0.2,0.5,0.0,0.2,5.9,16.81,5.8,87.9
0500000US20055,23.9,54.9,46.5,30.8,4.1,78.5,11.4,12.7,11.1,53.2,37.0,4.4,0.1,3.9,0.1,0.0,1.4,1.9,28.2,93.6
0500000US20057,25.1,69.0,47.8,29.3,5.1,78.8,7.4,15.9,14.0,59.1,35.4,2.4,0.0,0.9,0.0,0.4,1.8,2.12,23.5,93.9
0500000US20059,2.0,56.2,3.3,33.9,3.0,78.7,5.7,7.9,8.7,4.8,88.9,1.1,0.6,0.6,0.1,0.2,3.7,2.44,7.3,84.8
0500000US20061,7.7,39.3,14.1,28.6,6.9,66.3,9.2,7.7,18.0,16.9,54.9,14.4,0.4,2.8,1.0,0.4,9.2,2.68,7.0,84.8
0500000US20063,1.5,43.9,1.4,32.9,2.6,60.8,2.7,5.8,5.1,1.7,93.7,0.5,0.0,0.8,0.0,0.3,3.0,1.32,5.4,82.8
0500000US20065,0.5,0.0,1.3,38.9,5.0,62.1,6.2,5.0,14.8,3.9,87.3,4.6,0.0,0.7,0.3,0.1,3.2,1.67,5.2,85.2
0500000US20067,25.0,61.7,45.2,34.7,0.7,82.6,1.4,16.2,9.3,53.4,44.0,0.2,0.7,0.1,0.0,0.0,1.6,0.73,22.2,90.8
0500000US20069,10.4,78.7,19.0,32.1,2.7,68.3,2.2,11.5,8.5,16.6,79.4,0.0,0.1,0.6,0.0,0.2,3.0,1.49,21.2,91.1
0500000US20071,8.1,45.3,14.0,28.7,0.1,61.2,2.0,10.3,7.1,16.9,81.4,0.2,0.4,0.0,0.0,0.0,1.2,1.84,11.3,73.4
0500000US20073,0.6,73.7,2.3,41.4,3.4,69.2,12.2,9.0,13.9,4.0,90.9,0.7,1.3,0.0,0.0,0.1,3.0,1.5,6.9,89.3
0500000US20075,22.0,88.4,41.5,33.7,3.1,76.4,2.9,25.4,7.0,44.0,54.3,0.0,0.0,0.0,0.0,0.0,1.7,0.45,20.1,85.4
0500000US20077,1.9,88.6,2.6,44.6,2.0,76.1,9.8,8.5,17.3,8.1,86.1,0.8,0.3,0.3,0.0,0.3,4.2,3.43,9.2,87.0
0500000US20079,3.9,51.6,8.0,34.6,4.8,78.7,5.7,8.7,8.2,12.2,81.2,1.4,0.2,1.1,0.0,0.3,3.6,3.83,7.4,87.6
0500000US20081,23.6,68.7,35.0,38.9,3.6,72.1,2.7,17.4,11.2,30.9,66.0,0.5,0.6,0.0,0.0,0.0,2.0,1.37,24.7,85.5
0500000US20083,1.3,54.5,3.5,38.3,0.6,62.7,4.3,4.5,6.3,4.6,92.0,0.4,0.1,0.0,0.0,0.7,2.2,1.27,4.4,82.6
0500000US20085,3.2,87.5,5.0,37.0,1.8,69.5,6.9,7.2,6.1,5.8,81.6,0.7,5.2,0.5,0.1,0.3,5.9,1.51,6.3,86.7
0500000US20087,1.0,51.4,2.0,35.2,2.4,71.9,3.0,5.4,5.6,3.5,91.1,0.4,0.4,0.2,0.0,0.3,4.0,1.06,5.6,85.5
0500000US20089,1.6,77.1,2.5,39.9,1.3,61.7,4.7,6.3,10.6,2.8,91.9,0.7,0.2,0.3,0.0,0.0,4.1,0.93,6.0,88.2
0500000US20091,9.2,48.0,12.1,28.3,3.2,82.9,2.0,4.9,5.4,9.3,76.1,4.8,0.1,5.2,0.0,0.4,4.0,0.96,3.4,75.4
0500000US20093,17.6,76.2,32.4,37.0,2.2,59.0,5.5,11.5,4.5,35.6,58.5,0.0,0.1,3.6,0.0,0.8,1.4,1.84,18.1,83.2
0500000US20095,0.3,83.3,1.7,37.6,2.2,70.4,6.5,7.2,10.3,4.1,89.7,0.3,0.1,0.0,0.0,1.4,4.4,2.09,8.5,92.0
0500000US20097,6.1,59.9,8.8,34.4,2.2,62.6,4.3,8.4,5.9,4.5,87.3,0.9,0.4,2.7,0.0,0.3,3.7,9.12,11.2,81.8
0500000US20099,1.0,41.9,5.2,41.7,3.1,69.6,9.3,9.5,16.0,5.1,83.2,3.2,0.7,0.0,0.0,1.2,6.7,3.66,10.3,89.3
0500000US20101,6.4,76.3,14.9,41.3,0.4,58.6,2.8,10.9,7.0,16.1,81.2,1.2,0.3,0.0,0.0,0.0,1.3,0.55,5.2,81.4
0500000US20103,3.6,50.7,5.5,39.8,4.1,68.1,5.6,6.1,8.8,7.6,77.4,6.8,0.3,1.3,0.3,0.4,5.9,6.01,6.2,85.5
0500000US20105,0.7,38.1,1.6,37.9,2.4,66.0,6.6,5.8,11.3,4.6,91.1,0.1,0.1,0.6,0.0,0.2,3.4,1.57,3.3,85.1
0500000US20107,0.4,60.5,1.5,42.5,4.4,74.4,8.3,9.8,8.4,3.1,91.0,1.4,0.2,0.2,0.1,0.3,3.6,0.5,5.8,88.0
0500000US20109,2.5,33.8,6.5,30.6,1.8,76.1,7.9,9.3,15.0,7.4,87.7,0.0,0.9,0.6,0.0,0.0,3.4,0.96,6.3,85.6
0500000US20111,11.0,66.9,16.7,30.8,2.0,79.1,6.5,11.5,14.6,24.2,68.3,1.4,0.2,1.9,0.0,0.1,3.9,3.27,10.6,88.5
0500000US20113,2.8,64.3,5.2,33.6,1.8,76.3,2.7,6.2,9.5,5.6,89.1,1.7,0.1,0.4,0.0,0.0,3.1,6.48,7.3,86.2
0500000US20115,1.0,52.8,2.2,39.5,3.4,67.8,6.1,6.8,9.2,4.2,90.9,0.9,0.5,0.4,0.0,0.3,2.8,6.34,8.0,86.0
0500000US20117,0.8,50.7,3.1,37.0,2.0,72.4,3.8,5.1,11.3,2.8,93.3,0.7,0.3,0.3,0.0,0.2,2.4,2.24,7.3,87.7
0500000US20119,11.4,51.1,23.2,39.1,1.5,66.8,6.5,10.5,11.0,24.3,69.8,0.4,1.6,1.8,0.0,0.3,1.7,2.08,11.3,86.6
0500000US20121,1.0,50.7,2.8,34.0,3.7,78.6,2.3,7.1,7.9,4.1,89.9,1.2,0.1,0.1,0.0,0.1,4.5,1.98,5.8,84.1
0500000US20123,1.3,86.7,3.7,39.0,0.1,72.8,5.1,7.0,12.2,3.2,93.0,0.1,0.2,0.7,0.0,0.0,2.8,2.35,6.0,84.1
0500000US20125,2.9,66.9,5.9,42.8,4.4,76.5,11.7,10.8,15.9,8.1,76.5,3.8,1.9,0.2,0.2,0.7,8.7,2.94,9.1,91.5
0500000US20127,2.1,56.8,3.0,37.0,2.5,64.1,3.9,6.9,12.1,4.3,90.0,0.0,0.0,0.7,0.0,0.1,4.9,1.52,5.8,90.3
0500000US20129,10.8,60.1,19.9,46.9,1.6,55.8,8.1,10.6,14.8,24.1,70.3,1.2,0.0,1.7,0.0,0.0,2.8,2.53,18.5,88.7
0500000US20131,1.0,91.8,2.7,36.6,1.5,77.9,3.3,5.1,9.3,2.6,93.3,1.2,0.3,0.6,0.0,0.4,1.7,2.99,5.8,89.9
0500000US20133,1.6,72.2,2.2,37.8,3.2,72.5,9.7,10.4,13.1,6.0,88.0,1.5,0.1,0.5,0.0,0.1,3.7,2.98,7.2,89.7
0500000US20135,8.8,84.5,14.2,34.9,0.8,63.0,3.3,8.0,11.2,14.9,79.9,0.0,0.5,0.2,0.0,0.2,4.3,2.49,7.6,87.6
0500000US20137,1.9,75.2,2.5,54.0,1.7,71.5,8.1,10.0,7.2,5.9,85.7,3.1,1.0,0.1,0.0,0.4,3.7,18.87,4.9,78.7
0500000US20139,0.9,50.0,2.1,37.9,1.9,72.7,7.2,8.1,9.7,3.4,92.1,0.3,0.3,0.1,0.0,0.3,3.5,1.17,6.3,88.2
0500000US20141,1.6,64.8,1.8,36.2,1.6,68.7,8.2,5.3,8.4,3.0,91.8,0.3,0.2,0.5,0.0,0.6,3.6,3.19,6.1,85.9
0500000US20143,0.7,74.4,2.0,35.9,2.9,75.9,7.4,6.6,10.4,3.3,92.9,0.4,0.5,0.1,0.0,0.0,2.8,1.75,5.1,87.6
0500000US20145,0.8,12.8,1.9,46.1,1.2,59.9,2.5,10.7,11.5,9.1,79.9,7.4,0.9,0.0,0.0,0.0,2.7,14.39,12.9,81.5
0500000US20147,1.9,46.7,2.5,40.3,3.2,66.1,6.2,7.2,15.4,3.4,91.6,0.7,0.6,0.4,0.0,0.1,3.2,1.43,6.0,88.4
0500000US20149,2.3,56.6,2.9,34.5,2.1,69.4,4.4,4.7,6.7,6.1,87.1,1.6,0.2,0.4,0.1,0.7,3.7,1.63,3.6,89.6
0500000US20151,2.7,64.5,5.2,41.0,3.6,73.0,5.1,9.9,12.3,8.6,84.1,0.6,0.1,0.2,0.0,0.8,5.4,5.76,9.5,88.6
0500000US20153,3.4,52.3,6.1,32.8,1.3,64.1,9.3,6.5,6.8,7.7,88.5,0.0,1.2,0.8,0.0,0.0,1.8,1.43,4.8,82.1
0500000US20155,2.2,64.1,6.2,38.9,3.9,77.9,8.3,9.3,12.5,10.4,82.0,2.7,0.4,0.5,0.2,0.3,3.5,5.48,9.6,90.6
0500000US20157,1.9,87.4,1.8,38.8,1.8,68.1,4.5,5.6,10.6,3.9,93.3,0.5,0.0,0.0,0.0,0.8,1.6,1.55,6.2,89.5
0500000US20159,4.9,50.9,9.5,36.7,4.4,76.5,7.2,7.9,7.7,14.0,77.6,1.8,0.5,0.0,0.0,0.2,6.0,6.26,9.1,86.8
0500000US20161,6.7,64.9,8.7,28.5,3.8,62.7,6.7,7.0,19.9,10.0,73.6,6.4,0.2,4.1,0.1,0.6,4.9,14.68,3.0,73.3
0500000US20163,0.9,52.3,1.3,39.0,2.0,68.4,3.6,6.4,5.5,3.2,91.4,1.9,0.2,0.7,0.0,0.2,2.3,4.61,5.8,90.4
0500000US20165,1.1,68.8,5.0,36.5,3.6,68.7,6.3,7.2,11.1,6.5,87.4,0.4,0.5,0.0,0.0,0.0,5.2,2.51,10.0,87.6
0500000US20167,1.7,74.8,1.3,31.8,1.8,76.5,15.2,6.9,14.7,4.1,89.5,0.4,0.2,0.4,0.0,0.1,5.3,1.66,5.8,89.5
0500000US20169,4.6,62.6,7.5,33.0,4.8,76.1,8.9,11.2,11.9,12.8,77.8,3.4,0.1,1.7,0.0,0.1,4.1,2.89,6.6,87.9
0500000US20171,8.1,55.8,17.9,33.0,2.7,77.2,9.0,6.5,6.5,21.8,75.1,0.0,1.2,0.0,0.0,0.0,1.9,1.77,10.3,94.6
0500000US20173,8.6,53.8,15.2,34.3,5.0,81.5,9.3,10.8,13.9,16.5,64.9,7.6,0.4,4.2,0.1,0.5,5.8,1.72,10.5,88.4
0500000US20175,29.3,55.5,61.4,31.6,4.9,79.5,9.8,12.5,12.2,67.4,25.1,2.9,0.2,2.4,0.0,0.0,2.0,1.68,28.1,92.7
0500000US20177,4.1,63.3,7.1,38.4,4.1,73.4,9.0,8.6,12.7,13.8,71.0,6.6,0.4,1.3,0.1,0.6,6.3,2.86,6.7,85.9
0500000US20179,2.7,84.6,4.2,31.6,0.7,55.1,4.1,7.6,8.9,5.9,91.3,0.0,0.3,0.0,0.0,0.0,2.5,1.2,4.1,70.8
0500000US20181,2.3,36.3,10.4,32.3,0.6,70.2,3.5,10.9,10.2,13.0,82.8,1.8,0.0,0.1,0.0,0.0,2.3,6.95,9.4,80.6
0500000US20183,0.8,96.6,1.2,39.1,0.6,64.0,5.6,6.6,7.3,2.6,93.3,0.2,0.3,0.2,0.0,0.3,3.0,1.72,4.4,88.2
0500000US20185,4.7,83.9,5.7,35.6,2.5,64.7,3.3,6.9,10.5,13.4,81.1,0.2,0.3,0.0,0.0,0.3,4.7,2.79,7.0,88.7
0500000US20187,33.9,81.9,41.7,37.8,1.8,67.7,4.9,25.8,1.5,45.6,45.7,0.1,5.7,0.4,0.0,0.0,2.5,1.47,20.7,87.2
0500000US20189,13.3,77.9,27.3,38.1,3.1,70.6,0.6,14.2,14.2,39.1,57.2,0.1,0.0,0.2,0.0,0.0,3.4,1.94,24.9,93.0
0500000US20191,1.3,48.0,1.8,40.3,5.9,74.7,9.9,8.7,10.6,6.1,86.5,1.1,0.5,0.4,0.0,0.7,4.7,1.55,5.3,90.7
0500000US20193,4.1,88.1,5.6,28.6,0.6,74.2,3.8,10.4,6.5,8.4,86.6,0.4,0.0,0.1,0.0,0.2,4.2,5.28,4.7,86.8
0500000US20195,0.4,100.0,0.6,34.0,1.0,64.9,5.3,4.3,5.5,1.1,95.2,0.0,0.5,0.7,0.0,0.9,1.6,1.84,3.7,85.8
0500000US20197,1.2,28.2,2.5,37.7,4.4,68.4,4.6,12.6,8.5,4.8,89.6,0.2,0.0,0.4,0.0,0.5,4.5,2.0,4.8,83.6
0500000US20199,3.6,43.1,5.5,39.0,1.3,67.5,7.2,4.4,12.3,7.4,87.9,0.8,0.1,0.6,0.0,0.0,3.2,1.34,6.9,86.7
0500000US20201,2.8,75.6,5.6,36.5,1.1,70.1,5.4,5.4,9.3,4.9,89.9,0.1,0.4,0.4,0.0,1.0,3.3,2.22,5.0,86.4
0500000US20203,7.5,61.8,15.1,39.8,0.8,68.9,5.7,7.5,16.5,27.5,69.1,0.2,0.4,0.0,0.0,0.1,2.8,1.05,16.7,80.3
0500000US20205,1.8,52.9,2.6,39.4,3.0,67.9,10.0,7.2,15.5,3.8,90.4,0.2,0.8,0.0,0.0,0.2,4.7,2.07,9.7,92.1
0500000US20207,0.4,38.5,0.9,45.8,1.6,63.0,7.4,7.6,12.4,2.9,91.4,0.2,0.2,0.0,0.0,0.1,5.2,1.35,9.4,87.4
0500000US20209,17.9,67.8,31.8,33.5,5.7,80.5,12.0,17.0,15.8,34.1,36.4,18.1,0.3,5.2,0.2,0.6,5.1,0.89,18.0,86.5
0500000US21001,3.7,78.9,4.0,45.2,6.8,72.5,16.9,7.5,18.4,3.5,90.4,2.1,0.0,0.2,0.3,0.0,3.5,6.29,15.7,81.7
0500000US21003,1.3,52.0,5.9,40.6,6.9,77.9,14.1,7.6,13.5,2.9,92.7,0.4,0.2,0.0,0.0,0.4,3.5,0.81,12.7,90.5
0500000US21005,1.6,65.6,3.0,39.7,2.2,73.4,7.5,4.5,11.5,2.6,91.8,2.1,0.0,0.3,0.0,0.3,2.8,0.37,9.5,88.3
0500000US21007,1.2,63.3,3.2,45.3,1.6,77.0,11.9,4.8,15.0,1.6,91.0,3.6,0.0,0.1,0.0,0.0,3.7,1.48,6.1,94.8
0500000US21009,2.8,61.6,6.0,45.3,4.1,80.2,16.3,8.5,19.4,4.4,87.4,3.8,0.0,0.9,0.0,0.5,2.9,1.37,13.1,89.3
0500000US21011,0.3,54.3,7.0,46.2,2.5,76.8,19.6,10.8,25.3,1.8,94.6,0.7,0.0,0.0,0.0,0.1,2.7,0.67,17.5,91.6
0500000US21013,0.4,32.7,0.5,57.6,10.1,75.9,24.5,5.3,28.8,0.5,92.6,3.0,0.1,0.3,0.0,0.3,3.2,2.34,20.1,89.0
0500000US21015,6.3,55.8,8.8,32.1,3.1,84.8,6.5,5.1,6.3,5.9,82.3,4.4,0.0,2.4,0.3,0.4,4.2,0.92,6.6,84.3
0500000US21017,3.9,74.5,6.3,41.4,4.2,80.8,14.9,3.5,14.2,7.8,83.4,4.9,0.0,0.1,0.0,0.4,3.4,0.57,12.1,85.4
0500000US21019,1.3,65.7,2.0,47.1,6.4,80.4,17.3,4.4,16.9,1.8,92.2,2.3,0.1,0.4,0.0,0.1,3.2,4.16,10.2,90.3
0500000US21021,2.5,61.9,3.4,44.3,5.8,79.6,11.9,6.3,15.6,4.7,82.7,7.0,0.0,0.8,0.0,0.6,4.2,9.94,8.4,85.1
0500000US21023,0.6,66.7,0.9,41.7,4.8,83.1,17.4,4.7,19.5,1.5,94.5,0.6,1.0,0.1,0.0,0.0,2.3,0.34,10.8,94.5
0500000US21025,0.3,72.1,0.7,57.2,9.3,71.2,34.5,3.2,33.1,1.1,96.0,0.6,0.2,0.3,0.0,0.0,1.9,2.06,19.7,88.7
0500000US21027,0.6,14.3,3.4,47.3,4.5,79.0,16.3,7.0,21.4,1.7,92.7,1.9,0.0,0.0,0.1,0.5,3.2,1.59,14.1,91.2
0500000US21029,2.4,53.6,3.1,35.5,4.3,82.7,7.3,2.8,9.7,3.3,90.8,1.3,0.0,0.7,0.0,0.4,3.5,0.25,9.9,88.7
0500000US21031,2.1,86.4,9.9,47.8,4.4,77.9,17.6,11.8,20.5,5.3,91.9,0.0,0.0,0.3,0.0,0.0,2.5,1.42,18.9,91.5
0500000US21033,1.2,80.3,2.3,44.0,4.4,73.3,14.0,8.2,15.1,1.5,89.7,6.0,0.0,0.0,0.0,0.3,2.5,1.68,8.8,93.9
0500000US21035,4.0,56.3,4.4,42.2,4.4,75.9,9.4,7.5,17.2,3.7,86.9,4.0,0.1,1.8,0.2,0.6,2.8,7.77,8.9,86.8
0500000US21037,2.7,66.0,4.0,34.0,4.0,84.0,6.2,4.9,11.1,2.6,90.3,2.8,0.0,0.9,0.0,0.4,2.9,2.6,6.1,78.9
0500000US21039,1.1,98.0,2.0,42.6,3.7,82.3,12.4,6.1,15.1,3.2,90.0,1.5,0.1,0.1,0.2,0.1,4.9,1.15,8.2,94.0
0500000US21041,2.7,84.1,6.7,44.4,6.1,78.5,16.9,10.7,23.1,7.5,85.6,2.2,0.0,0.0,0.0,0.6,4.0,2.81,16.4,90.0
0500000US21043,1.1,85.2,1.2,51.2,5.3,73.4,19.6,7.1,19.2,0.9,95.2,0.3,0.0,0.3,0.0,0.1,3.3,2.19,15.8,91.9
0500000US21045,1.8,63.7,6.3,50.1,8.9,68.0,14.8,13.0,21.7,3.4,93.2,0.4,0.0,0.1,0.0,0.2,2.7,2.78,21.4,85.4
0500000US21047,3.4,48.6,10.5,38.7,6.3,77.2,12.7,10.2,17.1,8.7,63.8,18.3,0.1,1.2,0.4,0.4,7.0,6.43,12.3,86.1
0500000US21049,1.6,30.7,3.4,41.4,4.4,81.8,13.5,4.3,14.6,4.1,88.1,2.8,0.3,0.7,0.0,0.1,3.9,1.38,10.9,86.1
0500000US21051,0.9,84.8,1.7,57.4,9.3,67.9,34.7,5.2,32.4,2.1,91.3,3.9,0.1,0.1,0.0,0.1,2.5,7.83,26.2,87.3
0500000US21053,1.3,75.8,2.2,42.2,5.0,72.7,25.0,7.4,17.5,3.4,93.1,0.1,0.5,0.4,0.0,0.1,2.4,1.5,21.9,92.2
0500000US21055,0.4,89.5,7.1,50.4,3.4,79.2,10.6,10.4,17.7,1.8,93.8,0.4,0.2,0.3,0.0,0.5,3.1,2.34,15.6,91.1
0500000US21057,1.2,54.3,5.2,51.7,4.0,75.9,27.6,12.5,24.8,2.0,92.5,1.5,0.7,0.3,0.0,0.0,3.1,1.43,17.4,94.6
0500000US21059,3.9,66.8,6.1,38.0,4.5,82.9,11.4,5.5,14.7,4.3,84.9,4.0,0.1,2.1,0.0,0.7,3.8,2.41,8.1,91.3
0500000US21061,1.4,60.1,3.4,50.2,7.7,82.2,13.1,7.5,15.3,1.7,91.6,0.7,0.1,0.6,0.0,0.9,4.4,1.59,15.9,89.6
0500000US21063,0.1,66.7,0.7,64.5,6.5,70.5,26.1,8.0,25.1,1.7,92.5,3.4,0.2,0.0,0.0,0.2,2.0,13.89,21.2,92.1
0500000US21065,1.9,61.9,2.0,52.4,7.0,71.7,25.8,6.3,20.7,0.9,96.0,0.1,0.0,1.0,0.0,0.0,2.0,0.72,21.4,85.9
0500000US21067,11.9,64.4,15.9,31.6,4.9,78.0,8.5,7.2,14.9,9.5,66.7,14.4,0.0,4.3,0.0,0.3,4.7,3.9,7.9,81.8
0500000US21069,1.4,23.7,3.7,46.5,7.5,77.7,20.3,6.6,21.2,1.7,94.3,0.9,0.0,0.8,0.0,0.2,2.0,0.68,15.3,91.0
0500000US21071,0.5,60.7,1.6,56.4,7.7,76.2,24.1,5.2,28.0,0.9,95.4,0.6,0.0,0.4,0.0,0.1,2.6,2.44,18.5,93.5
0500000US21073,4.0,62.4,6.2,37.6,5.9,63.4,13.2,5.4,13.6,4.4,80.5,9.2,0.1,1.8,0.2,0.1,3.7,3.48,7.2,83.0
0500000US21075,1.0,12.3,3.4,55.9,3.3,85.4,22.9,5.5,22.6,3.3,68.5,23.8,0.3,0.0,0.6,0.5,2.9,7.49,14.1,89.8
0500000US21077,2.3,67.0,4.5,38.7,4.6,84.2,12.4,8.4,13.8,5.5,87.7,2.7,0.0,0.5,0.0,0.8,2.9,1.4,15.4,93.5
0500000US21079,2.0,79.6,4.1,45.3,5.1,74.7,12.4,7.6,15.9,3.0,91.6,2.4,0.2,0.1,0.0,0.7,2.1,0.64,14.1,87.1
0500000US21081,1.3,38.0,2.9,35.9,4.9,82.9,12.2,6.1,11.7,3.2,92.2,0.9,0.1,0.6,0.1,0.1,2.9,1.11,10.2,88.9
0500000US21083,2.8,48.5,6.1,43.7,3.4,79.3,14.8,7.6,19.9,8.1,83.8,4.2,0.1,0.4,0.0,0.3,3.0,1.39,10.7,89.3
0500000US21085,1.0,62.0,3.9,45.6,6.6,75.7,12.8,8.0,20.1,1.6,94.5,0.8,0.0,0.4,0.0,0.2,2.4,2.16,14.7,91.4
0500000US21087,0.5,31.0,2.6,45.8,7.2,74.8,19.7,7.4,20.4,2.3,93.3,1.3,0.1,0.0,0.0,0.0,3.1,1.34,12.6,91.4
0500000US21089,0.9,47.2,1.9,50.2,6.8,80.6,13.9,5.5,15.4,1.2,94.8,0.7,0.1,0.6,0.0,0.0,2.6,1.39,10.5,91.7
0500000US21091,0.3,61.3,0.7,41.9,4.4,82.0,14.8,4.1,16.2,0.8,94.1,1.3,0.0,0.1,0.0,0.8,2.9,1.18,11.9,95.5
0500000US21093,4.3,44.0,6.8,36.9,6.6,76.7,9.8,5.8,13.1,6.5,74.4,10.7,0.2,2.2,0.1,0.3,5.7,2.57,7.6,86.1
0500000US21095,0.4,28.3,1.0,58.3,9.5,73.0,26.5,4.9,27.4,0.5,93.9,1.3,0.2,0.2,0.0,0.2,3.6,2.24,18.3,91.7
0500000US21097,1.3,37.8,2.6,41.6,3.2,71.5,15.9,3.2,17.1,2.3,93.3,1.7,0.0,0.1,0.0,0.1,2.4,1.56,9.3,91.3
0500000US21099,0.9,33.9,8.4,46.9,3.8,80.9,18.7,11.7,19.3,2.1,90.2,2.9,0.2,0.5,0.0,0.6,3.4,1.33,18.8,91.4
0500000US21101,1.3,53.7,3.2,43.1,2.5,82.9,15.4,4.7,14.6,3.4,84.0,8.1,0.0,0.5,0.2,0.1,3.7,2.07,10.3,89.8
0500000US21103,2.3,62.7,3.9,43.1,5.0,79.7,11.7,6.0,16.4,4.1,89.6,2.7,0.0,0.5,0.0,0.2,2.9,0.6,13.2,89.2
0500000US21105,1.2,20.8,1.5,45.4,3.1,80.0,19.1,8.6,20.5,2.6,85.6,8.2,0.0,0.3,0.0,0.1,3.2,2.82,14.4,81.1
0500000US21107,2.0,72.3,2.6,46.3,6.2,79.3,13.8,4.9,20.0,2.8,86.9,5.8,0.1,0.6,0.0,0.0,3.8,2.05,11.7,94.9
0500000US21109,0.4,58.5,0.4,53.6,4.0,75.2,30.6,5.3,19.5,1.1,96.2,0.2,0.1,0.0,0.0,0.0,2.4,1.15,24.9,87.9
0500000US21111,10.0,59.3,12.9,34.5,5.2,84.0,11.0,5.7,14.3,8.6,62.0,20.6,0.1,3.1,0.0,0.4,5.2,1.83,8.7,80.8
0500000US21113,5.6,60.3,7.2,38.3,3.1,76.4,9.3,6.9,11.3,5.0,85.5,4.0,0.0,1.8,0.0,0.4,3.2,2.61,9.6,86.3
0500000US21115,1.5,40.2,1.5,52.7,4.2,67.2,25.3,6.4,22.8,0.5,93.9,0.6,0.1,1.4,0.0,0.0,3.5,2.23,17.3,91.1
0500000US21117,4.1,62.7,5.5,31.6,4.3,85.4,7.2,4.7,11.8,4.9,85.2,3.9,0.1,1.1,0.1,0.3,4.4,1.05,7.1,82.1
0500000US21119,0.9,31.0,1.1,57.7,9.3,73.2,23.3,2.4,23.3,0.6,96.7,1.1,0.1,0.2,0.0,0.0,1.3,3.49,27.1,87.6
0500000US21121,0.7,53.0,1.2,58.5,8.1,78.0,31.9,8.6,36.9,1.3,95.0,1.0,0.0,0.2,0.0,0.0,2.4,2.59,23.1,88.9
0500000US21123,1.5,59.2,3.5,44.5,1.5,79.0,13.2,4.2,17.9,3.3,90.4,2.1,0.0,0.0,0.0,0.5,3.6,1.66,13.4,90.0
0500000US21125,1.1,37.7,1.4,45.3,3.5,83.7,17.7,7.8,20.5,1.7,94.8,0.6,0.1,0.3,0.1,0.1,2.3,2.04,15.5,88.8
0500000US21127,1.8,0.0,1.9,53.3,7.7,67.8,25.6,5.1,21.8,0.4,96.6,0.1,0.0,1.3,0.0,0.0,1.6,0.85,18.3,91.9
0500000US21129,0.7,61.8,1.5,58.6,4.7,70.3,28.7,5.7,27.4,1.1,93.4,3.0,0.0,0.0,0.0,0.2,2.2,15.03,24.9,88.5
0500000US21131,0.1,10.0,0.3,57.8,3.8,76.1,29.1,2.3,30.3,0.1,96.5,0.2,0.0,0.1,0.0,0.0,3.1,3.56,20.1,95.9
0500000US21133,0.7,42.3,1.0,56.9,6.2,61.1,27.5,3.4,24.4,0.8,96.5,0.6,0.0,0.2,0.0,0.3,1.5,1.66,17.6,86.7
0500000US21135,0.7,18.2,0.6,51.7,6.0,73.3,22.8,5.6,22.0,0.1,96.9,0.5,0.0,0.2,0.3,0.2,1.9,1.07,19.6,87.0
0500000US21137,0.7,0.6,2.8,46.9,6.5,69.3,18.3,7.8,16.3,2.1,92.3,2.0,0.0,0.1,0.0,0.9,2.6,0.81,17.2,89.3
0500000US21139,0.4,0.0,1.1,45.9,4.2,74.6,12.5,4.5,19.3,2.5,94.1,0.1,0.1,0.1,0.0,0.0,3.1,0.88,8.8,87.2
0500000US21141,0.8,73.5,3.7,43.8,5.7,81.8,13.7,8.2,16.8,3.6,87.5,4.5,0.2,0.3,0.0,0.3,3.7,1.31,13.3,93.2
0500000US21143,1.1,72.0,1.4,57.5,2.9,73.4,11.8,6.1,9.5,2.2,87.3,6.8,0.4,0.5,0.0,0.2,2.5,17.7,11.1,90.1
0500000US21145,2.1,40.2,3.1,41.4,3.2,81.4,10.0,5.9,15.2,3.4,81.1,9.7,0.1,0.9,0.1,0.4,4.2,1.84,6.9,87.7
0500000US21147,0.9,43.4,1.9,64.6,4.2,70.8,33.3,8.1,38.9,2.2,88.8,6.1,0.1,0.1,0.1,0.1,2.6,10.9,22.6,88.5
0500000US21149,0.5,40.0,2.7,44.7,5.6,79.9,10.3,3.9,9.5,2.2,94.1,0.5,0.0,0.3,0.0,0.2,2.6,0.93,8.3,91.8
0500000US21151,2.4,53.5,3.8,36.6,5.1,75.9,13.4,5.6,15.1,3.5,87.6,3.9,0.1,0.9,0.0,0.3,3.6,5.9,8.8,85.3
0500000US21153,0.5,64.8,1.2,63.3,9.0,69.1,37.2,3.1,38.2,0.9,97.2,0.1,0.2,0.2,0.0,0.0,1.3,1.04,27.6,90.2
0500000US21155,2.7,71.9,3.7,42.7,4.2,80.4,15.3,3.1,17.0,3.7,86.4,7.6,0.0,0.6,0.0,0.0,1.7,4.29,12.8,95.0
0500000US21157,0.9,29.4,1.4,44.1,4.5,77.2,9.3,8.1,12.3,2.0,95.4,0.6,0.2,0.4,0.0,0.0,1.5,1.7,8.6,88.5
0500000US21159,0.7,61.3,1.4,67.1,5.5,81.9,29.2,1.6,33.2,1.7,84.7,7.8,0.4,0.0,0.4,0.0,5.1,12.86,25.2,95.4
0500000US21161,1.5,28.3,2.3,44.4,4.9,81.4,20.6,4.4,18.8,2.4,86.9,5.9,0.1,0.9,0.0,0.1,3.7,1.44,13.7,88.7
0500000US21163,1.4,47.3,2.6,36.2,4.8,78.7,11.5,5.1,12.2,4.2,88.0,3.3,0.1,0.6,0.4,0.0,3.3,0.73,9.0,88.1
0500000US21165,0.5,0.0,2.1,55.5,7.9,72.3,23.3,6.3,26.9,2.8,95.5,0.1,0.0,0.0,0.0,0.0,1.5,1.67,19.4,88.7
0500000US21167,2.9,79.2,3.1,41.0,4.4,81.2,10.9,5.0,10.7,3.4,90.0,3.1,0.1,0.2,0.0,0.2,3.1,0.96,8.0,88.3
0500000US21169,1.3,93.5,2.2,46.4,4.9,82.6,19.5,6.4,27.5,2.8,93.5,2.5,0.1,0.0,0.0,0.0,1.2,1.0,13.3,90.4
0500000US21171,1.7,49.2,3.1,41.2,4.0,73.2,15.5,6.0,22.1,4.6,91.3,1.8,0.1,0.0,0.0,0.0,2.2,1.13,14.5,92.8
0500000US21173,1.2,68.9,4.2,41.9,4.0,84.1,16.5,7.2,15.4,3.5,91.6,1.3,0.3,0.5,0.0,0.2,2.6,1.24,13.5,90.6
0500000US21175,1.8,72.2,1.0,58.9,3.1,66.0,18.6,8.0,17.1,3.6,89.2,5.0,0.0,0.5,0.0,0.0,1.7,12.0,19.1,91.2
0500000US21177,1.8,32.9,2.0,48.3,5.7,78.3,16.1,4.8,18.4,2.0,91.9,2.0,0.1,1.0,0.0,0.0,2.9,4.27,15.7,93.1
0500000US21179,2.7,66.5,3.2,36.8,3.3,82.2,9.7,5.1,10.8,2.9,89.1,5.2,0.0,0.5,0.0,0.1,2.2,1.16,7.7,91.0
0500000US21181,0.4,3.0,1.0,44.7,6.1,77.6,15.5,3.5,17.6,1.0,95.5,1.2,0.0,0.0,0.0,0.0,2.3,1.15,12.3,94.3
0500000US21183,2.1,59.8,4.6,45.3,5.0,80.0,13.4,5.3,12.5,4.8,91.9,0.6,0.2,0.2,0.0,0.3,2.0,1.19,15.9,94.4
0500000US21185,4.2,37.4,6.0,35.7,3.5,83.7,3.4,3.2,4.3,5.0,85.6,2.9,0.1,1.6,0.0,0.8,4.1,5.66,5.5,79.9
0500000US21187,1.5,70.5,3.2,42.0,7.0,75.8,11.7,6.4,18.3,2.6,93.7,0.3,0.1,0.0,0.0,0.3,2.9,0.86,13.5,86.4
0500000US21189,0.0,-666666666.0,0.1,60.8,12.6,62.8,37.8,4.8,36.1,0.1,95.5,0.0,0.0,0.2,0.0,0.0,4.3,1.99,29.6,85.3
0500000US21191,1.1,35.7,1.1,41.1,4.5,80.7,15.4,6.5,15.9,1.6,92.3,0.4,0.1,0.2,0.0,0.4,5.0,1.74,15.4,86.7
0500000US21193,0.9,56.1,2.7,52.5,5.8,76.0,28.6,2.4,26.8,0.2,93.7,1.7,0.1,0.6,0.3,0.0,3.3,2.58,19.6,89.1
0500000US21195,0.9,65.8,1.5,56.5,5.2,76.6,20.4,4.1,24.4,1.3,93.9,0.6,0.0,0.6,0.0,0.0,3.6,2.4,17.5,91.5
0500000US21197,0.7,6.4,1.6,49.8,5.8,66.9,23.0,5.7,22.5,1.6,93.6,2.0,0.1,0.0,0.0,0.7,1.9,2.78,18.0,94.8
0500000US21199,1.9,44.3,2.3,47.6,4.9,77.1,15.2,6.1,19.7,3.1,92.3,0.8,0.1,0.8,0.0,0.1,2.8,1.6,13.7,91.5
0500000US21201,0.7,40.0,0.0,53.1,3.8,64.0,18.3,4.0,21.1,0.8,91.8,3.6,0.2,0.0,0.0,0.0,3.6,2.54,18.5,96.7
0500000US21203,0.4,33.3,1.3,51.4,4.6,73.1,21.9,6.8,25.6,1.3,95.3,0.6,0.0,0.1,0.1,0.4,2.1,2.0,16.6,86.9
0500000US21205,1.1,50.0,1.9,43.6,4.1,70.9,16.8,6.1,24.2,2.4,93.5,1.4,0.1,0.8,0.0,0.0,1.8,12.28,12.7,83.0
0500000US21207,2.0,82.1,4.4,45.8,6.4,80.6,17.7,7.6,23.1,4.6,91.5,1.1,0.0,0.3,0.1,0.0,2.4,1.17,18.2,92.3
0500000US21209,2.9,46.1,4.8,32.1,4.3,79.8,8.6,4.9,10.6,5.8,84.1,4.7,0.0,1.0,0.0,0.3,4.0,1.97,5.8,87.3
0500000US21211,6.6,71.5,9.8,37.3,4.2,79.2,8.5,5.5,9.7,11.0,77.6,3.7,0.2,0.9,0.0,0.3,6.2,3.03,10.2,85.9
0500000US21213,1.8,69.5,3.2,39.3,3.6,75.5,11.9,8.3,15.5,3.6,83.9,6.9,0.1,0.2,0.0,0.0,5.3,1.9,9.1,92.4
0500000US21215,0.7,51.0,1.6,36.3,5.0,81.5,6.6,3.9,9.8,2.7,92.5,0.8,0.1,0.5,0.0,0.3,3.1,0.47,7.0,84.7
0500000US21217,1.3,60.2,3.9,39.5,5.1,84.2,15.1,3.9,17.5,3.1,87.7,4.6,0.0,1.0,0.0,0.0,3.6,4.82,11.7,86.0
0500000US21219,2.6,80.4,13.0,43.0,3.2,65.4,13.2,20.4,20.9,5.3,83.6,6.7,0.0,0.2,0.0,1.2,3.0,1.37,17.6,83.1
0500000US21221,1.3,73.8,7.7,48.5,4.2,71.4,10.9,12.0,20.6,2.7,86.3,4.2,0.0,0.2,0.0,0.2,6.4,0.64,11.6,86.5
0500000US21223,1.1,38.5,1.5,42.2,6.2,76.2,10.8,5.2,13.3,3.0,92.2,1.1,0.1,0.3,0.0,0.7,2.6,0.48,12.4,89.3
0500000US21225,0.6,36.0,1.3,47.5,2.7,83.0,10.1,5.8,18.4,1.7,88.1,6.9,0.0,0.1,0.0,0.3,2.7,5.94,8.7,91.0
0500000US21227,10.4,62.8,15.3,33.9,4.4,80.3,12.8,7.9,17.0,7.1,73.8,9.1,0.1,5.0,0.6,0.1,4.2,3.99,11.6,87.7
0500000US21229,0.8,59.4,5.3,41.5,3.4,76.5,16.2,11.0,12.7,0.2,87.4,4.6,0.0,0.6,0.0,0.0,7.2,2.95,11.2,89.5
0500000US21231,1.7,32.5,3.6,51.4,5.8,74.7,20.3,5.2,24.8,4.5,91.4,1.2,0.3,0.0,0.0,0.0,2.5,1.34,19.1,86.5
0500000US21233,4.4,85.6,6.2,45.6,4.1,78.5,10.9,4.8,13.5,7.1,86.6,4.1,0.0,0.0,0.2,0.0,1.9,3.14,13.8,93.3
0500000US21235,0.8,64.7,0.9,48.2,5.4,75.9,19.7,6.2,26.3,2.1,94.4,1.1,0.0,0.3,0.0,0.1,2.0,4.68,15.7,86.8
0500000US21237,1.6,100.0,2.0,63.5,13.1,58.1,36.5,2.9,37.7,1.6,95.1,0.2,0.1,0.0,0.0,0.4,2.7,1.92,29.9,91.5
0500000US21239,6.8,78.4,7.5,35.1,2.5,74.8,8.5,5.6,10.5,7.8,84.4,3.8,0.0,0.4,0.0,0.4,3.1,2.07,8.9,83.4
0500000US22001,1.2,53.7,7.4,44.8,7.7,78.2,24.4,6.4,25.0,3.3,76.2,16.0,0.1,0.2,0.0,0.1,4.1,1.26,18.3,90.6
0500000US22003,6.0,90.1,10.3,52.6,9.8,72.2,26.5,7.2,23.1,6.0,64.2,20.7,1.1,0.7,0.0,0.3,7.0,14.87,19.3,89.5
0500000US22005,4.9,59.6,8.3,31.5,4.4,79.6,12.2,6.2,10.3,8.4,63.5,22.8,0.2,1.0,0.0,0.4,3.6,0.63,10.7,89.5
0500000US22007,2.4,46.8,9.4,45.1,4.8,80.9,19.9,8.6,15.3,4.3,63.9,27.7,0.7,0.9,0.0,0.1,2.4,0.8,20.1,93.1
0500000US22009,1.4,61.4,8.7,50.3,6.9,72.0,27.9,7.3,27.8,4.0,62.7,27.4,0.5,0.7,0.0,0.1,4.6,7.11,23.3,88.5
0500000US22011,1.1,36.1,3.4,44.0,6.8,77.9,17.5,8.5,14.3,3.9,79.0,10.8,0.1,0.7,0.0,0.7,4.8,2.75,12.4,93.6
0500000US22013,0.3,46.5,1.6,53.2,6.3,70.4,22.9,8.6,29.2,2.3,53.5,40.3,0.2,0.2,0.0,0.4,3.1,2.52,13.0,90.8
0500000US22015,4.3,55.6,7.9,38.0,5.9,77.6,10.6,9.5,15.9,8.3,61.6,23.5,0.1,1.6,0.0,0.5,4.3,1.91,9.1,89.8
0500000US22017,2.4,51.4,3.6,43.1,8.7,76.3,21.6,7.4,22.4,3.8,42.1,48.7,0.2,1.2,0.1,0.2,3.6,2.32,12.1,89.1
0500000US22019,3.6,60.8,6.5,39.0,5.4,79.0,15.7,7.6,17.4,5.4,64.7,23.3,0.1,1.5,0.0,0.7,4.3,1.3,10.2,91.0
0500000US22021,0.8,46.2,4.2,50.7,10.1,78.1,23.5,6.0,29.8,1.2,75.3,19.3,0.0,0.0,0.0,0.2,4.0,3.22,18.9,90.1
0500000US22023,0.4,78.9,5.7,43.0,2.1,78.3,8.6,2.4,7.4,0.5,85.8,3.3,1.6,0.0,0.0,0.0,8.8,0.54,7.8,99.2
0500000US22025,0.4,21.1,1.7,55.3,8.9,60.2,19.3,6.8,24.3,0.6,62.7,34.3,0.2,0.1,0.0,0.2,2.0,11.8,22.3,82.4
0500000US22027,0.8,23.1,0.9,63.7,5.1,71.3,33.8,3.7,32.0,0.6,44.4,50.3,0.1,0.1,0.1,0.0,4.5,13.6,22.0,95.3
0500000US22029,2.0,94.4,3.5,53.5,11.7,70.2,26.9,9.8,31.8,2.8,55.5,39.0,0.3,0.2,0.0,0.0,2.1,5.84,16.8,92.4
0500000US22031,1.1,61.1,2.0,47.4,6.0,78.6,20.1,5.2,21.5,3.2,58.8,34.4,0.4,0.3,0.0,0.2,2.7,0.86,14.1,91.8
0500000US22033,7.1,63.0,9.3,37.0,7.7,75.8,15.9,8.2,19.6,6.9,41.6,43.6,0.1,3.3,0.0,0.5,4.0,3.35,9.2,87.3
0500000US22035,0.5,0.0,3.7,60.5,13.9,65.2,29.6,4.0,35.2,2.3,28.2,62.0,0.7,0.0,0.0,0.3,6.6,24.97,27.5,90.6
0500000US22037,0.5,67.0,2.0,55.3,5.9,68.7,14.5,4.8,16.2,2.0,54.4,39.6,0.3,0.2,0.2,0.0,3.3,15.53,15.2,91.9
0500000US22039,2.8,95.1,16.2,48.0,9.8,76.0,31.2,8.5,24.3,4.9,64.5,25.5,0.1,0.4,0.0,1.1,3.5,3.86,23.2,89.8
0500000US22041,0.3,21.4,2.5,49.3,8.2,71.7,24.5,7.7,24.1,1.7,65.4,28.0,0.0,0.2,0.0,0.0,4.8,5.42,19.3,86.9
0500000US22043,3.7,86.7,5.9,52.8,3.7,67.9,18.5,7.1,17.0,6.3,73.9,15.0,1.1,0.8,0.0,0.0,2.9,14.08,16.9,94.8
0500000US22045,2.6,39.6,8.2,42.9,7.3,79.7,23.8,6.6,22.8,5.6,56.0,31.0,0.3,2.5,0.0,0.5,4.1,1.16,17.0,88.9
0500000US22047,3.4,87.8,4.9,48.6,6.1,70.8,21.1,8.1,19.9,5.2,46.0,43.2,0.2,0.0,0.1,0.6,4.6,9.02,17.2,91.3
0500000US22049,3.3,82.2,4.2,53.5,7.4,71.7,15.2,7.7,22.3,3.5,65.7,23.6,0.4,0.4,0.1,1.0,5.3,5.54,15.1,92.1
0500000US22051,14.6,59.0,21.4,36.6,6.2,79.8,14.1,11.4,16.6,18.9,47.2,25.1,0.1,4.2,0.0,0.7,3.7,0.75,13.7,87.4
0500000US22053,0.8,38.8,6.1,45.0,4.7,76.2,20.3,5.8,14.6,2.5,77.1,14.5,0.3,0.2,0.0,0.6,4.8,1.53,15.3,92.9
0500000US22055,5.2,63.4,9.6,34.6,5.1,77.2,12.5,8.7,17.1,6.7,61.7,25.4,0.1,1.9,0.1,0.5,3.6,1.3,9.8,85.9
0500000US22057,2.3,64.3,8.7,43.2,4.2,79.1,17.0,5.7,17.0,5.9,74.2,12.8,2.3,0.6,0.0,0.3,4.0,2.53,16.5,91.0
0500000US22059,0.9,88.5,6.0,44.9,4.9,76.1,16.7,3.6,16.0,9.1,75.3,11.5,0.0,1.0,0.5,0.0,2.6,6.94,17.1,88.2
0500000US22061,3.2,48.3,4.5,48.9,3.8,67.6,23.9,5.4,31.2,3.7,52.7,36.9,0.6,1.3,0.1,0.5,4.2,9.73,9.8,85.2
0500000US22063,4.0,77.2,5.3,37.9,4.2,76.9,13.0,8.6,12.9,6.6,80.2,8.9,0.1,0.7,0.0,0.5,3.0,0.73,11.5,91.5
0500000US22065,0.9,90.4,2.2,55.9,5.5,73.8,30.4,8.8,34.5,2.6,32.6,61.9,0.3,0.0,0.0,0.0,2.7,13.01,21.8,92.6
0500000US22067,0.7,63.9,1.6,48.4,9.4,75.7,30.0,5.6,29.3,1.7,47.2,48.3,0.1,0.2,0.1,0.4,2.0,3.45,16.3,91.9
0500000US22069,1.6,49.7,3.5,46.8,5.6,71.6,19.5,6.7,25.4,3.9,50.5,39.4,0.9,0.7,0.0,1.0,3.7,6.48,12.4,92.2
0500000US22071,6.6,51.0,10.2,39.3,7.5,77.8,18.5,8.1,22.6,8.2,30.1,53.9,0.1,2.8,0.0,1.0,4.0,3.84,10.4,70.7
0500000US22073,2.2,59.0,4.0,40.1,6.5,77.5,19.8,7.4,23.2,3.7,55.3,37.2,0.1,1.1,0.0,0.2,2.3,3.04,11.6,88.1
0500000US22075,5.9,47.3,10.5,36.1,4.2,73.4,14.8,6.5,12.9,9.8,58.8,20.4,1.1,3.5,0.0,0.1,6.2,3.03,12.4,90.7
0500000US22077,1.1,38.3,3.3,43.8,7.0,72.8,12.0,7.1,16.5,3.5,59.7,32.6,0.4,0.1,0.0,0.1,3.6,0.68,16.1,91.8
0500000US22079,2.8,60.0,5.0,41.5,5.1,73.0,19.1,8.1,19.9,4.2,59.4,30.7,0.4,1.1,0.0,0.4,3.7,3.01,12.1,86.9
0500000US22081,1.2,0.0,0.6,51.3,3.6,78.2,25.0,8.1,25.8,1.9,55.5,40.3,0.0,0.0,0.0,0.0,2.4,2.57,17.5,95.6
0500000US22083,0.6,28.1,1.9,48.5,8.9,74.6,24.6,6.8,24.0,2.3,60.2,35.7,0.1,0.1,0.0,0.0,1.6,5.64,19.5,90.6
0500000US22085,0.8,54.6,3.0,52.5,6.6,73.1,22.0,7.2,23.7,3.5,66.4,14.6,6.9,0.4,0.0,0.7,7.4,1.77,14.3,90.6
0500000US22087,5.7,69.8,10.0,40.4,7.6,77.6,25.1,7.8,23.0,13.9,55.5,23.6,0.7,1.9,0.0,0.1,4.2,0.52,17.8,87.4
0500000US22089,4.8,61.8,9.0,35.8,6.7,77.6,10.3,7.0,11.7,8.2,62.5,22.1,0.9,0.8,0.0,1.0,4.4,0.92,10.8,88.6
0500000US22091,0.6,41.0,1.8,48.1,17.6,73.1,30.7,6.7,32.4,0.9,44.6,50.7,0.6,0.4,0.0,0.0,2.9,1.09,17.7,88.0
0500000US22093,1.8,36.6,2.2,42.9,4.1,82.3,14.1,4.7,11.1,2.0,49.3,47.4,0.1,0.0,0.1,0.0,1.1,0.8,12.2,92.5
0500000US22095,5.3,50.9,8.0,40.0,10.9,75.0,20.2,6.7,14.4,8.9,29.5,56.8,0.1,0.9,0.0,0.3,3.3,0.87,14.5,90.8
0500000US22097,1.6,59.3,8.1,47.2,6.3,81.4,21.7,7.2,26.8,3.1,52.1,39.7,0.1,0.6,0.3,0.9,3.3,1.42,18.6,89.0
0500000US22099,1.8,72.1,10.6,41.9,4.0,77.5,20.4,6.1,15.3,3.6,63.1,28.6,0.2,0.8,0.1,0.3,3.3,0.52,16.8,89.5
0500000US22101,5.0,65.1,10.0,45.8,5.4,81.6,22.8,8.5,20.8,9.8,53.4,28.8,1.5,1.0,0.0,0.3,5.2,1.52,19.7,92.3
0500000US22103,4.5,53.9,7.0,37.1,4.8,78.0,9.0,6.8,11.4,8.2,72.4,12.0,0.2,1.3,0.3,0.8,4.6,0.94,8.0,84.3
0500000US22105,2.6,66.7,5.3,40.7,6.0,76.1,21.2,7.3,19.2,5.8,60.5,29.2,0.1,0.8,0.0,0.3,3.3,2.98,16.3,89.5
0500000US22107,0.9,100.0,1.3,64.6,11.4,64.9,31.8,5.6,34.4,1.1,41.3,54.0,0.0,1.0,0.0,0.0,2.6,6.63,19.5,91.6
0500000US22109,3.2,70.6,9.2,41.1,4.7,82.7,16.3,7.8,16.0,7.2,63.8,18.3,4.5,1.1,0.0,0.3,4.8,1.14,15.9,93.7
0500000US22111,3.3,65.3,4.8,50.7,5.1,82.2,20.4,9.9,29.4,5.8,69.0,23.5,0.0,0.2,0.0,0.0,1.4,2.53,12.5,93.7
0500000US22113,3.0,55.5,10.3,42.9,5.2,81.1,17.9,7.5,20.2,4.5,75.9,12.8,0.1,2.0,0.5,0.3,4.0,1.15,15.9,89.7
0500000US22115,3.3,36.7,7.7,39.8,5.7,71.1,14.6,6.8,19.0,9.4,70.0,12.2,0.7,1.6,0.4,0.3,5.4,3.21,11.0,89.2
0500000US22117,0.6,45.7,2.6,50.2,9.9,75.5,28.2,6.2,24.3,3.3,62.5,26.8,0.5,0.1,0.3,0.3,6.1,3.94,15.7,85.9
0500000US22119,1.0,47.9,1.8,50.7,5.1,76.8,27.0,5.2,23.1,2.3,61.3,33.5,0.3,0.3,0.1,0.1,2.1,2.85,14.0,89.5
0500000US22121,1.5,69.0,4.5,36.0,7.0,72.5,12.4,4.7,12.9,4.6,52.2,40.8,0.0,0.5,0.0,0.1,1.7,2.63,10.0,93.4
0500000US22123,0.8,80.0,4.3,48.3,5.7,79.4,23.0,5.9,16.2,3.7,79.5,14.7,0.2,0.2,0.1,0.2,1.4,2.05,18.3,92.0
0500000US22125,1.6,55.8,3.8,56.2,4.1,76.2,14.2,5.5,11.8,4.1,50.1,42.9,0.5,0.3,0.0,0.6,1.5,28.78,16.8,91.9
0500000US22127,6.9,97.0,7.5,53.2,5.2,74.4,18.4,6.5,24.3,7.8,60.7,26.5,0.0,1.8,0.0,0.3,2.8,11.23,17.3,88.4
0500000US23001,5.6,58.2,10.5,36.3,4.3,81.4,16.8,5.9,14.4,2.2,87.2,5.5,0.0,1.2,0.0,0.3,3.6,3.69,6.9,81.4
0500000US23003,4.1,39.2,14.0,45.3,5.3,72.7,20.7,8.0,14.4,1.7,92.5,0.7,1.1,0.3,0.1,0.1,3.3,2.78,8.9,87.4
0500000US23005,6.7,50.8,7.6,32.3,3.1,81.4,7.5,4.7,7.3,2.8,85.6,3.4,0.1,2.2,0.0,0.4,5.5,3.16,3.2,70.5
0500000US23007,2.7,40.4,3.4,43.3,4.6,71.7,15.4,7.9,12.2,1.7,93.1,0.8,0.2,0.6,0.0,0.4,3.3,4.11,5.9,79.2
0500000US23009,3.3,47.6,3.3,40.0,4.6,73.3,8.4,9.6,9.9,1.9,92.6,1.0,0.4,1.0,0.0,0.4,2.8,2.95,4.4,80.1
0500000US23011,2.4,43.9,4.8,39.9,3.9,74.4,13.6,5.8,11.6,2.3,91.8,0.9,0.2,0.9,0.0,0.4,3.7,3.47,5.2,80.5
0500000US23013,3.1,41.1,4.2,41.9,3.9,73.5,8.5,5.5,8.2,1.9,93.2,0.3,0.1,0.5,0.0,0.2,3.8,4.41,5.2,78.2
0500000US23015,2.2,40.6,3.3,43.4,2.9,74.0,7.9,6.6,7.9,1.4,93.1,0.8,0.3,0.7,0.0,0.1,3.7,2.15,5.0,82.8
0500000US23017,1.4,44.7,2.1,43.6,4.3,75.9,15.7,8.6,13.8,1.7,92.2,0.3,0.2,0.7,0.0,0.4,4.5,1.52,7.4,83.2
0500000US23019,3.4,49.6,4.9,40.4,3.6,78.2,15.6,6.3,14.1,2.1,91.1,1.1,0.7,1.1,0.1,0.5,3.4,4.75,5.2,82.9
0500000US23021,2.3,63.2,2.6,46.1,3.6,77.4,17.9,10.1,15.5,1.9,92.7,1.0,0.1,0.8,0.0,0.2,3.3,2.03,8.6,83.5
0500000US23023,2.5,30.2,2.8,37.3,4.6,75.7,8.7,5.3,10.0,2.0,92.0,0.5,0.0,0.7,0.0,0.4,4.4,0.91,4.3,78.8
0500000US23025,1.5,42.3,2.2,44.3,3.5,77.0,17.7,7.5,14.2,1.5,93.8,0.5,0.1,0.4,0.0,0.2,3.4,1.57,6.8,84.9
0500000US23027,2.3,44.3,4.4,41.9,3.7,73.7,12.5,9.2,12.0,1.6,92.8,0.4,0.2,0.5,0.0,0.6,4.0,2.02,6.4,79.8
0500000US23029,3.7,35.4,5.6,47.1,6.3,66.1,18.8,9.1,17.1,2.5,87.6,0.7,4.4,0.3,0.1,0.2,4.1,3.32,8.9,84.7
0500000US23031,4.0,41.9,5.7,35.0,3.4,77.5,8.1,4.8,7.7,2.2,90.1,1.1,0.1,1.1,0.0,0.4,4.9,1.59,4.6,79.4
0500000US24001,2.1,44.6,3.2,50.2,5.0,72.1,21.0,3.8,16.9,2.0,85.9,6.8,0.2,1.0,0.0,0.5,3.6,9.67,9.6,87.0
0500000US24003,10.0,41.9,13.9,30.6,3.7,72.2,6.5,4.7,5.6,10.5,61.7,17.6,0.1,4.2,0.1,0.5,5.4,2.22,6.4,76.8
0500000US24005,13.2,39.8,15.8,34.2,4.9,76.3,11.3,5.4,9.8,7.8,51.1,30.1,0.1,6.1,0.0,0.6,4.1,2.3,8.3,77.3
0500000US24009,4.0,26.3,5.9,33.4,2.7,65.8,5.1,3.0,3.9,5.2,73.6,11.9,0.1,1.9,0.0,0.6,6.6,0.57,5.1,78.5
0500000US24011,6.1,73.7,8.5,36.6,5.7,76.3,17.6,7.3,12.2,9.3,72.5,12.6,0.0,0.7,0.0,0.5,4.4,1.73,16.2,89.2
0500000US24013,5.5,42.5,6.9,32.4,3.5,74.6,5.2,2.9,5.2,5.1,84.5,4.0,0.1,2.4,0.0,0.7,3.2,2.34,4.7,80.6
0500000US24015,3.9,41.2,6.9,37.7,5.5,75.2,13.4,3.6,10.8,5.6,80.4,7.1,0.1,1.2,0.0,0.6,5.0,1.63,8.2,83.8
0500000US24017,8.5,40.0,10.2,30.4,4.8,60.9,9.7,4.6,6.9,7.9,32.0,48.4,0.2,3.3,0.1,0.7,7.4,0.83,5.5,78.7
0500000US24019,4.5,59.1,6.1,41.3,5.7,71.9,21.0,5.5,17.1,6.1,60.7,24.8,0.0,1.2,0.0,0.8,6.4,1.46,13.7,89.0
0500000US24021,13.8,40.5,17.7,30.1,3.3,74.0,7.4,4.7,6.0,12.9,65.7,10.1,0.1,5.9,0.0,0.3,5.0,1.64,6.6,74.7
0500000US24023,1.4,45.6,3.3,41.8,4.4,72.5,15.1,6.2,11.2,1.4,94.7,0.6,0.2,0.5,0.0,0.6,2.0,2.41,9.8,83.4
0500000US24025,5.9,33.1,8.6,32.5,3.8,73.6,7.4,3.6,7.1,5.8,71.6,14.1,0.1,3.0,0.1,0.7,4.7,0.69,4.9,82.0
0500000US24027,22.8,34.1,28.3,30.6,3.5,72.0,5.6,4.2,5.2,8.7,45.9,19.7,0.1,19.2,0.0,0.7,5.7,0.82,5.0,70.3
0500000US24029,3.7,33.7,5.0,39.9,3.0,76.8,12.3,6.1,9.7,5.8,75.9,14.0,0.0,1.3,0.0,0.3,2.7,8.23,7.1,76.5
0500000US24031,33.6,42.4,43.0,30.2,4.9,71.5,7.4,7.0,7.5,21.0,39.5,18.3,0.1,15.3,0.0,1.0,4.8,0.81,8.7,60.4
0500000US24033,25.3,56.4,30.7,30.4,6.4,68.4,12.2,11.4,10.8,22.5,10.8,58.2,0.1,3.9,0.0,0.7,3.8,2.0,13.4,69.9
0500000US24035,5.1,56.9,5.7,32.4,3.8,73.7,7.2,5.7,6.4,5.7,82.5,5.5,0.0,1.0,0.0,0.7,4.6,0.74,6.5,83.0
0500000US24037,4.3,41.5,7.3,31.5,3.6,62.2,11.2,3.9,8.0,6.1,70.3,14.6,0.1,2.6,0.0,0.5,5.9,2.32,7.3,77.9
0500000US24039,5.1,63.3,6.5,54.0,7.5,60.3,24.9,3.6,16.4,4.6,50.8,38.5,0.2,0.7,0.0,0.4,4.7,20.03,13.3,86.0
0500000US24041,8.0,56.4,9.9,43.6,4.3,74.5,10.3,3.9,9.3,9.6,73.8,12.2,0.1,1.4,0.1,0.2,2.5,1.17,7.9,79.3
0500000US24043,6.6,49.8,9.4,40.4,4.2,76.3,15.3,6.3,12.4,7.9,73.3,11.5,0.1,1.6,0.1,0.3,5.3,4.77,11.4,83.4
0500000US24045,9.4,53.0,13.9,33.7,5.9,75.2,17.2,6.7,13.9,7.1,57.9,26.5,0.0,2.4,0.0,0.6,5.4,3.93,9.2,88.3
0500000US24047,4.7,49.3,6.3,41.2,6.7,72.3,9.9,5.0,9.9,4.0,77.8,12.0,0.0,1.4,0.1,0.7,4.0,1.38,6.0,83.3
0500000US24510,9.3,53.9,12.0,36.8,6.5,75.5,23.2,5.9,19.7,8.2,26.0,58.5,0.2,2.6,0.0,0.6,3.9,3.64,12.3,62.6
0500000US25001,9.9,45.6,10.8,41.7,5.0,77.5,9.4,2.7,7.7,3.7,85.2,2.8,0.3,1.5,0.0,1.3,5.2,1.28,3.8,79.1
0500000US25003,6.2,48.2,8.1,39.5,5.4,77.5,16.5,1.7,11.4,5.9,84.8,2.6,0.1,1.9,0.0,0.4,4.3,4.75,5.9,78.3
0500000US25005,13.6,41.0,21.7,34.8,5.5,82.1,19.8,3.3,11.3,10.2,75.3,4.0,0.1,2.4,0.0,1.7,6.2,2.49,13.3,83.6
0500000US25007,13.8,60.1,14.1,32.7,6.6,70.1,6.6,2.1,4.4,3.3,80.0,2.7,1.0,1.5,0.0,2.9,8.6,1.24,4.7,68.7
0500000US25009,19.1,44.3,28.7,32.5,5.1,82.1,16.6,2.8,9.4,24.1,64.5,3.5,0.0,3.5,0.0,0.8,3.5,2.13,9.9,74.9
0500000US25011,5.0,48.2,6.7,37.6,5.4,70.4,17.0,2.1,12.1,5.4,87.5,1.3,0.0,2.0,0.0,0.5,3.2,2.28,5.5,79.3
0500000US25013,9.4,39.8,25.6,39.9,6.0,78.2,25.5,3.0,16.3,27.0,59.3,7.6,0.0,2.5,0.0,0.4,3.1,2.89,12.8,83.9
0500000US25015,8.4,45.7,12.9,38.5,5.0,71.6,12.5,1.7,11.3,7.4,80.3,2.5,0.1,5.3,0.0,0.4,4.1,14.3,4.6,69.7
0500000US25017,23.1,49.5,29.1,30.1,4.4,83.7,9.3,2.4,7.7,9.3,65.1,4.7,0.1,13.6,0.0,1.4,5.8,3.63,6.8,60.5
0500000US25019,15.8,46.8,18.7,28.2,4.3,71.4,10.0,7.8,3.2,17.0,68.2,9.4,0.1,1.7,0.0,0.9,2.7,1.79,6.8,73.9
0500000US25021,19.3,40.8,23.3,30.8,4.9,83.0,9.4,1.9,6.7,5.8,68.7,7.1,0.1,12.4,0.0,1.1,4.8,2.51,5.6,63.4
0500000US25023,11.2,39.5,14.7,33.3,5.1,79.6,12.7,2.5,7.1,4.9,76.1,7.8,0.1,1.7,0.0,2.7,6.8,2.08,6.9,77.5
0500000US25025,29.8,49.5,38.8,30.2,6.3,84.4,19.7,3.1,16.2,23.2,43.6,17.1,0.1,9.2,0.0,1.1,5.6,6.17,12.5,41.5
0500000US25027,14.5,47.3,22.3,33.5,5.3,81.0,15.9,2.5,10.3,13.7,70.3,4.8,0.1,5.3,0.0,1.1,4.7,3.25,8.8,78.3
0500000US26001,2.0,19.7,1.8,57.3,4.5,74.5,12.5,3.9,12.3,1.7,93.1,0.7,0.3,0.5,0.0,0.5,3.4,0.95,7.1,85.5
0500000US26003,1.1,55.9,2.8,58.7,6.8,73.5,11.0,4.3,10.4,1.8,81.4,7.6,2.3,0.3,0.0,0.7,5.9,11.66,6.1,84.9
0500000US26005,3.5,56.6,7.1,38.2,3.0,85.0,7.8,4.8,8.4,8.1,84.6,1.2,0.2,0.7,0.0,0.5,4.7,0.96,7.6,87.0
0500000US26007,1.2,49.0,2.5,46.1,6.2,83.5,16.7,5.2,18.0,1.7,92.4,1.0,0.1,0.2,0.0,0.5,4.2,2.1,7.4,84.5
0500000US26009,1.6,55.8,1.9,45.4,3.9,78.5,10.0,5.8,9.9,2.2,92.4,0.5,0.5,0.3,0.0,0.9,3.2,0.86,5.3,82.1
0500000US26011,0.8,48.0,2.5,47.6,6.0,80.3,16.1,6.0,11.7,2.2,93.0,0.7,0.4,0.1,0.0,0.1,3.5,1.19,11.8,87.0
0500000US26013,0.7,22.4,2.3,56.5,5.1,72.4,16.2,3.8,15.2,1.7,72.0,6.3,11.8,0.8,0.1,0.1,7.2,12.22,8.2,91.0
0500000US26015,2.7,64.8,4.9,40.7,4.3,84.6,9.4,5.2,8.4,3.7,91.8,0.3,0.1,0.6,0.1,0.3,3.1,0.65,6.6,86.3
0500000US26017,1.3,33.4,2.3,40.7,4.3,84.6,13.6,4.4,13.2,5.9,88.2,1.0,0.1,0.5,0.1,0.5,3.7,1.09,8.1,88.7
0500000US26019,1.4,42.5,2.0,45.8,3.1,78.0,7.8,5.6,9.7,2.5,91.4,0.6,0.9,0.5,0.0,0.9,3.2,1.66,5.9,85.6
0500000US26021,5.5,51.5,7.9,40.1,6.2,83.9,14.2,6.4,15.1,6.3,72.7,13.1,0.2,1.8,0.0,0.7,5.2,2.02,7.7,84.7
0500000US26023,3.9,60.0,11.7,41.9,5.7,82.2,12.8,9.8,16.4,6.8,86.4,1.7,0.1,0.4,0.0,0.4,4.1,3.93,11.4,89.7
0500000US26025,4.1,54.6,6.9,40.4,6.4,81.5,13.5,5.8,13.9,5.9,75.3,9.6,0.3,2.6,0.0,0.4,6.0,2.76,8.6,88.1
0500000US26027,2.7,46.4,4.3,41.2,5.0,83.5,12.8,6.9,11.9,4.5,84.0,4.0,0.7,0.8,0.0,0.8,5.2,0.92,10.0,87.3
0500000US26029,1.8,29.8,3.0,42.2,3.4,81.3,8.0,6.2,8.7,2.0,92.3,0.5,0.7,0.7,0.0,0.4,3.4,1.22,4.9,84.0
0500000US26031,2.2,29.9,3.0,48.6,6.1,78.9,12.6,5.9,12.4,1.7,89.0,0.9,2.2,0.5,0.0,0.2,5.4,1.03,8.9,87.4
0500000US26033,2.9,44.3,4.7,46.9,5.2,67.7,13.1,5.7,14.0,2.3,67.3,5.6,13.2,0.7,0.0,0.7,10.2,12.15,7.4,86.1
0500000US26035,0.9,43.6,5.5,53.8,9.5,79.6,19.0,10.2,21.6,2.3,92.8,0.9,0.4,0.3,0.0,0.2,3.0,1.2,11.3,84.1
0500000US26037,2.7,42.9,4.5,36.1,3.8,73.0,6.6,2.9,9.7,5.2,87.3,1.8,0.2,1.5,0.0,0.5,3.4,1.03,4.7,81.3
0500000US26039,1.6,41.3,1.6,50.2,8.2,75.4,14.8,5.1,14.7,2.4,91.5,0.4,0.2,0.8,0.0,0.5,4.1,1.24,8.7,86.1
0500000US26041,1.0,44.9,1.5,48.8,4.2,78.1,12.4,4.8,12.7,1.5,89.9,0.2,1.5,0.5,0.0,0.2,6.1,1.96,7.1,90.6
0500000US26043,1.6,45.1,3.0,42.5,3.6,82.6,8.3,3.7,10.5,2.0,92.3,0.3,0.4,0.3,0.1,0.6,4.0,1.4,3.6,85.6
0500000US26045,4.2,45.0,6.5,36.4,4.5,77.0,10.1,4.4,8.3,6.3,79.8,6.7,0.2,2.2,0.0,0.6,4.1,1.76,5.8,81.3
0500000US26047,1.5,36.4,3.1,39.4,3.2,76.8,7.4,6.4,8.5,2.1,89.1,0.4,1.5,0.5,0.0,0.6,5.8,1.22,3.7,83.6
0500000US26049,2.9,38.5,3.9,41.5,8.1,83.8,18.8,4.8,16.4,4.3,70.0,19.1,0.2,1.1,0.0,0.5,4.8,1.25,8.4,87.6
0500000US26051,1.2,33.2,3.8,52.6,6.8,83.6,16.2,8.1,14.9,2.2,92.7,0.3,0.4,0.4,0.0,0.3,3.6,0.88,10.9,86.6
0500000US26053,1.2,33.9,2.9,46.8,6.5,75.6,18.6,5.1,14.4,2.0,90.5,0.4,2.4,0.6,0.2,0.1,3.8,2.16,4.0,88.5
0500000US26055,2.0,33.3,2.4,36.0,3.8,82.8,7.5,4.3,9.6,3.4,90.5,0.8,0.4,0.7,0.0,0.1,4.1,1.97,4.3,79.8
0500000US26057,1.3,62.2,4.1,47.3,4.2,80.2,15.1,4.2,14.0,7.7,83.0,5.8,0.3,0.4,0.0,0.3,2.7,14.33,8.3,86.6
0500000US26059,1.5,43.6,3.4,43.0,4.4,81.1,12.0,6.4,14.4,2.8,92.1,0.7,0.0,0.3,0.0,0.5,3.6,3.38,8.9,85.8
0500000US26061,5.3,70.4,6.5,42.2,5.7,76.0,9.7,5.1,16.5,1.8,90.9,1.1,0.5,2.9,0.0,0.9,1.9,11.64,5.5,73.8
0500000US26063,1.7,52.5,3.3,44.5,4.1,78.9,11.3,4.8,12.6,2.8,93.3,0.3,0.2,0.6,0.1,0.5,2.3,1.68,7.5,87.2
0500000US26065,9.4,55.1,13.4,35.8,6.2,74.0,12.1,4.9,16.7,8.7,66.6,11.0,0.2,6.2,0.0,0.8,6.4,6.31,6.3,74.1
0500000US26067,1.4,47.9,2.5,40.8,3.9,81.8,13.6,5.2,10.6,5.3,85.3,3.3,0.5,0.5,0.0,0.3,4.8,5.09,9.0,87.2
0500000US26069,2.0,30.0,3.0,52.1,6.5,83.1,14.8,4.6,17.7,2.8,91.3,0.9,0.1,0.8,0.0,0.4,3.7,1.08,9.8,87.7
0500000US26071,0.9,42.9,3.4,52.1,5.4,77.9,13.3,5.0,17.0,2.3,90.6,0.9,0.8,0.6,0.0,1.0,3.7,2.69,5.3,83.1
0500000US26073,3.3,69.2,6.5,37.6,6.4,76.0,11.4,7.8,21.9,5.1,83.0,2.4,2.5,1.6,0.0,0.4,4.9,8.07,8.1,83.6
0500000US26075,2.2,55.6,3.5,43.2,5.5,81.1,13.7,4.9,11.6,4.1,82.0,7.4,0.2,0.8,0.0,0.3,5.4,5.75,7.6,86.8
0500000US26077,5.8,51.1,7.9,34.3,5.5,84.5,11.2,4.7,12.7,5.9,74.6,10.8,0.1,2.8,0.0,0.3,5.4,2.99,5.3,82.9
0500000US26079,1.4,29.2,2.7,44.5,3.8,81.5,15.6,6.1,12.2,2.3,92.3,0.8,0.2,0.5,0.0,0.1,3.7,1.11,9.5,90.6
0500000US26081,8.9,55.8,13.1,31.2,4.2,87.0,10.3,4.8,10.1,11.7,70.4,9.4,0.2,3.2,0.0,0.6,4.6,1.78,7.7,81.0
0500000US26083,1.5,24.2,3.0,54.9,2.2,74.1,7.4,8.7,15.2,2.0,92.7,0.0,0.1,0.0,0.0,2.0,3.2,0.75,3.9,72.0
0500000US26085,1.0,41.5,4.6,55.3,7.4,81.2,19.1,7.3,20.5,9.3,75.5,7.8,0.8,0.3,0.0,0.8,5.5,2.33,14.3,86.6
0500000US26087,2.3,55.1,4.2,40.6,5.1,84.1,11.4,4.8,9.7,5.0,89.7,1.0,0.1,0.3,0.0,0.4,3.5,1.79,7.7,88.9
0500000US26089,1.9,29.4,4.3,49.3,3.4,75.4,4.7,3.2,6.5,4.3,89.0,0.6,2.1,0.5,0.0,0.4,3.2,1.39,2.9,80.5
0500000US26091,2.2,47.2,4.8,41.9,4.7,81.0,11.1,5.0,10.7,8.9,84.8,2.3,0.1,0.3,0.0,0.3,3.3,4.8,8.6,86.8
0500000US26093,3.0,28.9,3.5,36.1,3.4,84.7,4.8,2.7,5.1,3.0,92.4,0.6,0.2,0.9,0.0,0.3,2.6,0.64,3.6,81.5
0500000US26095,1.4,40.4,3.4,58.8,9.9,74.3,14.4,5.2,16.7,2.0,76.4,8.2,6.4,0.1,0.0,0.0,6.8,16.65,7.4,87.6
0500000US26097,5.9,85.6,7.4,48.6,8.0,69.7,11.9,10.3,16.1,2.3,71.1,4.8,13.7,0.6,0.0,0.1,7.5,3.45,7.8,72.3
0500000US26099,11.7,28.8,15.6,36.2,5.7,85.5,12.8,4.9,10.4,3.2,74.1,12.7,0.1,5.1,0.1,0.4,4.4,0.87,9.2,83.8
0500000US26101,1.6,39.7,3.4,50.2,6.4,77.9,12.1,4.8,12.7,3.6,87.4,3.2,1.2,0.4,0.1,0.2,4.0,5.78,7.8,85.4
0500000US26103,2.1,33.9,2.6,40.4,4.6,77.9,9.6,3.4,14.0,2.1,90.7,1.3,0.9,0.5,0.0,0.2,4.2,6.2,4.3,86.0
0500000US26105,1.7,57.4,3.3,45.5,4.5,77.5,12.9,5.2,14.1,4.9,89.4,1.0,0.4,0.5,0.0,0.3,3.7,1.37,5.9,84.0
0500000US26107,2.0,54.4,6.1,45.6,4.0,77.6,14.4,7.8,19.9,3.0,89.6,2.1,0.5,0.7,0.0,0.2,3.9,5.43,8.6,84.8
0500000US26109,1.6,47.0,2.8,45.5,4.2,81.6,10.1,4.1,12.2,2.4,91.1,0.4,2.0,0.4,0.0,0.1,3.6,1.53,7.2,86.7
0500000US26111,3.2,33.7,3.9,40.5,4.4,84.2,11.7,4.2,10.7,3.4,89.2,1.2,0.2,2.2,0.0,0.4,3.4,1.48,4.5,85.4
0500000US26113,1.6,54.4,3.4,42.3,6.7,82.3,12.9,8.4,11.3,3.4,90.4,0.3,0.2,0.4,0.0,0.2,5.0,1.13,8.9,90.0
0500000US26115,2.3,44.3,3.5,40.5,5.1,83.6,10.0,3.4,10.5,4.4,88.5,2.2,0.0,0.4,0.0,0.4,4.1,0.89,8.1,88.5
0500000US26117,2.3,69.6,4.7,43.9,5.0,82.5,12.8,8.9,12.6,4.5,87.0,3.2,0.2,0.2,0.0,0.5,4.4,4.04,11.5,90.3
0500000US26119,1.8,36.6,2.6,58.1,5.3,78.2,16.8,6.1,18.2,1.7,93.0,0.7,0.3,0.6,0.0,0.1,3.6,0.95,9.1,87.6
0500000US26121,1.9,47.2,4.0,40.5,6.4,83.0,19.4,4.5,14.1,6.3,75.0,12.0,0.4,0.6,0.1,0.2,5.6,3.23,7.9,90.3
0500000US26123,2.1,50.1,5.2,44.4,4.4,83.2,16.6,6.2,12.8,6.3,87.2,0.8,0.3,0.4,0.1,0.9,4.1,1.22,10.6,88.3
0500000US26125,13.3,45.9,16.0,33.7,4.8,85.9,7.7,3.8,7.7,5.0,68.2,12.7,0.1,8.5,0.0,0.5,4.8,0.98,4.9,77.2
0500000US26127,4.1,70.3,11.4,44.1,6.5,78.5,15.9,7.5,13.6,15.5,79.5,1.0,0.5,0.1,0.0,0.2,3.2,2.33,9.7,89.1
0500000US26129,1.9,35.5,2.0,52.5,6.2,81.7,18.3,6.0,16.7,2.3,92.5,0.5,0.2,0.8,0.0,0.2,3.5,1.31,9.3,87.6
0500000US26131,1.1,9.4,2.3,57.1,5.3,66.2,11.3,5.5,12.5,1.8,92.3,0.5,0.4,0.4,0.0,0.4,4.2,1.16,5.5,80.6
0500000US26133,0.9,44.2,4.3,46.7,6.4,78.1,15.1,9.3,15.8,2.1,91.6,1.1,0.3,0.4,0.0,0.8,3.7,1.77,9.8,89.7
0500000US26135,0.9,38.0,7.2,55.8,8.0,76.8,16.3,13.0,17.2,2.1,93.1,0.4,0.3,0.2,0.0,0.1,3.8,0.55,14.1,80.0
0500000US26137,1.6,51.5,2.4,36.9,4.0,77.2,10.5,5.7,8.0,2.0,92.9,0.7,0.3,0.6,0.0,0.1,3.3,1.43,5.5,87.6
0500000US26139,5.1,48.5,8.1,33.1,3.5,85.1,6.0,3.3,8.3,10.3,81.7,1.5,0.1,2.7,0.0,0.4,3.2,3.48,5.6,85.5
0500000US26141,1.1,25.9,4.1,54.1,6.5,78.8,10.6,5.2,14.0,1.6,94.2,0.2,0.2,0.2,0.0,0.2,3.4,1.3,7.6,83.9
0500000US26143,1.3,44.0,1.4,57.7,4.7,75.2,16.8,4.9,15.5,2.0,92.4,0.7,0.2,0.1,0.0,0.2,4.4,0.99,8.2,86.5
0500000US26145,2.4,42.2,4.6,42.8,6.4,83.4,19.6,4.5,18.2,9.2,67.8,18.1,0.1,1.2,0.0,0.2,3.4,3.33,8.4,86.4
0500000US26147,2.0,40.2,2.5,39.2,5.7,81.8,13.3,4.9,11.3,3.7,89.7,2.1,0.1,0.5,0.0,0.3,3.6,0.91,8.0,88.7
0500000US26149,4.1,65.8,12.5,38.5,5.9,85.3,14.8,10.1,11.4,9.4,83.5,2.1,0.0,0.7,0.0,0.5,3.8,1.06,13.3,88.3
0500000US26151,1.4,37.1,4.8,45.2,6.0,78.3,12.6,7.8,15.3,4.3,91.9,0.4,0.1,0.3,0.0,0.3,2.8,1.29,9.4,87.2
0500000US26153,1.0,65.5,3.1,49.8,6.2,74.2,11.8,5.1,14.1,1.7,81.7,0.5,7.3,0.2,0.0,0.1,8.6,1.91,8.5,89.5
0500000US26155,1.1,34.6,2.0,40.1,4.0,81.2,15.0,4.0,12.0,3.2,92.7,0.4,0.1,0.4,0.0,0.3,2.9,0.93,7.3,88.5
0500000US26157,0.9,38.6,2.2,45.5,6.0,82.5,14.2,4.6,12.8,3.8,91.5,1.0,0.2,0.4,0.0,0.1,3.0,1.58,7.4,92.3
0500000US26159,4.6,57.7,10.1,41.4,4.2,82.4,13.7,7.0,14.3,12.5,78.2,3.5,0.4,0.5,0.0,0.4,4.4,1.38,10.4,86.5
0500000US26161,13.1,50.2,15.7,37.0,4.6,75.1,8.5,3.3,14.2,5.8,67.2,11.3,0.2,9.2,0.0,0.6,5.8,5.2,4.0,66.2
0500000US26163,10.3,38.5,16.4,40.8,8.7,84.3,23.0,5.6,20.8,6.9,47.9,36.6,0.2,3.7,0.0,0.5,4.3,1.08,12.0,80.4
0500000US26165,1.8,42.7,3.4,44.3,5.3,82.9,16.9,6.7,13.9,2.7,90.8,1.1,0.2,0.6,0.0,0.0,4.5,1.73,10.0,88.7
0500000US27001,0.9,30.6,1.8,52.0,5.8,76.2,8.9,5.2,13.1,1.5,92.5,0.6,1.4,0.2,0.0,0.7,2.9,1.53,5.4,83.2
0500000US27003,10.2,32.0,14.3,30.3,4.3,83.6,7.2,4.6,7.0,5.8,74.5,8.8,0.4,5.6,0.0,0.3,4.6,0.91,5.6,79.8
0500000US27005,1.2,44.9,3.0,39.1,4.3,74.7,11.6,5.8,12.9,2.0,84.9,0.7,4.7,0.5,0.0,0.5,6.7,1.43,6.8,84.9
0500000US27007,1.4,46.0,4.7,37.5,4.7,68.5,13.5,7.8,16.1,2.6,70.0,0.8,18.7,0.6,0.1,0.7,6.5,4.18,7.7,87.0
0500000US27009,3.5,55.5,5.5,27.6,3.9,79.3,8.6,3.4,9.9,3.5,86.0,5.5,0.1,1.0,0.0,0.4,3.5,2.16,7.4,85.7
0500000US27011,1.8,52.7,3.8,42.9,1.8,73.9,9.5,3.5,12.9,2.7,93.6,0.3,0.2,0.7,0.0,0.3,2.2,4.23,6.1,83.8
0500000US27013,5.4,43.3,7.7,30.7,4.9,81.6,8.8,4.3,15.7,4.8,84.4,4.8,0.2,2.3,0.0,0.2,3.4,6.28,5.3,86.1
0500000US27015,2.9,38.7,5.0,34.4,2.9,78.8,6.5,4.6,8.5,5.1,91.4,0.9,0.2,0.5,0.0,0.5,1.4,4.53,7.2,86.6
0500000US27017,1.8,61.8,3.6,40.7,4.8,74.6,7.4,4.5,11.9,1.9,86.9,2.2,3.1,0.5,0.0,0.4,4.9,7.89,6.4,86.7
0500000US27019,5.6,42.5,8.0,26.8,3.1,86.1,3.7,2.1,4.4,5.1,85.5,1.6,0.1,3.3,0.0,0.3,3.9,0.9,3.0,73.4
0500000US27021,1.4,25.5,2.9,44.9,6.6,73.8,11.6,6.9,12.8,1.8,80.8,0.4,8.7,0.5,0.1,0.6,7.2,1.31,5.7,82.9
0500000US27023,6.7,82.7,10.1,36.9,4.4,71.2,9.8,7.3,14.5,10.6,82.1,0.5,1.4,1.4,2.5,0.3,1.2,3.09,8.3,89.4
0500000US27025,2.5,45.1,4.2,33.9,4.1,82.2,5.3,4.3,6.0,2.8,89.8,1.2,0.4,2.0,0.0,0.5,3.3,2.97,4.1,83.2
0500000US27027,4.2,45.2,6.9,29.7,4.1,78.8,9.9,4.0,13.3,5.0,83.5,4.6,0.7,1.6,0.0,0.2,4.4,4.69,4.7,81.9
0500000US27029,1.1,21.7,7.9,42.3,7.7,73.4,13.1,12.4,12.6,0.9,83.6,0.2,6.8,0.8,0.0,0.3,7.3,1.49,11.6,86.9
0500000US27031,3.5,63.1,5.2,38.4,2.2,68.3,4.1,5.2,10.2,3.1,83.6,1.3,6.1,0.6,0.1,0.3,4.8,1.24,3.4,69.2
0500000US27033,6.9,60.4,10.3,35.7,2.8,73.8,9.4,5.9,15.0,11.3,80.0,1.7,0.3,3.8,0.7,0.1,1.9,3.26,5.5,82.1
0500000US27035,1.3,36.5,2.0,40.4,5.5,78.3,8.7,5.2,9.9,1.6,93.2,0.5,0.7,0.4,0.0,0.5,3.1,1.85,5.4,83.0
0500000US27037,10.1,40.6,14.1,29.0,3.6,82.7,4.9,4.2,5.8,8.7,72.7,7.7,0.2,5.2,0.0,0.5,5.0,0.76,4.8,75.1
0500000US27039,2.9,64.8,6.1,29.5,3.3,78.1,6.1,5.5,7.0,5.4,89.4,1.1,0.1,0.5,0.0,0.5,3.0,0.77,4.6,83.4
0500000US27041,1.5,29.1,2.5,37.0,2.9,78.2,6.0,4.0,9.0,2.3,93.7,0.5,0.2,0.5,0.2,0.3,2.2,1.93,4.0,84.9
0500000US27043,1.9,75.9,5.2,36.7,3.4,75.1,10.1,5.8,10.4,8.1,88.0,0.6,0.1,0.6,0.0,0.4,2.1,1.92,8.0,84.2
0500000US27045,1.6,54.5,5.0,33.0,2.7,76.8,6.7,7.2,8.4,2.0,94.3,0.5,0.1,0.7,0.0,0.4,2.0,2.12,6.7,82.2
0500000US27047,4.2,40.4,8.6,38.6,4.6,77.4,9.5,6.6,10.6,10.8,81.5,1.5,0.1,3.5,0.1,0.3,2.2,1.78,8.6,87.2
0500000US27049,2.6,69.8,3.6,35.5,3.6,80.9,7.6,5.9,9.3,4.1,89.1,1.5,0.8,0.7,0.0,0.7,3.1,2.22,6.6,85.1
0500000US27051,1.6,46.9,5.0,39.0,2.8,72.1,8.3,5.1,11.6,2.7,92.1,0.6,0.4,0.1,0.0,0.5,3.6,1.44,5.1,80.0
0500000US27053,13.6,42.1,18.2,28.8,4.5,83.5,8.1,4.5,10.0,7.8,65.2,13.3,0.4,7.0,0.0,0.8,5.5,2.25,5.9,66.2
0500000US27055,2.2,14.0,3.5,35.2,1.6,80.5,3.4,3.2,6.6,1.5,93.5,0.3,0.1,0.9,0.0,0.1,3.6,1.45,4.6,82.6
0500000US27057,1.6,33.0,2.9,42.7,4.4,73.9,10.2,5.5,10.8,2.6,89.7,0.5,1.8,0.4,0.0,0.8,4.1,1.24,5.8,82.8
0500000US27059,2.4,40.3,2.9,32.9,4.1,80.5,6.7,4.5,7.5,2.6,90.8,0.9,0.4,1.9,0.0,0.2,3.3,0.84,6.8,83.8
0500000US27061,0.9,54.4,1.9,44.8,5.9,78.9,10.7,4.8,12.2,1.5,88.4,0.8,2.6,0.4,0.1,0.3,5.9,2.54,4.8,86.4
0500000US27063,3.1,36.9,4.9,34.2,2.4,74.5,5.2,3.0,8.6,4.9,89.8,0.5,0.0,1.3,0.0,0.2,3.3,1.43,5.1,84.7
0500000US27065,1.1,38.5,2.0,39.8,4.6,79.0,9.5,4.6,10.0,1.8,92.7,0.6,0.4,0.5,0.1,0.3,3.6,1.81,9.2,85.9
0500000US27067,9.8,63.6,14.3,34.2,3.6,79.3,10.5,6.4,9.1,14.7,75.4,5.1,0.4,1.3,0.2,0.3,2.6,2.94,8.7,87.9
0500000US27069,2.4,37.5,4.7,39.3,5.0,70.9,5.1,2.5,9.1,2.6,93.0,0.2,0.3,0.4,0.0,0.1,3.4,4.95,4.1,83.2
0500000US27071,3.0,34.0,1.7,43.0,4.8,73.8,14.4,5.7,10.9,1.5,89.2,0.3,2.1,0.7,0.0,0.2,6.1,2.76,5.3,80.7
0500000US27073,1.9,62.9,3.3,39.9,2.0,67.4,8.8,3.8,8.1,3.4,92.6,0.3,0.2,0.6,0.0,0.1,2.7,2.47,4.8,80.0
0500000US27075,1.3,30.5,1.5,45.0,2.6,75.4,8.6,4.9,8.6,1.5,94.3,0.2,0.4,0.5,0.0,0.0,3.0,2.38,5.2,82.5
0500000US27077,1.5,74.1,1.2,33.2,1.5,68.1,3.0,3.5,6.4,1.6,87.7,0.3,2.0,0.2,0.0,0.2,8.1,1.15,3.2,87.3
0500000US27079,3.3,75.9,5.8,31.7,4.2,78.1,7.4,4.3,6.4,6.9,89.0,0.8,0.2,0.5,0.0,0.2,2.4,1.31,5.4,86.2
0500000US27081,1.3,56.2,2.9,38.4,2.7,66.6,7.0,5.5,11.9,2.6,93.8,0.1,0.1,0.7,0.2,0.0,2.4,3.34,5.8,79.0
0500000US27083,6.1,54.4,11.2,32.5,3.2,76.7,9.4,6.1,12.2,7.9,80.9,2.6,0.3,4.5,0.0,0.6,3.1,3.48,7.6,80.2
0500000US27085,4.0,49.1,6.4,32.6,3.3,85.0,7.8,5.0,8.7,7.6,88.2,0.6,0.0,0.6,0.1,0.4,2.5,1.89,6.3,85.6
0500000US27087,1.0,33.9,11.7,41.6,9.8,55.7,21.4,11.9,18.3,4.1,44.4,0.1,33.6,0.5,0.1,0.5,16.7,1.38,11.9,83.7
0500000US27089,2.0,53.3,4.2,37.3,3.5,72.3,6.5,4.6,8.3,4.8,91.0,0.4,0.2,0.3,0.0,0.4,2.8,1.38,7.0,84.5
0500000US27091,2.5,64.6,5.7,37.1,4.2,79.8,12.3,4.1,13.1,7.2,88.2,0.9,0.1,0.5,0.0,1.1,2.1,1.92,4.8,86.1
0500000US27093,1.1,50.0,3.0,35.2,3.2,81.2,8.4,6.6,9.1,4.4,92.2,0.3,0.1,0.3,0.0,0.3,2.3,1.74,6.2,88.7
0500000US27095,1.4,50.1,3.5,35.7,4.0,79.2,11.0,4.9,10.4,2.3,88.0,0.4,4.2,0.9,0.0,0.5,3.6,1.7,8.4,86.3
0500000US27097,0.9,34.9,2.2,37.6,4.0,76.9,8.3,3.9,11.0,1.9,94.3,0.5,0.2,0.4,0.0,0.3,2.4,1.79,7.2,87.5
0500000US27099,12.2,55.3,18.6,36.4,3.9,80.9,10.6,7.1,10.4,13.6,72.5,3.4,0.1,6.2,0.5,0.7,2.9,1.93,11.4,87.1
0500000US27101,3.2,55.0,6.7,37.5,2.7,71.0,6.2,5.0,9.3,5.2,89.1,0.7,0.1,0.9,0.0,1.0,3.0,1.35,8.1,84.2
0500000US27103,4.6,45.8,7.1,31.6,2.2,79.7,6.0,3.4,8.0,5.4,85.5,4.5,0.3,1.6,0.0,0.4,2.3,9.47,5.5,77.7
0500000US27105,21.3,63.3,34.6,36.9,3.2,75.7,9.0,12.5,14.0,34.5,52.2,4.6,0.3,4.2,0.0,0.3,3.8,2.49,20.5,87.5
0500000US27107,2.4,66.0,4.8,36.9,5.3,70.6,10.9,6.5,10.1,5.5,86.8,0.5,1.7,0.3,0.0,0.4,4.7,2.01,6.3,84.9
0500000US27109,11.0,38.2,14.2,30.2,3.6,84.7,6.8,3.6,7.5,6.0,75.3,7.5,0.1,6.4,0.0,0.4,4.3,1.9,4.9,76.2
0500000US27111,3.0,46.8,4.6,39.2,4.8,77.4,6.5,5.6,8.7,4.0,90.5,1.1,0.2,0.6,0.0,0.4,3.3,2.17,5.6,84.2
0500000US27113,3.6,38.2,5.8,31.0,2.9,86.0,7.2,4.8,10.5,4.9,87.8,0.6,0.4,1.5,0.1,0.5,4.2,2.18,5.2,84.2
0500000US27115,1.7,46.7,3.5,43.5,5.6,74.3,10.9,5.0,11.1,2.8,87.2,2.3,2.2,1.1,0.0,0.3,4.2,4.98,8.5,86.5
0500000US27117,5.8,76.2,6.5,33.5,3.2,75.8,10.8,5.3,10.5,8.6,84.1,1.2,0.9,1.1,0.0,0.2,3.9,2.02,7.9,85.6
0500000US27119,2.1,45.5,6.0,33.7,3.6,74.2,10.0,5.8,11.9,6.9,84.0,2.0,0.6,0.8,0.0,0.9,4.7,4.26,6.2,85.0
0500000US27121,1.1,31.7,2.7,37.3,1.3,76.8,7.1,3.0,9.4,2.1,93.7,0.6,0.1,0.7,0.0,0.3,2.6,1.59,4.3,82.0
0500000US27123,15.6,36.7,23.3,31.6,4.9,81.7,11.4,5.5,12.3,8.4,57.9,12.1,0.3,15.0,0.0,0.5,5.7,3.11,8.3,70.8
0500000US27125,0.9,41.2,2.0,33.9,1.1,80.8,5.3,2.3,7.2,3.6,90.9,0.5,1.7,0.4,0.0,0.0,2.9,0.69,4.8,84.1
0500000US27127,2.4,29.2,5.2,39.4,2.6,74.7,9.8,5.9,13.3,4.2,85.1,0.6,3.5,2.7,0.0,0.2,3.7,2.41,6.5,82.7
0500000US27129,3.3,54.4,7.2,36.8,2.5,77.4,8.6,4.7,11.0,10.2,84.9,0.9,0.7,0.7,0.0,0.2,2.4,2.61,8.4,85.8
0500000US27131,8.7,63.8,13.7,35.7,4.6,81.6,7.9,5.5,10.2,10.5,77.2,6.7,0.3,2.3,0.0,0.3,2.8,11.7,7.3,77.2
0500000US27133,1.8,63.6,3.7,31.2,2.6,72.8,6.9,4.7,10.6,4.0,91.4,0.1,0.5,0.4,0.0,0.1,3.5,2.72,6.6,84.6
0500000US27135,3.3,31.8,4.5,33.8,3.7,82.7,5.5,4.1,12.2,2.0,88.4,0.8,1.0,2.6,0.0,0.3,5.0,1.34,6.3,85.0
0500000US27137,1.9,41.6,3.2,38.8,4.6,79.5,10.2,4.1,13.2,1.9,89.5,1.6,1.5,1.0,0.0,0.3,4.1,4.08,4.9,81.7
0500000US27139,10.2,34.2,14.0,25.2,3.5,84.3,4.5,3.7,4.6,6.4,75.6,6.1,0.6,6.3,0.0,0.3,4.6,0.96,5.4,77.3
0500000US27141,4.5,39.5,5.9,27.3,3.0,83.1,5.0,3.9,5.1,3.4,85.8,4.0,0.2,1.7,0.0,0.6,4.2,1.88,5.6,83.9
0500000US27143,4.2,73.6,8.2,33.4,3.8,80.5,8.3,4.3,9.0,9.3,87.0,1.2,0.2,0.4,0.1,0.2,1.8,1.19,6.0,85.0
0500000US27145,7.9,48.2,12.0,30.3,4.1,82.1,9.5,4.9,12.9,4.8,80.2,9.0,0.1,1.9,0.0,0.2,3.7,4.7,7.5,82.6
0500000US27147,4.3,48.9,6.7,33.9,3.4,80.4,7.7,3.5,8.3,8.9,83.5,3.3,0.1,0.7,0.0,0.3,3.2,1.5,6.3,86.9
0500000US27149,8.0,82.9,12.7,34.5,2.0,74.8,9.8,5.7,11.1,11.8,81.0,1.0,1.3,1.8,0.4,0.2,2.5,5.74,7.5,82.8
0500000US27151,3.0,92.2,5.6,40.3,4.4,71.6,12.3,8.1,12.0,7.2,86.0,0.7,1.9,0.0,1.1,0.1,3.0,2.5,6.1,83.3
0500000US27153,4.7,51.8,12.5,39.4,4.1,76.0,7.3,9.5,11.5,9.8,84.2,0.5,0.2,0.3,0.2,0.3,4.5,1.53,10.2,80.3
0500000US27155,2.4,70.1,7.7,40.5,4.5,62.1,16.9,1.9,11.3,6.1,84.2,0.6,3.6,0.1,0.0,0.4,5.0,3.48,5.7,76.3
0500000US27157,1.8,41.1,2.7,34.6,2.2,77.9,5.5,3.8,7.1,3.4,93.3,0.4,0.1,0.7,0.2,0.2,1.8,1.33,4.9,82.9
0500000US27159,1.1,33.5,2.6,37.6,5.5,77.1,14.3,5.5,12.5,2.4,86.1,1.7,0.2,0.3,0.0,0.1,9.1,2.89,7.4,86.9
0500000US27161,2.9,46.7,5.7,36.6,2.5,80.2,8.8,3.6,7.5,7.3,87.2,1.0,0.5,1.8,0.0,0.2,2.0,5.31,6.5,89.6
0500000US27163,8.5,32.3,12.5,31.7,3.4,81.6,4.1,3.5,5.1,5.3,77.2,5.5,0.2,7.7,0.0,0.5,3.7,1.22,3.9,73.8
0500000US27165,13.0,68.7,24.8,36.9,5.3,77.8,9.4,10.7,13.2,30.4,67.7,0.0,0.1,0.3,0.0,0.4,1.2,1.43,13.8,84.1
0500000US27167,2.4,68.0,2.2,37.1,4.8,73.5,10.6,4.0,14.1,4.0,90.4,0.4,0.5,0.0,0.0,1.4,3.2,2.06,6.6,84.8
0500000US27169,3.0,51.1,4.9,31.6,2.3,82.9,6.9,5.2,14.8,3.9,88.9,1.9,0.2,2.2,0.0,0.1,2.8,6.57,5.9,82.0
0500000US27171,4.5,39.0,6.0,27.2,2.7,83.7,4.4,4.4,5.2,3.6,88.0,2.3,0.2,1.8,0.0,0.3,3.7,0.76,5.4,82.7
0500000US27173,2.5,76.9,4.8,35.4,3.5,78.2,7.4,3.9,8.6,5.5,87.0,0.8,2.2,0.1,0.1,0.3,4.0,2.27,7.2,85.7
0500000US28001,5.1,94.2,6.5,52.7,6.4,76.2,16.5,11.3,27.0,3.5,37.1,56.0,0.0,0.2,0.0,1.1,1.9,6.16,14.6,94.0
0500000US28003,2.9,73.0,3.7,43.8,4.6,75.2,16.1,10.9,15.8,3.8,79.7,10.2,0.1,0.5,0.2,0.1,5.5,2.0,15.0,93.1
0500000US28005,0.5,49.2,0.7,59.1,5.8,67.9,15.2,11.4,27.6,0.1,58.6,40.1,0.2,0.0,0.0,0.0,1.0,0.84,13.2,92.1
0500000US28007,0.1,11.5,1.2,41.1,5.4,73.8,15.6,8.5,18.0,2.2,51.8,44.2,0.0,0.3,0.0,0.0,1.6,1.92,11.8,94.3
0500000US28009,5.5,73.4,5.9,45.7,3.1,79.7,17.2,9.1,21.5,2.4,60.4,34.5,0.1,0.3,0.0,0.1,2.2,1.17,18.4,95.4
0500000US28011,1.7,49.6,3.0,50.8,7.1,71.0,26.0,11.2,32.6,2.7,31.0,63.2,0.0,1.0,0.0,0.3,1.8,5.25,15.1,95.9
0500000US28013,3.0,66.1,4.0,46.8,4.7,78.2,13.1,12.0,20.4,6.3,63.7,26.4,0.0,0.1,0.0,0.7,2.9,2.39,22.0,95.2
0500000US28015,1.5,48.6,1.2,51.3,1.6,69.1,16.9,9.6,17.9,0.0,62.5,34.4,0.0,0.8,0.0,0.2,2.2,4.51,16.6,86.8
0500000US28017,0.7,45.4,1.9,47.6,4.9,77.3,14.8,11.0,23.5,1.1,49.4,47.7,0.0,0.4,0.0,0.0,1.3,2.74,19.5,89.4
0500000US28019,0.7,50.0,1.5,48.2,9.8,73.6,13.6,10.6,18.4,1.9,67.0,27.8,0.2,0.9,0.0,0.2,2.0,2.77,13.2,95.7
0500000US28021,0.7,74.2,1.0,61.4,6.9,71.1,23.7,15.1,30.7,0.3,11.0,85.9,0.1,0.1,0.0,0.1,2.4,12.4,19.2,90.0
0500000US28023,0.8,15.1,1.9,48.1,7.0,78.1,16.0,13.3,17.4,1.1,62.7,31.2,0.4,0.2,0.0,0.0,4.4,0.82,11.3,90.9
0500000US28025,0.4,14.7,0.5,44.8,7.2,78.8,21.0,9.1,20.9,0.2,36.8,60.2,0.0,0.1,0.0,0.0,2.7,1.66,17.2,94.1
0500000US28027,1.8,94.6,2.7,45.9,9.9,69.4,26.9,12.0,35.5,3.1,18.9,74.4,0.7,0.3,0.0,0.0,2.6,2.85,17.2,89.7
0500000US28029,2.2,54.3,3.8,49.5,5.8,78.6,18.0,12.9,23.0,4.6,43.1,50.5,0.0,0.3,0.0,0.6,0.8,3.82,12.9,94.5
0500000US28031,1.1,88.8,2.5,46.8,3.5,78.8,17.9,9.6,19.8,2.6,59.4,34.8,0.0,0.2,0.3,0.1,2.5,1.57,17.0,89.2
0500000US28033,4.0,50.7,6.2,32.8,3.2,80.4,7.5,8.3,9.7,5.8,56.4,32.6,0.1,1.3,0.0,0.5,3.3,0.41,8.3,90.4
0500000US28035,3.0,66.5,3.9,37.4,6.7,76.3,16.6,11.1,21.0,4.4,55.8,35.5,0.1,0.9,0.2,0.2,3.0,5.59,8.2,88.7
0500000US28037,0.3,82.6,0.2,52.1,4.0,81.0,10.2,9.1,25.4,1.1,62.4,35.0,0.0,0.0,0.0,0.2,1.3,1.1,12.3,93.3
0500000US28039,0.7,89.3,1.9,48.5,7.5,78.3,11.0,12.5,18.3,3.1,85.1,7.2,0.1,0.1,0.0,0.7,3.6,2.43,12.6,92.9
0500000US28041,0.9,78.0,1.6,64.5,11.9,70.9,13.7,15.5,18.3,1.5,70.9,23.8,1.2,0.0,0.0,0.0,2.6,24.24,15.5,90.9
0500000US28043,0.9,96.9,2.9,42.9,4.9,73.4,11.7,10.6,24.6,0.5,50.3,44.7,0.0,0.0,0.0,0.7,3.7,1.28,13.0,94.6
0500000US28045,2.5,45.0,3.8,42.5,5.0,75.5,10.5,9.3,13.8,4.2,83.4,7.1,0.3,1.0,0.0,0.7,3.3,0.71,11.4,86.3
0500000US28047,4.7,47.6,7.3,39.5,7.1,73.8,15.0,13.1,17.1,6.9,60.8,23.3,0.1,2.5,0.0,0.4,5.9,2.12,10.6,87.7
0500000US28049,2.0,68.8,3.4,40.4,7.5,71.7,14.8,12.9,22.7,2.1,22.9,71.7,0.2,0.8,0.0,0.2,2.0,4.05,11.3,88.7
0500000US28051,0.4,37.1,0.7,55.3,9.5,72.7,33.0,10.9,36.4,0.4,14.6,81.0,0.1,0.3,0.0,0.0,3.6,5.28,16.2,91.3
0500000US28053,0.4,51.9,1.7,49.6,12.5,67.8,28.4,10.3,27.0,0.4,20.2,78.2,0.0,0.2,0.0,0.0,1.0,1.01,18.6,94.5
0500000US28055,0.4,0.0,2.2,78.5,5.1,73.7,24.0,12.4,16.2,1.7,33.9,62.2,0.0,0.4,0.0,0.0,1.7,33.84,28.2,98.4
0500000US28057,0.8,30.1,1.0,41.8,5.1,80.8,7.3,9.0,15.5,1.9,88.2,5.2,0.1,0.5,0.1,0.5,3.8,4.25,13.5,93.2
0500000US28059,3.3,39.1,6.8,39.7,6.7,74.5,9.2,11.5,13.8,7.6,66.1,18.9,0.4,2.1,0.0,0.6,4.3,0.79,11.0,91.0
0500000US28061,0.6,82.0,0.3,47.5,6.2,80.9,15.9,8.5,19.4,0.8,44.5,52.0,0.0,0.3,0.0,0.0,2.5,0.54,9.2,94.3
0500000US28063,0.2,100.0,1.3,56.8,1.8,67.8,21.4,10.7,32.5,2.0,13.1,82.9,0.1,0.5,0.0,0.0,1.4,5.12,18.2,95.3
0500000US28065,0.1,92.3,1.0,46.5,9.6,77.6,21.9,11.1,28.7,0.7,37.8,59.5,0.0,0.0,0.0,0.0,1.9,1.07,13.5,94.3
0500000US28067,2.9,78.9,5.4,44.4,4.0,75.4,14.2,11.9,18.7,6.3,62.9,28.2,0.2,0.4,0.0,0.1,2.0,2.44,12.7,93.0
0500000US28069,0.5,18.2,3.0,47.6,10.8,70.3,13.2,15.4,24.8,1.2,33.2,59.4,2.7,0.0,0.0,0.0,3.4,8.63,15.7,94.3
0500000US28071,3.3,65.4,4.2,44.9,2.1,67.6,5.2,9.3,18.5,3.7,68.5,22.6,0.1,2.2,0.0,0.2,2.7,10.34,7.5,86.1
0500000US28073,2.5,62.4,3.9,35.8,4.8,74.4,9.6,11.1,14.7,3.7,70.6,21.7,0.1,0.9,0.0,0.4,2.6,0.44,8.0,90.6
0500000US28075,1.8,57.1,3.8,43.7,5.8,73.1,18.4,9.6,26.3,2.5,50.3,40.8,0.3,0.7,0.0,0.7,4.6,4.0,13.4,90.2
0500000US28077,0.1,0.0,2.1,51.4,9.2,79.0,18.8,12.4,23.7,2.1,63.5,31.7,0.4,0.3,0.0,0.0,2.0,0.36,16.3,97.2
0500000US28079,2.7,88.9,10.0,48.1,6.2,76.7,13.1,15.5,20.5,6.6,46.1,38.9,5.9,0.1,0.0,0.1,2.2,1.86,18.4,88.4
0500000US28081,2.4,70.5,4.3,37.7,5.1,82.0,10.4,10.9,14.6,3.5,62.5,29.9,0.0,1.0,0.3,0.4,2.4,1.31,12.4,93.1
0500000US28083,1.4,39.1,2.8,45.4,11.6,73.8,28.1,13.0,31.5,3.2,20.9,74.3,0.1,0.2,0.0,0.3,0.9,3.92,18.2,92.4
0500000US28085,0.8,41.6,1.0,47.5,3.2,81.9,11.8,12.4,21.2,1.3,67.0,30.0,0.1,0.5,0.0,0.1,1.1,1.53,12.8,94.0
0500000US28087,2.4,53.3,3.0,42.7,6.3,75.2,13.1,10.5,17.3,2.3,49.0,43.6,0.2,1.0,0.0,0.8,3.1,2.56,10.7,93.0
0500000US28089,4.4,57.2,6.9,35.3,3.7,76.8,7.2,8.3,11.2,3.9,53.9,37.1,0.1,3.0,0.0,0.4,1.6,1.8,7.7,88.9
0500000US28091,1.4,33.8,2.0,45.9,7.5,82.9,13.0,13.5,19.7,1.9,63.4,31.2,0.2,0.3,0.1,0.6,2.3,2.78,16.8,93.2
0500000US28093,2.8,67.8,5.4,45.3,4.4,83.9,13.9,11.8,23.0,5.1,47.1,42.8,0.2,0.2,0.1,0.6,3.9,5.11,18.6,95.3
0500000US28095,0.9,56.0,1.9,45.2,6.3,81.2,13.1,9.8,18.0,1.6,66.3,29.7,0.0,0.3,0.0,0.1,1.9,1.51,15.5,92.4
0500000US28097,0.2,94.4,0.6,48.9,4.7,69.3,20.1,10.2,25.2,0.2,51.9,44.6,0.0,0.0,0.0,0.3,3.0,1.2,16.2,89.3
0500000US28099,0.9,48.9,9.4,42.9,7.5,69.0,16.2,11.9,23.1,0.8,57.4,21.2,15.7,0.7,0.0,1.1,3.0,1.57,15.2,91.8
0500000US28101,1.4,37.7,5.8,49.3,4.7,71.8,11.7,12.2,24.7,1.9,59.7,31.6,3.2,0.5,0.0,0.9,2.2,4.1,14.2,93.0
0500000US28103,0.6,77.0,2.6,51.9,8.6,83.7,31.3,15.8,26.3,0.4,25.5,73.6,0.1,0.1,0.0,0.0,0.4,1.88,23.5,94.8
0500000US28105,4.9,69.0,4.8,43.0,5.8,62.9,11.8,7.0,25.5,2.4,54.7,35.4,0.2,3.2,0.0,0.1,4.0,11.23,8.8,87.9
0500000US28107,1.0,36.0,2.2,47.7,6.6,73.9,16.3,12.7,23.3,2.1,46.5,48.2,0.0,0.5,0.3,0.1,2.2,1.16,17.5,94.0
0500000US28109,1.9,44.9,3.0,43.9,6.1,78.5,13.4,12.9,16.5,4.3,79.1,12.0,0.1,0.3,0.0,0.7,3.5,2.06,11.6,87.6
0500000US28111,2.4,10.4,3.2,50.1,2.0,76.9,9.9,15.8,18.4,1.9,77.3,15.4,0.0,2.1,0.1,0.0,3.2,1.04,9.1,92.1
0500000US28113,0.6,67.5,1.7,48.6,5.8,79.0,18.2,12.9,27.1,1.7,41.4,53.6,0.3,0.5,0.0,0.1,2.5,2.91,15.9,92.9
0500000US28115,2.5,82.6,6.6,41.2,3.1,84.4,9.7,12.2,16.7,7.1,74.0,14.7,0.1,0.0,0.0,0.5,3.6,0.77,21.5,96.4
0500000US28117,0.8,57.1,2.1,45.6,3.5,78.5,11.5,7.8,16.8,1.5,79.5,12.8,0.2,0.5,0.0,1.0,4.4,4.34,16.1,95.7
0500000US28119,0.1,100.0,0.7,46.1,12.4,60.0,21.5,12.5,29.6,0.3,24.4,73.5,0.3,0.0,0.0,0.0,1.6,2.41,18.9,91.7
0500000US28121,2.5,55.6,4.8,36.1,4.4,73.7,5.5,8.2,9.8,3.3,71.0,20.9,0.4,1.4,0.1,0.3,2.6,3.27,9.7,90.5
0500000US28123,5.8,84.6,13.2,45.3,5.5,79.3,15.0,13.1,22.2,15.5,45.8,33.8,0.0,0.1,0.3,0.8,3.7,0.88,21.1,93.6
0500000US28125,0.2,100.0,0.1,44.8,9.1,72.1,24.3,16.9,30.9,0.4,23.3,75.7,0.0,0.2,0.0,0.0,0.4,3.43,19.9,90.4
0500000US28127,1.1,58.6,1.9,46.1,4.4,72.6,12.4,10.1,20.0,1.7,60.8,35.6,0.2,0.2,0.0,0.0,1.5,1.97,16.6,91.2
0500000US28129,1.3,69.7,2.7,49.5,4.4,75.6,9.0,11.4,17.0,1.7,73.3,23.0,0.0,0.3,0.0,0.0,1.7,1.11,14.8,94.4
0500000US28131,1.1,60.6,1.4,48.6,9.3,75.6,15.5,12.9,16.9,2.6,75.2,17.1,0.0,0.5,0.0,0.3,4.3,3.6,12.8,91.9
0500000US28133,1.8,94.2,2.5,49.4,11.2,75.2,33.1,11.4,28.9,2.8,22.9,72.7,0.1,0.2,0.0,0.2,1.1,12.74,24.5,91.9
0500000US28135,1.2,96.5,1.9,49.3,10.2,69.2,23.0,14.9,24.6,0.8,36.6,60.8,0.3,0.0,0.0,0.0,1.6,4.93,18.9,92.3
0500000US28137,1.1,85.5,2.9,41.6,4.7,77.9,10.4,11.1,16.9,3.2,64.0,29.2,0.0,0.1,0.0,0.4,3.1,5.31,15.5,95.7
0500000US28139,2.4,71.1,4.4,40.7,5.5,81.4,9.1,11.9,18.9,5.3,75.9,14.0,0.0,0.2,0.0,0.4,4.3,3.09,19.0,95.8
0500000US28141,1.8,76.0,2.6,45.5,3.2,76.2,8.9,9.6,18.0,3.2,90.4,1.2,0.5,0.6,0.0,0.4,3.7,1.66,15.2,96.1
0500000US28143,0.4,60.0,2.7,39.1,13.3,82.2,28.3,13.1,31.1,1.8,18.2,79.9,0.0,0.0,0.0,0.0,0.1,0.87,18.7,97.6
0500000US28145,1.7,60.0,3.7,44.4,4.4,80.5,7.2,11.1,15.1,4.9,76.5,13.6,0.3,0.3,0.0,0.6,3.8,0.89,20.2,98.0
0500000US28147,1.7,79.7,2.6,49.9,6.6,77.2,20.9,7.7,18.8,2.0,52.9,41.9,0.4,0.2,0.0,0.0,2.8,1.03,19.5,90.0
0500000US28149,1.3,37.0,3.9,41.5,4.8,72.7,13.1,9.4,19.5,2.1,46.4,48.6,0.1,0.6,0.0,0.0,2.1,1.23,11.7,94.6
0500000US28151,0.7,32.7,2.5,47.4,6.3,72.2,17.6,11.6,26.4,1.6,23.9,71.4,0.0,0.8,0.0,0.1,2.2,1.82,18.2,92.8
0500000US28153,3.1,92.4,2.8,45.4,7.0,74.0,20.9,15.2,22.8,2.2,56.5,37.9,0.1,0.6,0.0,0.4,2.4,0.54,14.7,93.5
0500000US28155,0.7,73.9,1.2,43.2,6.6,72.4,17.3,10.8,16.4,1.9,77.9,18.7,0.1,0.3,0.0,0.0,1.1,1.22,14.0,93.9
0500000US28157,0.1,100.0,0.8,60.8,13.4,73.5,18.5,15.9,27.4,0.8,28.1,67.2,0.0,0.0,0.0,1.6,2.4,13.09,13.8,86.9
0500000US28159,0.2,45.5,1.6,49.3,6.7,76.0,18.5,10.5,26.9,0.6,49.4,47.1,1.1,0.1,0.0,0.0,1.7,2.14,14.9,89.6
0500000US28161,0.4,4.4,2.4,47.2,5.9,72.2,11.8,11.5,21.5,1.7,57.2,37.0,0.4,0.2,0.0,0.0,3.6,1.74,16.6,90.7
0500000US28163,3.8,88.4,5.6,57.6,9.7,66.5,26.0,11.4,30.8,5.4,35.9,57.1,0.1,0.1,0.0,0.0,1.4,18.46,23.5,91.0
0500000US29001,5.4,78.2,8.2,46.0,4.1,74.8,9.0,10.3,22.0,3.0,87.1,4.4,0.3,2.1,0.0,0.0,3.1,7.77,6.6,87.8
0500000US29003,1.1,14.6,2.7,36.1,3.6,76.9,4.9,5.7,6.2,2.6,92.4,1.3,0.0,0.8,0.0,0.0,2.7,1.02,4.6,91.7
0500000US29005,0.8,70.5,2.5,38.0,2.3,70.6,5.8,11.2,11.6,2.1,92.6,0.2,0.1,0.4,0.1,0.5,3.9,1.83,8.5,90.4
0500000US29007,1.4,41.2,4.9,45.2,4.3,74.2,12.3,13.7,17.8,3.2,87.2,4.4,0.2,0.6,0.0,0.2,4.1,5.62,11.9,91.9
0500000US29009,4.8,53.7,9.4,43.9,4.6,80.2,11.0,12.1,15.2,10.2,80.2,0.2,0.1,2.0,0.9,0.1,6.4,0.73,13.9,87.2
0500000US29011,1.1,43.7,4.8,45.6,3.3,71.3,18.5,9.3,20.2,3.1,89.9,0.2,1.1,0.4,0.0,0.4,4.9,0.82,12.5,89.6
0500000US29013,1.1,46.3,2.9,41.6,5.9,77.3,11.2,11.3,15.9,2.6,91.7,2.1,0.2,0.4,0.0,0.0,2.9,2.08,9.8,87.4
0500000US29015,0.9,21.4,1.9,57.3,3.8,69.7,12.5,9.2,19.9,2.0,91.6,1.0,0.4,0.2,0.2,0.5,4.1,1.54,11.1,89.1
0500000US29017,0.5,90.4,0.3,40.2,3.5,76.6,9.2,7.3,13.6,1.7,93.7,0.8,0.0,0.0,0.0,0.5,3.2,2.22,9.2,86.8
0500000US29019,6.4,50.5,9.1,33.5,3.8,72.1,6.6,5.9,16.6,4.5,75.8,9.5,0.1,4.8,0.1,0.4,4.8,5.28,4.6,83.6
0500000US29021,4.0,58.9,6.2,39.3,4.2,83.3,14.5,11.2,16.0,7.6,79.7,5.6,0.2,1.1,0.4,0.2,5.3,3.89,9.7,90.2
0500000US29023,0.8,42.7,1.8,45.0,4.8,80.4,20.3,13.0,20.5,2.5,85.9,4.7,0.2,0.4,0.0,0.6,5.8,2.11,15.1,91.4
0500000US29025,1.2,58.2,2.2,41.0,2.9,70.6,8.4,9.6,10.3,2.3,92.0,1.2,0.3,0.4,0.1,0.5,3.3,2.43,8.1,87.4
0500000US29027,0.9,60.5,1.7,41.3,5.1,72.1,8.7,8.4,11.6,2.5,88.0,3.7,0.4,0.1,0.0,0.3,4.9,7.99,8.9,85.7
0500000US29029,2.2,55.4,3.9,49.2,4.3,81.5,8.2,10.4,12.6,3.5,92.1,0.9,0.0,0.6,0.0,0.1,2.8,0.96,6.9,84.8
0500000US29031,2.4,67.4,3.6,35.3,2.3,79.9,9.8,7.4,13.9,2.9,83.6,7.4,0.2,1.6,0.1,0.2,3.9,4.36,7.4,88.1
0500000US29033,0.2,40.0,0.7,40.9,4.3,74.2,9.0,8.1,13.7,2.2,93.3,1.5,0.0,0.2,0.0,0.0,2.8,1.28,9.8,87.6
0500000US29035,1.5,83.8,3.6,44.0,3.8,70.3,19.8,14.6,20.8,2.3,92.6,0.4,0.0,0.0,0.0,0.0,4.7,0.83,19.4,83.2
0500000US29037,1.8,39.7,3.3,32.8,4.2,82.3,5.3,7.7,6.2,5.5,83.6,4.6,0.2,0.8,0.1,0.8,4.4,0.94,5.8,84.1
0500000US29039,0.6,74.7,2.7,47.8,2.6,74.9,12.2,14.8,17.0,2.2,92.1,0.5,0.2,0.0,0.0,0.9,4.0,2.32,10.8,86.2
0500000US29041,0.7,83.7,2.3,40.2,3.5,70.4,7.0,4.8,8.8,1.5,92.7,1.9,0.6,0.2,0.0,0.2,3.0,3.26,7.7,89.1
0500000US29043,2.6,37.2,4.2,35.3,3.4,81.2,6.4,7.6,8.2,3.8,90.4,0.7,0.2,0.8,0.1,0.4,3.6,0.66,6.1,87.2
0500000US29045,0.3,41.2,1.6,47.1,5.0,74.6,7.8,10.9,11.2,1.0,94.9,1.9,0.0,0.1,0.0,0.0,2.1,1.98,8.7,87.2
0500000US29047,5.5,37.8,7.9,31.0,3.8,82.0,6.0,7.6,8.5,8.0,77.0,6.8,0.2,2.6,0.3,0.3,4.8,1.16,5.8,81.7
0500000US29049,1.1,54.2,2.4,39.5,3.0,81.2,7.8,8.8,12.3,2.6,91.9,0.8,0.1,0.2,0.0,0.1,4.2,1.99,7.5,88.3
0500000US29051,2.9,47.7,4.0,36.8,2.9,66.9,5.9,5.8,9.0,3.6,79.2,9.7,0.2,1.4,0.0,0.6,5.1,5.29,5.8,86.7
0500000US29053,0.7,33.0,2.3,42.0,4.3,72.5,6.7,8.7,11.7,2.1,87.8,5.6,0.1,0.1,0.0,0.1,4.1,7.51,9.7,89.6
0500000US29055,1.2,37.1,1.4,45.7,4.9,78.3,12.1,12.9,14.1,2.4,91.9,0.8,0.2,0.1,0.2,0.4,4.1,2.01,14.1,93.3
0500000US29057,1.6,31.4,2.3,45.2,3.2,74.4,14.8,10.2,12.6,2.3,92.0,0.4,0.4,0.1,0.0,0.1,4.7,2.37,9.2,85.5
0500000US29059,0.8,26.5,3.6,51.5,3.9,74.9,16.8,15.9,20.5,2.3,93.1,0.2,0.1,0.0,0.0,0.0,4.3,1.17,10.7,88.9
0500000US29061,0.7,59.3,8.1,41.5,1.4,70.9,8.2,17.1,11.4,1.8,95.1,1.0,0.1,0.2,0.1,0.0,1.7,1.42,15.7,78.7
0500000US29063,1.8,71.3,1.9,52.4,2.3,74.0,7.8,6.7,8.7,2.4,87.0,6.5,0.3,0.6,0.0,0.2,3.1,17.71,10.6,86.9
0500000US29065,1.9,39.4,1.1,46.5,4.4,69.7,17.0,15.6,12.2,2.2,91.1,0.4,0.7,0.9,0.1,0.2,4.5,1.33,16.4,89.7
0500000US29067,1.3,53.2,0.8,50.9,6.1,76.4,14.4,11.4,17.5,2.3,92.4,0.9,0.8,0.1,0.0,0.2,3.4,1.07,13.4,85.8
0500000US29069,2.9,78.0,6.6,46.8,4.8,77.2,24.6,15.1,22.0,7.7,73.5,6.9,0.1,0.3,0.0,0.1,11.3,2.71,18.9,94.6
0500000US29071,1.4,68.2,1.9,37.7,4.3,84.7,7.1,6.9,8.2,2.3,88.7,0.9,0.1,0.4,0.0,0.2,7.4,0.92,9.2,87.6
0500000US29073,0.5,33.8,1.3,40.6,3.3,78.6,10.3,5.8,12.6,1.6,94.3,0.9,0.3,0.1,0.3,0.0,2.6,1.7,9.0,92.1
0500000US29075,1.1,30.0,3.7,39.3,2.2,71.9,8.8,13.9,17.9,2.0,93.4,0.4,0.0,0.7,0.0,0.2,3.4,3.01,10.4,86.2
0500000US29077,3.8,47.7,5.5,36.1,3.4,83.4,10.0,10.4,13.6,5.1,84.0,3.0,0.2,1.9,0.1,0.5,5.0,3.3,6.0,84.6
0500000US29079,1.2,47.1,5.0,45.5,3.2,75.7,11.7,16.2,17.6,2.8,92.1,0.4,0.2,0.7,0.0,0.4,3.4,3.07,13.3,87.7
0500000US29081,2.1,32.9,3.7,45.1,2.5,70.1,13.7,13.6,19.6,0.8,93.8,0.8,0.2,1.2,0.0,0.2,3.0,2.08,9.5,85.8
0500000US29083,0.5,76.7,2.1,44.1,4.4,75.7,10.8,9.5,14.3,3.0,91.3,0.8,0.2,0.2,0.0,0.0,4.5,1.28,9.9,89.9
0500000US29085,0.2,0.0,3.6,58.7,13.8,79.1,11.9,13.2,19.8,1.8,93.4,0.1,0.0,0.5,0.0,0.0,4.2,1.71,12.7,91.7
0500000US29087,1.2,42.0,1.0,41.4,1.8,70.4,6.8,9.7,10.2,1.9,93.3,0.4,0.0,0.4,0.0,0.6,3.4,2.36,7.2,88.9
0500000US29089,1.1,37.4,1.1,43.9,3.7,76.0,7.8,8.1,12.0,2.3,86.2,5.5,0.4,0.2,0.0,0.7,4.8,7.86,9.1,86.3
0500000US29091,1.2,47.6,3.1,44.4,5.0,72.4,14.0,11.7,20.3,2.6,91.5,0.5,0.2,0.4,0.0,1.3,3.5,1.77,13.1,91.7
0500000US29093,1.7,32.9,1.4,48.7,3.0,72.7,18.3,10.8,19.3,2.2,91.7,0.5,0.2,1.1,0.1,0.1,4.0,3.47,14.4,89.7
0500000US29095,6.6,54.7,10.5,33.1,4.7,81.9,10.3,10.7,14.1,11.4,59.3,22.0,0.1,1.8,0.2,0.5,4.6,1.42,8.3,79.7
0500000US29097,3.9,60.6,6.6,36.6,3.6,81.6,14.8,12.0,17.0,9.8,80.6,1.7,0.6,1.3,0.3,0.4,5.4,1.77,10.9,88.4
0500000US29099,2.3,26.0,3.3,34.0,3.2,85.1,7.1,6.6,9.0,2.6,88.5,1.0,0.1,1.0,0.0,0.3,6.5,0.86,8.0,86.7
0500000US29101,3.0,59.3,4.9,33.7,4.7,71.4,6.4,8.5,11.8,5.2,83.7,4.3,0.1,1.5,0.4,0.5,4.3,7.11,6.8,87.6
0500000US29103,0.4,35.7,5.3,40.2,1.1,65.3,8.2,25.5,11.9,0.3,94.8,0.6,0.1,0.2,2.0,0.2,1.8,3.43,18.9,73.0
0500000US29105,1.5,50.7,2.7,39.5,5.3,80.6,15.3,10.9,18.2,3.0,90.4,0.6,0.3,0.8,0.3,0.2,4.5,0.91,14.6,92.5
0500000US29107,2.3,43.7,3.6,37.2,3.0,79.6,9.4,8.2,9.3,3.5,89.7,1.6,0.2,0.4,0.0,0.6,4.0,1.97,8.4,88.1
0500000US29109,3.5,50.0,8.3,39.7,4.3,77.3,12.2,14.0,14.5,8.5,86.2,0.3,0.4,0.5,0.0,0.7,3.5,1.61,12.7,86.9
0500000US29111,0.6,94.9,2.4,41.4,5.1,86.4,6.0,10.7,12.7,1.1,91.5,3.9,0.0,0.5,0.0,0.0,2.9,7.99,11.5,88.0
0500000US29113,1.0,51.3,2.7,35.4,3.7,86.2,7.0,8.3,10.2,2.9,91.9,1.7,0.1,0.3,0.1,0.1,3.0,1.14,9.0,88.8
0500000US29115,1.2,42.9,3.1,39.0,3.2,66.3,8.8,9.3,13.7,3.0,93.7,0.8,0.2,0.4,0.1,0.0,1.8,1.38,8.5,87.1
0500000US29117,0.8,54.0,2.5,44.7,2.7,74.8,9.9,11.4,11.9,2.1,90.8,3.0,0.3,0.3,0.0,0.3,3.2,9.52,13.1,92.0
0500000US29119,11.0,74.5,15.9,43.8,6.8,83.2,13.6,18.4,16.8,12.4,68.3,2.0,1.2,1.3,3.8,0.5,10.4,0.64,17.1,87.5
0500000US29121,0.7,44.0,3.1,43.7,2.1,74.5,8.6,11.5,9.5,1.9,92.0,1.8,0.1,0.6,0.0,0.2,3.3,1.41,7.8,87.5
0500000US29123,1.4,71.1,2.6,43.6,4.8,80.2,13.4,10.6,13.2,2.8,92.2,0.3,0.5,0.3,0.0,0.1,3.8,2.03,12.1,84.1
0500000US29125,0.6,23.1,0.7,45.6,4.8,68.0,11.2,5.5,13.5,2.1,91.7,0.2,1.2,0.0,0.0,0.0,4.8,0.98,12.1,90.9
0500000US29127,0.6,65.0,0.9,41.7,3.8,80.1,12.1,7.9,14.2,2.0,89.0,4.2,0.2,0.8,0.0,0.2,3.5,4.38,9.4,87.0
0500000US29129,3.6,74.4,7.5,42.7,3.5,74.9,10.7,9.2,13.5,4.8,91.1,0.2,0.3,0.9,0.1,0.0,2.6,1.95,9.2,83.4
0500000US29131,1.5,71.8,2.8,41.5,5.3,74.9,8.9,10.7,14.4,2.2,93.3,1.1,0.1,0.4,0.0,0.3,2.6,1.39,11.8,90.9
0500000US29133,0.4,38.0,1.1,51.0,2.7,79.7,27.3,10.9,19.0,0.8,70.7,19.0,0.0,0.6,0.0,0.0,8.9,11.7,16.4,93.4
0500000US29135,2.9,47.1,11.3,42.8,2.5,70.6,7.6,18.6,10.3,5.9,88.1,2.2,0.0,0.5,0.0,0.4,2.9,7.89,15.8,87.1
0500000US29137,1.0,63.1,2.2,49.1,1.8,75.6,7.6,10.6,14.2,1.8,91.6,3.5,0.4,0.4,0.0,0.3,1.8,1.97,8.0,88.0
0500000US29139,0.9,54.0,2.1,42.6,3.0,79.4,11.1,9.9,13.9,2.3,92.3,0.8,0.3,0.1,0.1,0.0,3.9,2.27,11.3,86.3
0500000US29141,0.9,33.0,8.0,51.8,2.9,74.2,12.2,24.0,18.3,2.6,91.9,0.2,0.1,0.4,0.0,0.2,4.7,1.85,19.2,84.5
0500000US29143,1.0,51.6,2.1,47.0,3.4,71.2,23.5,11.4,17.7,1.9,74.2,13.0,0.1,0.3,0.0,0.3,10.2,2.22,13.2,95.8
0500000US29145,4.5,72.2,7.5,39.8,5.9,82.3,12.3,12.7,13.5,6.8,80.4,0.9,1.2,1.6,1.4,0.5,7.2,2.1,10.5,88.7
0500000US29147,2.1,80.7,3.7,41.3,2.4,72.2,8.3,7.5,17.1,2.2,91.5,2.1,0.3,1.6,0.0,0.5,1.8,12.6,4.8,90.3
0500000US29149,0.7,50.0,0.9,50.5,5.2,70.0,19.9,16.3,23.6,1.5,92.6,0.1,0.2,0.4,0.0,0.1,5.1,1.53,14.8,88.6
0500000US29151,0.3,31.1,0.8,36.2,1.7,67.7,4.2,4.1,8.6,1.1,96.6,0.3,0.1,0.1,0.0,0.0,1.8,1.98,8.8,89.7
0500000US29153,0.8,14.9,1.8,55.6,5.0,66.8,14.7,13.2,21.5,2.1,93.7,0.3,0.1,0.0,0.0,0.1,3.8,0.59,14.9,82.6
0500000US29155,1.2,48.6,2.6,46.3,9.7,79.1,30.7,12.6,29.6,3.2,65.1,24.4,0.2,0.2,0.0,0.1,6.9,1.4,15.2,93.4
0500000US29157,1.7,71.7,3.7,37.9,4.9,81.8,10.2,5.7,13.9,2.5,93.4,0.7,0.0,0.8,0.0,0.0,2.6,1.69,13.5,92.3
0500000US29159,7.2,53.2,13.2,37.9,3.8,79.1,11.4,12.6,15.6,9.9,82.1,2.5,0.0,0.7,0.4,0.2,4.2,2.19,12.4,88.8
0500000US29161,4.2,64.4,4.8,44.9,3.9,72.8,13.1,9.1,16.8,3.1,84.9,2.4,0.4,3.7,0.0,0.5,5.0,6.78,10.0,86.6
0500000US29163,1.5,50.2,4.1,49.9,3.9,73.3,10.4,9.0,16.0,2.5,89.0,5.0,0.5,0.3,0.2,0.0,2.6,9.82,12.6,91.6
0500000US29165,5.7,38.8,8.2,30.5,2.7,82.9,4.2,6.1,7.0,7.2,76.7,7.5,0.1,2.5,0.2,0.6,5.2,0.95,3.3,78.8
0500000US29167,1.3,39.8,3.9,42.7,4.0,76.6,10.8,14.1,16.3,3.0,90.9,0.7,0.2,0.8,0.0,1.0,3.3,4.2,12.0,87.4
0500000US29169,4.8,43.1,10.9,30.1,4.7,60.2,8.4,8.4,12.7,11.5,68.5,10.1,0.3,2.1,0.6,0.6,6.3,18.48,6.1,69.9
0500000US29171,1.2,0.0,4.3,42.9,4.0,63.7,7.5,9.6,15.5,3.0,95.1,0.2,0.4,0.0,0.0,0.0,1.3,1.57,4.8,87.1
0500000US29173,0.2,61.9,1.1,44.8,4.8,76.7,4.8,5.5,11.4,1.2,92.8,1.8,0.1,0.2,0.0,0.2,3.7,0.84,8.1,87.4
0500000US29175,0.7,52.4,1.9,43.9,4.4,78.0,15.0,9.7,13.9,2.5,87.5,4.9,0.1,0.2,0.0,0.1,4.7,7.67,10.2,89.9
0500000US29177,1.4,41.1,2.6,39.5,3.4,80.0,10.5,9.1,12.6,2.9,92.2,0.8,0.4,0.3,0.0,0.5,3.0,0.99,10.3,86.5
0500000US29179,0.2,13.3,0.5,48.3,10.9,79.7,16.2,12.2,17.3,1.7,90.9,1.5,0.2,0.2,0.0,0.0,5.3,3.39,18.7,91.0
0500000US29181,1.1,57.1,1.3,49.5,3.7,74.0,17.3,15.6,24.8,1.5,92.4,0.3,0.1,0.3,0.0,0.1,5.2,1.04,17.4,85.6
0500000US29183,4.5,47.6,5.8,30.6,2.9,85.7,3.6,4.2,5.2,4.2,83.0,5.0,0.0,3.0,0.0,0.4,4.3,1.51,4.3,79.7
0500000US29185,1.2,69.6,2.4,47.2,3.3,71.7,13.5,10.6,14.7,2.2,92.8,0.8,0.2,0.2,0.0,0.0,3.8,1.95,14.0,89.2
0500000US29186,0.4,61.1,0.8,41.0,4.2,81.9,6.5,4.6,8.2,1.5,93.8,1.2,0.1,0.0,0.0,0.0,3.3,2.65,6.1,91.7
0500000US29187,1.5,49.7,1.3,48.0,4.5,78.1,15.6,10.3,15.9,1.9,89.9,2.7,0.3,0.4,0.0,0.7,4.1,8.12,13.0,88.4
0500000US29189,8.4,45.3,10.5,35.0,4.3,84.6,8.0,5.7,9.8,3.9,61.4,24.0,0.1,4.9,0.0,0.5,5.3,2.01,5.5,77.7
0500000US29195,5.8,64.3,8.8,41.5,3.2,76.2,13.2,8.1,16.4,12.6,75.3,4.9,0.1,0.6,1.4,0.4,4.7,7.02,13.7,90.6
0500000US29197,0.9,88.6,7.4,45.5,3.7,69.7,7.7,15.5,8.6,0.7,94.2,0.2,0.2,0.5,0.0,0.0,4.1,0.97,7.0,89.8
0500000US29199,1.0,100.0,12.8,38.5,0.2,71.6,4.2,39.0,7.3,0.2,96.0,0.1,0.2,0.0,0.4,0.0,3.0,1.52,25.9,84.7
0500000US29201,0.6,52.8,2.2,38.2,2.9,83.0,14.9,10.7,12.8,2.6,80.8,9.1,0.0,0.1,0.1,0.2,7.0,1.4,12.4,93.3
0500000US29203,0.8,20.7,1.4,56.3,1.3,70.6,13.5,8.8,18.0,0.7,92.2,0.2,0.4,0.4,0.0,0.1,6.0,1.23,16.5,90.8
0500000US29205,1.3,67.1,2.1,45.5,1.8,75.1,8.4,10.6,15.9,2.3,93.6,1.1,0.0,0.4,0.0,0.1,2.5,3.69,9.6,85.7
0500000US29207,0.4,50.4,1.2,43.3,3.7,79.9,15.2,11.2,15.1,2.2,92.7,1.1,0.1,0.1,0.1,0.1,3.6,1.51,16.3,94.6
0500000US29209,1.2,29.6,2.2,50.5,7.1,79.8,6.6,9.4,13.9,2.9,92.5,0.3,0.3,0.3,0.0,0.1,3.5,1.0,8.2,84.6
0500000US29211,10.5,56.6,19.0,43.6,2.5,82.7,10.0,8.7,13.7,18.1,76.8,2.7,0.2,1.0,0.0,0.0,1.2,2.34,11.8,93.4
0500000US29213,3.2,47.7,6.5,41.7,3.9,81.2,11.4,14.6,15.6,7.6,85.1,1.8,0.2,1.0,0.0,0.2,4.1,3.03,8.7,86.8
0500000US29215,1.1,11.5,2.4,52.0,5.1,70.1,13.5,13.3,19.8,2.5,89.0,3.5,0.2,0.1,0.0,0.2,4.5,5.95,13.6,90.5
0500000US29217,2.2,77.5,6.5,43.3,4.2,74.9,14.9,14.4,18.8,2.7,92.6,0.9,0.1,0.8,0.0,0.0,2.8,3.22,11.0,82.6
0500000US29219,1.0,37.0,2.8,37.2,3.7,87.7,6.9,7.4,8.0,4.1,89.4,1.1,0.1,0.4,0.0,0.1,4.7,0.74,9.5,90.0
0500000US29221,0.8,39.6,1.7,48.2,3.6,78.5,20.1,10.4,17.4,1.1,91.8,1.7,0.0,0.1,0.0,0.1,5.2,4.09,14.5,92.2
0500000US29223,0.6,47.0,0.7,53.4,7.3,75.7,18.3,13.5,25.7,1.5,92.4,0.4,0.0,0.3,0.0,0.8,4.6,1.72,18.3,91.7
0500000US29225,1.6,41.3,8.1,41.4,3.8,75.4,9.8,15.5,15.2,2.3,91.2,1.1,0.2,0.1,0.2,0.2,4.6,2.66,11.9,90.0
0500000US29227,0.4,0.0,0.7,42.6,1.6,64.7,11.0,7.9,20.6,0.6,95.2,0.1,0.2,0.0,0.0,0.0,3.8,1.65,5.0,86.0
0500000US29229,1.0,17.9,3.3,47.0,3.5,75.8,13.6,13.5,18.7,2.6,91.7,0.5,0.1,0.3,0.0,0.6,4.1,0.95,15.7,89.4
0500000US29510,7.1,55.5,9.4,33.5,5.0,82.9,18.6,9.3,20.6,5.3,44.4,42.1,0.2,3.5,0.0,0.5,4.0,3.58,9.2,70.9
0500000US30001,1.6,94.8,4.0,43.4,1.3,71.9,7.2,4.3,11.4,5.2,89.1,0.5,1.3,0.3,0.0,0.0,3.5,4.58,7.3,83.2
0500000US30003,0.8,49.5,22.3,42.8,13.2,62.3,17.5,21.7,22.1,4.7,27.0,0.3,66.2,0.2,0.0,0.0,1.6,1.58,10.3,83.6
0500000US30005,1.7,52.2,10.0,37.9,13.6,49.5,14.7,18.3,18.3,2.8,44.1,0.4,47.0,0.1,0.0,0.0,5.6,2.83,9.3,75.6
0500000US30007,0.8,48.4,2.1,37.5,3.5,72.9,3.5,7.5,12.7,2.8,88.9,0.2,1.2,0.2,0.0,0.0,6.7,0.81,8.3,88.0
0500000US30009,0.6,65.2,2.2,40.4,4.5,75.3,6.1,8.2,7.8,3.0,90.1,0.3,0.2,0.0,0.2,1.6,4.5,0.87,3.4,75.4
0500000US30011,0.4,60.0,0.3,42.7,2.8,47.8,5.3,7.5,15.4,2.4,88.9,0.1,0.2,0.0,0.0,0.1,8.3,2.06,6.3,50.5
0500000US30013,2.3,41.9,4.1,37.1,3.3,76.5,10.4,7.0,13.1,5.3,82.4,1.3,3.3,1.0,0.0,0.8,6.0,3.32,5.6,87.7
0500000US30015,1.5,33.0,1.5,48.5,3.2,54.2,9.4,5.7,11.2,3.1,75.4,0.1,16.6,0.1,0.0,0.0,4.8,2.39,6.5,79.5
0500000US30017,1.3,45.2,2.8,34.5,3.4,67.7,8.2,7.7,11.3,3.4,89.0,0.0,1.8,0.5,0.0,0.2,5.1,4.05,4.3,88.0
0500000US30019,2.3,28.6,1.2,37.5,0.5,63.8,2.9,2.0,12.9,3.3,90.3,0.3,1.4,0.6,0.0,1.3,2.8,1.2,5.3,81.2
0500000US30021,0.4,28.2,0.9,37.0,2.7,71.8,3.5,6.6,8.7,3.6,90.4,0.2,1.3,0.2,0.2,0.6,3.4,4.61,6.9,89.2
0500000US30023,0.4,50.0,2.0,45.4,3.4,70.3,13.1,5.6,16.3,3.5,89.3,0.4,1.9,0.2,0.1,0.2,4.4,8.25,7.6,81.4
0500000US30025,1.9,0.0,0.1,41.8,0.0,69.3,2.3,3.1,11.4,0.1,92.2,0.0,2.2,0.0,0.0,0.0,5.4,2.64,0.4,85.6
0500000US30027,2.2,19.0,4.5,35.8,4.2,71.6,7.3,16.2,15.1,2.4,92.4,0.6,2.1,0.7,0.0,0.0,1.9,3.6,4.9,71.0
0500000US30029,2.8,38.6,3.0,37.6,2.9,77.3,6.5,10.0,9.3,3.7,90.0,0.2,0.8,0.8,0.0,0.5,4.0,1.26,4.5,79.2
0500000US30031,4.1,52.2,5.2,28.8,2.3,77.8,2.8,6.9,9.5,5.4,87.5,0.4,0.5,1.2,0.0,0.8,4.0,3.64,2.8,76.0
0500000US30033,0.0,-666666666.0,0.0,41.6,0.0,52.6,3.0,9.8,13.4,0.0,96.7,0.0,1.1,0.0,0.0,0.0,2.2,1.19,3.8,45.7
0500000US30035,0.8,67.3,8.1,44.5,10.0,47.4,23.8,23.6,31.1,2.9,29.5,0.2,63.4,0.6,0.2,0.2,3.0,4.25,15.0,78.3
0500000US30037,1.0,33.3,9.0,47.8,1.5,65.3,0.8,22.9,17.0,4.3,90.3,0.8,0.6,0.0,0.1,0.1,3.8,3.0,13.5,59.5
0500000US30039,2.2,72.4,3.0,46.4,3.7,66.8,5.7,8.5,10.2,2.6,90.0,0.1,1.8,0.9,0.1,0.5,4.0,3.41,6.4,83.4
0500000US30041,1.0,47.2,2.5,38.8,4.2,71.4,13.1,8.3,20.7,3.5,67.1,0.3,21.9,0.2,0.0,0.7,6.3,2.96,9.1,85.8
0500000US30043,1.0,24.2,2.3,39.2,4.2,67.6,5.1,5.8,5.7,3.0,90.6,0.0,1.4,0.4,0.0,0.3,4.4,2.25,6.1,84.0
0500000US30045,2.3,97.9,3.8,35.2,0.1,59.3,5.3,6.8,13.3,7.7,89.9,0.0,1.4,0.0,0.0,0.1,0.9,0.43,6.8,66.2
0500000US30047,2.3,43.3,6.2,44.7,5.7,70.9,10.7,14.5,17.2,4.3,64.6,0.2,19.6,0.7,0.2,0.3,10.2,1.26,7.1,81.8
0500000US30049,1.9,36.8,2.8,36.1,3.2,65.3,7.8,5.7,8.1,4.0,88.6,0.5,1.3,0.5,0.0,0.4,4.7,2.16,5.2,78.9
0500000US30051,2.9,69.6,13.6,42.1,0.6,66.1,6.5,3.4,25.8,0.1,93.4,0.0,2.4,0.7,0.0,0.4,3.1,6.66,16.2,58.3
0500000US30053,2.6,61.4,5.7,56.3,5.1,74.3,12.2,14.9,15.4,3.1,90.0,0.1,1.1,0.2,0.1,0.2,5.3,1.23,9.5,76.5
0500000US30055,1.3,0.0,1.1,40.2,2.1,51.6,0.3,5.3,5.0,0.2,92.1,0.0,2.5,1.0,0.0,0.0,4.1,2.69,2.3,70.7
0500000US30057,2.8,38.6,4.3,44.8,3.1,70.5,3.5,7.1,6.2,3.7,90.4,0.0,0.3,0.5,0.0,1.7,3.5,1.89,6.1,72.4
0500000US30059,0.9,0.0,2.1,38.9,0.3,48.2,8.6,3.6,12.4,3.2,94.0,0.7,1.4,0.0,0.0,0.0,0.5,1.84,8.2,77.7
0500000US30061,1.5,7.9,1.9,46.8,3.1,68.1,13.7,9.1,13.5,3.7,88.9,0.2,1.4,0.3,0.0,0.1,5.3,0.99,7.3,84.1
0500000US30063,2.9,46.5,4.8,30.4,3.7,75.8,7.5,6.1,10.1,5.1,85.5,0.4,1.9,1.6,0.1,0.6,5.0,2.63,3.4,77.4
0500000US30065,1.7,67.8,5.0,45.2,9.2,75.4,10.2,10.1,17.0,4.3,86.6,0.0,3.6,0.0,0.0,2.2,3.3,1.26,10.7,67.9
0500000US30067,2.5,44.0,3.1,40.7,2.7,74.1,6.0,8.1,12.3,3.6,90.9,0.2,0.5,0.2,0.0,0.1,4.5,1.7,3.5,76.1
0500000US30069,0.9,0.0,0.0,38.3,0.0,51.1,0.5,6.7,8.1,0.0,98.9,0.0,0.4,0.7,0.0,0.0,0.0,0.0,1.1,60.4
0500000US30071,2.6,60.0,2.0,42.9,1.8,67.8,7.0,7.6,10.5,1.1,81.0,0.2,7.5,0.8,0.3,0.4,8.7,4.07,4.9,73.2
0500000US30073,1.8,47.2,10.8,41.1,5.8,68.1,9.0,8.2,21.9,2.6,78.9,0.0,14.6,1.0,0.0,0.0,3.0,3.2,12.9,76.9
0500000US30075,1.4,100.0,1.4,43.5,0.7,47.7,5.4,7.6,8.1,1.4,89.2,0.0,2.2,0.9,0.0,0.8,5.5,3.2,9.4,64.6
0500000US30077,2.3,18.8,4.2,58.2,2.3,67.1,6.7,6.4,5.6,2.7,86.8,0.4,4.6,1.5,0.0,0.5,3.5,23.47,6.4,85.9
0500000US30079,4.0,10.0,1.1,47.7,0.9,48.7,14.5,4.7,20.6,0.6,88.1,0.0,0.1,2.7,0.0,4.3,4.2,2.24,3.5,57.4
0500000US30081,2.3,40.6,3.3,44.9,3.2,72.5,6.5,10.5,8.8,4.1,88.6,0.3,0.7,0.7,0.0,0.8,4.8,1.02,6.6,81.5
0500000US30083,3.1,69.9,3.7,31.3,3.3,74.8,4.4,4.7,6.6,5.5,87.5,0.3,0.2,0.4,0.5,0.3,5.3,0.48,5.0,84.7
0500000US30085,0.8,62.5,1.8,41.9,10.8,52.4,12.7,25.2,30.4,2.9,32.4,0.1,55.6,1.0,0.0,0.1,8.0,2.37,8.5,86.5
0500000US30087,2.3,69.2,10.6,41.7,10.6,66.4,13.5,16.2,24.5,3.7,51.4,0.1,36.8,2.0,0.0,1.2,4.8,1.03,9.3,85.2
0500000US30089,1.7,14.7,5.6,58.0,6.0,70.9,11.2,13.7,15.4,3.5,88.3,0.2,2.5,0.5,0.1,0.1,4.8,1.48,8.3,74.8
0500000US30091,2.7,64.0,1.5,37.4,2.1,66.9,4.2,7.3,10.4,4.0,88.2,0.0,1.9,0.7,0.1,0.2,4.9,2.7,9.3,79.1
0500000US30093,1.2,45.6,2.4,39.2,4.1,77.4,13.2,6.0,14.8,4.6,89.1,0.1,1.4,0.4,0.0,0.2,4.2,3.48,6.0,87.4
0500000US30095,1.3,17.1,1.5,38.1,3.1,76.5,5.6,5.2,8.3,3.5,92.0,0.0,0.3,0.4,0.0,0.2,3.7,1.34,4.4,82.8
0500000US30097,1.3,12.8,2.7,35.5,1.8,68.4,4.6,10.2,7.9,1.2,90.8,1.0,1.6,0.2,0.0,0.8,4.4,0.97,2.9,76.0
0500000US30099,0.4,42.3,6.8,40.1,1.0,59.3,4.8,5.4,13.4,2.0,91.5,0.3,1.9,0.0,0.0,0.2,4.1,5.6,8.5,75.0
0500000US30101,4.2,52.6,5.2,43.5,4.9,57.7,7.8,8.3,12.6,4.4,82.2,1.7,5.3,1.2,0.0,0.6,4.7,12.07,13.7,77.7
0500000US30103,1.6,100.0,1.3,35.3,1.0,64.3,6.9,4.1,12.3,5.2,93.0,0.0,0.1,1.0,0.0,0.0,0.7,0.0,5.0,66.7
0500000US30105,1.2,46.2,1.8,37.7,3.0,66.9,8.4,6.4,10.1,2.6,84.2,0.4,8.1,0.0,0.0,0.5,4.2,1.9,5.3,77.7
0500000US30107,1.5,26.7,3.9,48.1,0.8,56.1,6.1,17.9,23.0,2.5,94.2,1.0,0.6,0.3,0.0,0.0,1.5,6.23,6.4,63.3
0500000US30109,5.2,0.0,5.1,37.8,1.7,52.1,4.6,6.5,15.8,7.7,89.2,0.6,0.0,0.1,0.0,2.0,0.4,2.43,4.0,77.3
0500000US30111,1.9,52.6,3.7,33.9,3.4,81.3,7.9,7.7,9.2,6.6,83.4,0.4,3.6,0.7,0.0,0.5,4.7,2.08,4.5,86.8
0500000US31001,5.7,64.2,10.2,32.5,2.4,81.2,9.1,5.8,12.7,12.5,82.3,1.4,0.2,1.0,0.0,0.4,2.4,3.79,7.4,91.3
0500000US31003,2.3,64.6,4.4,36.5,1.7,69.4,4.7,7.2,9.2,4.0,92.8,0.8,0.1,0.2,0.0,0.5,1.5,0.86,6.5,86.2
0500000US31005,2.7,15.4,2.0,34.6,0.4,48.1,5.9,6.8,7.2,0.6,93.0,0.0,0.0,0.0,1.0,0.2,5.2,0.0,1.2,81.9
0500000US31007,10.1,96.0,10.6,32.5,3.7,63.8,1.3,9.7,7.7,10.6,85.8,0.0,0.0,0.0,0.0,1.1,2.4,0.0,10.3,85.9
0500000US31009,0.0,-666666666.0,0.5,33.1,1.3,53.7,0.0,5.0,9.0,0.0,100.0,0.0,0.0,0.0,0.0,0.0,0.0,0.0,3.4,62.9
0500000US31011,2.2,60.2,3.5,37.9,1.2,75.3,3.9,3.4,9.6,4.3,93.5,0.0,0.0,0.2,0.1,0.0,1.9,1.76,6.1,85.7
0500000US31013,2.0,69.5,5.9,36.8,1.6,80.9,7.1,6.8,10.8,12.6,78.6,0.1,2.5,0.4,0.0,0.0,5.7,1.59,5.5,92.3
0500000US31015,3.3,45.5,4.5,42.4,2.3,55.5,6.9,7.3,9.7,3.3,90.8,0.2,2.9,0.2,0.0,0.7,2.0,1.9,3.6,78.9
0500000US31017,3.3,92.7,5.0,39.3,1.7,67.3,6.0,7.5,13.4,6.2,88.5,0.0,0.4,0.0,0.0,0.5,4.4,1.12,7.7,83.9
0500000US31019,4.8,57.0,8.8,29.4,2.6,78.2,6.5,7.0,9.9,10.6,83.8,0.8,0.2,1.6,0.2,0.5,2.4,4.53,6.2,91.8
0500000US31021,1.3,86.0,2.9,41.0,1.1,75.4,10.3,7.5,13.2,3.4,90.3,0.2,1.2,0.1,0.2,0.5,4.1,1.53,7.9,83.0
0500000US31023,2.3,66.5,6.7,34.1,1.2,73.2,5.8,5.1,9.7,6.3,90.0,0.2,0.4,0.0,0.0,0.1,3.1,1.53,8.6,86.9
0500000US31025,1.3,37.6,3.6,31.8,1.7,77.2,4.3,6.0,5.2,4.1,90.5,0.3,0.2,0.3,0.1,1.1,3.6,0.8,4.0,85.3
0500000US31027,0.9,55.8,2.4,31.8,1.7,73.5,5.4,6.0,7.1,2.5,95.0,0.1,0.2,0.3,0.0,0.1,1.7,1.4,3.6,86.4
0500000US31029,7.0,90.7,11.6,36.6,1.9,76.5,4.7,11.2,7.5,17.9,77.8,0.4,0.0,1.7,0.0,0.0,2.2,2.12,10.8,81.9
0500000US31031,4.1,56.1,5.6,32.8,0.4,69.1,4.4,9.4,8.3,3.5,83.8,1.0,5.2,1.7,0.0,0.8,3.9,1.95,3.8,77.8
0500000US31033,1.7,62.1,2.1,35.7,3.4,70.7,12.3,6.8,14.3,8.7,86.9,0.8,0.2,1.3,0.3,0.2,1.6,1.42,7.7,84.2
0500000US31035,2.6,40.1,6.4,32.5,1.9,67.2,6.1,6.6,6.9,9.7,87.1,0.7,0.2,0.0,0.0,0.1,2.1,1.51,6.5,90.0
0500000US31037,28.9,74.3,44.6,30.0,1.3,80.0,8.9,12.2,6.9,47.8,44.7,3.5,2.1,0.2,0.0,0.0,1.6,0.7,20.6,90.3
0500000US31039,6.7,81.0,10.7,31.5,2.2,75.9,2.5,8.3,6.7,12.4,85.1,0.4,0.5,0.3,0.0,0.0,1.2,0.99,8.5,90.2
0500000US31041,1.9,69.2,2.9,35.2,2.6,67.6,7.8,7.1,7.1,4.0,91.6,0.5,0.4,0.1,0.2,0.6,2.7,1.16,5.0,88.9
0500000US31043,25.6,47.8,40.6,28.5,4.8,85.7,10.0,8.1,11.5,41.6,42.3,8.7,2.0,3.0,0.0,0.1,2.3,0.85,21.3,90.3
0500000US31045,1.0,1.3,3.4,36.7,1.6,54.9,10.0,9.6,13.1,5.0,85.8,0.5,2.8,1.1,0.0,0.0,4.8,9.89,4.1,82.8
0500000US31047,22.7,47.0,37.2,29.8,1.4,81.0,6.2,9.9,10.8,37.4,52.8,6.4,0.2,0.8,0.1,0.3,2.0,1.06,22.1,93.4
0500000US31049,1.6,48.3,5.4,43.3,1.4,60.8,8.4,9.1,9.4,9.9,85.7,0.0,0.9,0.4,0.0,0.2,2.9,0.43,8.9,89.6
0500000US31051,7.4,77.6,12.0,33.3,2.4,77.1,7.9,9.2,7.3,15.8,80.9,0.0,0.5,0.1,0.0,0.2,2.5,1.33,14.1,85.7
0500000US31053,7.6,68.4,15.3,33.6,3.4,81.1,8.2,6.5,11.0,18.0,77.5,0.5,0.1,0.5,0.0,0.6,2.7,2.44,11.6,92.2
0500000US31055,10.6,61.7,16.5,29.8,3.8,83.1,9.5,8.3,11.8,14.5,65.8,10.2,0.2,4.4,0.0,0.4,4.5,2.01,8.6,80.0
0500000US31057,1.0,76.5,4.3,33.4,0.3,58.0,8.0,5.5,14.0,3.3,92.5,0.6,0.0,0.0,0.0,0.0,3.6,2.3,6.9,85.7
0500000US31059,1.1,28.6,1.7,33.9,0.4,74.1,5.9,4.1,8.8,3.8,92.5,0.6,0.3,0.1,0.0,0.1,2.5,2.78,4.2,86.2
0500000US31061,1.3,21.1,3.0,41.7,2.7,71.1,6.6,4.4,12.3,3.5,92.7,0.1,0.5,0.0,0.0,0.1,3.1,1.97,6.3,91.4
0500000US31063,2.6,53.0,2.6,39.4,2.6,66.7,11.5,6.4,11.4,4.9,91.1,0.1,0.2,0.4,0.0,0.0,3.3,5.14,6.3,86.2
0500000US31065,2.2,65.0,4.3,43.4,1.0,66.8,5.1,5.7,13.0,5.1,91.4,0.4,1.0,0.2,0.0,0.0,2.0,2.17,10.2,89.1
0500000US31067,1.3,18.3,3.8,36.7,1.5,76.0,10.9,5.1,12.6,3.4,92.5,0.5,0.3,0.7,0.0,0.1,2.5,2.42,6.5,91.3
0500000US31069,1.3,65.2,2.5,46.4,5.4,62.3,11.1,8.9,16.5,4.3,93.4,0.1,0.5,0.5,0.0,0.4,0.9,1.76,5.4,83.9
0500000US31071,0.0,-666666666.0,0.2,34.7,2.7,58.3,5.0,3.6,8.8,1.7,96.7,0.2,0.1,0.0,0.0,0.0,1.2,3.61,4.3,81.8
0500000US31073,0.3,100.0,4.0,38.9,2.4,68.8,7.4,9.4,10.3,7.4,89.8,0.0,0.3,0.6,0.0,0.0,1.9,1.42,2.1,84.8
0500000US31075,3.5,72.7,1.7,34.9,0.3,58.4,2.1,10.5,12.2,0.2,96.0,0.2,1.0,0.8,0.0,0.0,1.9,2.72,7.7,77.1
0500000US31077,0.8,27.8,1.0,40.5,3.5,65.7,6.1,4.9,13.1,3.1,91.9,0.6,0.4,0.0,0.0,0.0,4.0,1.36,6.8,82.1
0500000US31079,16.9,64.1,27.8,31.6,4.0,82.1,10.4,12.9,14.1,32.4,60.5,3.3,0.2,1.0,0.0,0.3,2.3,1.32,14.8,92.5
0500000US31081,1.3,77.9,2.6,33.9,2.3,73.9,4.8,6.1,5.2,4.3,91.9,0.2,0.1,0.5,0.0,0.1,3.0,1.49,2.9,87.9
0500000US31083,2.2,66.7,3.3,38.9,1.3,68.2,5.3,8.5,6.7,1.8,94.1,0.1,0.0,1.2,0.0,0.0,2.8,1.83,6.1,84.7
0500000US31085,4.2,71.4,5.9,36.9,0.0,61.5,5.0,5.6,12.7,4.9,93.6,0.0,0.2,0.0,0.0,0.0,1.3,0.0,5.0,86.6
0500000US31087,1.2,29.0,1.5,45.2,1.7,58.1,7.4,5.6,12.8,4.2,91.9,0.0,0.3,0.7,0.0,0.3,2.6,1.09,7.0,88.4
0500000US31089,2.3,76.4,4.8,35.3,0.9,68.1,8.3,6.6,11.7,5.7,90.9,0.4,0.2,0.2,0.0,0.6,2.0,1.26,5.6,86.4
0500000US31091,0.0,-666666666.0,1.0,35.5,3.9,83.1,0.3,9.5,6.2,0.0,88.9,1.5,0.2,0.0,0.0,1.1,8.3,5.87,4.6,81.1
0500000US31093,1.7,87.3,2.5,35.1,3.8,78.2,6.7,6.8,4.8,3.2,91.1,0.6,0.0,0.1,0.0,0.0,4.9,1.07,4.1,87.2
0500000US31095,2.8,60.9,5.1,40.2,1.2,73.6,12.5,8.4,10.1,5.9,90.5,0.3,0.2,0.0,0.0,0.1,3.1,1.56,6.3,87.6
0500000US31097,3.9,77.8,9.5,50.9,3.4,65.2,11.9,5.0,9.7,11.9,77.6,4.7,2.4,0.8,0.0,0.0,2.6,18.46,13.2,84.8
0500000US31099,1.6,23.4,6.2,30.7,1.7,75.9,3.9,6.1,7.2,6.8,90.8,0.0,0.2,0.5,0.0,0.1,1.5,0.92,6.1,89.4
0500000US31101,3.1,26.5,5.5,39.5,2.0,72.8,8.9,6.6,10.4,9.1,85.4,1.1,0.1,0.7,0.0,0.0,3.6,0.96,9.9,85.5
0500000US31103,3.9,100.0,5.4,39.7,1.0,55.3,1.3,9.9,7.2,4.6,93.1,0.1,0.0,0.0,0.0,1.9,0.2,0.0,3.6,67.6
0500000US31105,1.8,86.0,4.5,43.1,0.7,76.6,11.3,14.4,12.2,9.9,82.3,1.7,1.6,0.7,0.0,0.0,3.9,2.06,11.7,91.4
0500000US31107,0.8,37.9,3.8,38.1,3.6,65.8,7.4,7.0,13.7,2.9,84.5,0.7,8.8,0.4,0.0,0.1,2.5,1.72,7.4,85.7
0500000US31109,8.7,48.6,12.3,30.3,3.2,76.5,8.4,5.9,11.9,8.5,77.9,3.7,0.3,4.1,0.1,0.3,5.2,4.1,6.4,82.6
0500000US31111,2.8,58.1,5.1,35.4,3.6,74.3,11.6,6.6,12.4,9.3,86.0,0.8,0.6,0.7,0.0,0.4,2.3,1.96,5.8,92.2
0500000US31113,1.3,100.0,4.3,31.1,0.2,58.9,2.0,7.1,5.6,1.9,88.6,1.7,0.6,0.0,0.0,0.8,6.3,0.0,2.2,83.6
0500000US31115,2.2,0.0,6.1,32.2,0.0,53.1,6.1,9.5,6.9,8.5,87.5,0.0,0.7,0.0,0.0,0.0,3.3,0.0,1.0,85.0
0500000US31117,1.9,100.0,4.1,33.1,0.0,62.4,0.9,3.4,12.2,0.8,92.4,0.0,0.0,0.0,0.0,0.0,6.7,0.0,5.0,77.2
0500000US31119,8.0,63.9,12.9,32.6,3.0,75.8,8.5,7.5,13.1,16.3,77.2,0.8,0.9,1.3,0.0,0.1,3.3,2.76,8.9,90.7
0500000US31121,2.2,20.3,2.9,33.9,0.4,72.3,5.7,5.3,7.9,5.6,90.5,0.0,0.0,0.7,0.0,0.0,3.1,1.8,8.7,90.3
0500000US31123,3.9,48.9,7.4,37.3,3.6,67.5,11.6,8.4,13.9,14.7,80.5,0.1,0.4,0.3,0.3,1.0,2.7,2.32,9.2,86.8
0500000US31125,0.5,29.4,2.4,34.5,3.6,68.3,6.9,6.6,16.6,2.6,94.1,0.2,0.5,0.2,0.0,0.3,2.2,3.7,7.4,88.0
0500000US31127,0.8,25.9,4.2,35.1,6.0,66.4,13.3,10.2,13.3,3.3,89.3,1.1,0.8,0.1,0.0,0.0,5.4,7.14,8.9,89.7
0500000US31129,1.2,33.3,1.6,36.8,0.6,68.6,5.7,9.3,5.7,3.6,92.6,0.1,0.4,0.0,0.0,0.0,3.3,2.2,7.6,81.0
0500000US31131,5.3,69.7,8.3,33.8,2.7,76.1,6.0,3.9,9.1,9.0,85.5,1.0,0.2,0.2,0.0,0.0,4.0,1.27,6.7,91.4
0500000US31133,0.9,36.4,8.7,45.3,2.2,63.1,5.9,13.0,13.5,1.9,93.9,0.1,0.0,0.0,0.0,0.0,4.1,1.42,14.4,79.4
0500000US31135,2.9,79.5,3.5,31.7,1.5,62.3,5.1,5.6,7.2,5.6,90.1,0.0,0.1,0.6,0.0,0.1,3.5,1.1,7.1,88.8
0500000US31137,1.9,61.8,4.3,33.8,1.2,72.2,9.9,6.2,12.2,6.9,89.5,0.9,0.3,0.0,0.1,0.0,2.3,2.28,6.9,90.5
0500000US31139,1.7,81.6,2.2,34.1,2.1,74.9,7.4,4.5,7.6,2.7,93.6,0.4,0.4,0.2,0.0,0.3,2.4,1.32,5.4,88.4
0500000US31141,12.3,66.9,19.3,30.9,2.0,83.8,7.1,7.3,9.8,23.7,72.7,0.7,0.2,0.2,0.0,0.1,2.4,1.21,9.7,89.5
0500000US31143,2.6,65.7,5.1,32.7,1.3,75.2,4.9,5.5,7.9,6.3,90.1,0.2,0.1,0.2,0.0,0.2,2.9,1.53,6.0,83.6
0500000US31145,2.0,75.4,4.5,37.1,1.4,77.1,9.2,8.9,14.0,6.3,88.8,1.0,0.2,0.3,0.0,0.0,3.4,2.73,6.9,91.0
0500000US31147,0.4,46.9,0.9,38.7,3.7,73.0,7.5,6.2,10.5,2.4,90.4,0.2,1.6,0.1,0.0,0.0,5.2,1.77,6.5,88.5
0500000US31149,1.0,23.1,2.1,38.1,1.2,56.1,5.3,4.9,10.8,0.8,98.6,0.1,0.0,0.0,0.0,0.2,0.4,3.34,8.3,85.5
0500000US31151,17.1,63.7,28.5,31.6,2.9,77.5,4.5,9.7,8.9,29.5,64.8,0.4,0.1,2.4,0.0,0.1,2.7,4.1,17.7,91.1
0500000US31153,7.1,48.5,10.3,27.1,2.6,79.9,4.7,4.7,5.6,11.6,76.3,4.0,0.2,2.8,0.1,0.7,4.5,0.54,4.4,84.9
0500000US31155,1.5,56.1,2.8,30.1,2.5,76.2,4.6,4.2,6.3,2.8,92.2,0.2,0.1,0.7,0.0,0.2,3.9,1.19,3.0,84.3
0500000US31157,4.4,54.7,10.9,36.1,2.7,73.1,11.9,10.2,12.9,23.9,70.7,0.6,1.0,0.7,0.0,0.7,2.5,2.2,9.2,90.5
0500000US31159,1.2,42.3,3.2,32.9,2.1,73.0,5.4,6.1,7.4,3.0,93.7,0.8,0.1,0.5,0.1,0.1,1.6,7.09,5.3,86.7
0500000US31161,2.5,41.3,6.1,41.1,2.0,64.3,10.2,10.9,11.3,5.4,80.5,0.6,8.5,1.4,0.0,0.4,3.3,3.29,9.6,78.0
0500000US31163,0.6,0.0,1.7,39.2,3.0,64.3,5.2,4.1,8.6,2.8,92.6,0.3,0.1,0.5,0.0,0.0,3.6,1.79,8.0,88.4
0500000US31165,1.2,14.3,1.3,40.3,1.8,50.2,2.2,8.5,14.9,2.1,95.5,0.1,0.0,0.2,0.0,0.6,1.5,0.0,5.6,88.4
0500000US31167,1.4,41.5,6.0,33.8,0.7,78.0,4.8,6.1,9.4,7.0,89.0,0.1,0.0,1.1,0.0,0.0,2.7,1.09,5.9,90.3
0500000US31169,1.0,47.9,2.5,36.7,2.0,71.0,7.2,5.2,9.0,3.2,93.1,0.1,0.3,0.1,0.0,0.2,3.0,2.37,5.1,90.5
0500000US31171,3.0,17.6,5.6,34.1,2.1,71.2,4.3,5.0,8.9,5.0,89.2,2.0,0.0,0.0,0.0,0.0,3.9,0.0,8.1,72.7
0500000US31173,1.8,38.1,4.8,34.5,10.0,55.1,14.7,9.4,13.9,4.9,36.2,0.3,53.7,1.4,0.0,0.1,3.5,1.81,6.1,91.0
0500000US31175,1.9,69.2,3.1,35.5,0.2,73.0,9.8,5.6,9.3,2.9,94.7,0.0,0.7,0.1,0.0,0.4,1.1,1.5,4.9,91.3
0500000US31177,2.5,47.6,3.8,33.2,1.8,78.1,4.7,4.2,6.4,3.3,92.9,0.3,0.2,0.2,0.0,0.1,3.0,0.94,4.2,83.3
0500000US31179,6.1,73.2,9.7,32.7,4.3,71.9,6.8,5.8,13.2,10.3,85.4,1.0,0.8,0.3,0.0,0.0,2.2,13.9,4.7,76.0
0500000US31181,1.7,73.2,3.5,35.3,0.7,65.8,9.5,5.8,9.6,5.8,88.2,0.2,0.1,0.8,0.6,0.3,3.9,2.23,4.9,89.3
0500000US31183,3.1,100.0,5.3,32.4,2.3,54.4,2.8,9.0,5.2,3.8,95.2,0.0,0.0,0.0,0.0,0.0,1.1,0.0,3.2,78.4
0500000US31185,2.7,55.1,5.2,36.0,1.5,77.2,7.4,5.4,9.2,6.2,87.9,1.3,0.4,0.5,0.0,0.4,3.3,5.77,6.9,88.8
0500000US32001,5.3,27.6,9.4,40.1,5.3,73.5,10.6,8.0,8.1,15.2,70.7,2.1,3.2,2.2,0.1,0.2,6.2,1.83,8.1,85.5
0500000US32003,21.9,45.9,33.6,36.1,7.6,82.5,13.6,12.2,13.0,31.9,38.3,11.5,0.3,10.5,0.8,0.7,6.1,0.84,13.1,81.5
0500000US32005,6.2,33.6,11.5,49.9,3.0,70.7,5.6,6.0,9.0,13.0,77.2,0.3,1.1,2.3,0.1,1.6,4.5,0.55,5.7,82.3
0500000US32007,8.5,60.4,16.9,32.7,4.5,79.3,9.1,9.0,9.8,26.0,61.1,0.8,3.5,1.4,0.2,1.4,5.5,1.53,12.8,79.6
0500000US32009,18.3,30.3,25.3,61.1,0.6,73.5,27.8,4.7,12.4,31.5,58.3,0.3,1.4,1.2,0.0,4.6,2.8,0.58,16.8,77.5
0500000US32011,4.0,32.8,2.0,63.2,0.0,72.2,2.6,12.0,24.9,5.4,80.9,0.1,3.3,2.7,0.0,0.0,7.6,0.38,5.9,87.7
0500000US32013,9.4,39.3,17.3,36.9,5.8,72.6,11.3,8.7,10.6,27.3,63.7,0.8,2.9,1.5,0.1,0.5,3.2,0.93,11.3,82.5
0500000US32015,3.5,31.2,6.5,38.1,9.4,65.6,11.5,4.8,10.7,16.8,75.0,0.2,1.8,0.4,0.0,0.0,5.7,0.76,11.9,84.3
0500000US32017,1.5,42.2,8.6,54.3,1.9,70.9,4.6,5.5,5.0,6.6,84.6,2.8,3.0,0.0,0.0,0.0,2.9,7.81,5.9,70.7
0500000US32019,7.2,51.0,13.3,42.2,6.5,79.0,11.0,9.6,11.7,19.5,70.4,1.3,1.3,1.3,0.1,0.4,5.8,0.43,12.1,87.6
0500000US32021,2.3,16.5,10.4,48.7,9.8,56.2,13.9,11.4,18.5,17.4,57.1,3.2,15.7,0.1,0.0,0.0,6.5,2.09,7.3,84.6
0500000US32023,8.1,46.8,12.3,57.9,8.1,76.6,14.9,8.8,14.1,17.1,68.9,2.9,0.9,1.9,0.3,0.3,7.8,2.13,12.8,82.6
0500000US32027,8.4,69.1,17.1,58.2,3.9,74.2,9.3,10.4,11.8,23.6,63.7,4.8,4.1,0.9,0.1,0.4,2.5,27.15,12.9,83.0
0500000US32029,5.7,42.0,8.4,48.0,6.5,86.7,4.4,4.4,7.1,12.8,76.5,2.2,0.0,1.3,0.0,0.1,7.1,0.58,9.4,80.9
0500000US32031,14.3,51.8,21.4,34.3,5.1,81.0,10.5,9.9,10.7,26.1,58.5,2.3,0.7,5.6,0.7,0.6,5.5,1.43,11.0,80.7
0500000US32033,3.2,55.1,7.5,50.6,4.0,71.0,8.5,4.7,8.2,16.5,71.5,5.9,3.6,0.3,0.0,0.2,1.9,15.6,13.8,88.6
0500000US32510,12.5,51.7,20.5,40.9,5.5,73.3,10.3,11.2,10.3,26.4,62.1,1.7,1.4,2.4,0.0,0.2,5.8,5.04,10.8,85.2
0500000US33001,2.8,27.6,3.5,37.3,3.1,76.5,6.9,5.9,8.5,2.3,92.7,0.5,0.0,1.2,0.0,0.5,2.8,1.75,6.2,84.1
0500000US33003,2.3,18.8,3.8,41.5,5.1,73.5,5.0,6.8,7.6,1.8,94.0,0.6,0.3,0.8,0.0,0.2,2.4,1.3,4.4,80.0
0500000US33005,2.9,42.8,3.7,37.5,3.3,79.2,6.3,6.2,8.7,2.6,91.4,0.7,0.1,0.9,0.0,0.2,4.1,4.94,5.6,82.2
0500000US33007,2.8,49.1,7.6,47.1,4.3,70.9,12.6,7.7,13.2,2.4,91.9,2.0,0.1,0.1,0.0,0.5,2.9,6.86,9.6,85.6
0500000US33009,5.6,44.3,6.2,39.5,3.2,78.2,6.4,5.4,10.4,2.9,87.5,1.1,0.1,3.5,0.0,0.5,4.4,7.81,5.3,75.7
0500000US33011,10.3,43.1,13.9,29.6,3.1,84.0,6.6,5.5,6.7,8.5,80.1,2.2,0.1,4.3,0.0,0.5,4.3,1.97,6.6,78.0
0500000US33013,4.4,32.9,5.3,35.5,3.1,77.9,7.0,5.1,7.6,2.7,90.1,1.6,0.1,1.5,0.1,0.4,3.6,3.96,5.5,81.3
0500000US33015,5.2,33.6,6.5,32.1,3.6,81.0,3.3,4.1,4.8,3.7,89.5,0.7,0.1,1.9,0.0,0.5,3.6,0.79,3.9,77.6
0500000US33017,4.4,35.4,5.3,32.1,3.5,78.1,7.3,5.2,8.7,3.2,87.6,1.1,0.0,2.7,0.0,0.5,4.8,6.22,5.3,77.6
0500000US33019,2.1,23.7,1.8,40.1,3.1,82.3,8.3,6.0,10.1,2.1,91.4,0.7,0.0,0.3,0.0,0.3,5.1,1.69,7.9,85.6
0500000US34001,15.9,42.9,26.3,36.4,8.8,78.0,12.2,7.0,13.2,20.4,54.0,12.6,0.3,7.8,0.0,0.5,4.5,2.2,10.7,81.5
0500000US34003,31.8,33.6,42.5,32.8,5.8,81.6,5.3,6.1,6.8,22.7,51.3,5.4,0.1,16.8,0.0,0.8,2.9,1.12,7.1,66.3
0500000US34005,11.0,35.0,14.5,33.3,5.3,77.6,4.9,3.9,6.6,9.6,62.4,15.8,0.0,5.8,0.0,0.8,5.6,2.25,5.7,79.1
0500000US34007,12.3,44.9,21.8,33.3,6.9,80.5,13.3,6.4,12.4,19.2,52.5,17.8,0.0,5.9,0.0,0.6,3.8,1.22,10.1,76.3
0500000US34009,4.6,48.9,8.9,42.5,5.3,70.5,7.5,5.0,8.7,8.3,83.9,3.4,0.0,0.7,0.0,0.4,3.3,1.67,5.3,81.0
0500000US34011,12.7,63.4,30.2,42.5,6.8,74.7,17.6,10.5,15.6,35.7,40.9,16.4,0.4,1.4,0.0,1.3,3.7,5.92,18.4,89.0
0500000US34013,30.1,50.0,37.8,33.6,8.7,80.0,14.8,11.9,14.6,25.2,27.3,35.4,0.1,6.0,0.0,1.4,4.6,2.38,13.3,60.6
0500000US34015,6.1,38.9,10.1,33.7,5.3,79.0,6.6,4.0,7.7,8.3,74.3,10.2,0.0,3.1,0.1,0.5,3.6,2.19,6.0,80.9
0500000US34017,42.8,49.3,56.5,29.7,6.0,83.8,14.7,11.3,14.9,40.7,27.3,10.7,0.1,16.8,0.0,1.0,3.3,1.06,12.0,38.6
0500000US34019,10.6,34.3,14.2,35.4,4.6,78.6,3.6,2.8,4.0,9.3,79.9,2.4,0.0,4.9,0.0,0.5,3.0,2.03,3.7,74.4
0500000US34021,27.0,53.9,35.7,34.7,6.3,79.7,9.3,7.9,10.3,23.1,42.7,17.9,0.1,12.3,0.0,0.5,3.4,4.51,10.6,68.9
0500000US34023,35.4,43.1,47.4,32.8,6.7,82.0,7.9,7.2,8.6,23.6,37.5,9.7,0.1,25.4,0.0,0.8,2.9,2.89,10.8,69.4
0500000US34025,13.6,36.0,18.4,34.0,5.4,80.1,5.4,5.3,6.5,12.9,71.5,5.8,0.0,5.4,0.0,0.8,3.6,1.04,5.8,72.1
0500000US34027,19.8,38.1,26.6,31.5,5.2,81.4,3.7,4.7,4.9,16.0,65.8,3.0,0.0,10.7,0.0,0.7,3.7,1.7,5.1,71.9
0500000US34029,8.0,36.9,13.2,40.9,5.4,77.2,6.4,4.1,10.5,10.9,81.1,2.9,0.0,1.9,0.0,0.5,2.7,1.07,6.5,83.7
0500000US34031,33.1,45.3,51.3,33.8,8.0,82.1,19.0,12.0,13.0,44.3,37.9,9.7,0.1,5.4,0.0,0.6,2.0,1.67,15.1,76.4
0500000US34033,3.0,40.0,8.8,39.5,7.4,78.6,12.5,4.7,12.7,11.3,70.2,13.2,0.0,1.0,0.1,0.3,3.9,2.12,9.5,86.9
0500000US34035,27.9,40.3,34.7,30.0,4.7,83.4,3.7,5.4,5.4,17.6,49.3,9.3,0.0,19.6,0.0,0.7,3.6,1.13,6.0,70.3
0500000US34037,8.7,31.9,12.2,31.7,5.1,78.0,3.1,3.8,5.5,11.9,79.7,1.7,0.1,2.0,0.0,0.6,4.0,1.09,4.6,82.5
0500000US34039,33.6,49.5,47.6,30.7,6.5,81.1,8.8,13.0,9.2,35.2,35.4,19.1,0.1,5.6,0.0,1.2,3.4,0.99,13.7,69.8
0500000US34041,10.6,35.0,15.4,32.9,5.1,78.6,7.4,4.8,8.3,13.0,74.6,5.6,0.1,3.0,0.0,0.2,3.5,1.77,5.9,82.4
0500000US35001,10.5,52.4,26.6,37.6,5.3,71.4,17.0,8.8,15.2,49.1,37.1,2.6,4.0,2.8,0.1,0.7,3.7,1.6,9.4,80.5
0500000US35003,5.1,22.0,18.3,68.3,4.2,65.0,9.3,6.3,24.8,15.7,74.4,1.8,3.8,0.3,0.0,0.0,4.0,5.66,2.0,57.2
0500000US35005,11.3,56.8,35.0,44.2,5.0,74.8,25.0,10.8,24.3,58.4,36.1,1.5,0.6,1.1,0.1,0.6,1.5,3.53,19.1,91.2
0500000US35006,2.2,57.1,38.5,56.3,10.5,60.1,23.6,11.9,28.4,32.9,19.5,1.9,42.5,0.7,0.0,0.1,2.4,5.58,15.3,81.1
0500000US35007,4.3,57.7,19.0,52.0,3.8,70.0,23.4,10.1,18.2,47.6,47.4,0.5,1.1,0.2,0.0,0.2,3.0,5.42,9.7,83.3
0500000US35009,10.0,67.4,27.5,36.7,8.2,69.9,25.5,10.1,20.5,45.9,43.0,5.0,0.4,1.4,0.1,0.1,4.1,2.09,16.9,93.5
0500000US35011,0.6,0.0,36.0,37.2,8.4,61.8,18.7,12.6,15.5,63.6,35.3,0.1,0.0,0.0,0.0,0.8,0.1,0.89,10.0,90.4
0500000US35013,14.7,53.5,45.3,41.7,6.8,69.5,24.1,11.3,21.3,67.9,26.7,1.4,0.6,1.1,0.1,0.2,2.0,2.41,16.6,85.9
0500000US35015,7.7,67.2,28.3,37.9,5.5,74.5,14.2,9.8,13.8,51.6,42.9,1.2,0.8,0.6,0.0,0.7,2.3,1.73,16.6,90.5
0500000US35017,4.6,58.8,23.3,54.9,8.4,60.2,19.1,5.2,19.5,47.8,47.5,0.8,0.6,0.9,0.0,0.1,2.3,2.7,9.3,83.4
0500000US35019,10.1,58.0,46.2,48.0,2.6,64.7,40.7,5.1,25.5,76.6,16.6,1.9,1.9,1.6,0.0,0.0,1.3,9.88,17.8,92.1
0500000US35021,0.4,100.0,17.3,49.5,15.3,25.7,8.7,1.2,19.4,36.4,47.5,1.8,0.0,0.0,0.0,11.6,2.7,0.0,8.0,83.8
0500000US35023,7.7,46.8,32.2,46.5,3.5,60.7,21.2,13.3,23.1,57.0,38.1,0.0,0.0,1.0,0.0,0.6,3.4,1.58,13.0,92.7
0500000US35025,18.3,78.3,44.6,38.6,6.9,77.1,19.8,14.9,18.7,62.7,31.0,3.1,0.4,0.7,0.0,0.2,1.8,2.95,25.3,93.6
0500000US35027,3.8,62.8,17.9,48.2,5.1,64.1,14.7,9.6,19.3,33.0,60.2,0.8,3.2,0.5,0.0,0.2,2.2,0.83,5.3,84.0
0500000US35028,9.4,39.0,14.6,32.2,0.6,51.1,4.2,2.5,3.5,18.0,69.8,0.9,0.6,4.9,0.1,0.4,5.3,0.47,1.7,79.0
0500000US35029,16.2,56.6,52.1,55.1,5.4,73.5,30.1,9.3,28.6,67.1,28.3,1.1,0.4,1.1,0.1,0.4,1.3,1.95,24.7,90.5
0500000US35031,2.4,60.4,48.9,51.5,9.0,65.4,37.7,16.8,33.2,12.2,8.0,0.4,75.4,1.4,0.1,0.1,2.4,1.51,18.2,87.7
0500000US35033,1.3,57.4,44.3,54.0,3.8,35.5,20.3,2.0,21.4,73.5,24.7,0.0,1.3,0.0,0.0,0.0,0.4,0.27,6.3,85.2
0500000US35035,9.7,57.5,24.8,44.0,8.6,67.9,21.6,10.1,19.3,39.6,45.5,3.5,5.8,1.5,0.1,0.5,3.5,5.04,12.2,89.4
0500000US35037,0.6,80.4,17.2,44.5,7.4,61.8,30.5,5.0,27.1,44.9,47.9,0.1,0.2,0.0,0.1,0.6,6.3,0.93,7.9,87.4
0500000US35039,6.3,74.7,51.4,46.9,4.9,55.0,18.8,8.7,18.2,67.2,14.0,0.6,15.5,0.6,0.1,0.6,1.5,0.95,12.3,86.1
0500000US35041,8.3,66.0,23.3,36.5,5.4,68.0,21.2,11.3,21.8,44.8,48.1,0.6,0.7,0.5,0.0,0.2,5.0,5.58,13.6,91.5
0500000US35043,5.6,46.0,23.6,41.0,5.2,72.3,13.8,6.5,10.0,40.0,40.9,2.1,11.0,1.3,0.1,0.6,4.0,0.58,7.0,79.5
0500000US35045,3.1,57.3,27.9,46.9,7.3,72.7,23.1,12.9,23.1,19.8,36.2,0.6,38.4,0.8,0.0,0.2,4.0,1.24,13.1,90.4
0500000US35047,2.4,53.9,46.1,49.4,4.8,57.7,29.2,7.1,24.4,75.2,17.6,1.3,1.4,0.4,0.0,1.0,3.1,4.21,13.5,83.7
0500000US35049,12.1,57.3,30.4,42.7,5.3,65.7,11.0,8.9,12.0,47.9,44.0,0.8,2.4,1.4,0.1,0.5,2.9,1.69,8.2,76.5
0500000US35051,7.5,77.4,21.6,62.6,4.2,51.2,15.9,4.1,21.4,29.8,63.1,0.1,0.2,0.2,0.0,0.0,6.6,2.01,10.8,82.3
0500000US35053,4.2,58.0,33.4,59.3,1.3,55.6,24.8,9.4,33.2,50.3,32.8,0.4,10.6,1.8,0.0,0.1,3.9,4.54,14.7,70.3
0500000US35055,5.7,59.4,33.4,44.6,7.6,67.7,17.3,7.7,15.5,50.6,40.5,0.3,5.3,0.7,0.0,0.2,2.3,1.03,7.8,76.3
0500000US35057,3.9,59.6,21.0,46.3,9.0,69.4,27.1,7.8,18.3,43.2,48.0,1.7,2.0,0.2,0.0,1.4,3.4,0.66,13.1,87.8
0500000US35059,3.8,88.1,22.3,55.9,6.2,67.6,20.2,10.4,16.6,40.1,53.3,1.1,2.1,0.0,0.0,0.6,2.8,11.71,11.0,87.0
0500000US35061,8.7,56.8,28.0,47.6,7.0,67.3,24.0,8.3,18.1,60.8,30.5,1.0,3.7,0.7,0.1,0.6,2.6,2.34,13.9,86.0
0500000US36001,12.0,44.3,15.0,36.3,5.0,70.5,11.0,3.2,13.0,7.3,68.0,11.5,0.0,7.5,0.0,0.7,5.0,6.04,6.3,74.9
0500000US36003,1.8,60.5,5.0,46.2,7.1,70.2,15.9,5.2,16.2,2.2,92.7,1.5,0.1,1.4,0.0,0.1,2.0,10.25,8.3,82.9
0500000US36005,34.6,45.7,57.0,41.9,11.4,79.0,38.6,7.1,27.8,55.1,8.7,28.7,0.3,4.0,0.0,1.0,2.2,3.74,24.6,27.9
0500000US36007,6.9,47.6,9.1,43.2,7.1,73.7,15.4,3.4,18.5,5.6,79.3,5.1,0.1,5.1,0.0,0.3,4.6,5.92,8.6,81.4
0500000US36009,1.7,33.5,6.0,44.7,5.0,71.0,18.0,6.1,19.1,2.4,87.7,1.4,2.3,0.9,0.0,0.4,4.9,4.1,10.5,85.2
0500000US36011,2.6,48.2,4.0,41.9,3.8,74.5,14.8,4.5,13.5,3.6,86.9,3.3,0.1,0.7,0.0,0.5,4.9,4.95,10.6,86.9
0500000US36013,2.6,47.9,9.2,44.3,5.9,73.3,19.9,5.3,17.4,9.6,83.7,2.1,0.1,0.7,0.1,0.3,3.4,4.03,10.3,85.8
0500000US36015,3.5,46.4,4.7,42.5,6.1,75.8,16.5,4.1,16.3,3.8,84.0,6.4,0.1,1.5,0.0,0.4,3.8,4.41,9.3,86.8
0500000US36017,2.5,49.8,4.3,41.8,6.4,74.4,14.4,3.4,11.8,2.5,92.3,0.7,0.1,0.5,0.0,0.4,3.5,1.71,10.2,86.8
0500000US36019,4.8,52.0,5.7,42.3,4.1,73.2,16.9,3.1,13.7,3.5,88.2,2.9,0.2,1.5,0.0,0.5,3.1,7.76,11.9,86.2
0500000US36021,7.4,42.5,9.2,42.3,5.4,72.4,9.7,3.4,12.1,6.3,82.4,3.5,0.0,2.1,0.0,0.8,4.8,3.65,8.2,73.7
0500000US36023,2.8,29.1,5.6,37.6,4.6,74.0,15.5,4.5,12.8,3.6,89.2,1.7,0.0,1.4,0.0,0.5,3.6,7.99,8.1,84.1
0500000US36025,4.4,29.5,6.6,46.4,6.4,70.0,12.4,5.0,14.4,4.9,89.2,0.8,0.2,0.9,0.0,0.4,3.7,5.22,9.0,79.7
0500000US36027,11.7,40.6,16.2,37.2,5.2,77.0,7.9,3.9,8.4,15.4,66.1,9.2,0.1,3.4,0.0,0.9,4.9,6.32,8.1,76.1
0500000US36029,7.5,40.9,11.3,37.6,4.9,78.7,15.5,2.9,13.9,6.4,72.3,12.1,0.3,4.9,0.0,0.4,3.5,2.79,7.5,80.2
0500000US36031,4.1,50.2,5.2,44.8,4.0,70.3,10.5,5.0,11.2,2.9,91.6,1.9,0.2,0.6,0.0,0.6,2.3,6.21,7.9,81.1
0500000US36033,3.5,34.7,7.0,47.5,3.9,61.9,17.5,5.7,18.2,2.9,83.4,3.4,7.0,0.7,0.1,0.7,1.9,8.85,13.2,85.6
0500000US36035,2.3,41.2,3.4,40.5,3.5,75.8,15.4,3.8,13.1,4.4,87.9,1.4,0.0,0.9,0.1,0.4,4.9,3.01,10.3,88.9
0500000US36037,2.7,39.8,3.8,37.7,4.6,74.5,13.6,3.7,10.6,4.8,87.9,2.1,0.3,0.7,0.0,0.3,3.9,2.68,7.1,88.2
0500000US36039,5.2,28.1,7.7,43.9,3.9,72.8,7.9,3.7,9.9,6.8,82.8,4.5,0.1,1.2,0.0,0.5,4.2,6.31,11.0,81.2
0500000US36041,1.2,23.0,1.4,50.7,4.4,52.5,4.9,3.5,10.6,2.1,91.5,1.5,0.0,0.3,0.0,0.5,4.1,4.56,10.0,77.7
0500000US36043,2.9,29.0,5.8,41.2,4.3,72.6,14.8,4.9,13.4,2.8,90.7,1.2,0.1,0.6,0.1,0.4,4.1,2.38,8.5,85.5
0500000US36045,4.6,39.4,8.1,35.4,5.9,69.8,15.8,5.5,13.7,7.5,80.2,4.3,0.1,1.9,0.2,0.3,5.5,4.17,8.0,85.9
0500000US36047,35.3,38.5,44.6,35.7,7.9,79.1,22.9,5.8,19.1,19.0,36.1,26.6,0.1,12.1,0.0,1.1,5.0,1.81,15.6,21.5
0500000US36049,1.4,47.4,3.6,41.2,5.2,63.9,12.5,5.7,12.3,1.8,93.4,0.7,0.0,0.3,0.0,0.5,3.2,1.44,7.7,85.3
0500000US36051,3.1,48.8,5.6,43.1,5.2,74.8,10.4,3.9,11.1,4.6,88.1,1.9,0.0,1.2,0.1,0.5,3.6,8.27,7.4,83.5
0500000US36053,2.6,49.3,4.5,42.8,4.2,74.5,11.6,3.8,10.0,2.6,89.6,1.8,0.3,1.2,0.0,0.3,4.0,8.89,7.3,81.4
0500000US36055,7.9,37.3,12.6,36.8,4.9,80.5,15.0,3.1,13.6,9.9,67.7,13.5,0.1,3.8,0.0,0.5,4.5,3.81,7.9,78.4
0500000US36057,2.9,24.4,11.9,38.6,4.7,76.2,15.4,7.2,14.6,15.4,77.0,2.5,0.0,0.8,0.0,0.7,3.5,2.56,11.5,86.4
0500000US36059,23.3,30.7,30.7,35.2,4.8,77.1,5.0,3.8,5.4,18.7,54.3,10.8,0.0,12.2,0.0,1.0,3.0,1.49,7.8,68.0
0500000US36061,28.2,45.8,36.9,33.5,7.6,84.0,14.4,4.2,16.5,24.4,45.5,12.5,0.1,12.4,0.0,1.0,4.0,4.59,10.5,6.9
0500000US36063,4.4,42.8,5.9,39.1,5.9,80.0,14.7,2.9,13.5,4.0,82.1,6.3,0.5,1.2,0.0,0.5,5.4,2.18,7.9,84.5
0500000US36065,8.6,40.9,13.1,42.1,4.6,74.1,16.7,3.3,15.5,7.1,78.7,5.7,0.1,4.3,0.1,0.5,3.6,5.35,11.0,83.5
0500000US36067,7.9,44.5,11.3,37.6,5.2,76.9,14.4,3.3,13.8,5.9,73.8,10.2,0.3,4.1,0.0,0.5,5.2,4.93,8.2,79.3
0500000US36069,4.4,38.4,6.7,39.2,3.7,77.4,8.6,3.3,9.0,5.7,86.9,2.1,0.0,1.3,0.0,0.4,3.5,3.85,6.5,81.9
0500000US36071,13.7,43.6,30.2,36.9,5.5,76.5,10.7,4.7,12.6,23.9,57.9,10.5,0.1,2.8,0.0,0.8,4.0,3.02,10.2,76.6
0500000US36073,3.5,48.0,7.3,42.9,5.1,74.8,15.4,6.4,12.7,5.5,84.6,4.9,0.4,0.8,0.0,0.4,3.5,6.08,14.0,83.6
0500000US36075,2.0,31.6,4.1,40.4,7.0,74.5,16.0,4.2,16.3,3.3,90.8,0.9,0.1,0.8,0.0,0.4,3.6,4.09,10.1,86.4
0500000US36077,4.1,43.8,6.6,44.8,6.4,71.5,9.9,5.2,12.5,4.5,88.1,2.2,0.1,1.5,0.1,0.3,3.2,9.61,7.1,79.3
0500000US36079,13.9,36.2,21.4,35.7,4.4,71.9,3.2,3.6,7.1,20.0,70.9,2.8,0.1,2.3,0.0,0.9,3.0,2.83,6.8,76.6
0500000US36081,47.6,40.7,55.4,36.8,7.2,79.1,15.9,8.2,12.9,28.1,23.2,16.3,0.3,25.9,0.1,2.4,3.8,1.5,17.4,37.4
0500000US36083,5.6,41.8,7.7,36.4,5.3,72.7,10.9,3.4,11.8,6.2,78.7,6.5,0.0,3.2,0.0,0.5,4.8,4.37,7.4,78.9
0500000US36085,25.8,31.5,36.9,40.2,5.6,73.9,13.4,4.1,11.5,19.6,55.5,8.8,0.1,12.7,0.0,0.6,2.7,1.5,11.6,61.6
0500000US36087,22.1,42.5,44.2,37.1,5.6,76.8,11.9,4.1,16.2,20.6,59.7,10.2,0.1,5.9,0.0,1.1,2.4,2.13,12.8,74.3
0500000US36089,3.7,47.9,6.3,46.7,5.3,68.0,15.5,6.0,16.9,2.5,91.2,1.9,0.4,1.1,0.0,0.2,2.6,10.0,10.1,84.0
0500000US36091,5.5,36.3,7.1,34.8,3.3,76.1,6.5,2.6,7.1,3.9,86.8,1.6,0.1,3.0,0.0,0.5,4.0,1.73,5.4,79.5
0500000US36093,10.0,37.5,9.6,37.1,5.8,75.0,14.0,3.1,13.3,8.3,67.7,9.6,0.1,4.9,0.0,1.7,7.6,3.27,8.3,79.1
0500000US36095,3.1,26.7,5.4,44.6,5.0,66.2,13.7,4.6,11.7,4.0,88.7,1.3,0.0,0.9,0.2,1.2,3.7,4.37,8.2,82.8
0500000US36097,2.0,39.8,3.7,42.3,6.5,69.5,15.1,3.9,14.8,2.1,92.4,1.1,0.2,0.5,0.0,0.2,3.5,1.48,9.6,85.5
0500000US36099,3.0,44.7,7.7,43.8,4.5,72.9,12.0,9.0,13.5,4.4,87.3,3.5,0.1,0.6,0.0,0.7,3.5,5.82,15.3,85.0
0500000US36101,3.1,46.1,5.3,41.5,6.0,73.2,12.1,4.8,13.8,2.0,91.4,1.6,0.1,1.6,0.0,0.4,2.9,1.88,8.4,85.4
0500000US36103,16.8,41.3,24.8,34.5,4.7,76.6,7.2,4.7,6.4,22.8,62.0,6.9,0.1,4.4,0.0,0.7,3.0,1.93,9.6,79.6
0500000US36105,13.0,49.9,22.1,41.1,5.8,73.7,17.1,5.5,15.9,19.0,66.0,8.4,0.2,2.1,0.0,0.7,3.6,5.92,12.1,80.5
0500000US36107,2.1,36.2,3.0,41.3,5.5,74.6,13.4,2.8,13.4,2.4,92.5,1.3,0.0,0.9,0.0,0.3,2.5,1.37,8.6,86.6
0500000US36109,12.9,65.4,17.4,41.6,5.5,75.4,8.9,4.4,16.4,6.6,73.7,3.6,0.1,10.1,0.1,1.1,4.7,14.91,4.4,61.0
0500000US36111,8.1,39.8,12.1,41.9,5.4,73.5,9.8,6.9,14.6,12.2,72.4,5.7,0.0,2.1,0.0,1.3,6.3,8.01,7.8,75.4
0500000US36113,3.3,42.3,4.0,40.2,4.3,73.2,9.8,3.7,10.5,3.0,91.4,1.2,0.0,0.9,0.0,0.3,3.1,1.92,6.7,85.3
0500000US36115,3.2,55.1,4.5,41.8,5.0,75.4,12.1,4.9,10.7,3.0,89.8,2.2,0.1,0.6,0.0,0.8,3.7,4.63,9.8,88.4
0500000US36117,2.9,43.1,5.9,39.4,3.3,78.4,11.4,6.8,11.4,5.3,86.6,2.2,0.1,0.7,0.0,0.4,4.6,2.8,9.2,86.7
0500000US36119,26.1,39.7,34.8,34.9,6.1,78.4,9.4,5.1,9.0,27.4,49.2,12.7,0.1,6.2,0.0,1.2,3.3,2.65,10.6,57.5
0500000US36121,2.7,45.0,3.2,44.8,3.6,72.6,11.0,3.6,11.1,3.8,88.2,3.7,0.2,0.5,0.0,0.9,2.8,8.2,12.9,85.4
0500000US36123,1.7,24.6,17.9,45.4,3.1,70.1,10.7,19.7,12.7,2.6,93.7,0.8,0.1,0.9,0.0,0.2,1.9,5.72,15.2,76.8
0500000US37001,9.5,60.9,15.5,36.7,5.1,80.9,13.6,10.2,13.4,15.3,58.1,19.6,0.2,1.8,0.0,0.7,4.4,3.34,11.0,86.1
0500000US37003,3.0,47.0,6.3,43.7,5.0,77.5,13.5,8.1,12.6,5.6,85.5,5.0,0.1,1.0,0.0,0.1,2.8,4.26,14.2,92.7
0500000US37005,5.1,57.8,10.2,52.5,3.7,75.4,14.0,13.8,16.0,11.4,83.9,1.6,0.1,0.5,0.0,0.0,2.6,2.04,16.8,87.9
0500000US37007,3.3,73.9,5.9,48.5,5.5,79.1,33.8,13.3,21.7,4.2,43.7,44.6,0.4,1.6,0.0,0.3,5.1,7.5,16.9,90.5
0500000US37009,2.8,50.9,4.9,47.3,4.8,77.7,14.0,9.8,13.5,6.0,90.8,0.9,0.2,0.4,0.0,0.2,1.4,1.54,11.3,89.3
0500000US37011,4.2,68.3,4.8,52.7,4.8,72.6,13.9,12.5,10.2,6.1,85.7,3.8,0.1,0.4,0.5,0.1,3.3,13.81,12.2,87.1
0500000US37013,3.6,70.2,6.2,44.8,3.9,76.5,16.7,9.0,17.8,7.9,66.3,22.8,0.1,0.2,0.1,0.2,2.5,1.18,10.7,88.6
0500000US37015,2.0,89.4,3.9,54.3,5.1,62.9,23.9,9.9,16.1,2.5,34.4,59.6,0.3,0.8,0.0,0.2,2.4,8.95,18.2,90.7
0500000US37017,3.8,81.7,6.9,50.5,5.4,73.3,26.2,10.2,22.0,9.3,53.4,32.1,2.4,0.2,0.1,0.2,2.4,1.51,11.4,90.5
0500000US37019,3.6,41.4,5.0,50.9,4.7,78.4,8.5,7.5,9.2,5.6,80.8,8.3,0.2,0.7,0.0,0.4,4.0,0.6,6.5,82.3
0500000US37021,6.7,57.5,9.4,40.9,4.3,81.0,9.5,10.9,11.8,8.6,80.8,4.8,0.1,1.1,0.0,0.4,4.3,2.69,7.4,78.1
0500000US37023,5.3,46.4,9.3,42.3,4.4,78.3,14.3,11.0,15.6,8.5,79.1,6.1,0.1,3.5,0.0,0.2,2.5,3.06,14.0,93.4
0500000US37025,10.8,59.4,16.6,31.6,4.6,82.6,10.3,7.9,9.3,12.7,57.3,18.7,0.1,6.2,0.0,0.6,4.4,0.75,7.9,80.1
0500000US37027,3.0,66.4,5.6,41.6,5.0,80.1,14.3,10.5,13.4,6.7,85.3,4.1,0.1,0.5,0.1,0.1,3.2,1.11,15.1,91.4
0500000US37029,1.6,29.2,2.3,32.6,5.5,72.0,10.6,4.5,6.1,4.2,78.1,9.4,0.1,1.2,0.1,1.3,5.6,0.2,6.9,84.3
0500000US37031,2.9,41.7,5.4,45.0,4.0,70.9,9.0,8.1,10.1,4.9,85.3,4.1,0.2,1.0,0.0,0.4,4.1,1.71,6.3,84.7
0500000US37033,3.2,63.3,6.4,48.8,5.2,77.9,20.1,9.8,18.6,5.1,59.9,30.5,0.0,0.4,0.0,0.0,4.0,5.59,15.7,88.0
0500000US37035,6.9,51.6,12.8,39.7,3.7,83.5,11.9,10.6,12.7,11.5,71.9,7.7,0.1,4.3,0.0,0.4,4.3,1.57,11.8,90.3
0500000US37037,10.4,63.6,15.1,41.4,2.9,74.9,5.1,9.4,11.0,13.6,69.5,10.0,0.1,2.2,0.1,0.7,3.8,0.93,9.1,74.2
0500000US37039,1.9,36.6,3.4,50.7,4.1,79.9,11.9,12.5,12.4,3.7,89.3,1.8,1.1,0.5,0.0,0.2,3.4,1.32,7.8,85.9
0500000US37041,2.3,80.9,4.5,44.1,4.1,74.6,22.2,8.2,19.1,4.0,60.4,32.4,0.0,0.1,0.0,0.1,3.0,1.87,9.8,87.8
0500000US37043,3.4,31.2,2.4,54.6,2.6,72.4,11.2,15.9,12.9,4.1,90.2,2.2,0.4,0.6,0.0,0.7,1.8,1.02,7.5,90.6
0500000US37045,3.1,54.1,5.1,41.3,5.2,81.9,21.3,9.3,16.6,4.7,70.6,17.9,0.2,0.9,0.1,0.2,5.3,1.9,11.6,91.3
0500000US37047,3.3,71.5,5.9,49.4,4.4,77.1,22.6,12.7,18.2,5.6,58.6,28.0,3.1,0.5,0.1,0.3,3.9,4.52,13.2,92.2
0500000US37049,4.1,38.6,8.0,41.3,4.2,73.6,14.0,7.8,13.7,7.8,64.5,19.5,0.2,2.9,0.2,1.1,3.9,4.39,7.7,87.8
0500000US37051,6.8,43.7,12.5,35.4,7.6,73.4,18.6,9.5,16.7,12.7,39.8,36.7,0.9,2.6,0.3,1.0,5.9,5.02,7.1,85.6
0500000US37053,3.4,54.2,4.7,33.4,3.0,69.5,5.8,8.8,7.5,5.2,83.8,5.0,0.1,0.9,0.0,1.0,3.9,0.25,6.8,89.6
0500000US37055,4.7,59.8,8.6,36.0,5.9,74.2,5.1,8.6,6.6,7.4,85.4,2.5,0.0,0.4,0.0,1.0,3.3,0.58,5.3,81.2
0500000US37057,5.6,50.6,9.1,40.1,4.1,81.5,13.1,9.4,12.8,8.9,76.0,9.1,0.1,1.5,0.0,0.4,3.8,0.96,11.5,88.5
0500000US37059,4.9,64.9,8.2,40.6,4.7,80.6,11.7,8.8,9.4,8.3,82.0,4.4,0.3,0.7,0.0,0.3,4.0,0.85,8.6,89.2
0500000US37061,12.2,82.1,23.0,40.7,5.3,77.5,15.8,15.0,20.5,23.3,50.2,22.1,0.1,0.6,0.0,0.2,3.6,0.96,17.6,90.3
0500000US37063,15.4,62.5,21.2,32.3,3.9,79.4,9.1,10.8,11.5,15.8,41.7,31.8,0.2,5.4,0.0,0.5,4.5,4.1,8.5,71.1
0500000US37065,3.3,67.7,6.7,41.7,8.7,79.7,23.6,11.0,21.7,6.2,34.9,55.5,0.3,0.2,0.1,0.3,2.5,1.56,15.0,87.6
0500000US37067,9.7,61.1,16.2,37.8,5.0,83.5,13.9,9.8,14.5,15.1,53.5,24.6,0.1,2.3,0.1,0.5,3.8,2.75,9.6,82.1
0500000US37069,6.0,57.4,9.5,38.2,4.6,78.8,12.4,9.2,11.1,11.2,60.7,22.5,0.1,1.1,0.0,0.3,4.1,1.9,11.6,86.5
0500000US37071,6.4,56.3,10.0,37.4,4.8,84.4,16.1,10.7,13.5,9.9,66.4,17.1,0.1,1.6,0.0,0.6,4.2,1.34,11.7,85.4
0500000US37073,1.4,74.8,3.2,44.2,5.9,75.3,14.0,6.2,9.4,2.2,63.2,31.0,0.5,0.0,0.0,0.0,3.1,0.65,9.9,93.9
0500000US37075,1.9,46.4,6.0,49.1,7.0,58.2,14.7,12.5,6.7,3.0,84.9,0.4,9.6,0.7,0.0,0.4,1.1,2.11,14.3,93.4
0500000US37077,5.7,70.7,9.7,45.8,4.6,75.2,13.9,9.3,15.2,11.1,55.4,28.8,0.2,0.4,0.3,0.5,3.3,7.14,11.7,85.1
0500000US37079,6.6,84.0,14.4,48.6,5.7,76.8,21.9,16.6,21.0,15.5,45.5,31.5,0.8,0.0,0.0,0.2,6.5,12.52,21.0,93.8
0500000US37081,11.8,51.9,16.9,35.9,4.6,81.2,15.5,8.4,14.6,10.1,46.0,33.5,0.1,5.4,0.0,0.6,4.3,4.65,9.2,81.7
0500000US37083,2.7,65.3,4.4,48.1,9.3,74.0,29.1,9.1,22.8,3.4,36.7,51.5,2.8,0.9,0.0,0.2,4.5,2.54,17.8,86.2
0500000US37085,6.5,57.2,12.3,40.2,4.7,76.4,15.2,9.7,13.7,15.1,58.2,19.8,0.6,0.9,0.2,0.6,4.6,2.23,11.4,88.8
0500000US37087,2.8,49.5,3.8,44.0,3.1,77.6,13.5,11.4,13.1,5.0,90.4,0.9,0.4,0.4,0.0,0.2,2.7,1.03,8.7,87.4
0500000US37089,8.3,57.8,12.1,42.8,3.5,79.6,9.2,12.4,11.6,13.1,79.5,2.6,0.2,1.1,0.2,0.5,2.7,1.15,8.4,87.7
0500000US37091,4.0,76.8,4.9,48.7,6.0,72.6,27.8,8.6,22.9,6.4,32.2,55.6,0.8,1.1,0.1,0.3,3.6,8.44,15.9,90.4
0500000US37093,6.5,62.6,11.7,40.0,6.6,71.0,20.1,10.3,17.1,15.6,36.0,32.1,6.6,1.5,0.1,0.9,7.2,1.3,11.3,89.6
0500000US37095,3.9,100.0,7.8,54.9,2.5,70.3,22.5,15.6,22.2,10.1,57.7,24.2,1.5,0.0,0.0,0.0,6.5,16.07,11.5,91.7
0500000US37097,7.2,53.1,10.3,35.2,4.2,84.5,8.1,9.0,10.0,9.3,72.7,11.1,0.1,2.4,0.0,0.8,3.7,0.8,8.5,82.8
0500000US37099,4.5,71.8,8.1,44.2,4.9,74.1,12.2,15.8,18.0,8.0,78.4,2.1,6.4,1.0,0.2,0.3,3.5,9.21,9.4,86.2
0500000US37101,8.3,61.6,15.5,33.8,3.8,78.6,11.4,10.4,10.6,16.8,61.4,16.7,0.2,0.8,0.0,0.5,3.5,0.79,9.5,83.7
0500000US37103,3.0,56.1,5.5,45.2,4.4,70.1,15.5,9.2,18.4,5.1,63.1,26.6,0.5,1.2,0.0,0.0,3.6,1.41,10.9,92.6
0500000US37105,9.9,74.6,20.6,39.2,3.8,79.7,15.2,12.2,16.5,21.7,55.8,17.2,0.0,0.9,0.0,0.1,4.3,1.4,15.1,89.8
0500000US37107,4.4,67.0,8.3,43.7,9.0,78.0,27.3,10.1,22.0,8.8,47.3,39.2,0.1,0.7,0.0,0.2,3.6,2.24,17.1,94.6
0500000US37109,5.5,54.6,8.5,39.1,3.3,81.1,11.4,8.7,11.2,8.1,82.0,5.9,0.1,0.8,0.0,0.2,2.9,0.75,10.4,83.3
0500000US37111,3.2,70.6,7.2,45.5,4.1,76.2,18.3,11.5,14.8,7.1,85.6,3.8,0.3,1.1,0.0,0.0,2.0,3.19,14.7,92.0
0500000US37113,5.9,61.6,8.2,46.7,2.8,74.9,8.9,13.7,11.6,10.0,85.2,1.4,0.2,0.6,0.0,0.1,2.4,0.88,10.2,88.8
0500000US37115,1.3,31.2,1.8,44.5,3.1,74.0,12.2,8.4,12.1,3.6,91.2,1.1,0.1,0.5,0.0,0.7,2.7,4.47,9.5,86.2
0500000US37117,1.7,25.5,3.8,43.3,6.1,73.7,20.1,7.1,20.4,4.4,51.2,40.1,0.1,0.6,0.3,0.0,3.4,0.78,15.6,90.0
0500000US37119,17.3,61.5,22.3,28.0,4.3,86.3,8.7,11.5,10.4,16.0,43.2,29.7,0.1,6.3,0.0,0.5,4.1,1.39,9.2,66.7
0500000US37121,2.4,46.1,4.4,43.8,6.5,71.6,17.0,9.3,12.9,5.6,91.0,0.9,0.3,0.5,0.0,0.2,1.6,3.02,9.3,89.8
0500000US37123,7.9,68.3,15.9,46.8,2.8,76.4,18.6,12.5,15.4,15.8,62.7,16.0,0.5,1.5,0.0,0.3,3.2,2.85,16.5,91.7
0500000US37125,5.1,42.9,7.3,42.8,4.8,73.9,8.6,7.6,10.1,7.8,75.7,8.9,0.4,1.2,0.1,0.5,5.4,1.08,6.3,83.5
0500000US37127,4.0,58.6,9.0,40.5,4.9,81.3,18.3,11.4,11.8,8.2,46.3,40.1,0.5,1.0,0.0,0.5,3.4,1.84,12.9,87.5
0500000US37129,5.9,60.5,8.1,34.3,4.5,78.8,9.2,9.6,12.3,7.9,74.7,10.7,0.1,1.4,0.0,0.6,4.6,2.47,6.0,76.9
0500000US37131,1.3,47.5,3.0,47.7,8.1,72.9,26.4,8.6,21.1,2.4,39.0,54.4,0.2,0.0,0.0,0.3,3.5,2.77,14.9,91.5
0500000US37133,4.2,34.3,10.4,30.0,5.4,70.3,12.1,9.5,11.6,14.0,64.0,11.5,0.5,1.8,0.2,0.6,7.4,10.38,6.7,77.8
0500000US37135,12.9,51.6,17.0,38.2,3.6,70.4,5.8,6.5,12.5,10.6,66.2,10.1,0.2,7.8,0.0,0.5,4.5,7.93,6.6,61.5
0500000US37137,2.9,54.0,3.9,57.0,5.1,73.0,10.8,8.4,15.2,4.8,73.4,16.1,0.2,0.6,0.0,0.3,4.6,6.55,9.9,84.6
0500000US37139,2.6,45.4,3.9,41.0,5.9,67.7,17.6,11.0,11.0,6.0,53.8,34.2,0.2,1.4,0.1,0.5,3.7,5.49,10.6,85.3
0500000US37141,4.2,70.3,7.9,39.1,4.8,76.8,11.8,8.8,9.7,8.8,74.0,12.1,0.2,0.7,0.0,0.5,3.7,1.85,9.2,85.6
0500000US37143,2.2,20.0,4.1,48.5,3.6,65.0,13.7,9.7,9.8,3.2,70.3,21.3,0.0,0.4,0.0,0.0,4.7,0.74,11.8,90.2
0500000US37145,3.1,60.8,5.0,39.8,5.6,80.5,20.5,9.4,17.5,6.3,64.2,25.8,0.1,0.1,0.0,0.2,3.2,1.1,11.1,83.2
0500000US37147,5.8,62.0,8.5,37.2,7.8,77.4,15.2,10.0,19.8,7.9,51.9,34.7,0.1,2.0,0.0,0.3,3.1,3.42,9.2,83.9
0500000US37149,4.5,36.7,5.5,46.2,5.1,78.8,9.7,9.9,14.0,5.6,86.6,4.4,0.1,0.8,0.0,0.4,2.1,1.77,6.6,82.0
0500000US37151,6.6,79.3,13.5,39.5,3.5,80.4,15.2,11.1,14.5,14.0,75.0,6.0,0.1,1.3,0.0,0.3,3.3,1.05,15.6,91.6
0500000US37153,4.1,43.1,8.1,42.7,9.8,75.9,28.6,11.6,25.2,7.8,54.7,31.2,2.0,1.0,0.0,0.6,2.8,2.35,16.5,94.3
0500000US37155,5.5,75.5,10.3,49.1,6.0,78.3,32.6,14.2,27.2,10.9,23.3,23.2,38.4,0.8,0.1,0.2,3.2,2.99,20.0,92.7
0500000US37157,3.3,60.3,5.9,43.4,5.8,83.0,17.7,9.1,16.3,7.2,69.9,17.3,0.1,0.3,0.2,0.7,4.3,1.25,14.5,89.2
0500000US37159,6.3,70.1,10.9,40.0,5.3,81.9,16.0,9.3,16.0,11.9,67.8,15.5,0.1,0.8,0.1,0.2,3.7,2.61,11.1,88.2
0500000US37161,3.1,50.2,4.6,45.1,6.3,78.3,19.5,12.0,16.8,5.7,80.8,7.7,0.1,0.5,0.1,0.7,4.4,1.91,12.8,88.6
0500000US37163,10.6,75.5,19.3,43.6,5.3,80.4,20.2,15.6,21.8,22.0,49.2,24.0,1.6,0.4,0.1,0.4,2.3,2.48,15.9,92.5
0500000US37165,3.5,37.2,5.2,47.1,10.9,79.1,31.6,9.9,25.8,4.0,40.1,37.0,11.5,1.3,0.0,1.0,5.2,6.78,16.8,92.1
0500000US37167,4.4,54.7,7.0,41.6,4.1,81.9,15.4,9.0,15.2,5.7,78.0,11.2,0.0,1.9,0.3,0.1,2.8,2.95,11.5,88.6
0500000US37169,1.5,15.9,3.0,45.1,3.1,78.8,14.8,7.6,11.2,3.8,89.0,3.7,0.2,0.1,0.0,0.4,2.9,1.19,8.6,90.8
0500000US37171,6.1,63.1,11.4,42.9,4.4,79.7,19.5,10.8,16.8,12.5,81.1,3.6,0.0,0.7,0.1,0.3,1.8,1.46,16.3,91.9
0500000US37173,2.8,74.9,7.7,43.0,7.6,60.8,14.7,23.8,19.1,5.5,59.2,2.6,27.3,0.5,0.0,0.0,5.0,2.37,13.3,90.3
0500000US37175,4.3,58.5,2.9,51.0,2.8,79.7,11.3,11.3,13.2,5.2,87.6,3.6,0.2,0.7,0.0,0.4,2.3,3.27,6.1,84.6
0500000US37177,5.7,94.3,8.2,56.9,2.8,76.7,27.3,13.9,18.7,7.7,57.1,32.6,0.1,0.0,0.0,0.3,2.2,12.42,16.5,91.0
0500000US37179,12.2,49.1,17.4,32.3,4.2,83.1,7.6,7.7,7.7,13.4,66.8,10.9,0.1,4.5,0.0,0.5,3.8,1.13,9.1,78.5
0500000US37181,5.7,63.7,9.1,41.5,8.2,81.8,24.3,13.2,19.8,9.5,37.2,47.3,1.1,0.7,0.0,0.0,4.2,1.41,14.8,89.0
0500000US37183,15.3,52.0,19.4,30.2,4.1,82.6,6.2,7.5,8.1,11.6,56.2,18.5,0.2,8.5,0.0,0.7,4.4,1.82,6.0,67.3
0500000US37185,3.1,66.8,4.7,50.3,7.2,76.3,23.1,10.8,21.1,4.7,37.8,47.3,4.8,0.1,0.0,0.7,4.6,3.91,15.8,85.7
0500000US37187,1.1,94.3,2.9,55.0,13.0,73.4,33.9,9.2,24.1,4.0,44.5,47.7,0.1,0.0,0.0,0.0,3.7,1.42,13.9,90.1
0500000US37189,3.5,61.0,5.9,41.0,7.9,73.3,7.5,9.3,25.5,6.2,88.5,1.6,0.1,0.9,0.0,0.1,2.7,11.96,7.4,82.4
0500000US37191,7.9,72.7,14.8,38.8,5.2,75.7,19.6,12.1,17.3,13.7,50.2,29.6,0.1,1.2,0.1,0.3,4.9,2.42,13.6,92.6
0500000US37193,3.7,77.1,7.5,44.3,5.0,78.7,15.4,10.5,16.7,7.5,85.7,3.6,0.2,0.6,0.0,0.0,2.4,1.5,18.3,89.4
0500000US37195,6.1,61.1,12.0,42.5,5.6,81.3,18.1,12.2,19.8,12.4,44.3,38.6,0.2,1.1,0.0,0.5,2.8,1.75,14.7,89.4
0500000US37197,6.0,67.7,10.8,41.4,5.3,81.8,14.3,12.0,14.0,12.4,81.6,1.6,0.1,0.1,0.0,0.7,3.4,1.05,13.4,91.6
0500000US37199,3.2,55.7,5.8,45.6,7.3,73.1,13.8,7.2,15.2,5.8,90.8,0.8,0.1,0.5,0.0,0.0,2.0,0.88,9.3,85.6
0500000US38001,5.4,94.8,7.7,42.2,2.2,71.3,12.6,5.3,14.8,4.6,86.6,0.7,0.9,1.9,0.0,0.4,4.9,3.26,8.0,86.7
0500000US38003,2.3,87.6,3.6,37.9,3.8,69.8,6.3,4.5,12.1,2.1,89.4,0.2,1.5,2.0,0.3,0.0,4.5,6.36,5.6,86.8
0500000US38005,1.6,59.1,6.1,47.0,3.4,62.8,20.5,10.4,25.6,1.9,42.7,0.6,50.3,0.8,0.0,0.0,3.6,0.41,12.4,83.8
0500000US38007,1.3,100.0,1.8,32.2,2.1,61.4,0.0,6.0,10.8,3.9,92.2,0.0,3.9,0.0,0.0,0.0,0.0,2.34,4.8,76.9
0500000US38009,3.1,72.2,3.9,42.7,1.6,63.6,5.2,8.4,7.6,2.6,89.1,0.0,4.7,0.5,0.0,0.2,3.0,4.19,5.9,87.2
0500000US38011,0.9,40.0,2.9,33.9,3.1,68.3,5.1,7.2,13.4,2.7,91.6,0.0,1.7,0.0,0.0,0.0,4.0,2.0,8.6,80.9
0500000US38013,3.4,20.5,3.9,37.9,3.7,57.4,7.4,4.4,5.9,2.5,86.5,1.7,1.8,2.1,0.0,0.3,5.1,0.23,6.4,81.8
0500000US38015,3.3,62.1,4.6,33.5,2.3,74.5,5.8,4.5,7.9,3.4,84.9,1.9,3.3,1.0,0.5,0.2,4.8,3.96,5.1,88.0
0500000US38017,7.7,57.8,8.9,24.7,3.0,82.0,6.2,5.5,11.0,3.6,81.2,7.0,0.9,3.2,0.0,0.5,3.7,3.34,4.1,84.7
0500000US38019,2.3,48.8,5.1,40.2,1.0,56.8,4.7,4.3,8.5,2.3,92.0,0.0,0.7,0.7,0.0,0.9,3.4,2.01,7.6,87.8
0500000US38021,3.5,76.6,6.2,32.6,4.1,67.5,5.5,7.7,11.8,4.1,89.8,0.0,1.0,1.4,0.0,0.8,2.9,8.17,8.8,80.7
0500000US38023,3.0,44.6,1.0,39.3,2.3,58.5,1.8,10.0,9.3,4.3,88.1,0.1,0.0,0.5,0.0,0.0,6.9,3.55,8.4,83.2
0500000US38025,3.0,71.5,9.7,35.4,3.4,65.4,3.7,14.8,7.4,4.5,78.5,0.1,9.5,0.9,0.0,0.7,5.7,2.57,6.2,76.1
0500000US38027,0.5,41.7,1.5,37.9,2.5,56.5,6.6,4.9,14.2,5.4,87.6,0.0,4.2,0.0,0.0,0.0,2.7,3.77,6.3,81.9
0500000US38029,0.7,0.0,6.7,43.5,2.3,64.6,9.1,6.3,9.1,1.2,93.1,0.1,1.2,0.2,0.0,0.3,3.8,2.37,11.1,74.8
0500000US38031,2.0,77.3,3.0,32.4,1.0,68.8,9.5,4.9,8.8,1.7,93.1,0.3,0.1,1.8,0.0,0.4,2.5,2.71,6.8,88.0
0500000US38033,0.7,33.3,1.0,39.0,3.4,64.0,16.3,2.2,19.8,0.6,90.7,0.2,0.0,0.2,0.0,1.3,7.0,1.39,3.6,86.8
0500000US38035,6.7,66.0,8.0,28.9,2.3,73.1,6.0,4.5,13.2,5.4,81.4,3.7,1.7,2.8,0.0,0.4,4.7,6.5,4.1,87.3
0500000US38037,3.6,45.7,8.7,41.0,3.6,49.9,11.6,4.3,16.6,1.2,92.3,0.1,2.1,1.5,0.0,0.2,2.5,2.69,11.1,71.8
0500000US38039,1.4,31.3,1.1,38.8,1.4,66.7,5.7,5.2,11.7,1.8,93.6,0.8,0.1,0.2,0.0,0.0,3.5,3.61,7.0,83.3
0500000US38041,0.9,47.8,4.0,39.5,5.4,55.0,4.2,5.0,11.0,0.0,94.2,0.2,2.5,0.3,0.0,0.6,2.3,5.26,6.6,79.7
0500000US38043,1.6,12.8,4.0,42.6,1.5,63.0,5.4,2.3,10.2,3.0,94.4,0.2,0.0,0.3,0.0,0.0,2.1,0.0,9.0,76.2
0500000US38045,1.0,55.0,5.3,34.5,2.5,64.4,5.7,5.0,8.7,1.9,95.4,0.1,0.5,0.1,0.0,0.0,2.0,4.15,8.1,82.8
0500000US38047,1.5,14.8,6.8,41.7,1.7,58.7,5.1,2.9,12.4,3.9,92.4,0.2,0.1,0.0,0.0,0.0,3.4,3.9,8.8,77.8
0500000US38049,1.1,59.3,3.7,36.9,4.1,60.1,6.3,8.3,9.7,2.2,94.0,0.8,0.7,0.2,0.0,0.2,1.9,1.33,8.8,77.5
0500000US38051,4.0,75.2,13.0,40.6,3.1,63.3,6.4,4.9,12.2,3.3,92.0,0.1,1.6,0.8,0.0,1.0,1.1,4.21,10.1,74.5
0500000US38053,5.0,69.0,7.7,30.2,1.3,71.5,3.4,10.9,12.0,12.1,73.7,1.9,6.6,1.1,0.0,0.2,4.5,1.98,10.9,87.8
0500000US38055,2.7,68.7,3.0,41.8,1.4,65.5,3.8,4.4,8.9,2.0,88.1,0.1,5.5,1.0,0.1,0.1,3.1,2.0,6.1,86.1
0500000US38057,2.1,25.9,5.3,44.0,2.5,80.6,2.7,7.6,9.7,2.8,91.3,0.0,2.4,0.5,0.0,0.0,2.9,1.88,8.7,89.6
0500000US38059,1.1,38.8,5.5,30.4,1.5,74.2,4.2,5.6,8.0,4.4,86.7,1.6,4.0,0.1,0.1,0.5,2.6,2.03,5.2,87.4
0500000US38061,4.4,60.4,12.5,36.4,1.1,73.0,4.7,15.9,14.5,8.6,56.3,1.8,28.3,0.6,0.2,0.0,4.2,1.5,11.5,91.3
0500000US38063,3.0,81.3,4.8,41.3,1.1,61.7,4.9,4.0,7.2,3.0,91.6,0.5,1.0,0.7,0.0,0.3,3.0,3.88,6.9,80.4
0500000US38065,0.2,100.0,1.4,42.9,1.0,58.3,1.2,4.7,5.2,1.0,99.0,0.0,0.0,0.0,0.0,0.0,0.1,0.16,5.3,88.1
0500000US38067,4.5,38.9,3.2,39.2,3.4,67.6,8.6,7.0,9.2,4.3,88.2,1.0,1.5,0.3,0.2,0.2,4.3,2.68,7.8,84.7
0500000US38069,0.5,14.3,2.3,39.5,1.1,68.3,7.2,7.8,10.8,0.8,90.8,0.3,4.3,0.4,0.0,0.5,2.9,3.92,7.5,86.2
0500000US38071,3.2,35.6,4.7,31.3,1.2,71.4,10.9,8.3,15.2,2.8,81.0,0.7,9.6,0.9,0.1,0.0,5.0,4.49,7.2,89.9
0500000US38073,2.3,37.4,6.0,38.0,2.9,69.1,5.8,2.8,10.4,2.7,91.8,1.1,0.3,0.7,0.0,0.0,3.4,6.01,7.7,86.0
0500000US38075,3.4,79.7,2.5,35.6,1.0,60.2,6.6,5.4,9.1,0.8,94.0,0.2,0.2,0.6,0.0,0.0,4.2,2.08,8.3,89.8
0500000US38077,1.9,43.7,2.8,33.7,1.7,76.2,6.2,6.7,9.7,3.8,88.8,0.8,1.7,0.8,0.2,0.8,3.3,8.91,5.5,83.8
0500000US38079,0.6,25.7,6.8,48.0,4.0,54.7,25.6,22.1,24.3,1.3,18.2,0.1,75.5,0.5,0.1,0.3,4.0,1.18,15.5,91.4
0500000US38081,4.1,27.4,3.9,33.4,0.8,75.0,5.4,5.2,6.9,2.9,89.6,3.2,0.3,0.3,0.0,0.1,3.7,1.29,6.8,85.5
0500000US38083,0.5,100.0,2.5,40.5,1.1,63.3,7.1,6.3,10.1,0.4,96.5,0.0,0.4,0.5,0.0,0.0,2.2,0.84,9.8,81.9
0500000US38085,0.7,92.9,7.8,47.1,17.0,44.9,36.8,21.1,43.3,1.5,12.1,0.4,82.4,0.7,0.0,0.8,2.2,2.03,12.1,81.0
0500000US38087,0.5,0.0,2.8,38.2,2.7,50.8,2.4,4.4,5.0,0.1,92.4,0.0,0.0,0.0,0.0,0.8,6.7,0.0,7.0,70.5
0500000US38089,4.0,55.8,8.0,30.9,3.0,80.1,7.5,6.5,12.1,7.3,84.6,2.4,0.9,1.1,0.5,0.1,3.1,2.45,7.5,88.9
0500000US38091,0.2,100.0,1.0,42.2,3.3,67.2,3.3,6.4,12.9,1.9,94.1,0.2,0.6,0.0,0.2,0.0,3.0,0.0,4.6,81.3
0500000US38093,2.6,52.8,3.6,38.9,4.0,76.6,9.4,5.5,12.6,3.2,89.7,2.3,1.7,0.6,0.0,0.1,2.3,8.65,7.0,88.6
0500000US38095,2.7,50.0,2.9,33.9,0.7,58.6,4.6,4.6,8.5,5.1,83.2,0.0,6.1,0.0,0.0,0.0,5.6,1.54,9.0,87.5
0500000US38097,2.8,53.7,3.4,34.5,2.2,71.0,4.4,4.5,9.1,4.0,89.3,1.0,0.8,0.6,0.0,0.5,4.0,6.12,5.5,89.6
0500000US38099,3.7,46.9,9.3,35.4,2.0,67.8,4.1,8.0,11.2,13.1,81.3,0.8,1.3,0.9,0.0,0.0,2.6,3.61,11.2,90.9
0500000US38101,3.8,55.9,5.5,30.0,3.6,74.8,7.1,6.4,8.6,7.2,80.4,3.9,1.6,1.5,0.0,0.4,5.0,2.79,5.2,90.2
0500000US38103,1.0,28.9,2.7,40.5,2.0,67.3,6.5,3.7,9.1,0.6,95.1,0.0,0.4,0.2,0.0,0.3,3.5,2.62,7.7,76.1
0500000US38105,8.5,59.4,11.5,26.6,4.4,76.7,6.0,11.5,8.6,10.2,75.7,4.7,2.6,1.2,0.1,0.3,5.2,1.71,6.9,91.6
0500000US39001,1.3,60.3,1.2,49.3,6.4,76.6,20.7,8.2,20.2,0.9,95.8,0.4,0.2,0.5,0.0,0.1,2.2,1.17,14.1,92.4
0500000US39003,2.4,44.7,3.4,39.2,5.7,86.7,13.8,5.9,13.3,3.6,79.0,9.6,0.3,0.9,0.0,0.4,6.2,3.07,7.5,91.7
0500000US39005,1.2,50.2,5.4,39.4,3.6,82.3,8.9,7.1,13.3,1.8,93.9,1.0,0.1,0.5,0.0,0.3,2.4,2.67,8.6,89.1
0500000US39007,1.9,50.1,7.9,42.9,6.6,82.5,18.2,10.3,17.6,5.0,86.7,3.7,0.0,0.4,0.0,0.3,3.7,3.51,12.4,89.2
0500000US39009,3.7,65.6,5.8,42.6,6.5,69.6,14.4,5.7,21.5,2.3,88.6,2.2,0.0,2.0,0.0,0.2,4.6,12.33,8.3,74.9
0500000US39011,0.6,39.7,1.0,33.7,2.7,83.0,6.8,3.5,7.1,1.9,94.3,1.0,0.0,0.3,0.0,0.1,2.4,1.06,5.2,90.7
0500000US39013,1.2,39.2,1.6,45.7,5.4,82.4,15.2,5.5,15.8,1.4,90.7,3.0,0.0,0.6,0.0,0.2,4.2,5.65,7.8,90.6
0500000US39015,0.6,50.0,1.1,42.9,4.9,81.7,16.9,6.4,19.6,1.3,94.7,0.6,0.0,0.3,0.0,0.1,3.0,1.19,12.7,91.8
0500000US39017,8.0,53.0,10.7,36.1,5.1,84.0,9.8,6.2,11.8,7.0,74.6,8.3,0.0,4.3,0.1,0.5,5.3,2.84,8.8,83.2
0500000US39019,0.2,68.4,5.4,45.0,5.6,81.9,12.0,10.1,12.9,1.3,94.6,0.7,0.1,0.0,0.0,0.2,3.0,1.36,9.3,84.8
0500000US39021,1.2,33.5,1.6,36.8,4.8,81.0,10.2,5.1,8.0,1.8,91.7,1.6,0.2,0.5,0.0,0.5,3.6,1.4,8.8,88.5
0500000US39023,2.6,65.5,4.2,41.2,6.7,80.2,18.0,6.6,15.2,4.2,81.7,8.0,0.0,0.6,0.1,0.2,5.1,1.9,11.0,87.3
0500000US39025,2.3,47.6,3.4,35.7,4.2,84.1,7.9,5.8,9.1,2.6,90.6,1.5,0.0,1.1,0.0,0.5,3.6,0.99,7.9,84.4
0500000US39027,2.2,78.3,2.6,37.8,4.5,79.8,11.3,6.0,12.9,2.3,91.7,1.8,0.0,0.3,0.0,0.2,3.6,2.76,7.6,87.7
0500000US39029,1.0,55.3,1.6,42.8,4.5,83.2,15.2,7.1,15.2,1.9,92.0,1.9,0.0,0.3,0.1,0.3,3.5,3.15,10.2,90.1
0500000US39031,0.5,46.8,9.5,43.1,5.4,81.3,18.3,12.1,18.5,1.3,94.3,0.5,0.1,0.5,0.0,0.3,3.0,1.1,16.5,83.9
0500000US39033,1.2,68.9,2.3,39.0,4.7,82.2,13.8,6.1,11.8,1.8,94.0,0.7,0.0,0.8,0.0,0.0,2.5,1.2,8.6,88.9
0500000US39035,7.7,38.5,12.3,36.2,6.6,82.9,16.3,5.7,16.1,7.0,56.5,28.5,0.1,3.3,0.0,0.5,4.1,2.18,8.5,77.0
0500000US39037,1.0,64.6,1.8,39.8,2.8,83.7,8.1,7.2,11.0,1.9,94.6,0.6,0.0,0.5,0.0,0.1,2.3,1.09,9.2,91.2
0500000US39039,0.9,53.0,5.2,36.7,5.2,83.3,9.3,8.4,10.5,11.1,84.7,1.6,0.1,0.2,0.1,0.0,2.1,1.72,7.2,91.4
0500000US39041,9.7,50.0,11.3,30.1,3.0,81.1,3.6,4.7,4.7,3.5,79.2,4.3,0.0,8.6,0.0,0.4,4.0,0.91,2.9,72.1
0500000US39043,2.1,68.3,3.7,38.3,5.3,80.1,11.4,5.2,13.0,4.6,79.6,8.2,0.1,0.9,0.0,1.5,5.1,3.36,6.8,88.7
0500000US39045,4.3,34.0,5.6,35.9,3.8,79.3,9.1,5.9,8.0,2.8,80.9,9.2,0.1,3.0,0.1,0.2,3.8,1.97,6.0,83.0
0500000US39047,1.9,55.7,4.3,41.5,3.7,79.9,14.3,9.0,15.5,2.5,90.8,2.0,0.0,0.8,0.0,0.2,3.7,1.42,13.2,92.4
0500000US39049,13.0,50.9,16.7,30.5,4.6,80.7,10.9,8.8,14.7,7.5,58.0,23.1,0.1,5.6,0.0,0.6,5.2,2.15,8.8,75.5
0500000US39051,1.7,55.1,3.9,36.2,3.9,78.5,9.6,5.1,9.4,9.3,87.2,0.3,0.0,0.3,0.0,0.3,2.5,0.98,5.5,91.9
0500000US39053,1.2,22.8,2.9,47.3,3.5,74.2,19.0,8.7,16.4,1.1,92.6,2.0,0.1,0.8,0.0,1.0,2.5,2.07,12.9,88.5
0500000US39055,2.7,14.8,11.6,36.3,3.0,81.5,4.4,8.1,5.6,2.0,92.7,1.0,0.0,0.5,0.0,0.4,3.4,1.18,8.2,79.8
0500000US39057,4.7,38.3,5.7,36.9,4.3,74.7,7.7,4.9,9.8,3.3,81.3,5.8,0.1,3.0,0.0,0.8,5.8,4.22,5.8,83.4
0500000US39059,0.9,53.4,4.9,43.0,5.3,80.4,17.1,11.9,15.3,1.4,93.3,1.9,0.0,0.3,0.0,0.3,2.7,1.4,13.2,93.5
0500000US39061,6.3,55.9,8.1,33.8,5.0,84.0,12.2,5.8,15.0,4.8,62.3,23.9,0.1,2.7,0.1,0.6,5.4,2.34,7.3,77.8
0500000US39063,3.3,62.0,5.1,35.9,3.1,84.1,9.0,5.7,9.9,6.1,86.9,1.8,0.0,1.9,0.0,0.2,3.0,2.41,4.2,86.7
0500000US39065,1.0,46.5,5.2,38.4,4.6,78.8,12.4,11.1,17.3,2.4,92.7,1.3,0.1,0.7,0.1,0.2,2.5,6.05,7.4,88.9
0500000US39067,0.2,48.6,3.3,48.2,4.6,80.2,13.6,12.2,13.1,1.2,93.7,2.7,0.0,0.1,0.0,0.1,2.2,1.76,10.5,89.5
0500000US39069,1.1,39.6,3.4,35.8,3.9,78.7,6.1,5.1,8.7,8.3,87.8,0.5,0.1,0.1,0.1,0.5,2.6,1.38,6.9,92.4
0500000US39071,0.5,68.6,2.5,39.6,3.1,77.6,15.1,7.6,14.1,1.2,94.4,1.2,0.1,0.1,0.0,0.1,2.9,1.13,12.4,91.0
0500000US39073,0.9,15.2,1.3,42.4,5.4,77.0,16.6,7.4,16.0,1.0,94.6,0.3,0.0,0.5,0.0,0.4,3.2,0.76,10.5,91.2
0500000US39075,0.4,68.3,49.0,36.0,2.2,79.3,4.8,41.5,9.3,1.1,97.3,0.1,0.1,0.1,0.0,0.2,1.1,1.79,41.2,67.6
0500000US39077,1.7,71.8,4.4,38.4,4.5,83.1,11.3,6.5,13.2,7.4,87.5,0.8,0.0,0.4,0.0,0.5,3.4,1.29,9.1,90.9
0500000US39079,0.8,56.5,1.5,43.5,3.8,80.0,20.0,7.9,18.5,1.0,95.3,0.8,0.3,0.5,0.0,0.0,2.0,1.0,13.5,90.1
0500000US39081,1.2,37.1,2.0,44.5,5.0,82.8,16.6,5.2,16.5,1.9,88.4,5.1,0.0,0.6,0.0,0.4,3.5,3.8,7.8,86.9
0500000US39083,1.4,71.4,6.3,40.0,2.5,81.9,10.5,11.3,11.6,2.0,92.9,0.9,0.0,0.8,0.0,0.5,2.8,5.33,9.0,80.7
0500000US39085,5.4,33.1,8.3,34.2,3.9,84.5,7.5,4.5,8.3,5.3,84.2,4.7,0.1,1.5,0.0,0.4,3.8,1.19,5.6,83.8
0500000US39087,0.8,45.3,1.3,46.6,2.7,79.2,21.0,5.5,17.7,1.1,93.8,1.7,0.0,0.6,0.0,0.3,2.5,1.08,9.9,92.1
0500000US39089,4.6,27.5,6.8,36.9,3.2,80.8,11.9,5.3,10.2,2.5,85.1,4.2,0.0,3.7,0.0,0.8,3.7,1.95,6.5,80.2
0500000US39091,1.6,52.3,2.5,39.8,4.1,83.4,11.3,6.0,11.1,2.4,91.5,1.7,0.1,0.5,0.0,0.2,3.7,0.87,7.6,88.2
0500000US39093,3.1,37.6,7.8,38.9,4.3,81.7,11.4,5.3,12.1,11.0,75.5,7.1,0.1,1.4,0.0,0.3,4.5,2.7,8.2,85.4
0500000US39095,4.0,39.2,6.1,37.0,6.3,83.2,16.4,4.9,17.7,7.8,66.1,18.9,0.0,1.7,0.0,0.4,4.9,1.95,8.5,87.5
0500000US39097,2.2,42.3,5.7,40.9,3.5,78.4,9.7,7.7,8.5,3.1,86.2,4.3,0.2,1.3,0.0,0.4,4.5,10.06,10.4,82.9
0500000US39099,2.4,41.2,6.1,42.2,6.4,83.2,19.0,4.9,18.9,6.8,73.7,13.6,0.1,0.8,0.0,0.5,4.5,2.74,8.1,86.1
0500000US39101,1.5,34.1,3.8,46.8,6.3,81.3,17.0,5.4,16.6,3.2,86.3,4.7,0.0,0.6,0.0,0.6,4.6,8.41,10.7,90.9
0500000US39103,3.3,32.6,4.4,33.3,2.9,81.9,6.5,4.0,6.3,2.7,91.3,1.1,0.0,1.0,0.1,0.2,3.7,0.87,5.7,82.4
0500000US39105,0.5,69.2,0.9,51.9,5.4,78.0,25.1,6.6,21.8,0.5,95.8,0.9,0.0,0.3,0.0,0.1,2.4,0.92,13.6,94.0
0500000US39107,1.7,78.0,2.1,33.0,1.6,81.9,6.8,3.6,7.3,2.2,94.2,1.1,0.0,0.5,0.0,0.0,1.9,1.27,4.8,92.9
0500000US39109,2.8,42.1,3.3,35.9,3.1,81.9,7.7,4.7,9.4,2.1,89.9,1.8,0.0,1.9,0.0,0.4,3.9,0.82,7.2,86.6
0500000US39111,0.6,38.6,1.5,46.1,5.4,71.6,13.4,7.7,15.2,0.1,95.3,0.4,0.0,0.4,0.0,0.3,3.4,0.85,9.0,91.9
0500000US39113,5.3,49.0,7.3,36.6,5.7,81.5,13.5,6.5,15.0,4.2,67.7,20.4,0.0,2.2,0.0,0.4,5.0,3.14,7.4,83.9
0500000US39115,0.7,29.6,3.6,48.9,3.5,79.9,16.4,6.4,12.9,1.2,90.2,2.9,0.1,0.1,0.0,1.0,4.4,1.08,12.2,91.8
0500000US39117,1.0,26.3,6.3,38.9,2.9,78.0,11.8,10.3,12.8,1.9,93.7,0.4,0.1,0.4,0.0,0.2,3.2,0.89,9.9,82.5
0500000US39119,0.7,54.8,2.5,40.6,4.3,80.7,19.3,6.6,15.1,1.3,90.5,3.1,0.0,0.5,0.0,0.4,4.2,2.14,9.4,91.4
0500000US39121,0.6,48.8,3.7,62.6,1.4,76.8,9.9,7.7,10.6,1.7,92.1,4.2,0.1,0.4,0.0,0.1,1.4,16.99,15.7,93.0
0500000US39123,0.8,55.7,2.4,42.7,3.1,79.6,7.8,3.9,8.4,5.3,90.3,1.0,0.1,0.4,0.0,0.3,2.7,1.44,5.6,87.6
0500000US39125,2.0,74.8,3.2,37.4,3.6,80.7,11.5,5.2,8.9,5.8,90.0,0.2,0.1,0.5,0.0,0.0,3.4,0.45,9.5,93.8
0500000US39127,0.5,68.6,2.9,42.9,3.7,79.3,15.9,8.1,14.7,0.9,95.7,0.2,0.0,0.1,0.0,0.1,3.0,0.85,11.7,92.4
0500000US39129,0.7,37.4,1.6,41.4,3.5,77.6,12.0,5.8,11.5,1.9,90.6,3.0,0.1,0.1,0.0,0.3,3.9,6.73,10.2,85.0
0500000US39131,0.5,55.8,1.5,49.2,5.4,77.5,23.8,4.8,21.3,0.6,94.4,1.0,0.1,0.4,0.6,0.0,3.0,1.46,13.1,92.9
0500000US39133,3.7,53.6,4.5,35.4,5.3,81.5,10.2,5.0,11.7,2.3,86.0,5.0,0.1,2.2,0.0,0.4,4.0,4.43,7.1,80.6
0500000US39135,0.6,45.2,1.5,38.1,3.2,80.8,10.2,5.4,12.6,1.1,95.0,0.7,0.0,0.1,0.0,0.3,2.8,0.91,7.5,90.0
0500000US39137,1.6,61.1,3.4,35.1,1.8,81.9,6.8,3.1,5.5,6.7,90.8,0.5,0.0,0.2,0.1,0.4,1.2,1.09,4.7,91.4
0500000US39139,1.6,35.7,4.7,43.5,5.4,82.1,14.8,8.1,13.8,2.3,83.9,7.1,0.1,0.8,0.1,0.7,5.1,5.44,10.0,91.4
0500000US39141,1.0,39.6,1.8,46.4,3.8,78.1,16.5,6.8,15.7,1.4,88.4,5.5,0.2,0.5,0.0,0.4,3.5,6.98,11.0,93.0
0500000US39143,1.9,47.2,5.0,41.2,4.3,84.2,13.5,6.3,15.0,10.9,81.9,2.8,0.1,0.5,0.0,0.4,3.3,1.87,6.4,92.1
0500000US39145,1.0,49.1,1.5,50.5,5.9,77.2,22.6,5.7,21.8,1.6,92.0,2.3,0.1,0.5,0.0,0.2,3.3,4.59,11.2,91.8
0500000US39147,1.2,60.4,2.6,38.5,3.6,84.1,13.5,5.3,11.9,5.7,87.8,2.4,0.2,0.5,0.0,0.4,3.0,4.88,6.7,89.0
0500000US39149,1.3,43.6,1.7,34.5,4.1,84.0,8.8,4.2,11.6,1.7,91.5,2.2,0.0,0.6,0.0,0.4,3.5,0.99,8.6,93.1
0500000US39151,2.2,43.7,3.1,38.3,3.9,84.3,12.7,5.5,12.5,3.0,83.8,7.1,0.1,0.9,0.0,0.3,4.9,2.06,6.8,84.2
0500000US39153,6.0,43.7,7.3,35.6,5.1,83.2,14.1,5.6,12.8,2.7,73.4,13.7,0.1,4.3,0.0,0.4,5.3,1.63,7.2,82.0
0500000US39155,1.2,28.0,4.7,44.6,4.7,82.6,14.0,7.0,16.6,2.3,84.6,8.0,0.1,0.5,0.0,0.2,4.4,1.96,9.5,89.9
0500000US39157,2.3,64.8,8.8,38.9,4.5,82.7,14.1,8.5,13.4,4.7,91.9,0.6,0.1,0.4,0.0,0.4,2.0,1.13,11.1,87.2
0500000US39159,6.2,51.3,7.9,31.6,2.6,80.2,4.9,3.8,5.0,3.4,84.5,2.3,0.1,5.0,0.0,0.5,4.2,3.78,4.2,75.9
0500000US39161,1.3,59.5,2.9,36.0,3.4,82.5,7.5,4.0,9.0,4.2,91.7,0.5,0.2,0.3,0.0,0.1,3.0,1.12,5.9,91.9
0500000US39163,1.1,0.0,2.8,47.9,5.5,71.2,20.9,7.6,17.3,0.2,95.9,1.0,0.0,1.4,0.0,0.1,1.4,0.55,17.1,88.9
0500000US39165,9.1,48.9,10.8,33.9,3.1,82.5,4.6,3.9,6.0,3.5,81.8,3.2,0.1,7.2,0.0,0.7,3.6,2.19,4.9,79.6
0500000US39167,1.2,40.2,2.2,41.9,4.8,79.4,13.5,6.2,13.7,1.3,93.6,0.8,0.2,0.5,0.0,0.5,3.2,2.36,6.2,88.0
0500000US39169,2.7,57.1,14.1,39.0,3.3,81.8,8.2,13.9,9.4,2.5,92.3,1.2,0.1,1.1,0.0,0.4,2.5,3.7,13.3,83.2
0500000US39171,1.4,55.2,3.5,39.0,4.0,84.2,14.2,4.8,12.7,5.4,90.8,0.6,0.0,0.7,0.0,0.2,2.3,2.61,8.2,94.2
0500000US39173,3.8,48.6,5.8,34.5,4.5,80.4,6.9,4.2,12.2,6.6,85.5,2.1,0.1,2.1,0.1,0.2,3.4,4.39,5.0,86.0
0500000US39175,1.4,89.5,1.3,37.4,1.9,83.0,8.4,3.5,8.8,3.1,94.1,0.2,0.0,0.0,0.0,0.2,2.4,1.22,5.2,92.2
0500000US40001,2.0,48.0,7.3,44.9,6.9,65.4,25.3,18.5,21.5,7.2,39.0,0.8,38.9,1.3,0.1,0.0,12.8,3.0,15.8,90.4
0500000US40003,2.0,42.9,4.7,55.9,4.3,57.1,9.4,10.5,16.5,6.2,80.6,3.5,2.0,0.4,0.1,0.2,7.0,21.86,14.1,91.1
0500000US40005,1.2,59.5,3.8,52.0,4.6,63.9,14.9,19.2,17.3,4.4,66.8,4.1,9.2,0.1,0.0,0.1,15.3,10.37,15.0,87.5
0500000US40007,9.8,58.7,24.3,41.8,2.6,68.6,4.2,11.6,13.3,28.6,64.3,0.7,0.9,0.1,0.0,0.4,5.0,1.67,14.6,88.9
0500000US40009,3.7,64.5,7.8,50.1,7.9,74.9,18.6,10.9,21.7,13.6,74.8,4.6,1.6,1.2,0.0,0.0,4.3,13.31,17.2,89.4
0500000US40011,3.9,83.3,10.6,46.9,8.4,69.3,14.3,11.6,17.4,12.6,70.3,3.9,6.1,0.0,0.0,0.0,7.1,6.7,14.1,94.9
0500000US40013,2.6,69.8,5.4,41.8,4.6,68.8,13.5,18.7,16.6,8.0,67.6,2.1,12.4,0.7,0.1,0.1,9.0,1.84,11.9,87.3
0500000US40015,4.4,60.5,9.4,46.2,5.8,69.3,15.4,16.8,18.3,17.0,53.9,3.1,15.7,0.4,0.0,0.1,9.8,5.33,12.5,90.9
0500000US40017,5.4,41.8,10.1,32.3,4.5,76.4,8.4,9.3,8.0,12.0,70.1,3.8,2.8,3.1,0.1,0.9,7.3,1.42,7.3,87.9
0500000US40019,3.1,52.9,7.1,40.1,3.8,79.7,16.2,14.3,16.2,8.6,66.5,6.1,6.7,1.3,0.0,0.4,10.5,1.89,12.0,91.0
0500000US40021,3.5,61.3,7.9,43.2,5.1,63.7,16.5,18.2,18.2,8.0,44.9,1.3,31.0,0.9,0.1,0.1,13.8,3.86,10.8,86.1
0500000US40023,2.4,51.2,4.5,47.2,4.8,70.8,24.9,17.7,23.2,5.1,57.9,9.8,14.9,0.8,0.1,0.5,11.1,1.29,12.6,91.3
0500000US40025,8.0,85.9,26.0,40.1,0.4,58.7,5.5,19.8,7.4,25.3,66.4,0.0,0.1,0.0,0.0,0.4,7.8,0.63,13.3,69.4
0500000US40027,6.6,49.0,11.3,35.4,4.8,71.4,9.9,9.7,12.9,11.0,67.2,4.6,3.4,4.7,0.0,0.4,8.8,4.27,7.6,84.3
0500000US40029,0.8,19.0,3.9,48.0,7.5,68.6,17.6,22.4,20.8,4.6,64.2,0.4,9.6,0.5,0.0,0.0,20.7,0.9,14.4,86.0
0500000US40031,5.8,47.0,11.4,39.6,7.1,69.5,16.1,11.5,18.1,14.7,53.8,13.9,3.8,2.7,0.6,0.6,9.9,7.86,9.0,85.1
0500000US40033,1.2,36.9,3.8,43.9,3.5,67.7,17.8,8.7,20.5,7.7,74.1,1.7,5.6,0.1,0.0,0.3,10.5,1.42,11.7,92.9
0500000US40035,2.0,61.8,4.3,50.1,5.1,68.5,14.5,14.9,19.0,4.0,61.1,3.3,19.5,1.6,0.1,0.1,10.2,8.23,14.7,87.5
0500000US40037,1.9,52.8,3.7,43.3,3.3,80.5,14.8,11.1,14.5,5.4,73.0,2.0,10.8,0.7,0.0,0.3,7.8,1.17,9.1,88.1
0500000US40039,5.0,62.6,12.5,31.9,4.2,77.6,11.8,11.3,16.4,19.9,65.8,2.6,4.4,0.9,0.1,0.0,6.4,4.75,11.2,92.9
0500000US40041,1.9,30.1,4.5,50.3,5.2,74.7,15.6,13.7,19.0,4.5,62.1,0.4,19.9,1.5,0.1,0.3,11.0,1.49,11.5,87.1
0500000US40043,1.5,89.6,3.0,42.5,3.5,70.6,9.1,12.6,14.1,6.0,80.8,0.0,3.6,0.1,0.0,0.0,9.4,1.74,8.1,84.8
0500000US40045,3.7,77.9,5.4,45.1,5.3,66.7,11.5,11.1,13.0,9.5,83.1,0.4,1.3,0.8,0.0,0.2,4.7,1.66,9.1,86.4
0500000US40047,6.3,63.7,13.2,35.2,4.9,77.1,15.6,12.4,12.5,15.2,70.1,2.2,0.9,1.2,3.9,0.0,6.4,2.8,11.9,92.5
0500000US40049,4.5,67.2,6.8,43.7,3.4,78.9,14.2,16.1,17.0,10.4,71.9,1.3,3.8,0.6,0.0,0.4,11.5,1.1,13.0,91.0
0500000US40051,2.1,56.5,3.9,39.1,5.5,74.2,12.2,11.8,12.2,7.1,78.7,1.8,3.4,0.5,0.0,0.2,8.2,1.69,9.2,89.8
0500000US40053,0.3,33.3,3.6,44.1,4.3,72.3,11.8,9.9,17.5,4.7,85.2,1.9,2.3,0.1,0.0,0.3,5.5,1.69,8.5,88.1
0500000US40055,1.2,41.8,4.9,55.3,7.3,56.7,25.4,7.4,16.9,13.0,72.4,6.0,1.3,0.2,0.0,0.1,7.1,18.46,19.9,91.3
0500000US40057,8.1,39.2,17.3,47.7,7.2,69.0,22.3,18.7,22.7,32.1,52.5,8.9,1.6,1.0,0.0,0.1,3.7,3.2,19.8,87.4
0500000US40059,13.0,87.3,21.9,39.9,2.6,61.2,4.4,14.1,13.1,24.5,70.8,0.1,1.4,0.1,0.0,0.0,3.2,1.75,11.6,96.4
0500000US40061,2.4,62.9,4.5,44.8,6.6,68.3,22.2,16.1,20.8,5.3,67.7,0.3,15.5,1.2,0.0,0.2,9.9,0.66,15.0,89.6
0500000US40063,2.5,70.9,8.6,56.1,4.9,61.3,15.8,14.4,20.2,6.3,60.0,5.2,19.7,0.4,0.0,1.4,7.0,13.07,15.4,84.5
0500000US40065,6.4,52.0,17.0,34.7,5.6,63.0,15.3,13.0,16.2,25.0,61.1,5.8,0.9,1.7,0.1,0.2,5.3,3.27,13.4,90.8
0500000US40067,3.7,64.2,8.3,46.3,5.2,71.5,22.5,14.0,23.1,10.9,75.7,1.2,3.8,0.1,0.0,0.0,8.3,2.36,15.1,85.7
0500000US40069,1.4,86.3,3.2,49.8,4.5,71.7,19.4,14.7,22.9,6.1,66.7,2.3,12.7,0.1,0.0,0.1,12.0,3.73,12.2,89.4
0500000US40071,3.0,58.1,6.0,41.3,5.8,73.1,17.2,11.3,16.0,9.0,71.2,1.8,6.9,0.5,0.6,0.3,9.7,3.03,9.5,93.3
0500000US40073,8.5,64.9,16.3,35.6,2.1,68.2,8.2,11.4,12.8,18.6,72.5,0.5,3.4,0.6,0.1,0.0,4.4,1.65,10.8,91.1
0500000US40075,1.0,24.7,7.2,46.0,5.2,68.1,20.8,8.9,22.9,12.2,71.7,3.6,3.6,0.5,0.0,0.3,8.0,2.14,10.4,87.0
0500000US40077,0.7,41.4,1.8,53.5,5.7,67.7,18.7,15.5,20.7,4.1,60.8,1.2,25.0,0.3,0.0,0.1,8.6,3.5,15.2,92.9
0500000US40079,3.6,67.3,6.5,48.7,5.2,72.5,20.9,17.4,19.4,8.0,68.4,1.8,11.1,0.7,0.1,0.1,9.9,3.42,14.5,92.0
0500000US40081,0.9,47.0,1.8,44.0,3.9,72.4,15.0,12.0,17.3,4.0,79.8,1.6,5.4,0.6,0.0,0.4,8.2,1.05,10.9,87.0
0500000US40083,3.8,69.3,6.8,41.8,3.6,72.6,10.7,11.5,11.6,9.0,74.5,5.7,2.6,0.6,0.1,0.5,7.0,3.79,8.5,86.6
0500000US40085,6.5,54.3,15.1,40.0,5.2,73.7,13.8,13.2,15.0,18.2,67.5,2.0,3.9,0.8,0.0,0.0,7.6,0.92,13.5,92.8
0500000US40087,3.5,53.5,7.0,35.8,4.7,72.5,7.8,9.5,8.5,9.7,75.4,1.2,5.5,0.6,0.0,0.3,7.2,0.66,10.5,88.5
0500000US40089,3.4,61.3,7.3,46.1,4.8,73.9,21.3,15.0,21.2,7.0,58.8,7.7,13.6,1.0,1.6,0.1,10.1,1.1,13.9,93.0
0500000US40091,1.2,27.0,4.0,58.1,5.3,68.6,20.4,18.4,21.1,3.3,66.0,2.6,15.1,1.0,0.1,0.1,11.9,1.59,12.6,86.2
0500000US40093,4.6,66.9,7.6,40.5,2.6,71.3,12.7,8.2,11.0,11.0,81.5,0.0,0.8,0.4,0.0,0.3,5.9,1.42,9.7,94.7
0500000US40095,5.6,61.0,13.3,47.3,4.7,76.2,12.1,18.1,16.1,18.1,63.0,0.4,6.6,0.4,0.2,0.3,10.9,0.97,13.6,88.8
0500000US40097,1.1,44.6,4.5,43.1,6.3,74.9,14.1,14.9,16.2,3.9,62.0,0.4,19.8,0.5,0.1,0.3,13.1,1.02,10.5,87.7
0500000US40099,2.0,83.8,4.7,42.6,2.5,73.7,12.2,12.5,12.7,7.2,69.0,1.1,12.3,0.0,0.3,0.0,10.0,3.15,13.2,92.4
0500000US40101,2.7,56.7,5.2,46.6,5.7,70.5,19.7,13.9,19.1,7.5,53.6,9.7,16.8,0.8,0.0,0.2,11.5,5.89,12.3,88.6
0500000US40103,0.7,60.5,3.5,43.6,2.6,73.8,10.9,5.8,12.9,4.7,79.0,0.3,5.9,0.2,0.0,0.3,9.7,3.22,10.2,93.0
0500000US40105,1.2,47.7,2.3,46.3,4.5,79.7,17.6,15.2,17.2,3.2,64.5,1.7,15.4,0.7,0.0,0.3,14.2,1.63,8.3,88.6
0500000US40107,2.4,36.0,6.5,55.2,3.5,69.5,19.0,13.6,25.8,3.9,60.1,6.5,17.7,1.0,0.0,0.1,10.8,12.28,14.6,85.6
0500000US40109,10.8,61.3,18.9,34.5,4.8,76.8,14.8,13.7,16.0,20.1,52.1,14.0,2.1,3.4,0.1,0.4,7.8,1.9,11.5,85.6
0500000US40111,1.1,53.7,3.6,47.1,7.3,72.2,21.4,13.0,18.0,5.2,60.8,7.0,14.8,0.5,0.0,0.2,11.6,3.81,11.3,89.6
0500000US40113,1.4,42.9,3.6,45.5,5.3,75.0,13.9,10.5,13.1,4.7,62.1,10.1,10.7,0.3,0.0,0.2,12.0,3.74,9.9,89.2
0500000US40115,2.7,70.1,5.5,45.8,3.0,72.3,17.6,15.9,20.9,6.1,62.4,1.1,18.4,0.8,0.7,0.0,10.4,3.71,12.3,92.3
0500000US40117,1.5,44.2,3.0,46.3,4.4,73.2,15.5,12.3,18.2,3.9,74.3,0.8,9.1,0.5,0.4,0.2,10.7,1.48,12.7,91.6
0500000US40119,6.3,74.3,8.7,40.8,5.7,66.9,10.1,11.0,22.6,6.6,73.5,3.5,3.7,4.2,0.1,0.2,8.3,11.58,6.4,81.5
0500000US40121,1.3,56.4,3.6,47.0,5.7,63.5,18.2,14.8,17.7,5.7,67.6,2.5,7.9,0.5,0.1,0.2,15.4,5.05,12.3,90.6
0500000US40123,2.5,55.5,3.8,38.7,3.7,60.9,15.4,16.3,12.6,6.5,62.7,2.5,18.1,1.1,0.1,0.0,9.0,3.05,9.4,89.7
0500000US40125,2.1,53.3,4.2,45.5,5.3,68.6,18.6,12.2,15.9,6.4,69.6,2.9,10.8,1.0,0.1,0.2,9.1,4.98,11.3,88.2
0500000US40127,1.1,78.8,4.0,51.3,4.4,66.1,17.7,18.5,20.7,4.3,68.9,1.3,16.5,0.4,0.2,0.2,8.2,1.09,12.2,93.4
0500000US40129,2.3,67.9,3.9,41.5,3.2,55.9,10.5,10.5,14.7,8.5,80.1,0.1,4.8,0.3,0.5,0.1,5.6,0.45,5.6,86.2
0500000US40131,2.9,45.5,6.0,36.9,4.7,78.7,10.7,11.0,8.9,6.2,69.0,0.9,12.2,1.9,0.1,0.4,9.4,1.7,7.3,86.2
0500000US40133,2.4,54.2,3.9,49.0,6.3,70.6,22.9,17.1,21.7,5.7,62.4,3.6,18.0,0.4,0.1,0.3,9.5,3.09,13.5,88.3
0500000US40135,2.0,49.8,5.7,47.6,4.7,74.1,21.2,15.1,20.2,5.1,60.6,1.9,18.4,0.7,0.1,0.1,13.2,1.02,15.1,92.1
0500000US40137,2.7,51.3,4.9,45.4,5.2,76.6,17.6,12.6,18.0,8.7,77.4,1.3,3.2,0.5,0.0,0.3,8.5,1.37,10.2,91.9
0500000US40139,23.1,75.9,44.6,36.8,3.4,79.2,6.7,11.9,15.7,52.1,37.4,5.4,0.7,1.3,0.0,0.3,2.9,2.05,23.9,92.3
0500000US40141,3.0,76.1,13.3,46.5,5.9,69.8,19.4,10.4,21.0,27.8,58.3,6.5,1.6,0.3,0.0,0.1,5.5,3.0,17.8,87.4
0500000US40143,9.9,63.8,16.5,34.2,5.4,82.6,12.8,13.3,14.7,15.7,57.3,9.3,4.4,3.7,0.2,0.3,9.0,1.56,10.1,85.4
0500000US40145,5.1,47.5,8.4,36.6,4.2,79.3,8.6,11.3,9.2,8.8,66.7,3.4,7.9,2.2,0.0,0.4,10.5,0.33,7.7,89.0
0500000US40147,3.5,47.1,6.5,42.7,4.4,82.4,15.5,11.1,16.1,6.9,70.2,2.4,8.2,2.0,0.0,0.1,10.2,2.17,7.4,88.4
0500000US40149,1.7,61.6,5.7,40.4,5.7,71.9,14.9,11.4,14.1,9.7,81.7,1.3,1.8,0.1,0.0,0.2,5.2,1.9,11.8,86.9
0500000US40151,1.6,84.3,3.9,38.7,4.6,65.8,9.2,7.6,19.9,7.5,81.7,2.6,2.0,0.0,0.0,0.7,5.6,11.59,10.3,90.2
0500000US40153,5.0,74.3,10.8,36.7,6.2,73.3,9.2,12.5,14.0,15.2,75.8,1.1,2.8,0.4,0.0,0.2,4.5,4.18,11.7,93.3
0500000US41001,2.0,28.0,2.3,51.4,5.6,71.2,16.7,4.2,14.9,5.3,87.8,1.3,0.9,0.4,0.1,0.4,3.9,3.55,7.8,81.8
0500000US41003,9.9,59.4,13.0,38.9,7.0,67.7,13.3,4.8,18.2,9.4,76.2,1.1,0.4,6.6,0.2,0.6,5.5,7.01,4.6,66.0
0500000US41005,8.8,40.1,12.3,36.5,4.4,81.0,10.1,4.3,7.7,10.1,76.5,1.0,0.3,5.1,0.2,0.6,6.1,1.05,5.3,73.7
0500000US41007,4.4,54.5,6.9,43.8,4.7,75.6,15.3,7.1,12.3,10.0,80.4,0.9,0.3,1.2,0.1,0.2,6.8,1.9,6.8,79.4
0500000US41009,3.5,42.2,4.7,42.1,4.1,80.1,15.6,5.4,8.9,6.7,84.3,0.6,0.7,0.8,0.4,0.3,6.0,0.91,10.3,84.4
0500000US41011,4.0,46.9,5.2,48.6,6.0,72.0,23.4,6.9,16.1,7.3,82.1,0.4,1.5,1.1,0.1,0.2,7.4,2.14,8.3,85.9
0500000US41013,3.4,14.7,6.5,42.5,5.9,79.6,14.6,5.7,11.3,7.9,85.8,0.5,0.8,0.3,0.0,0.2,4.5,0.74,10.7,84.3
0500000US41015,5.9,29.0,5.6,54.9,5.8,68.4,15.0,4.9,15.2,7.7,82.2,0.0,1.3,0.9,0.1,0.6,7.0,1.13,8.7,77.5
0500000US41017,4.9,56.8,7.4,36.4,4.4,78.9,9.9,6.2,8.8,9.2,83.5,0.3,0.4,1.0,0.1,0.5,4.9,0.69,4.6,72.2
0500000US41019,2.8,35.1,4.3,50.4,5.4,74.2,21.1,5.2,16.3,6.6,84.2,0.3,0.8,0.8,0.1,0.8,6.3,2.0,8.7,83.7
0500000US41021,4.0,70.9,7.6,50.2,2.8,71.0,11.5,5.6,15.3,9.4,80.0,0.0,1.6,0.0,0.0,1.1,7.9,1.88,11.3,83.3
0500000US41023,1.7,47.1,1.9,49.8,5.2,62.4,15.6,7.5,12.8,4.2,86.9,0.1,0.5,0.8,0.0,0.6,6.9,2.59,8.4,80.0
0500000US41025,2.3,63.2,4.7,45.6,3.7,58.6,23.1,6.2,13.7,5.6,84.6,1.9,1.8,0.0,0.5,0.0,5.7,2.72,9.4,80.4
0500000US41027,13.5,65.5,26.5,32.0,3.8,78.8,13.4,9.5,8.0,30.6,61.8,0.8,0.1,0.8,0.1,0.9,4.8,3.74,13.5,71.8
0500000US41029,5.3,50.9,9.4,42.0,5.4,79.2,17.9,5.7,12.4,14.6,76.8,0.6,0.3,1.0,0.1,0.5,6.0,1.92,8.0,81.5
0500000US41031,6.9,61.0,17.0,44.9,8.1,72.5,24.7,7.3,13.4,21.3,57.3,0.6,11.0,0.5,0.1,0.9,8.3,4.68,11.0,88.0
0500000US41033,3.8,44.6,5.8,50.3,6.4,74.4,24.1,6.6,15.6,8.8,82.9,0.4,0.4,0.8,0.1,0.8,5.8,1.65,9.6,83.7
0500000US41035,4.7,48.7,8.7,49.1,7.2,72.9,23.7,6.8,18.3,13.9,74.4,0.7,2.3,0.9,0.3,0.5,6.9,1.83,10.6,86.3
0500000US41037,3.3,50.2,5.7,50.9,4.1,62.9,17.0,4.9,14.9,10.8,78.8,0.5,2.1,0.1,0.0,1.6,6.1,7.11,9.1,82.5
0500000US41039,5.4,49.8,8.8,39.8,6.4,75.7,19.1,5.6,15.3,10.5,78.2,1.1,0.7,2.5,0.2,0.5,6.4,2.63,6.7,74.6
0500000US41041,5.7,50.4,9.0,51.1,8.0,71.6,21.1,7.9,15.9,10.3,78.3,0.4,2.0,1.2,0.1,0.8,7.0,1.17,7.8,81.3
0500000US41043,4.3,58.0,7.7,40.0,6.0,76.5,19.7,6.3,13.0,10.7,81.3,0.4,0.4,1.0,0.2,0.5,5.6,1.26,7.8,85.0
0500000US41045,7.4,67.8,21.1,49.6,5.2,73.5,28.3,9.0,17.6,34.0,60.2,1.0,0.6,1.2,0.1,0.1,2.8,11.68,16.3,86.1
0500000US41047,13.7,62.6,25.6,38.0,5.3,76.3,19.7,8.6,13.0,29.0,60.7,1.2,0.5,2.0,1.1,0.5,5.1,3.2,13.9,81.6
0500000US41049,18.1,75.9,33.4,41.0,2.4,79.4,19.5,9.6,13.2,42.0,52.5,0.8,0.1,0.2,0.1,0.2,4.0,0.54,23.8,87.6
0500000US41051,13.0,43.9,18.8,30.4,5.7,80.6,16.1,5.6,12.6,13.5,65.2,5.3,0.4,7.4,0.6,0.6,7.1,2.67,7.5,60.1
0500000US41053,6.3,46.9,12.0,40.2,5.7,71.0,19.8,4.9,12.7,15.6,73.9,0.6,1.1,1.9,0.6,0.6,5.7,2.4,8.3,77.1
0500000US41055,0.7,71.4,2.7,50.6,1.0,65.0,23.8,2.6,22.0,4.4,85.4,0.5,0.5,0.3,0.0,0.2,8.8,0.21,8.8,81.9
0500000US41057,5.1,71.4,9.7,50.4,4.5,70.0,16.1,4.8,12.7,11.4,81.3,0.8,0.4,0.8,0.1,0.3,5.0,3.2,9.3,73.1
0500000US41059,10.9,69.0,23.3,40.9,5.0,73.1,20.5,6.7,11.8,29.7,61.5,0.7,1.9,0.7,0.2,0.5,4.8,4.97,15.8,88.7
0500000US41061,4.0,59.8,4.9,40.8,5.7,73.2,19.4,6.9,16.1,5.5,85.8,0.8,0.5,1.1,1.5,0.8,3.9,1.94,6.5,81.6
0500000US41063,1.8,32.4,4.0,44.0,3.8,68.2,12.0,6.3,7.8,4.2,89.2,1.3,0.1,0.3,0.0,0.8,4.0,1.35,6.1,72.3
0500000US41065,9.9,66.0,18.8,40.0,7.7,75.8,21.8,8.5,11.6,20.6,70.8,0.4,1.8,0.7,0.3,0.2,5.2,4.78,13.8,83.4
0500000US41067,18.3,50.1,25.8,31.4,4.5,84.1,10.5,5.2,8.1,18.6,60.0,2.2,0.3,11.4,0.5,0.6,6.5,1.35,7.3,68.6
0500000US41069,3.4,76.0,4.5,54.7,2.6,51.0,11.1,3.2,10.8,4.8,83.3,0.0,0.1,0.5,0.0,1.1,10.2,1.55,9.0,71.8
0500000US41071,8.4,59.7,13.9,40.6,4.8,78.7,15.8,5.9,10.3,17.6,72.7,0.7,0.7,1.9,0.2,0.7,5.4,5.7,10.4,78.1
0500000US42001,3.7,55.8,6.7,36.3,3.4,82.4,8.2,6.0,8.2,7.7,86.8,1.6,0.0,0.9,0.0,0.4,2.5,4.2,8.6,83.5
0500000US42003,6.6,49.9,8.5,35.2,5.0,85.3,13.0,3.8,11.5,3.0,75.5,12.4,0.1,4.3,0.0,0.5,4.3,2.99,4.3,68.2
0500000US42005,0.7,56.6,2.7,42.9,4.3,84.9,15.6,4.0,11.8,0.9,94.9,0.9,0.0,0.3,0.0,0.2,2.7,1.19,7.0,86.8
0500000US42007,1.9,33.3,3.3,38.0,5.3,85.9,13.8,3.9,9.9,2.4,86.3,6.2,0.0,0.5,0.0,0.3,4.3,1.71,4.6,82.2
0500000US42009,1.2,43.8,3.0,42.7,3.9,83.1,15.8,7.8,11.6,1.4,95.4,0.7,0.1,0.5,0.0,0.1,1.9,0.99,9.5,89.4
0500000US42011,9.7,48.5,21.3,35.7,5.4,85.5,13.9,7.3,12.2,24.8,66.6,4.0,0.0,1.3,0.0,0.5,2.8,3.15,11.6,82.5
0500000US42013,1.5,53.2,3.3,41.5,4.4,81.4,17.9,5.8,12.0,1.6,91.6,1.9,0.0,0.7,0.0,0.2,4.0,3.38,6.2,88.1
0500000US42015,1.7,38.9,2.5,44.1,6.3,81.8,14.5,6.7,12.6,1.7,94.1,0.9,0.1,0.5,0.0,0.3,2.3,1.18,9.3,87.9
0500000US42017,10.4,33.6,13.4,34.0,4.4,84.5,7.8,3.9,6.1,6.6,79.9,3.7,0.0,5.0,0.0,0.8,4.0,1.46,5.0,75.9
0500000US42019,2.4,45.5,3.7,37.5,4.4,83.7,9.0,3.4,8.1,2.0,92.2,1.1,0.0,1.4,0.0,0.5,2.7,2.81,4.3,80.0
0500000US42021,1.1,40.7,2.6,45.7,4.7,80.5,18.9,3.3,14.2,2.1,90.2,2.8,0.0,0.5,0.0,0.2,4.1,5.06,6.9,85.1
0500000US42023,0.9,10.5,1.2,47.4,7.8,79.3,26.0,2.1,13.5,0.7,92.4,0.1,0.3,0.5,0.0,0.7,5.4,1.06,7.4,93.9
0500000US42025,3.7,26.5,6.3,39.1,7.5,85.2,15.6,5.8,12.3,6.9,87.9,1.9,0.0,0.6,0.0,0.1,2.6,1.29,9.5,87.0
0500000US42027,8.0,65.4,12.4,44.3,4.3,72.8,8.3,5.2,16.3,3.7,82.8,3.2,0.3,5.7,0.0,0.4,4.1,13.8,5.5,69.9
0500000US42029,10.1,49.2,13.8,32.4,3.8,84.9,5.6,4.4,6.0,8.4,75.4,4.9,0.0,6.7,0.0,0.4,4.1,2.89,5.1,71.0
0500000US42031,1.0,52.5,3.3,40.2,5.1,79.1,15.7,6.1,13.1,1.2,94.1,1.6,0.0,0.7,0.0,0.2,2.3,4.4,8.7,85.6
0500000US42033,2.0,69.7,4.3,44.8,5.9,79.1,19.2,5.9,14.6,3.0,92.0,1.9,0.0,0.6,0.0,0.2,2.3,5.79,9.3,87.1
0500000US42035,1.4,40.9,7.2,41.7,5.6,75.9,15.9,10.5,14.8,1.9,93.6,1.0,0.1,0.6,0.0,0.2,2.7,4.66,9.7,85.2
0500000US42037,2.8,31.2,3.1,40.9,6.0,81.7,10.7,4.0,13.7,4.1,90.5,1.7,0.0,0.7,0.2,0.5,2.3,5.89,7.4,82.9
0500000US42039,1.2,34.8,5.7,45.7,5.0,80.3,18.7,9.0,14.3,1.6,92.9,1.3,0.0,0.5,0.0,0.5,3.1,5.0,9.3,84.2
0500000US42041,7.5,46.0,10.4,36.3,3.7,78.2,7.8,5.4,7.5,5.1,80.7,4.1,0.0,5.7,0.0,0.4,4.0,4.95,6.3,77.0
0500000US42043,9.8,46.9,14.8,35.4,4.5,78.5,13.3,6.4,12.9,11.8,60.6,16.3,0.1,6.5,0.0,0.6,4.1,2.27,8.8,76.7
0500000US42045,11.2,37.1,13.5,34.4,6.9,84.0,13.3,4.6,10.2,5.0,62.4,21.9,0.0,6.3,0.0,0.5,3.8,3.96,6.1,71.0
0500000US42047,1.1,17.5,1.6,39.4,5.7,86.1,14.5,2.3,8.7,1.0,94.5,0.6,0.0,0.4,0.0,0.0,3.4,1.05,5.7,92.8
0500000US42049,4.9,45.4,6.9,41.1,5.4,82.7,19.1,4.2,15.0,4.8,81.7,7.0,0.1,2.2,0.0,0.4,3.9,4.99,7.1,84.5
0500000US42051,1.3,49.3,2.4,46.0,6.3,84.1,23.5,4.6,16.8,1.4,89.1,3.9,0.0,0.5,0.1,0.2,4.8,3.56,9.8,87.8
0500000US42053,1.9,70.0,6.2,70.7,2.5,64.7,14.0,6.4,11.9,5.1,78.3,13.7,0.4,0.4,0.0,0.1,2.0,36.02,14.8,82.9
0500000US42055,3.7,54.4,7.6,37.9,4.0,79.3,11.0,8.9,8.5,7.5,84.3,3.0,0.0,1.0,0.0,0.4,3.7,1.12,8.7,86.0
0500000US42057,0.5,50.7,0.9,41.3,2.9,76.5,13.9,5.1,11.2,1.3,93.2,1.3,0.0,0.2,0.0,1.1,2.8,0.6,10.7,88.3
0500000US42059,0.7,52.1,1.9,49.3,5.6,78.0,20.8,4.5,13.5,1.6,91.1,2.7,0.0,0.2,0.0,0.3,4.1,8.97,10.1,89.1
0500000US42061,0.9,44.1,3.0,48.9,4.6,76.2,13.4,4.7,10.6,2.1,89.3,4.5,0.1,0.5,0.0,0.1,3.4,11.47,8.6,85.4
0500000US42063,2.4,61.3,5.6,43.8,6.7,80.8,16.3,7.2,14.0,1.9,91.7,2.1,0.0,0.9,0.0,0.1,3.3,6.39,7.5,82.6
0500000US42065,0.4,67.7,4.4,42.2,4.2,81.4,14.9,8.5,14.1,1.0,95.5,0.3,0.1,0.3,0.0,0.3,2.6,1.73,7.8,88.9
0500000US42067,2.5,66.0,11.0,39.8,2.1,79.8,10.4,13.8,9.7,4.1,91.9,1.0,0.0,0.5,0.0,0.3,2.1,1.2,16.2,86.2
0500000US42069,6.7,51.7,10.3,40.5,4.9,83.1,17.8,4.9,14.4,9.8,79.6,3.0,0.1,3.0,0.0,0.6,3.9,3.96,8.3,85.2
0500000US42071,5.8,37.3,16.8,34.3,3.4,84.1,9.2,11.2,8.2,11.5,79.1,3.4,0.0,2.4,0.0,0.6,2.9,2.78,12.5,81.8
0500000US42073,1.3,36.5,3.6,42.3,5.7,83.1,20.4,5.1,11.9,2.2,88.7,3.7,0.0,0.3,0.0,0.6,4.5,2.63,7.6,82.6
0500000US42075,4.3,36.5,12.9,36.9,4.3,81.0,12.2,9.0,10.1,15.2,78.4,1.7,0.0,1.6,0.0,0.4,2.7,2.66,11.5,82.8
0500000US42077,14.4,46.6,26.2,35.2,5.9,87.1,15.4,6.4,11.6,28.0,59.1,5.9,0.0,3.5,0.0,0.5,2.9,2.34,9.5,80.8
0500000US42079,9.6,54.5,15.9,39.6,5.8,82.3,19.6,6.6,15.3,17.3,74.2,4.1,0.0,1.2,0.0,0.3,2.9,3.3,9.8,84.6
0500000US42081,1.6,47.0,3.2,40.3,5.1,82.5,14.9,5.2,12.8,2.4,88.1,4.0,0.1,0.9,0.0,0.2,4.4,5.03,8.5,85.2
0500000US42083,1.5,57.2,2.3,45.5,4.9,80.0,18.6,4.7,13.7,2.0,91.7,2.1,0.0,0.7,0.0,0.4,3.1,7.32,7.8,87.0
0500000US42085,1.8,29.3,4.1,45.4,5.3,83.5,17.4,6.4,13.2,1.7,87.9,5.6,0.1,0.6,0.0,0.4,3.7,6.07,8.3,86.0
0500000US42087,1.2,43.4,10.0,40.3,2.7,81.9,17.0,12.8,16.2,2.3,93.3,1.0,0.1,0.3,0.1,0.1,2.9,1.53,15.4,91.0
0500000US42089,11.2,26.2,16.8,39.8,6.9,80.9,15.1,6.3,10.7,18.2,60.4,13.0,0.1,2.6,0.0,1.5,4.3,1.84,9.6,82.3
0500000US42091,11.5,40.3,14.7,32.2,4.5,86.0,6.6,3.9,6.5,6.7,71.5,9.2,0.0,8.0,0.0,0.6,4.0,2.64,4.9,70.6
0500000US42093,5.6,52.2,7.6,41.3,2.9,83.3,6.5,3.7,8.8,3.1,89.0,2.4,0.0,3.4,0.0,0.2,1.8,4.46,6.3,78.3
0500000US42095,8.6,38.2,15.0,36.8,4.6,85.3,10.3,4.4,8.8,15.5,72.0,5.7,0.0,3.0,0.0,0.6,3.2,4.08,7.1,80.8
0500000US42097,1.6,46.5,4.4,43.5,3.7,82.0,15.6,5.1,12.6,5.2,88.7,2.6,0.0,0.4,0.0,0.5,2.6,4.08,9.7,85.3
0500000US42099,1.7,60.4,6.3,38.4,3.1,78.5,10.6,10.3,8.0,2.5,93.5,0.8,0.1,0.3,0.0,0.1,2.7,1.02,10.5,82.0
0500000US42101,15.2,48.4,24.4,36.4,8.1,82.9,26.2,7.1,21.4,15.6,33.2,38.3,0.1,7.9,0.0,0.8,4.1,3.01,12.2,53.8
0500000US42103,8.2,24.0,13.4,44.2,7.5,77.7,12.6,5.8,9.8,12.4,76.9,5.6,0.1,1.3,0.0,0.2,3.4,0.72,6.8,80.6
0500000US42105,1.4,41.9,3.9,45.3,3.8,77.1,14.0,6.6,13.0,1.7,94.5,0.4,0.1,0.4,0.0,0.2,2.6,1.51,8.3,82.4
0500000US42107,2.7,45.6,6.7,42.2,5.6,83.0,17.2,6.9,12.8,7.8,86.2,2.6,0.0,0.5,0.0,0.1,2.7,4.95,9.8,88.1
0500000US42109,1.7,43.9,8.7,39.4,2.4,79.4,10.0,12.2,9.4,2.6,93.8,0.7,0.0,0.7,0.3,0.2,1.7,8.0,16.1,82.5
0500000US42111,1.4,42.4,4.2,44.3,4.9,79.7,14.3,6.6,11.0,1.5,93.3,2.6,0.0,0.5,0.0,0.4,1.6,5.82,9.1,88.0
0500000US42113,1.8,45.7,3.4,50.1,5.8,74.6,8.1,4.1,11.6,2.3,93.2,2.3,0.0,0.1,0.0,0.1,2.0,5.55,7.5,86.6
0500000US42115,2.0,42.6,2.7,44.8,5.9,80.5,12.9,6.2,11.4,2.4,93.8,0.2,0.0,0.5,0.0,0.2,2.9,0.85,9.0,82.8
0500000US42117,1.4,25.0,2.3,43.2,4.6,77.2,14.0,6.0,11.7,1.7,95.0,0.8,0.1,0.4,0.0,0.1,2.1,2.72,7.8,86.6
0500000US42119,3.9,69.0,11.0,50.5,2.2,79.6,11.8,10.4,9.0,5.1,86.0,5.7,0.1,1.8,0.0,0.3,1.1,21.09,13.8,76.6
0500000US42121,0.8,43.7,2.0,45.0,5.6,79.7,19.4,4.4,13.2,1.3,93.3,1.2,0.1,0.3,0.0,0.6,3.2,2.18,8.6,88.0
0500000US42123,1.2,27.2,2.9,45.4,4.4,82.1,14.6,4.1,10.8,1.3,94.2,0.8,0.0,0.4,0.1,0.2,3.0,1.81,6.8,88.6
0500000US42125,2.4,44.6,3.6,38.7,4.8,85.1,13.9,3.9,9.6,2.1,89.7,3.2,0.0,1.3,0.0,0.3,3.5,2.69,5.4,81.3
0500000US42127,4.3,26.1,5.9,49.2,6.0,78.1,13.0,6.8,12.1,5.1,87.4,3.0,0.1,0.7,0.0,0.8,2.9,6.21,7.7,84.3
0500000US42129,1.9,32.9,2.8,39.7,4.8,84.9,13.9,3.0,10.3,1.6,91.4,2.5,0.0,1.0,0.0,0.2,3.3,2.07,4.5,83.8
0500000US42131,1.7,54.5,2.4,41.6,5.0,82.8,15.9,3.9,11.5,2.5,93.1,0.6,0.0,0.2,0.0,0.0,3.5,2.77,7.3,88.3
0500000US42133,4.1,42.3,8.3,34.3,4.5,83.4,11.3,4.8,8.4,9.6,78.9,5.8,0.0,1.5,0.0,0.6,3.6,1.71,8.0,84.3
0500000US44001,9.7,24.6,12.8,36.3,3.0,78.3,5.3,2.3,6.5,4.2,88.3,1.0,0.0,2.6,0.0,0.2,3.7,7.21,6.4,76.8
0500000US44003,7.1,42.0,9.3,33.5,4.7,81.1,12.0,3.2,7.5,6.9,83.7,1.9,0.0,2.9,0.0,0.4,4.2,1.14,6.9,85.4
0500000US44005,7.0,38.0,9.7,36.0,5.8,77.3,8.2,3.9,8.5,6.7,82.4,3.2,0.2,1.7,0.1,0.9,4.9,4.64,4.4,75.7
0500000US44007,20.9,47.5,32.6,34.4,6.6,83.0,17.8,5.4,13.4,25.6,56.5,7.0,0.2,4.2,0.1,1.1,5.4,4.17,13.6,79.5
0500000US44009,5.0,38.7,6.2,38.1,4.4,76.8,5.7,2.0,8.2,3.8,88.9,1.2,0.3,2.1,0.0,0.3,3.4,5.64,4.3,80.4
0500000US45001,2.3,23.4,2.6,49.3,4.0,79.0,14.5,10.1,15.7,2.2,68.5,25.4,0.0,0.2,0.0,0.7,3.0,3.71,12.6,91.8
0500000US45003,3.3,48.9,6.0,41.5,6.1,75.0,10.8,8.8,14.3,7.2,63.5,23.7,0.1,0.9,0.0,0.5,4.0,1.48,9.5,87.3
0500000US45005,0.9,56.9,3.7,56.4,8.5,74.7,28.7,12.1,28.2,7.6,22.8,66.3,0.8,0.2,0.1,0.0,2.0,12.23,20.5,91.2
0500000US45007,3.9,51.4,5.0,40.2,5.3,80.9,10.6,10.2,14.6,5.2,75.1,13.5,0.5,1.0,0.0,0.3,4.4,1.54,11.9,90.0
0500000US45009,1.3,57.5,1.9,46.4,15.0,73.2,24.1,12.4,24.3,1.4,37.0,59.4,0.3,0.5,0.0,0.1,1.2,7.04,22.1,87.1
0500000US45011,2.4,66.7,3.3,42.9,7.0,76.2,24.5,12.2,25.0,2.9,50.5,42.8,0.1,0.6,0.0,0.4,2.7,1.93,16.1,92.1
0500000US45013,7.7,61.5,11.7,43.6,2.6,79.2,5.2,8.5,9.6,12.4,67.3,15.5,0.0,1.1,0.0,0.5,3.2,3.67,5.3,82.0
0500000US45015,6.7,54.9,10.0,34.0,3.2,76.9,7.1,9.2,9.9,9.2,60.1,22.7,0.3,2.5,0.1,0.6,4.6,1.55,8.8,84.3
0500000US45017,2.0,3.2,3.7,44.6,5.8,76.2,13.2,8.1,12.9,3.9,54.9,39.0,0.0,0.2,0.0,0.0,2.0,1.37,13.0,85.8
0500000US45019,6.7,57.9,9.0,34.0,3.5,76.1,6.4,8.3,11.3,7.2,64.5,22.7,0.1,1.8,0.1,0.4,3.4,2.46,6.5,77.5
0500000US45021,3.2,65.5,5.3,43.6,6.3,78.3,14.1,10.5,18.4,5.5,69.7,18.7,0.2,0.5,0.0,1.4,4.0,2.0,14.8,92.7
0500000US45023,1.3,60.4,2.2,41.6,5.6,80.5,16.7,11.7,18.7,3.0,57.7,34.5,0.2,0.4,0.0,0.3,3.9,0.56,14.7,92.3
0500000US45025,3.6,65.3,5.5,42.8,7.5,80.1,18.0,11.6,20.3,5.9,58.4,30.0,0.2,0.5,0.0,0.3,4.7,1.91,17.4,92.0
0500000US45027,1.9,54.8,3.3,51.4,6.8,80.0,17.1,9.0,15.4,3.2,49.3,44.1,0.2,0.8,0.0,0.1,2.3,4.49,15.7,90.4
0500000US45029,3.4,85.5,5.2,44.6,9.9,74.3,23.4,15.0,19.6,4.6,56.5,33.6,0.3,0.4,0.1,0.3,4.3,1.27,15.3,90.5
0500000US45031,1.9,50.7,3.3,43.8,6.7,78.1,19.5,9.0,21.1,2.5,53.1,40.6,0.2,0.6,0.0,0.2,2.8,1.93,13.0,90.5
0500000US45033,1.4,78.3,3.3,43.3,9.0,78.5,24.0,12.5,27.7,3.5,44.5,45.3,2.0,0.0,0.0,0.0,4.7,1.26,19.2,94.3
0500000US45035,5.5,44.9,7.5,35.0,4.9,75.7,8.9,10.2,11.4,7.2,60.6,24.9,0.2,2.1,0.0,0.7,4.4,1.3,7.9,85.9
0500000US45037,4.0,80.1,5.0,46.7,4.8,75.8,12.3,9.0,17.8,7.2,56.5,30.1,0.1,0.3,0.0,0.8,5.0,8.96,16.4,90.2
0500000US45039,1.1,10.1,1.9,44.4,5.5,73.2,21.0,7.0,15.6,2.5,38.9,54.5,0.1,0.1,0.0,0.5,3.5,1.89,14.9,90.8
0500000US45041,3.0,56.2,4.5,41.4,5.6,78.5,16.1,9.3,18.7,3.3,49.1,42.9,0.1,1.6,0.0,0.4,2.5,2.4,12.0,88.5
0500000US45043,2.7,39.3,3.0,49.5,4.4,77.9,11.5,9.8,15.0,3.6,65.8,27.8,0.1,0.3,0.0,0.3,2.1,0.96,7.7,86.6
0500000US45045,8.7,55.1,12.6,34.6,4.4,84.1,7.6,10.0,10.8,11.6,65.2,15.3,0.2,2.5,0.0,0.5,4.7,2.11,9.0,82.0
0500000US45047,3.3,68.7,4.9,44.3,5.5,82.4,13.6,7.4,15.1,7.2,57.7,31.2,0.0,0.9,0.0,0.7,2.3,5.1,11.4,93.4
0500000US45049,2.3,84.3,4.5,45.7,9.5,69.3,19.4,10.1,20.7,4.1,40.6,51.9,0.2,1.0,0.0,0.5,1.7,2.16,15.4,94.5
0500000US45051,6.7,49.8,8.9,46.6,4.9,79.1,7.5,11.7,13.2,7.3,75.5,11.6,0.2,1.3,0.1,0.5,3.5,1.78,8.1,84.9
0500000US45053,11.2,68.6,18.1,48.0,4.6,78.3,11.2,14.5,17.8,17.6,46.2,32.8,0.1,0.6,0.0,0.0,2.6,3.93,8.9,89.3
0500000US45055,3.2,46.1,5.1,40.1,4.7,76.7,11.8,8.6,13.2,5.9,65.8,23.7,0.1,0.7,0.0,0.1,3.6,0.54,10.9,89.8
0500000US45057,7.1,50.7,9.5,41.6,4.3,83.0,9.7,7.9,11.4,7.5,67.2,19.3,0.1,2.5,0.0,0.3,3.2,1.6,10.0,78.1
0500000US45059,3.8,72.6,5.7,42.6,4.5,80.4,17.5,12.4,18.1,6.7,65.8,22.9,0.1,0.6,0.1,0.1,3.7,3.27,16.1,92.5
0500000US45061,2.4,93.2,3.4,53.7,6.7,74.8,27.4,10.3,25.0,2.4,33.2,62.2,0.1,0.2,0.0,0.0,1.8,7.61,19.5,93.4
0500000US45063,6.5,56.5,9.5,35.4,4.5,76.0,9.7,8.7,11.1,7.9,70.3,15.1,0.1,2.2,0.0,0.5,3.8,0.89,8.0,86.1
0500000US45065,0.8,9.3,0.9,65.2,4.4,70.4,10.6,3.5,17.6,0.8,56.1,40.0,0.0,0.2,0.1,0.7,2.1,8.89,14.2,87.0
0500000US45067,1.4,80.6,4.0,51.1,7.2,79.2,22.3,13.7,30.0,2.8,38.6,54.8,0.6,0.0,0.0,0.2,3.0,0.79,13.8,93.4
0500000US45069,2.1,60.2,2.7,54.3,9.9,78.2,23.0,12.6,28.5,2.7,38.2,47.7,3.0,0.4,0.0,0.7,7.2,9.39,20.9,94.6
0500000US45071,4.9,71.5,9.2,43.4,4.4,76.6,12.8,8.8,17.4,9.2,59.7,28.7,0.1,0.5,0.0,0.3,1.4,3.66,13.2,91.3
0500000US45073,4.2,59.0,5.1,47.1,5.9,77.4,11.4,10.9,17.6,6.2,83.1,5.2,0.4,0.7,0.0,0.2,4.1,1.05,12.6,87.1
0500000US45075,2.2,47.7,3.8,46.6,8.3,75.5,20.7,9.7,22.4,2.7,33.1,60.7,0.3,1.0,0.0,0.1,2.2,4.45,15.8,90.9
0500000US45077,3.5,66.3,5.6,42.9,3.6,78.4,8.3,8.6,17.2,5.4,82.7,5.7,0.1,1.6,0.1,0.5,4.0,6.31,12.2,86.4
0500000US45079,6.0,52.9,8.7,35.4,6.4,73.8,10.6,8.7,17.2,6.4,39.4,46.9,0.1,3.0,0.1,0.7,3.5,6.37,7.8,79.2
0500000US45081,7.3,79.4,17.1,43.4,3.2,70.0,13.9,17.9,18.7,17.1,57.1,21.2,0.0,0.4,0.0,1.1,3.0,1.75,15.9,85.8
0500000US45083,8.7,51.5,13.3,37.9,4.3,83.0,10.9,10.7,14.5,9.3,65.3,19.3,0.1,2.3,0.0,0.4,3.3,2.28,11.6,89.1
0500000US45085,3.0,42.5,6.1,41.3,6.9,75.3,15.7,10.5,16.6,4.4,43.6,45.8,0.1,1.4,0.1,0.6,3.8,2.73,10.4,92.8
0500000US45087,1.5,76.2,2.4,46.5,7.9,81.2,19.6,10.5,22.6,2.1,64.2,27.5,0.3,0.2,0.0,0.1,5.6,1.52,17.9,95.2
0500000US45089,2.3,77.1,2.5,50.1,4.0,75.7,21.0,10.9,23.3,2.5,32.2,63.1,0.2,0.8,0.0,0.2,0.9,5.39,14.3,90.7
0500000US45091,6.7,54.5,8.8,32.8,4.1,82.7,6.5,7.6,8.4,7.4,66.3,18.2,0.4,3.0,0.0,0.6,4.1,1.27,7.4,79.7
0500000US46003,4.7,80.5,7.1,33.3,1.2,66.1,4.4,5.2,10.6,7.0,86.3,0.6,0.3,0.2,0.0,0.3,5.4,3.18,8.0,82.8
0500000US46005,12.1,58.5,19.0,32.4,1.9,77.2,11.3,7.4,13.6,14.9,68.1,1.0,1.1,9.8,0.0,0.4,4.7,3.22,12.5,86.4
0500000US46007,1.6,58.2,12.0,49.8,10.0,67.6,17.0,27.7,29.9,5.1,34.3,0.2,56.0,1.5,0.0,0.0,2.9,1.26,13.7,87.0
0500000US46009,0.8,80.0,6.7,51.8,2.2,69.1,6.3,5.2,10.6,2.4,86.1,2.3,5.6,0.1,0.0,0.4,3.1,21.72,9.4,86.9
0500000US46011,6.2,73.0,9.7,31.0,3.7,72.9,4.4,5.1,13.2,4.6,87.5,1.0,0.8,3.3,0.0,0.0,2.8,9.21,2.9,83.1
0500000US46013,4.3,60.2,6.6,31.9,3.3,76.3,8.8,5.7,11.7,4.7,84.7,1.3,2.9,2.9,0.1,0.1,3.4,2.9,6.3,89.0
0500000US46015,1.4,48.6,5.6,36.7,1.5,62.7,6.2,6.8,10.7,2.3,81.2,0.6,10.1,0.0,0.0,0.0,5.8,6.57,9.2,79.5
0500000US46017,0.0,-666666666.0,0.9,45.3,10.8,43.3,23.6,43.0,33.9,1.7,17.5,0.0,78.2,0.0,0.0,0.9,1.7,0.0,11.9,82.7
0500000US46019,1.3,20.6,2.7,30.6,1.8,70.6,7.5,11.5,8.6,4.3,88.0,0.0,1.1,0.5,0.1,0.2,5.9,1.49,10.6,86.3
0500000US46021,4.6,98.6,6.5,35.8,3.1,65.8,5.7,4.8,7.7,7.8,88.6,0.0,0.5,0.1,0.0,0.0,3.0,0.13,7.8,63.8
0500000US46023,0.8,44.9,6.8,38.4,5.8,60.8,14.2,17.1,24.0,3.0,63.7,0.2,27.0,0.6,0.0,0.0,5.5,3.63,9.0,82.8
0500000US46025,2.7,83.7,6.8,40.6,4.0,69.9,1.9,7.0,10.9,5.3,90.7,0.5,0.6,0.7,0.0,0.2,1.9,3.65,9.4,80.1
0500000US46027,3.8,69.2,4.2,32.5,7.0,68.1,9.9,9.1,19.7,3.3,84.2,1.8,2.6,3.0,0.0,0.0,5.1,16.38,7.7,81.2
0500000US46029,1.3,46.0,3.0,31.8,1.9,80.5,5.0,6.3,8.8,3.3,90.4,0.7,1.9,0.6,0.0,0.4,2.8,1.91,6.1,92.1
0500000US46031,0.0,-666666666.0,13.7,43.6,23.5,38.8,25.1,16.9,44.2,0.5,29.9,0.0,66.5,0.0,0.0,0.0,3.0,0.0,13.9,71.5
0500000US46033,2.7,26.7,5.6,44.8,2.3,68.3,4.6,10.8,9.0,3.1,87.7,0.3,2.0,0.4,0.0,1.4,5.0,2.52,5.3,83.2
0500000US46035,2.0,72.5,3.4,31.7,0.9,76.4,7.6,8.0,11.2,5.1,88.2,0.7,3.1,0.5,0.0,0.7,1.7,3.57,8.5,86.6
0500000US46037,1.7,82.1,3.9,42.5,2.1,71.0,7.1,8.5,14.8,2.8,83.0,0.0,9.8,0.1,0.0,0.1,4.2,2.48,6.6,83.7
0500000US46039,1.5,49.2,5.6,36.7,2.1,79.0,3.5,6.9,8.8,3.1,93.9,0.5,0.0,0.1,0.0,0.0,2.4,0.83,6.7,84.2
0500000US46041,0.4,86.4,6.1,38.3,13.9,37.7,21.2,21.2,33.0,1.0,21.0,0.5,73.8,0.1,0.0,0.0,3.6,1.65,13.3,80.8
0500000US46043,3.0,84.9,4.1,31.4,0.5,61.0,1.8,16.0,11.0,3.0,91.8,0.6,2.1,0.0,0.0,0.0,2.4,4.84,9.4,83.1
0500000US46045,2.3,67.0,6.6,39.5,1.1,62.2,3.5,4.4,9.9,2.7,93.8,0.0,0.5,0.7,0.0,0.1,2.2,2.62,7.9,74.2
0500000US46047,2.7,70.8,4.1,47.4,2.5,51.4,10.5,13.2,16.6,3.4,83.9,0.0,5.1,1.9,0.6,0.3,4.7,3.93,8.8,83.1
0500000US46049,0.7,50.0,6.2,39.8,5.3,60.5,1.4,6.3,28.3,1.3,95.1,0.0,0.2,0.2,0.0,0.0,3.2,8.7,8.8,76.2
0500000US46051,6.5,76.5,10.8,30.9,2.7,81.3,7.6,7.8,11.6,7.4,89.3,0.4,0.3,0.8,0.0,0.0,1.9,4.11,8.4,83.9
0500000US46053,1.1,20.5,2.1,35.3,2.3,71.0,7.9,8.3,9.5,0.6,86.2,0.9,4.0,1.1,0.2,0.0,7.0,1.79,7.5,85.4
0500000US46055,0.0,-666666666.0,1.0,38.4,0.0,60.3,3.1,6.7,7.7,0.1,90.0,1.3,6.3,0.0,0.0,1.4,0.9,3.14,3.6,82.1
0500000US46057,3.9,88.0,5.7,30.0,0.5,73.7,3.2,7.7,6.9,5.9,91.2,0.1,0.2,0.3,0.0,0.2,2.2,2.73,8.1,85.4
0500000US46059,0.9,96.4,3.5,32.2,0.8,67.7,3.8,5.0,5.2,2.1,92.2,0.5,1.4,0.1,0.0,2.0,1.7,2.29,4.9,78.8
0500000US46061,1.2,73.8,5.5,29.8,1.8,68.9,3.1,9.8,7.0,1.4,91.8,0.3,0.0,0.0,0.0,0.0,6.5,1.64,6.8,82.9
0500000US46063,1.0,18.2,2.8,24.8,0.9,53.7,2.0,2.8,6.3,1.4,91.2,1.5,0.5,0.0,0.0,1.4,4.0,3.48,6.2,69.1
0500000US46065,1.1,23.4,4.1,35.0,1.0,58.7,6.1,6.7,9.2,3.3,80.2,0.1,10.8,0.7,0.0,0.0,5.1,5.43,3.3,90.4
0500000US46067,1.9,54.6,5.9,34.4,1.6,73.3,7.9,5.1,12.2,2.7,90.8,0.1,0.8,0.3,0.0,0.1,5.1,6.32,6.7,85.4
0500000US46069,0.4,20.0,0.9,36.8,3.7,56.8,2.4,6.1,5.7,1.6,86.1,0.3,0.9,0.0,0.0,0.0,11.2,4.11,10.0,72.8
0500000US46071,0.0,-666666666.0,5.0,56.7,7.2,49.2,23.5,27.4,42.4,0.4,36.6,0.0,61.2,0.0,0.0,0.0,1.7,1.43,9.1,82.7
0500000US46073,3.4,73.3,3.3,30.2,1.7,71.7,3.4,3.4,8.3,7.0,89.4,0.0,0.0,0.0,0.0,0.2,3.4,2.26,6.4,77.4
0500000US46075,4.7,100.0,6.3,35.5,2.1,70.7,1.2,8.7,18.3,1.0,80.2,0.0,17.4,0.0,0.0,0.3,1.1,0.0,6.8,69.6
0500000US46077,1.0,40.0,2.8,35.7,1.0,75.0,3.9,5.3,10.6,2.9,91.3,0.0,0.9,0.4,0.0,0.4,4.1,2.63,7.3,86.6
0500000US46079,3.7,66.7,5.0,34.6,3.0,67.7,5.2,4.0,8.4,5.3,88.8,0.7,2.5,0.7,0.2,0.3,1.5,4.87,6.6,83.8
0500000US46081,2.0,31.9,4.7,36.3,1.7,78.7,8.5,8.9,11.6,3.9,88.8,0.3,2.5,0.4,0.1,0.2,3.8,3.41,4.6,87.1
0500000US46083,4.9,49.0,5.8,24.4,1.7,84.3,3.3,4.1,5.6,3.2,89.0,2.3,0.3,1.7,0.0,0.5,3.0,0.43,3.5,85.7
0500000US46085,0.6,77.3,3.7,42.7,4.0,55.5,11.4,21.3,23.7,1.2,57.1,0.0,39.3,0.0,0.3,0.0,2.0,1.96,10.6,81.6
0500000US46087,1.6,80.0,3.8,30.6,1.8,77.6,5.0,7.8,6.8,3.6,92.6,0.3,0.6,0.0,0.0,0.2,2.7,3.25,5.5,85.1
0500000US46089,0.3,100.0,14.9,43.5,1.1,70.3,3.2,1.9,12.9,0.1,96.8,0.0,0.1,0.0,0.2,0.0,2.8,14.97,16.6,77.1
0500000US46091,3.1,80.6,5.9,36.2,0.3,75.6,1.6,3.9,6.1,6.4,83.7,0.1,5.5,0.2,0.0,0.3,3.8,3.22,7.6,88.8
0500000US46093,1.7,54.2,3.4,30.9,3.2,74.3,5.9,9.4,7.1,4.9,85.0,1.7,1.6,0.7,0.0,0.7,5.4,3.52,5.0,84.1
0500000US46095,0.0,-666666666.0,19.1,41.3,12.5,43.3,24.8,25.0,41.7,0.9,34.7,0.0,56.0,0.0,0.4,0.5,7.5,2.37,16.5,82.3
0500000US46097,0.1,0.0,1.3,36.7,0.3,73.6,6.9,5.9,11.2,1.3,96.0,0.7,0.7,0.2,0.0,0.0,1.1,2.87,5.4,85.4
0500000US46099,7.6,54.1,10.3,25.9,2.5,84.3,8.4,8.2,8.8,6.6,78.6,6.3,1.8,1.6,0.0,0.3,4.9,2.76,7.3,85.0
0500000US46101,4.1,62.8,7.2,34.1,2.8,70.0,4.2,11.0,11.6,5.8,73.9,0.2,12.4,1.7,0.0,0.0,5.9,1.42,4.9,84.1
0500000US46102,0.2,0.0,14.6,66.2,16.4,21.4,49.5,44.6,57.6,1.9,7.0,0.1,90.8,0.0,0.0,0.0,0.2,3.26,25.6,86.5
0500000US46103,2.5,50.2,4.4,35.6,3.2,77.6,8.1,10.2,11.2,5.7,77.8,1.1,6.0,1.2,0.0,0.7,7.5,3.34,5.4,86.5
0500000US46105,1.3,30.8,1.0,33.4,4.9,60.1,8.2,10.7,13.7,1.1,92.0,0.0,1.2,0.7,0.0,0.3,4.8,2.8,5.1,62.1
0500000US46107,1.3,25.0,2.8,38.5,2.6,71.2,2.1,4.3,6.2,0.0,93.3,1.5,0.9,0.6,0.0,1.2,2.5,2.6,3.7,88.3
0500000US46109,1.2,59.3,5.3,39.8,6.0,62.1,10.6,18.2,15.7,2.6,56.5,0.3,34.5,0.8,0.0,0.1,5.2,2.29,8.5,83.4
0500000US46111,1.7,57.5,4.9,31.2,0.6,63.5,5.7,5.3,8.5,5.2,90.2,0.0,2.3,0.0,0.0,0.0,2.3,2.1,11.1,77.0
0500000US46115,1.1,77.6,4.8,39.3,1.3,64.0,4.3,9.4,10.1,2.8,92.6,1.6,0.4,0.0,0.0,0.0,2.6,4.44,6.3,75.6
0500000US46117,1.4,0.0,5.1,32.7,0.5,59.7,2.3,3.4,5.1,2.2,87.9,0.0,2.6,0.0,0.0,0.9,6.4,0.0,5.5,89.1
0500000US46119,4.8,95.9,5.7,30.7,0.0,67.7,4.9,6.6,6.3,0.0,86.5,4.5,3.9,0.0,0.0,0.4,4.7,0.13,3.9,81.4
0500000US46121,2.5,78.9,39.2,49.9,18.7,49.9,40.2,22.8,48.4,2.4,8.1,0.4,81.6,3.1,0.1,0.2,4.1,1.81,16.5,90.2
0500000US46123,1.7,52.1,3.8,40.4,1.8,67.6,10.2,14.1,18.4,1.9,79.9,0.8,13.7,0.4,0.0,0.1,3.1,3.92,11.9,82.3
0500000US46125,2.0,87.4,3.8,30.9,2.2,75.3,8.5,7.0,9.3,3.5,93.0,0.4,0.5,0.3,0.1,0.0,2.0,2.76,7.0,88.2
0500000US46127,2.0,67.3,3.0,31.6,3.0,80.9,4.1,5.1,6.2,4.8,88.4,0.9,0.7,1.1,0.1,0.2,3.7,0.79,4.3,89.4
0500000US46129,0.4,52.4,3.9,38.5,3.5,68.4,7.5,10.6,14.9,0.6,78.2,0.3,10.6,0.6,0.0,0.2,9.5,3.04,8.4,87.0
0500000US46135,2.9,74.6,5.7,38.1,1.4,77.0,7.3,5.6,11.9,5.9,86.9,1.6,2.1,0.3,0.0,0.0,3.3,8.08,6.4,87.9
0500000US46137,0.4,100.0,17.2,36.8,23.5,24.1,25.3,26.0,33.5,1.5,27.1,0.0,69.2,0.0,0.3,0.0,1.9,0.0,10.1,70.3
0500000US47001,3.2,44.6,5.0,41.9,3.7,79.7,11.9,8.5,13.4,4.1,86.4,3.3,0.2,1.4,0.0,0.7,4.0,1.46,8.7,85.2
0500000US47003,8.6,83.0,14.1,36.4,4.2,77.1,10.2,14.6,12.6,16.0,72.8,6.3,0.1,0.8,0.0,0.0,3.9,1.45,14.7,88.1
0500000US47005,2.5,54.3,2.5,49.6,5.3,72.8,15.8,10.1,17.8,2.8,89.7,1.5,0.0,1.0,0.6,0.0,4.4,1.16,11.5,87.6
0500000US47007,2.2,50.3,3.1,52.3,1.8,78.4,18.1,17.3,20.7,3.5,86.5,6.1,0.3,0.2,0.0,0.1,3.4,7.99,19.7,93.4
0500000US47009,3.2,51.6,3.7,39.0,3.5,82.3,5.9,9.4,8.4,4.7,88.5,2.5,0.1,0.8,0.0,0.5,3.0,1.35,8.8,86.1
0500000US47011,5.9,50.5,9.1,38.3,6.6,78.1,11.7,10.1,12.7,8.4,81.2,4.1,0.1,1.1,0.0,0.7,4.2,2.48,11.3,89.4
0500000US47013,0.8,56.0,1.1,48.5,5.0,77.0,18.5,8.7,18.5,1.6,95.7,0.5,0.0,0.2,0.0,0.1,2.0,1.39,16.5,89.4
0500000US47015,0.8,75.8,1.8,44.2,2.8,74.3,10.4,8.5,18.3,3.1,91.9,2.3,0.1,0.0,0.0,0.1,2.5,0.88,14.0,88.9
0500000US47017,1.5,47.5,2.0,46.8,4.5,76.3,12.5,9.9,17.0,3.1,83.7,8.3,0.1,0.3,0.0,0.1,4.3,4.13,10.8,88.4
0500000US47019,1.7,67.3,2.4,47.4,6.2,74.6,14.3,11.7,17.1,2.5,92.8,1.9,0.0,0.1,0.0,0.1,2.5,2.57,10.5,90.1
0500000US47021,3.1,62.0,4.7,33.8,4.3,77.2,5.9,8.6,7.7,4.8,89.1,2.0,0.2,0.7,0.2,0.1,2.9,0.78,10.1,84.0
0500000US47023,1.8,37.6,3.0,46.1,4.1,75.9,13.3,7.7,16.1,3.4,83.8,9.5,0.2,0.2,0.0,1.0,2.0,6.96,11.7,88.8
0500000US47025,1.2,39.9,1.7,47.5,4.5,78.1,14.8,9.1,17.4,1.7,94.0,0.6,0.1,0.6,0.0,0.2,2.9,3.87,16.2,87.0
0500000US47027,1.0,21.5,1.6,54.1,10.0,62.3,25.2,8.2,24.2,0.2,93.8,3.3,0.3,0.5,0.0,0.0,1.8,1.34,15.2,92.4
0500000US47029,1.2,38.4,2.2,46.5,4.2,80.1,18.8,12.7,21.9,3.1,92.0,2.2,0.3,0.5,0.0,0.0,1.9,0.99,15.1,93.3
0500000US47031,3.0,57.3,5.5,40.3,3.6,78.2,11.7,10.4,17.4,6.3,85.3,4.1,0.0,1.3,0.0,0.2,2.7,1.06,11.7,88.6
0500000US47033,5.5,76.2,9.4,37.2,2.9,73.3,13.5,10.2,14.5,11.4,71.0,10.8,0.8,0.4,0.0,0.1,5.6,1.48,11.7,92.7
0500000US47035,2.6,45.9,3.4,54.1,5.1,79.0,11.3,8.4,14.4,3.5,92.8,0.7,0.1,0.3,0.0,0.1,2.4,1.0,8.9,88.2
0500000US47037,15.0,62.6,19.2,27.7,4.5,81.5,8.3,12.5,13.9,13.9,53.2,24.3,0.1,3.4,0.0,0.5,4.6,2.93,9.1,74.8
0500000US47039,2.4,68.9,3.5,49.3,7.2,78.9,17.2,10.3,22.1,3.7,90.1,2.7,0.0,1.4,0.0,0.3,1.9,1.59,15.9,92.9
0500000US47041,4.8,77.9,5.4,44.4,5.6,78.4,13.2,8.7,18.6,7.7,87.0,1.5,0.2,1.1,0.0,0.2,2.3,1.37,15.5,91.3
0500000US47043,2.0,64.3,3.4,36.5,3.4,79.2,9.3,8.0,10.9,5.1,87.2,3.0,0.2,0.1,0.0,0.4,4.0,1.3,10.6,85.0
0500000US47045,2.0,59.7,2.4,41.4,4.7,78.4,15.8,9.4,16.3,4.0,76.9,15.0,0.1,0.6,0.0,0.0,3.4,1.5,10.7,93.6
0500000US47047,3.0,49.6,4.3,40.6,4.8,80.9,9.7,7.4,10.3,3.8,65.6,25.0,0.0,0.7,0.0,0.4,4.4,1.13,8.3,85.5
0500000US47049,1.3,34.6,1.4,53.5,4.7,71.1,22.5,10.9,21.0,2.1,94.0,0.2,0.0,0.2,0.1,0.0,3.3,1.0,17.8,89.1
0500000US47051,2.6,67.6,4.1,43.4,2.8,78.0,8.3,7.8,12.0,3.8,87.4,4.9,0.1,0.9,0.0,0.3,2.7,5.49,8.2,87.8
0500000US47053,1.8,53.7,3.4,41.1,5.0,81.3,16.5,9.3,13.7,3.4,74.8,14.6,0.5,0.4,0.0,0.4,6.0,1.79,10.9,92.7
0500000US47055,1.7,68.9,2.8,43.4,4.4,77.7,11.4,7.4,12.8,2.9,82.9,8.5,0.1,0.5,0.0,0.8,4.3,2.19,12.1,91.2
0500000US47057,3.0,29.0,2.4,47.9,4.7,79.4,14.0,8.5,17.1,3.6,93.3,1.1,0.2,0.2,0.4,0.2,1.1,0.68,14.1,90.2
0500000US47059,2.0,44.7,3.8,47.0,5.7,79.9,11.7,9.2,15.4,3.9,90.9,1.7,0.1,0.5,0.0,0.2,2.7,2.56,11.9,89.6
0500000US47061,0.6,61.4,1.4,49.9,9.0,70.1,16.8,13.3,18.9,0.4,93.8,0.4,0.1,0.8,0.0,0.0,4.5,1.43,17.3,91.6
0500000US47063,8.0,77.0,14.1,41.5,5.3,82.1,14.0,12.8,18.4,15.1,76.9,2.9,0.1,1.0,0.6,0.3,3.1,0.94,11.6,92.1
0500000US47065,6.6,62.9,9.5,35.9,4.4,82.0,9.4,9.7,13.1,8.0,68.3,16.9,0.1,2.1,0.0,0.5,4.1,2.59,8.5,82.6
0500000US47067,2.3,74.4,1.9,53.4,6.3,75.0,34.8,11.3,32.2,1.5,95.3,0.6,0.0,0.3,0.0,0.0,2.3,1.91,22.4,95.0
0500000US47069,1.7,39.7,2.7,52.4,9.8,71.0,19.3,7.5,19.0,2.2,53.1,38.2,0.3,0.7,0.0,0.0,5.4,14.36,17.1,89.0
0500000US47071,0.8,82.8,2.5,48.4,4.7,77.1,14.9,14.2,21.5,2.5,90.8,3.4,0.1,0.0,0.0,0.1,3.0,1.54,16.8,90.9
0500000US47073,1.0,54.5,1.9,49.3,7.3,78.7,12.9,9.6,15.2,2.0,93.6,1.2,0.1,0.6,0.0,0.1,2.4,0.94,12.6,84.6
0500000US47075,1.5,22.9,3.3,43.5,5.9,73.7,24.7,11.3,21.5,4.8,43.1,48.8,0.1,0.1,0.0,0.5,2.6,1.22,16.8,90.0
0500000US47077,1.4,75.3,1.4,46.9,6.1,76.8,16.5,11.9,16.9,3.0,85.8,7.9,0.1,0.2,0.0,0.1,3.0,1.29,11.4,88.4
0500000US47079,1.5,27.2,3.4,47.7,4.8,76.2,13.1,11.3,18.3,3.0,85.9,6.6,0.4,0.6,0.1,0.0,3.4,1.39,10.8,88.1
0500000US47081,1.5,65.6,3.1,42.9,2.4,74.5,10.1,8.4,10.6,3.4,88.4,3.1,0.4,0.4,0.0,0.4,3.9,5.84,13.5,90.1
0500000US47083,1.3,34.6,1.4,46.6,3.9,68.9,15.4,11.6,11.1,3.2,90.0,2.6,0.1,0.3,0.0,0.0,3.8,2.19,10.8,93.3
0500000US47085,1.8,62.6,2.6,45.2,6.9,73.6,11.5,11.6,14.8,2.9,89.7,1.8,0.0,0.3,0.0,1.1,4.2,1.96,12.6,91.5
0500000US47087,0.3,61.0,2.1,46.6,7.6,72.9,15.8,8.4,20.3,2.8,92.2,0.4,0.2,0.0,0.0,0.0,4.3,1.36,15.7,88.5
0500000US47089,1.9,44.6,3.7,39.9,4.6,80.8,10.8,9.0,11.4,4.7,89.6,1.5,0.1,0.5,0.0,0.6,3.0,2.87,11.0,91.4
0500000US47091,2.4,64.7,4.9,55.4,3.2,74.3,15.1,13.4,21.4,3.2,87.3,4.7,0.6,0.3,0.0,0.4,3.5,8.97,17.9,89.1
0500000US47093,6.5,58.6,8.7,35.0,3.5,79.7,8.9,8.3,12.2,6.3,79.1,8.0,0.1,2.3,0.1,0.4,3.7,2.57,7.6,82.5
0500000US47095,2.0,29.8,3.8,69.4,4.9,61.5,31.8,15.3,32.2,3.1,64.2,22.3,0.8,0.5,0.2,0.0,8.9,32.59,27.0,93.2
0500000US47097,1.3,76.1,3.0,52.5,5.6,77.0,22.7,10.2,21.0,2.8,58.4,33.5,0.2,0.6,0.0,0.2,4.3,8.61,16.4,94.3
0500000US47099,1.4,44.4,5.1,41.3,4.9,73.6,14.1,14.3,15.0,2.8,92.1,1.4,0.0,0.4,0.1,0.1,3.3,1.11,13.5,87.0
0500000US47101,0.4,69.6,0.5,41.8,3.7,74.2,18.7,14.3,16.7,3.2,91.4,0.6,0.0,0.2,0.0,0.0,4.7,1.96,13.2,88.5
0500000US47103,2.1,46.6,2.9,41.3,4.7,77.2,8.6,9.7,12.9,4.1,84.6,5.6,0.0,0.6,0.0,0.2,4.9,1.25,12.3,90.8
0500000US47105,6.8,67.2,8.8,45.1,2.8,80.5,6.4,8.8,12.6,10.4,85.2,1.2,0.1,0.9,0.0,0.4,1.8,0.72,10.4,86.7
0500000US47107,2.3,51.6,4.0,43.8,4.9,80.6,13.5,9.1,13.0,4.6,85.8,3.2,0.0,0.8,0.0,0.2,5.4,2.09,12.8,92.0
0500000US47109,1.1,32.9,1.5,46.4,5.8,74.4,15.2,10.1,16.5,2.2,89.0,5.4,0.2,0.4,0.0,0.1,2.8,1.21,11.6,90.3
0500000US47111,3.2,83.8,4.1,39.0,3.4,77.4,17.7,9.8,17.2,7.0,88.6,0.6,0.0,0.2,0.0,0.0,3.6,0.96,17.2,92.2
0500000US47113,3.7,63.5,5.6,38.4,7.0,80.7,16.3,10.1,18.2,5.2,53.4,36.2,0.1,1.0,0.1,0.3,3.7,4.08,9.5,85.8
0500000US47115,1.2,70.9,1.7,45.9,7.1,78.2,14.6,8.3,16.3,2.5,90.0,3.0,0.1,0.1,0.0,0.1,4.2,0.65,16.8,83.6
0500000US47117,3.2,54.5,7.8,38.0,3.9,77.7,6.6,10.4,11.8,7.1,83.0,3.7,0.1,0.7,0.0,0.8,4.6,0.87,9.2,84.2
0500000US47119,3.9,63.2,6.2,36.1,2.4,82.3,6.3,8.5,9.8,8.1,76.3,10.3,0.1,1.0,0.0,0.2,3.9,1.12,6.7,84.2
0500000US47121,2.0,28.3,1.6,49.2,5.5,81.4,15.8,10.6,14.3,1.9,89.2,2.2,0.0,0.4,0.0,0.4,5.9,1.13,14.7,89.7
0500000US47123,2.2,43.5,5.4,49.1,4.3,78.6,15.5,11.7,15.5,4.7,86.9,2.0,0.2,0.2,0.0,0.3,5.7,1.16,14.4,90.4
0500000US47125,6.8,52.1,10.2,32.5,5.1,73.5,8.1,9.1,11.3,11.4,59.3,19.2,0.1,2.6,0.3,0.5,6.8,1.93,5.6,88.3
0500000US47127,1.5,3.9,0.9,41.8,4.5,76.8,6.7,7.0,8.0,2.1,91.9,2.2,0.0,0.6,0.0,0.0,3.2,1.45,9.0,90.5
0500000US47129,1.0,63.8,5.9,53.1,5.1,72.4,14.4,10.5,15.1,1.9,91.4,4.2,0.1,0.1,0.0,0.0,2.3,9.77,14.5,91.9
0500000US47131,2.7,68.7,4.7,45.2,4.2,75.7,15.6,8.5,18.6,5.5,79.2,10.5,0.1,0.3,0.1,0.2,4.0,1.04,14.7,92.0
0500000US47133,0.7,37.3,2.0,42.1,3.2,72.5,11.8,7.9,16.3,2.2,94.2,1.4,0.1,0.2,0.0,0.1,1.7,0.94,17.2,91.1
0500000US47135,2.1,45.9,2.7,45.4,5.8,65.7,13.3,13.4,18.1,1.4,89.0,0.3,1.2,0.2,0.2,0.0,7.7,1.72,11.6,86.5
0500000US47137,1.1,68.4,4.7,52.2,6.8,74.1,17.4,6.3,23.9,2.1,94.9,0.1,0.1,0.0,0.0,0.0,2.7,1.61,14.5,89.7
0500000US47139,1.0,13.9,2.4,46.5,5.3,77.6,14.0,14.9,13.9,2.2,89.1,0.8,0.0,0.3,0.0,0.3,7.4,1.3,13.5,89.3
0500000US47141,5.7,58.2,7.9,38.7,3.7,76.0,9.3,10.6,18.4,8.4,85.0,2.4,0.1,1.1,0.0,0.2,2.8,4.29,11.0,87.3
0500000US47143,2.7,81.9,4.7,47.3,5.8,76.8,17.0,12.9,15.9,6.3,87.2,1.5,0.0,0.5,0.0,0.4,4.2,2.06,16.7,91.5
0500000US47145,1.4,21.0,2.1,45.7,4.9,71.4,13.1,7.4,12.0,2.5,90.3,2.6,0.1,0.7,0.0,0.1,3.8,0.87,10.3,88.9
0500000US47147,5.6,62.6,9.0,33.5,3.3,78.3,7.4,10.2,10.4,10.0,78.7,7.2,0.0,0.7,0.0,0.3,2.9,1.06,9.7,86.0
0500000US47149,10.9,58.1,16.1,28.3,3.6,80.1,7.0,10.0,9.3,12.2,63.7,14.7,0.1,3.6,0.1,0.6,5.0,1.32,7.6,82.8
0500000US47151,0.5,19.0,0.4,46.1,7.5,71.1,22.5,13.2,23.1,0.2,96.4,0.2,0.2,0.3,0.0,0.1,2.5,1.25,18.8,93.9
0500000US47153,2.7,80.5,3.7,51.1,6.6,73.8,16.5,11.9,21.9,4.9,90.1,0.4,0.0,0.8,0.2,0.3,3.2,1.51,16.8,80.5
0500000US47155,7.6,78.9,10.1,37.6,3.3,79.4,7.2,13.3,13.5,9.6,85.1,1.1,0.1,1.3,0.0,0.4,2.3,0.86,11.4,91.5
0500000US47157,7.9,64.8,11.2,35.3,7.2,80.5,15.5,12.0,17.8,8.8,32.7,52.3,0.0,2.9,0.1,0.4,2.7,1.59,10.1,86.0
0500000US47159,1.5,76.5,3.4,38.7,2.7,76.5,9.8,8.3,10.0,3.1,90.0,1.9,0.0,0.4,0.2,0.0,4.3,0.93,12.0,89.6
0500000US47161,2.2,54.9,3.7,46.9,2.7,66.6,11.1,11.8,16.4,3.0,90.6,1.4,0.1,0.8,0.0,0.0,4.1,0.96,10.6,91.4
0500000US47163,1.9,50.9,2.6,43.8,5.4,80.8,13.1,8.9,15.4,2.6,91.6,2.0,0.1,0.7,0.0,0.3,2.6,1.52,10.1,86.7
0500000US47165,4.0,56.9,7.1,32.6,3.6,79.9,6.1,7.5,8.8,7.2,78.6,8.4,0.1,1.6,0.0,0.6,3.5,0.8,7.7,81.7
0500000US47167,0.9,59.9,2.8,39.7,5.5,76.7,12.4,8.2,13.6,3.1,73.8,18.2,0.2,0.5,0.0,0.5,3.8,0.86,10.2,87.8
0500000US47169,2.2,79.9,6.0,47.5,0.6,76.1,10.9,5.5,11.9,4.1,79.1,11.0,0.2,0.1,0.0,1.1,4.4,20.94,14.0,93.9
0500000US47171,1.5,24.7,5.1,46.0,4.3,75.6,13.6,8.2,14.3,6.7,90.1,0.7,0.2,0.1,0.0,0.0,2.1,2.42,13.2,91.5
0500000US47173,0.5,13.3,2.0,44.7,2.6,78.7,14.8,8.1,13.8,2.4,94.0,0.3,0.0,0.1,0.0,0.1,3.1,0.75,14.1,83.8
0500000US47175,0.9,17.9,6.7,48.0,2.3,61.3,18.6,15.1,16.1,2.2,94.6,0.3,0.1,0.1,0.0,0.0,2.6,1.29,13.7,84.8
0500000US47177,3.6,79.7,7.3,42.2,5.9,77.4,15.0,12.0,15.7,10.0,83.3,2.6,0.1,0.6,0.1,0.0,3.4,1.47,13.7,91.9
0500000US47179,3.5,55.3,4.7,40.2,4.7,76.6,8.6,10.4,15.5,4.9,85.9,3.5,0.1,1.5,0.0,0.3,3.8,3.49,8.8,84.7
0500000US47181,1.9,64.1,3.7,53.0,3.4,67.7,17.0,11.4,20.0,2.7,88.5,4.3,0.2,0.0,0.2,0.1,4.1,10.86,16.0,88.7
0500000US47183,2.8,59.9,4.1,44.9,4.0,73.6,14.0,9.2,19.0,3.1,84.7,7.9,0.2,1.4,0.0,0.2,2.6,6.6,12.8,86.5
0500000US47185,1.1,46.7,2.8,45.6,5.6,76.2,13.0,12.3,13.2,3.2,91.9,1.0,0.1,0.4,0.2,0.2,3.0,1.15,15.7,88.2
0500000US47187,8.5,55.6,9.8,33.6,2.4,80.5,1.9,4.4,4.6,6.0,80.9,3.9,0.1,5.3,0.0,0.5,3.3,0.35,3.7,70.0
0500000US47189,6.6,59.0,8.1,33.6,3.2,80.9,5.3,7.1,8.0,6.5,79.3,7.1,0.0,2.2,0.0,1.1,3.6,1.12,6.6,81.2
0500000US48001,6.5,60.1,14.3,53.7,6.0,70.6,18.0,18.5,17.4,19.6,55.1,17.6,1.4,0.7,0.1,0.3,5.3,17.74,14.4,91.3
0500000US48003,13.8,61.1,41.0,33.8,3.3,77.1,13.0,22.4,15.6,57.5,38.8,1.6,0.3,0.3,0.0,0.2,1.3,1.07,23.3,95.0
0500000US48005,8.0,63.4,19.1,41.3,6.4,74.5,16.7,17.7,15.8,23.5,58.2,12.1,0.3,0.9,0.0,0.3,4.6,3.91,14.6,91.4
0500000US48007,3.5,37.6,13.6,49.6,4.1,79.4,8.6,12.8,14.2,27.1,67.2,1.3,0.5,1.3,0.0,0.1,2.5,1.09,7.4,82.2
0500000US48009,4.0,60.8,7.6,40.3,3.0,68.0,6.5,13.9,9.2,9.4,85.5,1.4,0.4,0.6,0.0,0.1,2.6,0.78,8.0,91.8
0500000US48011,3.5,92.1,6.5,40.5,1.2,65.8,3.4,4.2,5.2,12.0,83.4,0.6,1.0,1.6,0.0,0.3,1.1,2.8,5.5,88.9
0500000US48013,8.4,62.2,41.3,43.4,4.1,77.2,16.2,19.5,15.8,65.4,31.0,1.1,0.4,0.6,0.0,0.3,1.3,1.1,18.7,86.2
0500000US48015,11.6,57.3,23.0,39.5,4.3,77.6,9.2,16.7,12.0,27.8,60.4,7.9,0.1,0.8,0.0,0.4,2.6,0.92,13.8,88.3
0500000US48017,18.7,81.7,52.7,46.9,0.0,70.9,17.9,28.6,12.0,66.0,29.9,0.6,0.0,0.8,0.0,0.0,2.7,2.18,25.7,89.1
0500000US48019,5.3,57.0,14.2,45.4,8.7,73.7,7.2,13.3,13.5,21.0,73.0,1.2,0.4,0.5,0.0,0.8,3.2,1.77,7.3,87.3
0500000US48021,13.2,70.6,33.3,37.5,4.3,72.4,7.5,21.8,10.2,45.0,44.4,5.7,0.1,0.8,0.0,0.4,3.4,2.84,18.4,79.2
0500000US48023,2.5,33.7,8.5,46.1,4.5,71.1,15.9,20.6,21.8,13.1,76.6,1.2,0.1,0.0,0.5,0.9,7.5,2.01,13.8,93.8
0500000US48025,4.5,58.8,33.7,54.1,5.2,69.2,13.6,18.8,17.6,61.8,27.7,7.3,0.0,0.5,0.0,0.2,2.5,21.86,18.4,90.7
0500000US48027,8.6,47.3,19.3,34.7,6.8,74.1,13.0,14.0,14.5,26.3,42.4,21.5,0.1,2.9,0.6,0.4,5.8,2.46,9.2,86.9
0500000US48029,13.8,56.5,37.0,33.9,5.8,78.3,13.8,16.0,14.6,59.7,26.2,7.4,0.1,3.2,0.1,0.5,2.8,1.85,13.4,80.1
0500000US48031,5.6,51.3,10.0,43.2,5.9,75.7,4.7,14.7,8.4,18.6,75.5,1.1,0.1,0.1,0.0,0.1,4.6,1.04,7.5,78.1
0500000US48033,1.8,53.8,4.7,39.5,0.3,63.8,0.0,2.7,7.4,8.4,90.2,0.6,0.0,0.0,0.0,0.0,0.8,0.0,5.6,87.9
0500000US48035,6.0,64.2,13.5,48.0,3.6,72.3,10.4,17.6,9.3,19.1,74.9,1.1,0.1,0.4,0.0,0.9,3.5,1.74,12.3,88.0
0500000US48037,4.5,60.5,7.8,44.9,4.4,77.1,14.6,13.4,16.2,8.6,60.9,24.7,0.3,1.4,0.1,0.2,3.8,6.35,8.9,91.1
0500000US48039,14.6,43.2,27.8,36.4,4.7,77.9,8.1,12.7,7.4,31.6,41.6,15.9,0.2,7.4,0.0,0.4,2.9,3.33,10.8,87.4
0500000US48041,12.8,64.8,23.8,37.5,4.7,68.3,8.6,12.2,24.3,27.4,53.0,10.1,0.1,5.8,0.1,0.4,3.1,7.68,11.2,82.6
0500000US48043,11.4,61.3,29.8,39.9,3.0,51.7,6.8,15.4,8.9,42.1,51.3,0.6,0.0,1.9,0.2,0.0,4.0,4.97,10.8,82.3
0500000US48045,8.3,51.9,22.8,45.3,1.0,64.3,6.5,19.8,16.8,26.1,68.7,4.1,0.1,0.0,0.0,0.8,0.3,0.0,17.3,86.6
0500000US48047,7.0,54.4,58.8,42.2,19.9,57.6,35.7,21.4,19.4,90.1,7.2,0.6,0.7,0.0,0.3,0.0,1.2,4.72,20.4,94.9
0500000US48049,4.0,54.5,15.5,43.4,5.3,74.2,11.9,15.5,15.3,22.5,69.9,3.5,0.1,0.6,0.0,0.5,2.8,4.5,11.7,92.5
0500000US48051,7.1,69.1,15.9,42.0,5.0,73.1,11.9,12.6,12.7,22.7,62.5,10.6,0.0,0.7,0.0,0.3,3.3,1.55,13.7,84.4
0500000US48053,8.0,70.6,16.3,41.2,2.6,76.7,7.3,18.9,8.0,23.4,70.7,1.2,0.1,0.7,0.1,0.2,3.5,1.93,10.9,83.6
0500000US48055,12.9,70.6,34.4,41.2,3.4,70.9,11.4,21.4,13.2,57.0,34.4,4.5,0.0,0.8,0.1,0.4,2.9,6.4,18.0,86.3
0500000US48057,9.2,54.9,27.4,33.8,7.4,76.2,15.7,6.8,7.7,49.4,40.8,2.6,0.3,4.1,0.0,0.0,2.7,1.54,14.6,92.2
0500000US48059,1.7,20.2,7.5,40.3,4.7,73.1,10.6,15.5,9.6,11.2,81.0,1.2,0.0,0.6,0.1,0.8,5.1,0.65,7.8,88.0
0500000US48061,23.2,61.3,72.2,42.0,5.9,72.2,24.8,25.8,24.8,89.3,8.7,0.5,0.1,0.8,0.0,0.2,0.4,0.78,27.5,87.3
0500000US48063,10.5,71.9,20.0,41.2,5.7,79.4,16.6,19.5,19.9,27.4,52.9,15.5,0.0,1.4,0.0,0.1,2.8,0.59,15.0,88.4
0500000US48065,2.1,32.0,4.1,35.9,1.2,71.8,4.4,11.7,7.4,10.9,81.8,0.7,0.4,0.3,0.6,0.7,4.6,1.24,6.2,89.2
0500000US48067,2.8,50.0,4.4,48.8,6.4,74.3,16.6,13.5,17.5,5.4,74.4,16.2,0.2,0.7,0.0,0.5,2.6,1.32,12.1,91.8
0500000US48069,17.4,77.6,52.7,34.9,3.7,69.4,9.4,22.2,19.2,65.6,29.7,1.2,0.8,0.9,0.0,0.0,1.8,1.38,25.8,95.3
0500000US48071,9.6,57.0,20.9,34.1,7.3,79.1,5.8,15.9,11.9,26.5,61.5,7.5,0.2,1.5,0.0,0.1,2.7,0.53,11.4,91.2
0500000US48073,9.4,75.8,20.2,46.3,5.2,73.7,14.7,19.9,18.2,23.9,58.8,12.8,0.1,0.4,0.0,0.5,3.5,6.16,18.0,85.9
0500000US48075,4.7,70.3,17.3,53.9,0.5,75.9,8.8,14.2,15.3,31.9,54.9,6.7,1.5,0.2,0.0,0.0,4.8,21.24,20.6,97.3
0500000US48077,1.4,61.6,4.0,39.7,2.0,69.3,6.4,17.6,8.4,7.1,86.9,1.0,0.6,0.8,0.0,0.0,3.5,0.87,5.5,90.4
0500000US48079,18.9,80.0,56.2,42.1,4.8,65.5,21.7,27.2,27.8,60.2,33.0,4.9,0.2,0.0,0.0,0.1,1.6,8.04,33.9,91.1
0500000US48081,2.3,23.1,8.5,47.5,5.6,74.4,14.7,11.2,22.9,21.1,75.2,1.2,0.0,0.2,0.0,0.0,2.3,4.18,11.8,94.1
0500000US48083,5.2,78.4,15.6,46.4,7.7,74.7,13.1,21.3,19.6,16.6,76.4,4.4,0.0,0.6,0.0,0.1,1.8,0.74,13.1,88.2
0500000US48085,23.3,49.5,31.2,29.4,4.2,84.5,3.1,9.5,6.2,16.1,49.6,10.8,0.2,18.7,0.0,0.6,4.0,0.66,5.4,69.2
0500000US48087,6.2,55.9,14.9,35.0,1.1,66.3,17.3,22.1,21.8,32.6,54.6,4.4,0.4,0.0,1.2,0.5,6.2,2.13,25.2,90.9
0500000US48089,8.7,54.7,18.3,43.4,2.9,75.3,9.5,12.6,10.7,30.5,53.2,9.7,0.1,0.7,0.0,0.5,5.3,1.94,10.4,91.0
0500000US48091,6.2,39.4,15.2,37.5,3.9,76.8,4.4,10.5,6.5,28.4,64.0,2.4,0.1,1.4,0.0,0.5,3.2,0.81,5.2,78.9
0500000US48093,9.9,74.1,20.6,39.6,6.2,72.4,10.5,20.7,16.2,29.5,66.2,0.4,0.2,0.3,0.0,0.1,3.2,1.15,15.1,91.5
0500000US48095,12.3,72.4,26.9,56.4,1.5,78.0,6.9,17.4,11.4,31.9,59.5,4.7,0.0,1.7,0.0,0.2,2.0,25.9,17.1,83.7
0500000US48097,7.0,73.0,14.9,36.5,4.5,78.6,9.4,16.1,13.5,20.9,71.3,3.2,0.3,0.7,0.0,0.1,3.5,1.45,11.4,88.9
0500000US48099,6.1,50.8,15.7,43.9,7.1,65.5,12.7,10.6,11.2,20.7,54.4,13.0,0.3,2.0,0.8,0.3,8.6,19.41,8.9,79.3
0500000US48101,1.9,100.0,22.0,42.1,12.6,63.6,29.8,11.2,17.1,42.0,46.7,2.3,0.0,0.0,0.0,1.1,7.9,0.37,19.5,81.3
0500000US48103,23.6,76.7,61.3,46.2,4.6,76.9,3.9,18.6,10.9,68.9,25.6,1.9,0.2,1.6,0.2,0.0,1.6,2.73,27.8,95.8
0500000US48105,17.5,36.4,64.1,39.4,3.0,58.7,0.0,2.3,9.3,66.8,32.8,0.2,0.0,0.0,0.0,0.0,0.1,1.95,38.2,88.7
0500000US48107,3.7,60.8,32.8,39.5,8.2,69.1,24.2,20.2,20.1,56.3,38.4,2.8,0.0,0.7,0.0,0.0,1.8,1.84,19.2,94.3
0500000US48109,9.5,49.5,54.6,50.6,1.2,58.6,26.7,19.2,19.5,78.0,17.4,0.2,2.9,1.2,0.0,0.0,0.2,1.41,25.8,92.6
0500000US48111,22.4,82.5,40.1,26.8,2.3,70.9,11.6,24.4,11.5,54.3,40.8,0.2,0.0,0.0,0.0,1.2,3.4,0.48,22.2,93.4
0500000US48113,24.8,65.4,42.9,31.2,5.0,83.0,10.5,21.5,13.9,41.3,26.4,22.1,0.1,7.0,0.0,0.4,2.7,1.22,18.1,79.9
0500000US48115,8.4,68.9,34.9,48.5,6.4,71.0,19.6,22.5,19.6,55.8,35.2,6.5,0.1,0.5,0.0,0.0,1.9,15.54,27.9,90.2
0500000US48117,17.2,77.1,54.9,34.2,3.5,77.3,13.4,21.0,17.7,76.4,21.0,0.8,0.4,0.0,0.0,0.0,1.3,1.12,29.8,92.4
0500000US48119,1.5,70.4,2.4,42.3,4.3,74.5,11.0,9.5,11.4,9.2,77.9,8.1,0.2,0.4,0.0,0.5,3.7,0.97,10.6,87.9
0500000US48121,17.4,48.8,25.4,28.2,4.0,82.0,4.4,10.6,7.1,20.5,52.4,10.7,0.1,11.0,0.1,0.6,4.5,1.23,6.4,73.3
0500000US48123,3.5,81.3,17.4,47.9,3.7,77.0,11.8,17.0,17.6,35.7,52.7,6.0,0.2,0.7,0.0,0.4,4.4,9.06,14.5,87.9
0500000US48125,5.4,50.5,19.2,45.1,9.2,62.1,14.9,12.0,18.0,32.8,62.9,1.4,0.0,1.5,0.5,0.0,1.0,2.12,15.2,86.7
0500000US48127,7.2,52.7,58.9,53.9,8.4,76.4,25.8,14.5,41.1,87.1,8.2,1.1,2.8,0.5,0.0,0.0,0.2,1.93,26.7,84.6
0500000US48129,4.9,30.8,10.0,48.0,1.7,58.3,3.4,17.9,7.9,12.6,77.4,5.2,0.2,2.5,0.0,0.5,1.6,12.77,13.3,86.7
0500000US48131,3.1,23.7,51.1,52.5,11.0,81.1,24.9,22.2,33.3,81.6,15.6,0.7,0.0,1.2,0.0,0.0,0.8,6.35,23.5,87.2
0500000US48133,4.8,75.4,13.4,43.3,4.7,73.5,11.8,15.3,16.2,17.3,76.9,2.2,0.3,0.5,0.0,0.2,2.7,5.31,15.2,92.0
0500000US48135,16.7,62.2,47.1,32.8,5.9,79.5,12.5,22.1,16.5,63.5,28.7,4.2,0.1,1.1,0.2,0.2,2.1,1.31,21.7,94.5
0500000US48137,9.5,82.0,36.2,46.1,0.0,62.5,22.5,19.2,31.9,43.0,53.3,2.1,0.2,0.0,0.0,0.0,1.5,3.18,21.1,79.5
0500000US48139,8.5,56.6,20.3,31.8,4.5,77.4,6.8,15.0,6.9,28.2,52.7,14.4,0.1,0.8,0.1,0.5,3.2,0.98,11.8,85.9
0500000US48141,23.1,46.7,68.0,37.4,6.0,73.6,19.3,21.6,18.7,82.7,11.0,3.0,0.2,1.2,0.2,0.2,1.5,1.61,18.9,87.0
0500000US48143,6.6,55.3,16.6,36.5,5.7,74.3,6.8,15.2,16.6,22.3,72.2,1.8,0.3,1.0,0.0,0.3,2.3,8.16,12.4,86.0
0500000US48145,7.0,63.0,15.9,50.8,6.0,64.2,13.2,16.9,14.7,25.0,49.6,18.4,0.0,1.7,0.0,0.0,5.4,11.3,13.0,87.3
0500000US48147,4.9,59.3,11.2,45.0,5.0,72.7,10.3,14.3,13.7,13.1,75.2,5.9,0.3,0.5,0.1,0.9,4.1,8.12,12.3,83.6
0500000US48149,6.3,62.6,17.6,43.6,2.3,75.6,7.4,9.9,8.6,22.1,69.5,5.6,0.1,0.3,0.1,0.1,2.3,1.88,8.5,87.4
0500000US48151,2.7,67.0,13.8,41.5,4.7,62.0,13.9,11.7,13.7,28.0,64.2,3.4,0.1,0.2,0.0,0.4,3.6,1.2,8.7,92.1
0500000US48153,10.9,76.4,39.9,39.4,6.0,72.5,12.9,23.3,17.9,58.1,36.8,2.0,0.3,0.2,0.0,0.0,2.6,0.38,23.1,97.8
0500000US48155,0.4,25.0,6.1,36.4,6.3,51.9,1.8,19.1,5.6,11.9,82.5,0.3,0.0,0.3,0.0,0.0,4.9,4.44,17.7,96.5
0500000US48157,30.5,41.9,41.3,33.3,5.1,80.2,6.8,11.7,7.6,24.7,28.7,20.6,0.1,21.9,0.1,0.4,3.5,0.65,8.1,79.6
0500000US48159,7.8,57.0,11.8,41.9,4.4,78.6,6.2,15.0,11.7,14.7,77.0,5.4,0.2,0.3,0.0,0.0,2.4,0.94,9.6,82.3
0500000US48161,5.4,55.1,12.0,50.9,3.0,68.2,14.8,12.6,12.3,17.2,63.2,14.5,0.2,0.1,0.0,0.0,4.7,7.36,12.7,89.8
0500000US48163,10.9,75.5,45.8,48.3,5.6,74.9,23.6,15.1,19.5,77.8,14.6,5.1,0.1,1.4,0.0,0.3,0.7,12.2,28.5,92.3
0500000US48165,28.7,73.9,58.8,39.0,2.4,73.4,7.8,36.7,6.8,40.3,56.4,2.1,0.0,0.6,0.0,0.1,0.6,0.95,42.5,93.5
0500000US48167,10.2,49.5,20.5,36.1,5.7,76.2,10.5,13.6,11.7,26.4,54.0,11.9,0.2,3.4,0.1,0.5,3.7,1.6,10.1,84.6
0500000US48169,12.4,75.7,34.9,56.6,11.5,68.6,11.0,18.0,8.4,49.5,37.0,9.9,0.3,0.1,0.0,0.0,3.2,25.77,30.0,96.6
0500000US48171,6.0,60.3,16.5,45.1,2.7,76.0,3.6,13.9,9.2,22.9,73.6,0.1,0.1,0.4,0.2,0.3,2.4,1.37,9.9,86.3
0500000US48173,10.1,82.4,24.5,41.3,0.8,79.3,9.8,25.1,8.9,27.0,66.2,0.0,0.0,0.0,0.0,0.0,6.8,0.0,11.5,88.9
0500000US48175,4.1,80.1,14.6,49.3,5.2,69.9,10.4,13.4,13.0,32.3,60.4,4.8,0.4,0.0,0.0,0.0,2.0,1.55,12.1,91.9
0500000US48177,11.7,65.4,27.1,40.6,4.3,80.8,16.3,18.0,15.8,51.1,40.6,5.8,0.1,0.4,0.6,0.2,1.2,1.72,24.7,90.5
0500000US48179,11.3,73.7,23.0,42.4,5.6,72.7,13.9,17.7,15.7,31.4,59.4,4.5,0.7,0.9,0.0,1.0,2.1,8.06,16.3,93.8
0500000US48181,7.7,66.8,12.4,37.5,3.1,79.7,8.3,15.7,11.2,16.3,71.1,5.1,0.4,1.5,0.1,0.5,4.9,1.82,10.1,84.1
0500000US48183,8.2,68.2,17.4,38.6,3.6,82.7,13.5,16.5,16.1,20.2,54.7,17.6,0.3,1.3,0.0,0.2,5.7,3.35,13.2,90.7
0500000US48185,7.3,52.9,21.0,49.1,5.1,76.0,13.8,18.3,14.6,25.5,56.8,11.3,0.4,0.4,0.1,1.5,4.0,11.45,19.5,88.2
0500000US48187,7.5,52.3,22.0,35.7,4.8,75.4,9.0,11.0,9.3,39.0,47.0,7.1,0.1,1.5,0.0,0.8,4.4,1.09,10.1,83.7
0500000US48189,9.2,66.0,36.8,40.9,5.3,73.7,23.0,21.0,20.5,61.3,31.4,4.5,0.1,0.5,0.0,0.5,1.8,6.32,25.7,94.0
0500000US48191,8.6,41.3,26.0,44.8,9.0,42.8,13.9,15.6,16.3,35.5,53.6,4.1,1.1,0.4,0.0,0.0,5.2,2.09,16.5,96.2
0500000US48193,5.0,81.1,10.3,45.9,5.4,67.9,12.9,13.5,16.5,14.2,81.5,2.0,0.2,0.0,0.0,0.1,1.9,3.19,11.1,91.4
0500000US48195,16.5,67.3,35.4,31.7,6.2,67.1,2.8,21.3,8.6,50.2,47.0,0.1,0.6,0.3,0.2,0.0,1.6,1.39,22.1,96.8
0500000US48197,5.8,64.7,13.7,36.9,2.4,63.5,13.7,15.6,10.7,25.6,62.2,3.4,0.7,1.4,0.0,0.0,6.8,0.89,13.3,89.7
0500000US48199,2.3,40.9,4.6,41.6,5.4,79.6,12.9,15.9,12.1,6.8,82.4,5.6,0.0,0.5,0.0,0.1,4.5,0.82,8.6,93.1
0500000US48201,26.8,60.3,45.0,32.6,6.7,81.5,13.4,20.9,16.3,44.0,26.6,18.6,0.1,7.3,0.1,0.5,3.0,0.97,17.5,81.0
0500000US48203,4.9,61.1,11.0,39.7,5.6,80.4,12.8,14.1,15.6,14.8,60.5,20.3,0.1,0.5,0.0,0.2,3.5,2.85,10.5,90.2
0500000US48205,9.8,74.8,21.8,57.3,1.6,71.2,8.0,16.5,9.4,31.2,56.5,6.0,0.2,0.2,0.2,0.0,5.7,26.83,19.5,90.9
0500000US48207,4.9,57.0,17.7,41.0,4.9,58.4,15.4,16.2,16.6,26.4,65.4,5.9,0.2,0.2,0.0,0.0,1.9,3.6,13.3,88.3
0500000US48209,9.8,54.4,24.7,31.3,4.4,74.5,5.0,11.6,12.1,39.4,50.5,3.8,0.1,2.0,0.1,1.0,3.2,3.06,8.0,78.2
0500000US48211,14.1,63.4,31.5,39.6,5.9,69.1,9.1,18.4,6.2,32.6,62.2,2.4,0.6,0.0,0.0,0.0,2.2,1.33,19.3,87.3
0500000US48213,5.5,58.3,10.9,46.0,4.9,77.7,12.8,16.7,14.7,14.8,73.9,5.1,0.2,0.8,0.1,0.3,4.9,1.64,11.9,87.9
0500000US48215,26.1,68.1,80.1,40.9,7.6,71.8,27.8,28.2,26.7,91.9,6.0,0.6,0.1,1.0,0.0,0.1,0.3,0.88,29.8,85.6
0500000US48217,6.7,62.7,15.8,43.3,4.2,75.6,11.1,18.6,14.7,23.1,67.6,5.0,0.1,0.5,0.0,0.2,3.5,2.03,13.3,89.9
0500000US48219,8.0,65.9,25.2,37.9,4.7,76.5,12.0,19.1,13.1,50.2,43.9,2.8,0.2,0.1,0.0,0.0,2.8,2.34,18.6,91.5
0500000US48221,4.4,63.5,9.6,43.6,5.6,76.6,4.6,14.2,7.7,13.8,80.8,1.1,0.3,0.7,0.0,0.3,3.0,1.43,7.6,83.9
0500000US48223,9.4,66.2,17.0,38.6,4.0,76.1,7.4,18.7,11.9,18.7,70.5,7.0,0.4,0.9,0.1,0.4,2.1,1.45,14.7,88.9
0500000US48225,3.4,75.4,9.4,55.5,6.7,69.7,17.9,11.5,15.0,14.5,58.0,20.9,0.6,0.4,0.0,0.1,5.6,12.25,17.0,90.9
0500000US48227,9.8,80.4,30.3,44.7,5.4,67.8,12.4,13.6,13.8,47.7,43.1,4.5,0.3,1.0,0.0,0.2,3.1,9.91,18.9,95.1
0500000US48229,24.7,82.9,63.2,51.7,8.0,68.0,20.5,31.4,17.3,66.7,27.5,1.4,0.0,0.0,0.0,0.0,4.4,14.31,41.7,83.0
0500000US48231,8.1,65.5,17.3,38.3,5.9,76.7,11.7,17.0,11.8,21.5,65.0,7.8,0.3,1.4,0.0,0.3,3.7,3.17,13.5,84.7
0500000US48233,6.9,58.5,14.5,41.0,3.6,76.7,6.8,13.1,13.3,24.8,67.6,2.2,1.0,0.6,0.3,0.4,3.1,1.35,14.1,90.6
0500000US48235,5.1,52.8,19.3,38.8,0.4,74.7,3.9,14.8,10.8,27.5,68.3,0.1,2.8,0.0,0.0,0.0,1.2,0.07,9.3,82.5
0500000US48237,5.2,80.6,10.5,51.5,9.6,70.7,10.6,18.0,13.0,18.7,74.7,2.9,0.0,0.5,0.0,0.2,3.0,12.11,18.8,91.8
0500000US48239,5.3,57.9,18.9,45.3,5.3,75.0,18.3,16.8,14.1,33.4,56.9,6.6,0.1,1.4,0.0,0.3,1.5,1.4,16.4,90.9
0500000US48241,2.3,62.4,5.3,46.3,13.3,75.9,15.6,18.8,20.7,7.0,73.1,15.3,0.1,0.4,0.0,0.1,4.0,3.62,10.5,92.9
0500000US48243,8.9,44.6,25.7,50.5,0.0,75.6,5.5,14.5,23.9,30.1,65.5,0.0,0.0,0.0,0.0,0.0,4.4,0.8,7.6,73.0
0500000US48245,12.1,61.6,22.9,43.7,6.3,78.7,16.9,20.6,19.5,24.1,36.3,32.7,0.1,3.8,0.0,0.3,2.6,6.07,14.9,93.5
0500000US48247,0.9,41.5,53.7,41.9,6.3,73.4,30.8,29.0,31.4,91.4,8.0,0.3,0.0,0.2,0.0,0.0,0.0,1.5,21.9,94.0
0500000US48249,4.9,44.0,48.2,44.5,6.1,78.5,24.0,20.9,24.7,79.5,18.4,0.8,0.2,0.5,0.1,0.0,0.5,0.96,20.4,89.4
0500000US48251,6.9,55.2,18.2,35.9,3.6,77.6,7.8,16.3,10.0,25.3,64.6,5.1,0.2,1.1,0.1,0.5,3.3,1.53,12.6,91.6
0500000US48253,3.7,73.5,17.3,59.3,5.5,70.5,14.7,19.3,14.1,28.6,55.7,10.0,0.3,0.6,0.0,0.3,4.5,28.81,18.7,91.2
0500000US48255,3.7,53.6,24.8,55.3,2.9,61.8,21.1,15.8,19.1,53.4,34.7,9.3,0.1,0.3,0.0,0.0,2.2,22.51,21.9,86.9
0500000US48257,11.4,49.3,22.6,31.7,5.3,77.8,9.9,15.0,9.7,27.4,48.8,18.4,0.1,1.8,0.0,0.2,3.3,0.85,13.6,85.5
0500000US48259,6.9,68.0,14.3,40.3,4.7,77.5,4.5,10.8,5.0,24.4,69.2,0.9,0.1,1.6,0.0,0.7,3.1,1.46,5.3,75.5
0500000US48261,46.9,77.9,87.6,55.2,0.0,85.7,1.8,24.8,15.3,88.3,9.0,0.7,0.7,0.7,0.0,0.0,0.7,4.14,47.2,82.1
0500000US48263,0.4,100.0,9.5,54.9,8.5,63.3,17.2,3.8,9.9,16.1,79.0,1.0,0.0,0.0,0.0,0.0,4.0,8.31,12.2,82.6
0500000US48265,7.7,49.6,14.4,44.5,3.3,76.1,6.4,17.3,11.4,26.8,67.1,1.5,0.1,1.1,0.0,0.4,2.9,4.2,9.7,85.0
0500000US48267,6.2,58.8,17.2,45.3,1.3,57.4,11.4,13.7,11.7,26.5,70.0,1.1,1.0,0.0,0.0,0.0,1.5,0.91,20.4,92.2
0500000US48269,0.0,-666666666.0,0.0,44.4,0.0,49.0,0.0,7.6,23.7,16.6,69.2,0.0,0.0,0.0,0.0,0.0,14.2,0.0,11.1,86.0
0500000US48271,19.4,51.4,48.0,45.0,0.9,58.9,15.1,21.7,8.4,57.5,39.8,0.1,1.2,0.0,0.0,0.0,1.6,11.21,17.1,73.8
0500000US48273,5.7,63.7,34.4,38.9,7.7,72.2,21.4,16.2,28.1,71.4,20.8,3.6,0.2,1.3,0.0,0.3,2.4,5.71,15.0,87.8
0500000US48275,7.1,43.2,21.6,41.5,1.3,62.0,14.0,17.7,15.7,33.5,57.0,3.7,0.2,0.3,0.0,0.1,5.1,3.6,14.6,88.7
0500000US48277,4.5,41.3,9.5,39.9,4.0,76.8,12.5,19.3,19.0,9.6,71.3,12.0,0.6,0.9,0.5,0.0,5.0,1.44,11.4,87.9
0500000US48279,13.0,79.6,43.3,39.9,2.1,77.4,14.2,25.1,15.0,58.3,36.0,3.3,0.0,0.7,0.4,0.0,1.4,1.5,21.2,94.5
0500000US48281,4.9,49.6,12.0,45.7,4.5,72.7,8.7,12.9,9.1,20.5,69.5,4.0,0.0,1.1,0.0,0.2,4.7,1.03,8.1,87.8
0500000US48283,5.2,83.3,47.6,60.5,1.8,62.7,13.9,17.5,21.4,71.8,19.5,5.2,0.4,0.1,0.0,1.8,1.1,16.68,31.7,89.1
0500000US48285,4.8,75.2,11.5,40.8,3.1,72.6,8.3,10.5,11.5,20.1,71.5,3.6,0.0,0.3,0.0,0.2,4.3,2.06,11.6,89.0
0500000US48287,7.0,55.0,18.5,40.1,6.5,73.3,11.9,16.1,11.3,26.6,59.9,9.6,0.3,0.2,0.0,0.3,3.2,2.7,16.6,82.0
0500000US48289,7.0,60.8,12.5,48.6,4.2,71.0,8.2,17.2,16.4,16.7,70.9,7.2,0.1,0.1,0.0,0.1,4.9,0.49,12.6,90.8
0500000US48291,15.6,78.6,33.1,45.1,7.1,78.3,16.6,26.2,18.7,39.6,48.7,7.5,0.1,0.6,0.0,0.2,3.4,5.01,22.2,91.2
0500000US48293,9.5,73.5,18.0,50.5,3.7,67.9,16.6,17.7,17.1,23.5,54.7,16.9,0.0,1.0,0.0,0.1,3.7,3.9,14.2,90.1
0500000US48295,15.1,70.4,30.1,41.3,6.5,65.1,6.0,18.1,11.5,38.6,56.1,0.0,0.2,0.0,0.8,0.0,4.2,1.78,15.7,96.0
0500000US48297,8.7,87.3,28.7,57.0,5.9,74.8,16.5,18.3,17.1,42.3,47.2,1.9,0.0,0.7,0.7,0.0,7.3,13.81,20.4,90.3
0500000US48299,4.9,67.2,9.3,51.3,4.4,73.1,7.5,15.8,12.0,13.4,82.1,0.3,0.2,0.6,0.0,0.7,2.6,0.99,9.4,81.9
0500000US48301,6.1,0.0,63.6,21.2,0.0,15.4,7.4,0.0,6.1,0.0,93.9,0.0,0.0,6.1,0.0,0.0,0.0,0.0,9.7,96.2
0500000US48303,6.1,59.3,19.8,34.1,4.9,74.5,10.7,13.9,17.1,36.2,51.5,6.7,0.1,2.4,0.1,0.3,2.7,4.17,10.8,88.6
0500000US48305,4.0,63.3,22.5,38.9,3.7,67.2,12.2,12.9,15.2,41.2,54.5,1.7,0.1,0.5,0.1,0.0,1.9,1.13,14.7,90.4
0500000US48307,4.2,90.5,23.6,42.0,9.0,60.6,12.3,19.8,15.3,30.5,64.0,0.9,0.1,0.1,0.0,0.0,4.4,1.42,13.6,80.2
0500000US48309,8.6,72.0,19.6,37.0,4.5,80.2,12.1,14.2,16.6,27.0,54.1,13.5,0.1,1.7,0.0,0.3,3.3,3.44,11.9,87.0
0500000US48311,4.1,100.0,26.4,47.3,0.0,51.5,3.9,15.0,12.3,62.1,37.3,0.0,0.4,0.0,0.0,0.0,0.1,0.0,14.4,81.8
0500000US48313,9.3,66.4,18.6,48.5,7.1,72.7,10.6,12.9,10.9,26.2,52.3,15.3,0.1,1.1,0.1,0.1,4.8,16.41,16.6,85.1
0500000US48315,2.3,63.6,1.6,50.1,8.7,76.4,20.5,14.3,18.3,4.8,69.5,21.9,0.4,0.2,0.0,0.1,3.1,1.18,13.4,93.0
0500000US48317,9.3,62.3,31.6,35.5,5.4,67.0,9.8,17.1,8.3,47.7,45.1,2.8,0.0,0.1,0.0,1.6,2.7,1.17,17.6,94.7
0500000US48319,4.6,78.7,19.1,54.2,3.0,68.5,4.7,13.5,7.0,18.9,79.8,0.1,0.0,0.2,0.0,0.0,1.0,0.2,18.1,86.9
0500000US48321,11.8,70.0,27.2,39.2,8.7,81.3,17.0,17.9,20.7,43.7,41.4,9.7,0.1,1.6,0.0,0.9,2.6,1.05,19.0,91.5
0500000US48323,30.4,53.6,89.3,41.9,7.7,70.9,28.7,23.4,22.8,94.8,2.9,0.2,1.5,0.5,0.1,0.0,0.2,0.8,32.5,91.6
0500000US48325,6.5,43.1,26.0,46.1,3.0,71.9,10.7,11.6,9.6,51.5,41.7,2.9,0.1,0.8,0.1,0.6,2.4,4.6,14.0,83.9
0500000US48327,4.6,95.5,22.0,45.8,10.8,56.7,9.1,23.6,18.9,25.7,70.3,0.4,0.0,0.0,0.0,0.0,3.5,2.35,17.8,87.8
0500000US48329,12.8,56.6,31.6,30.0,3.4,80.6,7.0,14.5,11.3,46.0,42.3,6.4,0.1,2.4,0.0,0.4,2.3,1.1,14.5,91.8
0500000US48331,6.2,60.1,17.9,41.8,5.0,69.9,11.2,15.7,12.9,26.0,61.6,8.1,0.1,0.5,0.0,0.1,3.7,2.03,11.2,84.8
0500000US48333,4.7,54.5,14.6,43.5,3.2,64.1,13.2,10.8,7.2,21.0,73.1,0.7,0.0,0.7,0.0,0.5,4.1,3.55,11.6,90.8
0500000US48335,3.8,67.0,21.7,46.6,5.3,73.0,12.9,17.5,13.8,38.8,46.8,8.2,0.3,1.0,0.0,0.2,4.8,15.66,16.1,93.7
0500000US48337,3.2,69.4,8.2,47.5,7.1,72.5,9.8,14.5,14.2,12.3,83.6,0.1,0.5,0.2,0.0,0.0,3.4,1.57,12.2,89.6
0500000US48339,15.2,57.9,25.3,35.3,4.6,79.4,6.6,15.1,9.4,27.9,58.7,6.1,0.1,3.3,0.1,0.4,3.5,0.46,9.7,80.7
0500000US48341,30.1,77.7,52.7,34.6,3.3,80.7,8.6,22.8,18.3,61.0,28.2,4.8,0.3,2.1,0.0,0.0,3.5,0.68,31.8,93.3
0500000US48343,6.1,65.5,11.4,45.3,7.1,72.6,13.6,12.7,19.5,11.2,61.9,22.3,0.4,1.1,0.0,0.5,2.6,0.96,13.2,90.7
0500000US48345,1.4,35.3,6.5,40.5,0.9,64.5,12.6,20.7,16.1,10.1,78.7,5.3,0.1,0.0,0.0,0.0,5.8,0.0,14.4,79.3
0500000US48347,8.0,67.3,16.9,38.5,7.0,71.8,16.6,15.4,21.8,21.6,57.1,16.5,0.2,0.9,0.0,0.3,3.4,7.52,14.1,84.6
0500000US48349,12.9,64.3,25.6,39.7,4.4,73.9,13.8,18.4,17.1,32.1,50.5,9.1,0.2,0.8,0.7,0.1,6.5,2.57,20.8,88.5
0500000US48351,1.4,49.4,3.5,49.3,8.3,72.8,14.2,19.2,19.0,3.6,74.2,17.3,0.1,0.7,0.2,0.0,3.8,1.23,14.6,90.5
0500000US48353,4.5,39.6,22.0,40.9,6.0,73.2,19.7,13.3,22.5,37.4,53.8,2.7,0.7,0.1,0.0,0.3,5.1,2.71,15.9,91.8
0500000US48355,8.4,60.4,32.6,38.8,5.2,77.0,17.5,17.6,17.4,62.5,29.3,3.5,0.1,2.3,0.1,0.3,1.9,2.4,14.7,90.5
0500000US48357,27.7,75.6,49.5,31.5,0.3,79.8,5.0,25.6,11.8,56.8,39.3,0.0,0.8,0.3,0.0,0.5,2.2,0.74,21.9,91.8
0500000US48359,7.9,65.5,16.0,47.3,1.7,66.6,1.3,18.9,20.7,27.8,62.3,8.7,0.0,0.3,0.0,0.1,0.8,23.12,14.5,87.3
0500000US48361,3.2,50.3,7.0,39.1,6.0,80.0,13.7,14.9,12.5,9.6,76.8,7.6,0.1,1.1,0.1,0.4,4.2,0.77,8.8,93.9
0500000US48363,5.1,65.6,11.3,44.1,6.1,74.1,14.9,18.2,16.7,20.6,73.0,2.3,0.1,0.7,0.0,0.3,2.9,0.99,12.7,89.0
0500000US48365,4.0,61.8,9.5,44.9,2.5,78.9,10.9,17.0,11.2,10.4,71.1,11.2,0.0,0.5,0.0,0.5,6.3,2.16,13.4,91.3
0500000US48367,4.7,54.4,9.3,34.3,4.0,78.5,5.1,13.2,8.0,14.7,79.1,1.3,0.2,0.9,0.0,0.2,3.6,1.02,8.3,84.4
0500000US48369,24.7,76.8,54.8,37.0,2.6,76.6,4.9,24.1,10.2,66.7,30.4,0.3,0.0,0.0,0.0,0.3,2.4,0.98,31.4,95.6
0500000US48371,13.9,46.5,48.8,46.1,2.6,71.9,13.5,16.5,21.6,71.3,22.1,3.4,0.1,2.6,0.0,0.0,0.5,14.15,16.8,92.2
0500000US48373,4.5,52.9,11.7,51.1,8.1,72.4,16.2,14.4,17.5,15.3,70.9,7.7,0.9,0.6,0.0,0.1,4.5,7.21,16.5,88.3
0500000US48375,14.5,61.6,30.3,41.1,3.8,79.3,14.6,19.3,20.8,39.3,42.2,10.2,0.2,4.7,0.1,0.2,3.1,5.98,21.9,90.1
0500000US48377,30.6,66.1,71.7,42.6,6.7,47.7,17.6,33.6,32.0,79.5,18.2,0.0,0.3,0.0,0.0,0.0,1.9,0.08,32.7,72.5
0500000US48379,2.4,70.0,6.5,47.4,3.3,78.1,11.2,17.5,10.0,10.3,81.8,2.5,0.5,1.0,0.0,0.3,3.7,0.51,9.7,83.6
0500000US48381,5.2,42.2,13.7,33.0,2.9,72.8,6.9,11.0,9.7,24.6,66.5,3.1,0.2,1.7,0.1,0.5,3.3,1.93,6.1,89.6
0500000US48383,11.9,80.5,44.6,37.6,5.0,68.7,6.0,19.0,11.8,68.7,22.1,5.4,0.0,1.4,0.0,0.0,2.3,0.25,12.7,86.8
0500000US48385,3.5,16.5,12.8,67.5,0.0,52.4,14.5,16.2,17.9,18.9,79.1,0.7,0.0,0.0,0.0,0.0,1.3,3.6,9.0,75.2
0500000US48387,2.9,72.4,5.0,50.3,2.0,79.9,18.8,16.5,15.6,7.5,72.8,16.3,1.0,0.3,0.0,0.2,1.8,1.51,12.7,85.4
0500000US48389,19.3,55.5,62.1,43.3,2.4,70.1,17.4,17.5,16.8,85.3,11.6,1.7,0.1,0.2,0.0,0.9,0.3,8.27,29.8,93.2
0500000US48391,3.0,39.7,24.9,47.4,4.5,73.9,14.1,16.1,14.6,50.4,40.6,6.2,0.1,0.0,0.0,0.4,2.2,2.24,16.2,93.4
0500000US48393,0.0,-666666666.0,2.5,36.2,0.5,67.8,3.4,11.1,5.6,6.6,89.1,0.4,0.0,0.0,0.0,0.0,4.0,0.0,6.2,86.9
0500000US48395,4.7,78.0,12.4,42.8,7.9,67.2,15.6,11.3,13.5,22.2,54.8,17.2,0.1,0.6,0.0,0.0,5.1,1.23,12.9,92.8
0500000US48397,8.9,38.9,14.7,30.1,4.3,80.6,4.3,8.7,4.0,20.8,63.0,9.1,0.1,3.5,0.1,0.5,3.0,0.6,5.6,79.7
0500000US48399,3.8,62.2,22.6,38.3,4.9,72.4,10.9,16.7,11.0,34.9,60.0,2.9,0.0,0.1,0.0,0.0,2.1,2.08,12.8,93.4
0500000US48401,6.3,58.9,13.9,47.1,4.5,78.6,11.2,13.7,14.4,19.1,61.4,13.2,0.1,0.4,0.1,0.0,5.7,9.6,15.2,92.5
0500000US48403,0.6,44.6,1.1,53.5,4.7,66.9,14.9,12.8,11.0,1.6,84.5,6.8,0.0,0.7,0.5,0.7,5.0,1.21,12.2,90.2
0500000US48405,5.8,81.5,8.6,50.5,9.5,78.9,23.4,19.4,27.1,8.3,68.1,21.4,0.4,0.0,0.0,0.0,1.7,3.1,15.2,80.5
0500000US48407,8.9,56.7,17.1,47.7,6.8,75.8,17.1,17.7,18.4,19.2,68.8,8.7,0.1,0.3,0.0,0.0,2.9,0.51,17.1,88.7
0500000US48409,7.7,67.0,30.2,41.0,4.5,77.0,14.3,18.7,14.8,56.5,37.9,1.5,0.1,1.1,0.2,0.7,2.2,0.97,15.8,90.8
0500000US48411,8.1,72.8,19.7,48.5,3.1,63.2,9.5,27.0,10.7,30.7,62.6,2.5,0.2,0.2,0.2,0.0,3.7,11.38,15.7,89.8
0500000US48413,9.1,25.0,36.4,44.3,5.4,72.3,7.3,22.8,9.9,53.2,41.8,0.5,0.0,0.0,0.5,0.0,4.0,0.97,20.5,84.1
0500000US48415,6.1,48.2,24.7,46.5,2.4,68.7,8.0,16.8,11.6,43.3,49.0,3.3,0.7,0.8,0.0,0.8,2.1,11.6,18.0,91.8
0500000US48417,0.9,70.4,6.9,33.0,7.5,70.7,8.3,13.4,9.5,12.9,81.2,0.9,0.1,0.0,0.0,0.3,4.7,1.39,6.7,87.7
0500000US48419,7.4,66.9,15.0,43.3,4.1,77.8,15.7,20.9,20.6,19.9,59.7,15.1,0.7,0.0,0.7,0.1,3.7,0.65,17.7,92.1
0500000US48421,24.0,74.2,38.9,39.2,1.9,62.4,4.4,16.3,10.4,46.6,52.1,0.1,0.0,0.5,0.0,0.0,0.6,1.57,23.4,93.3
0500000US48423,8.8,57.3,18.3,38.2,4.4,78.5,9.1,16.9,11.6,20.9,57.5,16.3,0.1,1.7,0.0,0.3,3.2,2.67,11.3,87.4
0500000US48425,8.3,70.8,16.0,36.7,3.2,74.7,5.5,12.4,7.5,18.2,76.9,1.3,0.2,0.0,0.0,0.5,3.0,3.22,7.5,80.9
0500000US48427,27.2,67.1,91.2,43.2,10.4,62.7,42.5,28.9,33.5,97.2,2.3,0.4,0.0,0.1,0.0,0.0,0.1,0.81,39.6,84.7
0500000US48429,8.6,47.8,16.9,45.3,5.4,68.6,10.3,13.8,14.6,25.1,68.2,3.0,0.0,1.0,0.0,0.3,2.3,5.59,16.2,90.8
0500000US48431,11.9,54.6,29.6,44.1,2.1,58.9,12.0,26.4,4.3,35.7,62.8,0.1,0.3,0.1,0.0,0.0,1.0,2.32,16.0,91.8
0500000US48433,0.9,54.5,5.4,39.1,3.6,78.0,8.0,12.7,14.9,20.0,78.2,0.4,0.0,0.0,0.0,0.0,1.4,3.75,9.7,97.2
0500000US48435,9.1,67.0,52.1,35.4,1.9,65.7,6.7,15.8,4.5,63.4,31.9,0.1,0.3,0.0,0.0,2.5,1.8,0.58,18.1,88.3
0500000US48437,4.4,30.6,24.5,47.5,4.3,61.8,13.8,23.3,30.1,46.3,41.5,7.7,0.6,0.0,0.0,1.1,2.8,9.25,20.1,95.6
0500000US48439,17.2,57.7,29.9,31.2,4.7,81.9,9.6,16.7,11.1,30.3,42.0,17.3,0.1,6.1,0.2,0.5,3.6,1.31,12.7,81.9
0500000US48441,6.7,56.0,15.4,35.3,2.6,78.5,11.1,14.1,14.7,25.1,61.0,7.7,0.1,2.2,0.1,0.6,3.3,4.71,10.0,88.3
0500000US48443,0.8,0.0,29.2,59.8,0.0,42.4,3.5,15.2,7.7,40.1,50.8,0.0,0.0,0.0,0.0,0.0,9.1,0.0,5.8,91.4
0500000US48445,10.1,84.2,42.2,43.7,4.5,79.2,26.7,26.9,18.3,56.9,37.7,2.9,0.4,0.2,0.0,0.0,1.9,6.27,21.8,95.1
0500000US48447,3.5,56.1,5.1,39.4,8.3,52.2,10.6,20.6,24.2,10.3,84.4,0.0,0.0,0.6,0.0,0.0,4.8,0.0,6.4,91.1
0500000US48449,18.4,68.7,37.6,38.9,3.1,76.2,19.4,21.5,17.1,45.0,42.4,10.2,0.3,0.0,0.0,0.2,2.0,0.77,21.8,91.2
0500000US48451,6.0,50.3,23.4,36.1,3.7,74.7,9.6,15.5,11.1,40.6,51.4,3.6,0.1,1.3,0.1,0.5,2.5,4.27,12.9,86.5
0500000US48453,18.1,59.0,30.0,26.7,4.6,78.0,5.6,12.1,10.9,32.6,46.9,7.8,0.1,7.8,0.0,0.5,4.2,2.08,8.1,63.9
0500000US48455,3.4,68.7,9.8,51.5,6.5,73.2,16.5,16.0,17.6,11.2,76.9,7.9,0.0,0.2,0.0,0.0,3.8,0.99,11.3,89.0
0500000US48457,2.1,70.8,6.5,56.8,7.1,73.2,16.4,15.7,17.9,8.4,76.4,10.7,0.1,0.4,0.0,0.2,3.8,10.52,15.0,88.5
0500000US48459,3.9,67.3,6.4,43.4,5.8,78.3,12.3,13.8,12.4,10.4,77.2,7.2,0.1,0.6,0.0,0.2,4.4,1.17,12.7,90.9
0500000US48461,9.5,45.4,39.3,48.8,3.5,70.0,7.6,18.8,16.0,54.7,42.6,1.2,0.2,0.4,0.0,0.0,0.9,2.32,20.6,93.5
0500000US48463,10.9,53.7,49.9,43.6,4.3,65.2,24.2,18.7,22.2,70.9,25.6,0.3,0.3,1.1,0.0,0.4,1.5,3.41,22.2,90.1
0500000US48465,19.9,49.2,63.8,39.4,5.9,66.2,21.8,17.5,16.6,81.2,15.4,1.2,0.1,0.6,0.0,0.2,1.4,3.76,23.2,88.9
0500000US48467,4.1,69.2,10.0,43.1,3.5,74.8,11.0,18.4,11.1,13.4,80.2,2.3,0.3,0.5,0.0,0.3,2.9,1.02,13.0,85.9
0500000US48469,7.1,57.1,23.7,38.3,4.4,79.0,14.2,17.2,16.2,48.1,42.4,5.5,0.1,1.2,0.1,0.4,2.2,1.55,15.1,89.8
0500000US48471,7.6,55.9,18.1,53.0,8.9,62.1,10.5,15.4,18.4,21.8,53.0,19.6,0.2,1.0,0.3,0.3,3.8,21.61,15.5,87.0
0500000US48473,14.7,63.5,28.1,38.6,6.8,77.6,12.9,20.1,14.6,33.5,38.1,23.4,0.1,2.0,0.0,0.2,2.6,7.82,15.7,86.8
0500000US48475,9.5,64.7,38.6,34.7,2.9,70.8,9.1,18.9,14.9,56.2,36.4,5.0,0.3,0.8,0.0,0.0,1.3,1.1,21.9,96.9
0500000US48477,7.2,50.1,12.7,41.4,3.0,74.6,10.7,14.5,13.4,18.5,61.4,14.2,0.3,1.4,0.0,0.3,3.9,6.5,9.8,86.1
0500000US48479,25.3,66.3,86.9,36.9,5.5,77.0,23.7,27.3,21.3,95.0,3.6,0.4,0.0,0.5,0.0,0.2,0.2,1.01,29.1,90.8
0500000US48481,8.5,60.3,27.2,39.1,4.9,75.4,13.9,14.2,13.6,42.0,43.3,10.9,0.2,0.5,0.0,0.1,2.9,1.85,14.5,91.5
0500000US48483,9.3,79.4,19.6,38.7,4.8,65.4,13.6,21.2,15.4,25.4,68.5,1.4,0.4,1.0,0.0,0.2,3.1,1.83,11.0,92.1
0500000US48485,6.7,59.5,12.8,37.0,3.7,75.1,12.2,15.6,16.5,20.7,62.5,10.2,0.3,2.3,0.1,0.2,3.7,8.99,12.5,84.5
0500000US48487,5.9,53.5,18.0,41.0,9.3,68.2,14.1,8.9,17.5,30.2,54.5,5.8,0.1,3.1,0.0,0.3,6.0,5.29,18.5,92.5
0500000US48489,10.4,63.2,60.6,44.6,7.5,65.4,31.9,23.9,24.0,87.3,9.8,1.5,0.0,0.2,0.0,0.0,1.3,8.14,28.8,88.8
0500000US48491,16.2,54.0,25.5,29.3,3.9,80.5,4.4,9.8,6.4,24.7,53.3,6.7,0.1,9.9,0.1,0.6,4.5,0.71,5.9,71.6
0500000US48493,4.6,51.3,23.0,39.6,3.6,74.5,8.4,11.0,11.3,39.9,54.8,2.0,0.1,0.6,0.0,0.7,1.8,0.83,10.2,83.8
0500000US48495,15.3,65.6,48.0,34.6,3.6,74.5,18.8,19.0,16.2,62.5,31.6,3.9,0.0,0.6,0.1,0.8,0.6,1.46,27.3,94.6
0500000US48497,8.0,60.9,16.7,35.8,5.3,80.3,7.8,14.9,8.9,21.1,72.9,1.6,0.3,0.7,0.0,0.3,3.1,1.51,13.0,86.2
0500000US48499,4.1,68.3,7.6,52.6,6.3,71.8,11.1,17.1,12.5,11.6,80.6,3.7,0.0,0.5,0.0,0.4,3.1,3.86,12.2,86.5
0500000US48501,22.1,76.3,53.8,39.8,6.9,69.4,3.3,22.5,16.8,65.6,31.0,0.1,0.0,0.9,0.0,0.0,2.3,0.98,25.1,88.8
0500000US48503,7.6,60.3,15.8,36.9,3.5,75.7,11.3,18.6,16.5,20.5,75.1,0.6,0.2,1.0,0.0,0.1,2.5,1.48,11.5,92.5
0500000US48505,23.4,71.4,82.9,47.2,7.3,68.9,31.3,27.6,38.4,93.9,4.8,0.1,0.0,0.6,0.0,0.0,0.5,1.78,34.1,89.7
0500000US48507,7.7,46.6,67.7,44.7,4.0,66.9,40.6,14.9,33.9,92.6,6.0,0.8,0.0,0.5,0.0,0.0,0.0,0.58,29.7,86.0
0500000US49001,6.7,82.6,11.7,43.6,1.7,66.9,4.5,15.2,6.6,15.0,83.6,0.3,0.1,0.0,0.2,0.1,0.7,4.83,6.8,90.1
0500000US49003,3.5,59.7,7.7,34.5,3.2,78.3,5.6,8.0,8.4,10.2,85.4,0.3,0.4,0.6,0.2,0.2,2.6,0.59,7.6,84.8
0500000US49005,6.3,59.3,12.0,29.3,2.6,77.1,4.8,6.9,12.0,11.7,81.3,0.8,0.1,1.7,0.4,0.2,3.8,3.22,5.5,77.1
0500000US49007,1.9,33.9,5.0,43.3,5.9,74.5,14.0,6.2,17.0,13.3,81.9,0.6,0.4,0.2,0.4,0.3,2.9,1.96,7.5,90.8
0500000US49009,0.9,100.0,2.2,49.2,6.6,42.4,5.2,10.4,9.0,2.8,90.8,0.0,3.4,0.0,0.0,0.3,2.7,8.3,7.3,89.5
0500000US49011,5.8,48.2,10.8,29.4,2.7,76.9,4.6,5.7,6.4,11.7,79.9,1.1,0.3,1.9,0.9,0.6,3.7,0.68,4.4,78.5
0500000US49013,3.4,53.3,6.0,38.9,4.3,73.4,10.5,12.0,11.8,7.5,84.8,0.1,3.3,0.5,0.5,0.3,3.0,1.35,8.3,88.0
0500000US49015,1.2,73.3,4.4,41.2,3.6,71.6,10.2,6.6,12.5,7.5,88.9,0.1,0.7,0.0,0.0,0.1,2.7,0.91,5.2,90.4
0500000US49017,1.5,68.8,3.5,39.9,4.1,69.6,5.6,12.2,9.8,7.3,89.7,0.1,0.4,0.0,0.5,0.0,2.1,5.48,4.6,77.6
0500000US49019,8.7,45.8,10.7,32.3,1.6,75.7,3.2,10.9,13.3,13.0,77.6,0.0,3.2,2.2,1.3,0.1,2.6,1.63,5.3,81.5
0500000US49021,4.3,50.7,8.6,35.8,3.9,75.9,8.9,10.3,13.8,10.5,83.0,0.7,1.2,1.2,0.3,0.3,2.8,1.93,6.8,84.1
0500000US49023,2.1,5.6,3.6,30.5,2.2,75.9,6.0,6.5,6.9,5.5,90.7,0.7,0.9,0.0,0.0,0.0,2.3,1.24,5.8,85.7
0500000US49025,2.5,23.4,3.8,44.1,3.7,76.7,2.4,5.3,9.5,5.0,87.4,0.2,2.2,0.1,0.2,0.7,4.1,3.57,6.1,76.3
0500000US49027,7.9,58.9,12.5,36.6,5.5,71.6,4.8,11.5,7.7,13.6,81.4,0.1,1.1,2.1,0.1,0.4,1.4,1.31,8.3,88.7
0500000US49029,1.8,18.6,4.9,33.2,2.3,72.4,0.3,4.8,1.4,2.9,92.1,0.1,0.1,0.1,0.4,1.8,2.4,0.15,2.2,83.9
0500000US49031,3.0,17.6,5.8,53.1,5.9,71.7,9.5,8.3,10.2,7.6,90.6,0.1,0.0,0.0,0.0,0.0,1.8,0.41,15.4,65.6
0500000US49033,0.7,0.0,2.6,35.3,0.0,74.8,3.3,7.1,3.8,5.4,91.8,0.0,0.8,0.0,0.2,0.0,1.8,1.06,1.9,71.7
0500000US49035,13.5,58.2,21.5,27.8,3.8,81.4,5.2,9.2,8.1,20.6,66.6,1.7,0.5,4.2,1.5,0.4,4.5,1.38,8.1,74.6
0500000US49037,1.7,60.5,34.8,44.1,12.5,58.1,15.1,17.5,18.1,5.8,44.8,0.1,44.7,0.3,0.4,0.8,3.2,2.77,12.0,84.4
0500000US49039,5.6,67.0,10.6,43.6,5.1,71.7,7.3,9.7,15.2,10.7,83.7,0.9,0.5,0.8,0.5,0.6,2.2,9.1,8.6,85.7
0500000US49041,1.8,59.6,3.4,39.7,4.4,72.7,10.0,9.3,9.7,5.3,90.9,0.1,0.4,0.3,0.2,0.3,2.5,1.9,6.9,87.3
0500000US49043,9.3,56.8,14.8,31.1,1.8,78.8,1.4,7.3,4.9,11.4,82.9,0.3,0.1,1.8,0.2,0.1,3.1,0.43,4.3,70.3
0500000US49045,4.3,53.2,13.3,27.3,3.6,79.8,6.8,6.1,5.2,15.0,77.8,1.0,0.4,0.7,0.9,0.8,3.5,0.52,7.9,81.4
0500000US49047,3.1,64.1,6.1,39.1,6.0,75.2,13.2,13.1,11.8,8.8,80.0,0.5,3.8,0.8,0.1,0.2,5.8,0.93,10.2,84.9
0500000US49049,8.2,61.4,16.1,28.2,3.8,82.9,4.0,7.5,8.7,14.5,77.6,0.7,0.2,1.5,0.7,0.4,4.3,2.31,4.9,75.0
0500000US49051,8.3,60.2,15.4,30.9,2.0,77.7,1.0,7.5,4.7,14.7,80.6,0.2,0.0,1.0,0.4,0.3,2.7,0.61,4.3,78.0
0500000US49053,5.8,57.2,10.9,42.5,3.6,79.3,4.5,11.1,9.8,12.1,81.3,0.4,0.5,1.1,0.6,0.4,3.6,1.39,5.1,82.1
0500000US49055,3.8,79.6,3.7,41.3,2.1,60.3,7.0,4.2,10.6,3.0,90.7,0.3,0.0,0.0,0.0,0.0,5.9,0.89,3.4,68.8
0500000US49057,6.8,54.6,14.7,30.3,3.0,76.3,6.1,8.8,8.1,19.2,74.0,1.1,0.3,1.5,0.2,0.2,3.4,1.26,7.6,81.1
0500000US50001,4.8,53.6,6.4,35.6,3.8,79.2,8.7,4.6,7.6,3.2,89.6,0.9,0.0,1.8,0.1,0.4,4.0,8.78,4.5,74.3
0500000US50003,2.7,36.1,3.7,40.2,4.4,77.3,15.4,5.4,11.3,2.8,90.8,1.1,0.1,0.9,0.0,0.5,3.9,2.82,5.6,76.8
0500000US50005,2.5,28.8,4.5,37.4,2.2,72.3,14.9,4.0,11.7,2.2,91.9,0.7,0.2,0.4,0.0,0.9,3.7,3.09,6.3,78.8
0500000US50007,7.9,33.1,9.2,29.8,3.2,78.7,7.8,3.5,9.7,2.9,85.5,2.3,0.1,4.4,0.0,0.4,4.6,6.32,3.9,69.6
0500000US50009,3.1,34.9,6.5,44.7,4.8,64.3,18.8,4.9,13.8,1.6,92.6,0.1,0.7,1.0,0.0,0.0,4.0,0.67,10.3,86.5
0500000US50011,2.2,40.1,3.1,34.8,3.2,75.2,12.3,3.5,10.3,2.0,91.9,0.2,0.3,0.7,0.0,0.4,4.5,1.1,6.6,82.3
0500000US50013,3.9,46.4,4.2,36.9,3.1,75.5,9.0,3.4,7.9,2.2,90.2,0.3,1.3,0.3,0.0,0.6,5.0,0.31,4.2,78.7
0500000US50015,4.3,53.5,4.9,29.3,3.3,76.7,10.4,6.7,8.5,2.5,91.6,0.9,0.2,0.9,0.0,0.7,3.2,2.3,6.3,82.9
0500000US50017,2.1,21.9,2.6,36.1,2.3,73.2,9.7,4.4,9.3,1.8,92.8,0.3,0.1,0.6,0.0,0.5,3.9,1.94,5.2,80.1
0500000US50019,3.5,27.1,5.9,38.6,5.3,71.0,14.4,4.4,11.7,1.9,92.7,0.9,0.4,0.6,0.0,0.2,3.3,2.81,7.8,82.8
0500000US50021,2.2,26.5,4.2,41.9,4.1,77.4,10.7,3.9,11.8,2.2,92.7,0.6,0.0,0.6,0.0,0.1,3.8,3.38,5.8,85.2
0500000US50023,3.2,36.0,4.0,34.7,2.7,73.4,10.1,3.1,8.7,2.8,91.1,0.8,0.0,0.8,0.0,0.6,3.9,2.58,3.6,76.1
0500000US50025,2.9,34.9,3.7,38.1,4.8,73.0,13.3,3.6,11.6,3.1,90.1,0.8,0.0,1.2,0.0,0.5,4.3,3.94,4.7,74.2
0500000US50027,3.2,44.5,4.0,39.0,4.4,76.1,9.6,3.6,9.2,2.3,92.1,0.5,0.1,1.0,0.0,0.1,3.9,1.58,5.1,75.5
0500000US51001,8.5,80.1,13.8,44.4,3.4,75.4,12.5,11.0,13.9,10.9,58.1,27.1,0.1,0.7,0.0,0.3,2.8,3.87,16.4,87.1
0500000US51003,10.5,55.3,14.4,38.6,3.4,71.5,4.6,5.9,7.7,7.5,73.4,9.0,0.1,5.8,0.0,0.4,3.8,6.93,5.8,72.7
0500000US51005,1.0,51.7,1.5,51.8,2.3,74.7,8.1,6.6,11.6,1.6,91.0,5.2,0.1,0.4,0.0,0.1,1.6,2.3,10.4,95.1
0500000US51007,1.9,83.7,3.0,42.7,3.8,74.6,13.4,7.7,9.7,3.9,72.1,19.5,0.0,0.2,0.2,0.0,4.1,0.96,13.5,84.1
0500000US51009,1.7,45.6,2.7,41.0,4.7,76.0,10.5,6.8,10.8,2.9,73.7,16.9,0.2,0.7,0.1,1.0,4.4,3.27,10.3,87.0
0500000US51011,1.7,36.7,1.0,38.9,5.1,76.2,15.3,6.6,14.0,2.4,76.3,15.9,0.0,0.4,0.0,1.5,3.5,0.46,7.5,88.4
0500000US51013,22.4,50.8,29.4,22.7,3.3,70.6,4.0,5.3,7.4,15.9,58.0,9.3,0.1,10.5,0.0,0.7,5.5,1.29,4.8,43.0
0500000US51015,2.4,54.4,4.4,39.4,2.4,78.4,5.7,6.6,6.6,4.0,88.0,4.3,0.1,0.4,0.0,0.2,2.9,3.56,8.1,90.6
0500000US51017,0.6,41.7,4.2,48.9,1.3,69.6,10.3,2.5,23.8,3.0,91.9,3.4,0.0,0.2,0.0,0.3,1.1,3.98,16.0,94.4
0500000US51019,2.8,44.7,3.4,42.6,3.1,79.4,6.5,5.7,8.1,2.8,85.0,6.3,0.2,1.3,0.0,1.0,3.4,0.67,7.1,85.5
0500000US51021,0.3,10.0,1.6,57.0,2.3,71.9,5.0,5.0,13.6,1.2,92.9,3.9,0.0,0.1,0.0,0.0,1.8,12.94,7.6,85.7
0500000US51023,1.9,22.6,2.2,43.1,2.4,78.8,3.2,5.0,6.2,2.5,90.4,2.6,0.1,0.7,0.2,0.4,3.1,1.28,5.7,86.0
0500000US51025,2.9,82.5,4.2,48.3,3.3,70.7,19.9,5.5,14.9,2.9,41.3,51.5,0.3,0.5,0.0,0.0,3.5,13.18,17.6,87.4
0500000US51027,0.8,58.1,2.9,66.3,3.9,68.3,27.3,4.8,25.2,1.1,93.2,3.8,0.0,0.8,0.0,0.1,1.0,6.48,21.4,91.8
0500000US51029,1.8,62.6,4.7,52.9,4.7,75.7,17.0,9.2,12.5,2.6,60.9,30.6,0.1,0.4,0.0,0.3,5.1,12.79,14.0,87.9
0500000US51031,3.4,53.5,4.7,39.3,3.7,84.9,12.3,4.7,10.8,3.5,76.8,14.2,0.0,1.0,0.0,0.5,3.9,1.42,9.9,88.1
0500000US51033,5.1,53.7,7.4,32.1,5.3,74.4,13.4,6.9,11.2,7.7,61.2,23.7,0.3,1.0,0.1,1.1,5.0,2.97,10.5,84.4
0500000US51035,2.1,60.3,4.0,46.7,5.5,76.9,15.1,9.0,15.3,4.1,93.2,0.2,0.0,0.3,0.0,0.1,2.1,0.68,14.5,94.8
0500000US51036,2.2,45.5,2.2,41.8,3.9,76.2,10.6,4.5,9.4,2.1,44.6,40.5,5.5,1.1,0.0,0.5,5.7,0.0,12.1,87.9
0500000US51037,1.9,60.7,2.1,46.0,2.4,68.0,21.0,6.4,18.9,2.6,68.2,24.7,0.0,0.2,0.0,0.4,4.0,1.33,16.7,90.7
0500000US51041,9.9,50.6,14.0,32.3,4.6,75.1,6.5,6.5,7.1,11.9,56.4,22.8,0.0,3.6,0.0,0.8,4.4,1.18,6.9,78.7
0500000US51043,6.2,46.4,9.9,40.4,2.7,72.5,2.8,5.3,7.0,7.8,82.0,5.4,0.3,0.9,0.0,0.9,2.8,1.95,7.1,73.9
0500000US51045,0.7,18.2,1.9,46.9,2.2,80.6,9.7,3.1,13.7,1.5,95.5,0.1,0.0,0.0,0.0,1.7,1.2,0.37,12.8,83.1
0500000US51047,9.9,60.7,14.8,36.0,2.6,75.4,9.8,11.9,7.9,15.6,64.3,12.5,0.3,1.1,0.0,0.6,5.5,3.11,12.2,83.9
0500000US51049,1.7,30.5,2.5,40.3,3.3,66.4,21.2,4.0,8.5,2.0,64.1,29.4,0.1,0.0,0.1,0.1,4.2,0.33,13.6,87.6
0500000US51051,0.2,0.0,0.8,56.4,2.3,71.9,23.2,4.3,17.3,0.7,97.4,1.0,0.2,0.1,0.0,0.0,0.5,3.3,15.1,93.0
0500000US51053,3.4,47.6,5.1,38.7,4.6,75.5,14.9,6.0,11.7,4.4,62.2,29.8,0.0,0.6,0.0,0.8,2.2,2.33,9.2,87.6
0500000US51057,4.1,68.9,6.7,49.9,3.9,79.0,12.8,8.8,12.3,4.6,53.2,36.8,0.1,1.0,0.6,0.3,3.4,1.09,15.1,85.4
0500000US51059,30.8,38.0,39.0,29.2,4.2,72.8,4.3,7.1,5.9,17.6,46.8,9.4,0.1,19.9,0.0,0.8,5.4,0.91,6.8,63.1
0500000US51061,8.9,39.7,12.1,32.9,2.9,72.2,4.8,6.2,6.8,12.4,74.8,6.3,0.1,1.7,0.0,0.5,4.2,0.48,7.6,79.7
0500000US51063,2.6,67.6,3.5,39.6,3.6,76.0,8.1,7.3,9.8,3.0,92.2,2.5,0.0,0.4,0.0,0.2,1.7,0.71,9.0,85.8
0500000US51065,2.7,32.6,4.2,39.3,4.2,72.4,6.6,6.7,7.7,4.6,75.0,11.8,0.1,0.9,0.0,1.3,6.4,4.75,6.4,80.5
0500000US51067,2.1,47.1,3.1,45.4,2.4,80.1,12.8,6.8,12.7,3.7,85.6,6.8,0.2,0.6,0.0,0.1,3.0,2.22,8.7,85.2
0500000US51069,7.8,52.9,11.9,35.1,4.2,77.3,5.8,6.4,6.8,12.5,77.4,4.4,0.1,1.9,0.0,0.5,3.1,1.58,10.1,85.5
0500000US51071,2.1,31.3,3.4,43.6,2.1,72.5,11.1,6.5,9.3,1.8,93.7,2.7,0.0,0.5,0.1,0.1,1.2,0.98,8.1,93.3
0500000US51073,2.1,34.1,3.2,40.2,3.0,72.6,7.1,4.9,5.2,4.3,82.5,8.1,0.1,0.8,0.0,0.2,4.1,0.78,8.3,87.5
0500000US51075,4.9,7.8,5.9,43.5,1.7,78.6,3.7,2.6,5.1,3.8,77.6,13.7,0.1,1.9,0.0,0.2,2.9,3.62,4.6,80.0
0500000US51077,2.2,45.2,4.2,53.3,3.6,73.2,16.3,7.6,16.5,4.2,87.2,5.5,0.0,1.0,0.0,0.4,1.7,6.78,14.4,90.4
0500000US51079,7.1,51.9,9.1,33.6,1.8,73.5,9.1,6.8,13.7,7.5,78.8,7.4,0.0,2.2,0.2,0.9,3.0,0.74,8.6,79.1
0500000US51081,4.2,44.1,5.5,58.9,6.3,77.7,15.5,4.6,14.3,2.9,35.2,55.9,0.0,0.2,0.0,0.4,5.4,28.5,19.1,93.8
0500000US51083,1.6,43.9,3.9,47.1,4.2,74.8,20.7,6.8,17.3,2.6,59.4,34.3,0.1,0.6,0.0,0.5,2.4,2.67,16.1,90.0
0500000US51085,4.3,42.7,4.7,34.3,2.7,78.1,5.2,4.4,5.7,4.0,80.7,8.3,0.1,2.1,0.1,0.6,4.2,2.07,5.5,78.4
0500000US51087,13.9,48.4,16.4,31.6,3.9,78.6,8.1,6.3,8.8,6.9,49.5,29.1,0.1,9.4,0.1,0.6,4.4,1.15,6.7,74.6
0500000US51089,2.6,51.9,6.4,47.8,4.1,79.0,17.2,6.3,16.0,7.0,67.7,22.1,0.1,0.5,0.0,0.2,2.4,1.7,16.2,90.6
0500000US51091,1.4,15.6,1.7,47.7,11.9,56.1,8.1,3.9,9.5,0.0,94.9,0.0,0.0,2.4,0.0,0.0,2.7,0.0,11.2,75.7
0500000US51093,3.5,37.0,4.2,37.5,3.9,77.4,7.6,4.7,6.8,4.1,68.8,21.3,0.2,1.3,0.3,0.4,3.7,0.68,7.9,86.4
0500000US51095,7.6,39.4,7.8,43.5,2.7,71.8,6.5,4.7,6.8,7.2,71.7,12.4,0.0,2.5,0.1,0.6,5.5,1.54,4.8,78.9
0500000US51097,1.4,12.0,1.4,39.9,5.2,75.8,19.5,5.8,17.9,3.3,66.2,21.9,0.7,0.1,0.0,0.7,7.1,0.0,9.4,85.9
0500000US51099,4.4,36.5,5.7,32.9,3.7,54.9,6.8,3.3,7.5,6.9,68.8,14.9,0.0,1.3,0.0,1.6,6.5,0.77,7.9,81.3
0500000US51101,2.4,21.2,2.2,31.8,2.3,75.2,6.8,5.3,5.9,3.3,76.4,15.0,1.1,0.6,0.1,0.3,3.3,0.43,6.8,87.1
0500000US51103,4.0,19.2,3.4,53.2,9.5,69.6,9.9,6.5,10.3,1.8,67.4,25.5,0.0,0.6,0.0,0.5,4.1,2.46,12.9,82.6
0500000US51105,1.0,67.6,2.2,59.5,9.5,71.7,28.2,7.0,28.8,2.4,91.6,4.2,0.2,0.2,0.0,0.1,1.3,7.24,16.2,88.1
0500000US51107,27.4,37.3,34.9,26.0,3.3,77.8,3.2,5.4,4.2,14.3,51.0,7.5,0.1,21.7,0.0,0.8,4.6,0.34,6.1,64.9
0500000US51109,4.5,34.0,6.9,36.8,5.8,73.4,11.4,5.4,10.0,4.1,76.1,11.5,0.3,0.6,0.0,0.9,6.4,0.29,10.0,86.5
0500000US51111,4.1,80.6,4.9,52.8,3.6,71.5,22.0,10.0,15.9,6.1,57.4,32.4,0.0,0.2,0.0,0.0,3.8,8.11,19.5,88.8
0500000US51113,3.1,41.4,5.3,39.0,4.3,72.0,10.6,5.0,10.8,3.9,83.8,8.9,0.0,0.3,0.0,0.1,3.0,2.12,10.7,83.0
0500000US51115,1.6,19.3,2.6,51.3,4.4,69.3,6.4,6.8,7.8,2.7,84.6,9.7,0.1,0.0,0.1,1.1,1.8,1.48,9.2,77.7
0500000US51117,3.2,49.0,4.1,47.9,2.6,70.7,16.8,5.8,16.3,3.2,60.3,32.4,0.1,1.0,0.0,0.2,2.9,3.29,14.2,87.4
0500000US51119,2.5,41.3,3.3,50.9,2.9,72.4,11.4,5.6,7.3,3.2,77.6,15.8,0.0,0.4,0.0,0.2,2.8,3.81,8.7,75.1
0500000US51121,9.5,66.0,10.9,43.0,2.9,68.6,4.8,4.8,23.9,4.6,80.9,3.8,0.1,6.4,0.1,0.9,3.1,10.89,4.2,74.5
0500000US51125,4.7,45.6,6.2,45.7,3.3,72.2,11.4,7.1,12.5,4.8,79.8,11.0,0.2,0.9,0.0,0.1,3.2,0.7,10.3,75.6
0500000US51127,4.1,42.9,4.7,34.7,2.3,70.8,4.5,4.4,4.7,3.8,75.7,13.2,0.6,1.3,0.1,0.1,5.1,3.04,5.9,81.6
0500000US51131,7.4,59.3,9.8,47.2,3.3,71.3,14.9,10.1,17.7,9.3,55.9,29.6,0.1,1.0,0.0,0.2,3.8,2.37,12.6,85.1
0500000US51133,4.6,8.6,5.9,57.5,3.8,72.7,6.6,6.6,11.5,3.5,68.3,19.1,0.1,4.4,0.0,0.8,3.7,0.0,10.5,82.7
0500000US51135,3.0,57.7,4.6,52.2,2.8,72.6,15.2,10.3,18.5,4.9,54.1,36.2,0.1,0.8,0.0,0.4,3.5,16.58,14.4,86.5
0500000US51137,5.1,38.0,6.6,38.7,3.4,74.4,7.6,6.0,9.8,7.0,74.9,10.1,0.0,1.0,0.0,0.7,6.3,1.46,8.5,83.5
0500000US51139,3.1,43.5,3.6,43.3,5.5,75.7,13.6,8.0,11.3,2.6,92.0,2.1,0.2,0.4,0.0,0.6,2.2,1.2,16.9,91.9
0500000US51141,2.6,35.6,3.1,49.2,2.5,78.8,12.6,5.4,11.7,3.5,89.1,5.0,0.0,0.5,0.0,0.0,1.8,2.19,15.5,83.8
0500000US51143,1.7,54.2,2.8,48.3,4.7,78.9,14.9,5.7,14.6,3.1,73.2,20.3,0.0,0.3,0.0,0.1,3.0,2.33,14.1,91.5
0500000US51145,3.2,36.9,5.8,38.0,3.6,77.3,1.5,4.3,4.6,2.9,84.7,7.2,0.1,0.3,0.0,0.6,4.1,4.1,8.5,75.4
0500000US51147,3.5,48.0,4.4,52.8,1.5,70.1,17.2,6.2,20.9,4.9,60.0,29.5,0.2,1.1,1.1,0.1,3.1,20.94,11.4,84.3
0500000US51149,5.8,41.4,10.0,37.5,5.2,74.4,11.0,5.3,8.9,10.4,51.4,30.9,0.3,1.8,0.5,0.8,3.9,19.16,9.0,70.6
0500000US51153,26.3,42.4,36.5,28.3,4.8,71.2,5.8,10.0,6.2,26.1,37.9,19.6,0.1,9.9,0.1,0.7,5.7,0.82,9.9,75.2
0500000US51155,1.3,17.9,2.6,46.1,3.2,76.2,15.5,5.5,14.4,2.2,89.3,4.4,0.0,0.4,0.0,0.2,3.3,3.12,8.3,92.1
0500000US51157,5.9,39.8,4.6,40.6,9.2,73.9,5.4,10.8,10.3,4.8,82.4,3.6,0.5,0.2,0.0,4.5,4.1,0.15,8.6,75.2
0500000US51159,5.2,56.3,5.3,54.2,2.5,66.2,10.5,5.2,7.7,7.5,60.1,26.8,0.5,0.6,0.0,0.2,4.2,17.89,17.6,80.5
0500000US51161,6.8,40.8,8.8,39.1,2.8,79.2,7.4,3.9,7.3,4.1,82.3,6.4,0.1,3.7,0.0,0.4,2.9,2.26,5.5,82.6
0500000US51163,2.6,34.2,2.4,44.0,3.9,72.2,11.1,4.8,7.5,2.3,89.4,2.6,0.2,0.9,0.0,1.2,3.5,2.26,8.9,87.0
0500000US51165,6.2,54.7,10.2,36.4,2.7,77.1,5.9,10.6,9.8,9.3,84.4,2.2,0.0,1.1,0.1,0.3,2.6,2.33,12.6,87.8
0500000US51167,0.8,60.1,0.8,54.9,3.6,78.6,21.8,4.7,16.7,0.7,96.6,1.1,0.1,0.1,0.2,0.1,1.0,1.59,17.2,93.6
0500000US51169,0.7,58.4,1.4,55.1,2.8,75.5,23.2,5.9,20.2,1.5,95.4,1.3,0.0,0.1,0.1,0.1,1.5,3.43,15.2,92.0
0500000US51171,5.2,58.4,9.3,39.4,4.8,77.0,10.3,7.4,11.8,9.1,83.9,2.9,0.0,1.2,0.0,0.2,2.7,0.91,10.2,87.2
0500000US51173,1.4,77.1,2.2,50.0,3.1,76.6,17.0,5.5,16.8,2.1,93.4,2.0,0.1,0.1,0.0,0.1,2.2,2.56,13.2,92.3
0500000US51175,1.9,28.6,2.9,44.1,5.5,67.8,14.5,4.9,8.7,2.5,60.4,29.2,0.3,0.8,0.0,0.4,6.4,8.03,12.7,90.9
0500000US51177,10.4,42.2,14.5,32.2,5.1,70.6,6.6,6.6,7.1,13.4,61.0,16.7,0.1,2.7,0.1,0.4,5.7,0.25,9.3,80.2
0500000US51179,13.8,40.5,18.9,30.7,3.7,64.8,4.4,6.4,4.7,16.6,51.5,19.5,0.1,3.9,0.0,1.1,7.4,2.31,7.3,75.5
0500000US51181,1.9,48.0,2.5,39.7,5.0,71.8,9.4,3.1,10.5,3.1,53.9,39.0,0.0,0.3,0.0,0.0,3.6,0.0,8.6,91.8
0500000US51183,1.0,61.8,1.9,51.0,4.1,80.3,18.9,8.6,11.6,1.1,40.7,54.1,0.1,0.5,0.0,0.2,3.3,15.33,16.1,90.5
0500000US51185,1.3,19.6,2.5,55.1,3.8,77.7,15.3,4.1,18.5,1.4,92.7,3.0,0.0,0.6,0.0,0.1,2.1,4.18,12.7,89.3
0500000US51187,6.3,51.5,6.9,37.6,4.9,78.1,10.5,9.0,11.6,7.4,81.3,5.0,0.0,1.4,0.0,1.2,3.6,2.26,10.8,83.1
0500000US51191,1.4,45.5,3.2,46.8,3.0,76.4,12.7,6.7,11.1,1.9,94.1,1.8,0.1,0.5,0.0,0.1,1.6,2.5,9.6,89.4
0500000US51193,4.8,56.4,7.1,47.8,7.3,67.7,20.1,8.2,14.0,6.4,62.3,23.2,0.1,1.0,0.0,1.0,6.0,0.58,12.2,83.9
0500000US51195,1.5,49.5,1.9,53.6,8.2,71.9,22.5,6.5,17.2,1.4,90.0,4.7,0.2,0.3,0.0,0.6,2.7,8.58,18.9,86.2
0500000US51197,1.4,57.3,2.5,44.2,4.0,79.2,13.2,6.0,15.2,1.6,92.9,2.2,0.0,0.8,0.3,0.3,1.9,0.87,9.8,90.8
0500000US51199,8.0,28.0,10.8,33.6,4.2,69.7,3.6,3.6,5.6,7.8,66.2,13.0,0.1,5.8,0.3,0.7,6.0,2.04,4.8,80.9
0500000US51510,24.9,51.1,31.1,21.7,3.3,71.0,5.1,8.8,7.9,18.3,49.1,21.0,0.1,6.2,0.0,0.5,4.7,1.04,7.0,54.0
0500000US51520,2.2,54.9,3.6,44.3,6.3,81.2,22.1,11.0,18.0,2.8,84.5,5.8,0.0,0.5,0.1,1.8,4.7,1.98,9.7,84.2
0500000US51530,0.9,36.8,1.1,46.6,1.4,79.9,13.6,4.3,18.8,0.2,84.7,2.0,1.3,0.9,0.3,0.5,10.0,7.95,12.1,86.6
0500000US51540,10.6,63.1,14.9,35.3,3.7,66.0,9.9,4.5,19.6,6.9,64.2,15.5,0.0,7.0,0.0,0.7,5.7,6.61,6.5,57.5
0500000US51550,5.8,33.7,8.4,33.2,4.9,72.4,7.2,5.8,9.4,7.7,53.8,28.5,0.1,3.8,0.0,0.7,5.4,1.63,5.8,83.7
0500000US51570,6.5,39.0,9.2,35.9,3.6,71.9,13.1,7.6,7.9,8.3,65.2,18.7,0.2,3.7,0.0,0.3,3.5,1.02,9.2,87.1
0500000US51580,4.1,59.7,6.2,53.3,2.8,82.0,18.2,7.0,25.7,3.6,79.1,12.7,0.0,1.3,0.0,0.0,3.3,1.43,13.6,91.0
0500000US51590,3.5,62.8,4.9,45.9,5.6,79.3,27.3,8.0,24.7,5.6,38.8,50.5,0.0,1.2,0.0,0.1,3.9,3.65,12.9,86.3
0500000US51595,2.5,72.3,6.1,44.5,2.9,75.4,34.1,4.7,15.8,7.9,18.3,64.3,0.0,0.6,0.0,0.0,8.9,3.55,19.4,84.2
0500000US51600,30.6,47.4,38.4,29.1,3.3,75.7,3.1,8.5,9.1,18.9,51.1,6.3,0.1,18.4,0.0,1.0,4.1,2.14,9.3,62.9
0500000US51610,16.6,36.3,21.1,27.4,5.0,69.2,1.5,1.7,4.0,10.8,68.0,3.5,0.0,9.1,0.0,1.3,7.2,0.97,4.6,54.9
0500000US51620,0.8,80.6,1.7,43.4,7.9,77.4,28.5,2.9,19.3,3.2,37.7,54.8,0.0,0.0,0.0,0.0,4.2,1.62,13.8,88.5
0500000US51630,12.1,61.9,18.9,30.7,5.1,73.2,10.7,7.7,13.2,12.6,54.7,19.4,0.1,3.9,0.0,0.7,8.6,7.66,7.8,75.5
0500000US51640,5.5,54.7,10.0,44.0,5.1,74.5,22.1,6.8,31.1,14.1,76.8,4.9,0.2,0.3,0.0,0.4,3.3,3.93,15.6,94.0
0500000US51650,5.9,27.7,8.3,34.8,6.3,71.9,16.1,7.0,12.7,6.9,35.2,48.1,0.2,2.2,0.0,0.9,6.3,2.74,7.0,84.4
0500000US51660,17.8,61.8,28.4,38.1,6.9,77.4,10.9,10.5,25.7,23.6,60.8,7.2,0.0,3.5,0.0,0.7,4.2,14.06,15.7,81.5
0500000US51670,4.6,55.6,8.6,36.8,9.2,77.7,25.1,7.9,21.8,8.9,40.7,41.6,0.0,1.1,0.0,0.1,7.6,1.03,11.3,87.1
0500000US51678,5.8,59.0,10.7,57.3,0.6,76.3,17.7,5.3,14.0,6.3,78.2,5.8,0.3,3.5,0.0,0.0,5.9,42.66,8.9,59.5
0500000US51680,4.8,58.3,7.8,41.1,5.3,83.1,15.2,6.0,18.6,5.1,59.9,27.0,0.1,2.2,0.2,1.2,4.4,13.62,9.0,75.4
0500000US51683,32.4,54.8,50.0,27.8,3.8,76.4,6.3,19.2,7.7,43.9,33.3,11.8,0.1,5.6,0.0,0.3,5.1,0.16,19.0,82.0
0500000US51685,36.8,49.7,55.5,24.6,5.5,76.4,10.1,22.1,5.1,46.8,26.4,13.6,0.0,10.2,0.0,0.0,3.0,0.04,22.8,84.1
0500000US51690,7.4,77.0,12.2,42.8,2.9,84.2,24.1,8.3,23.5,8.6,41.7,43.9,0.0,2.9,0.0,0.4,2.5,3.18,11.3,86.4
0500000US51700,7.7,43.2,10.7,32.9,5.8,77.0,15.5,8.3,14.5,10.8,39.2,40.6,0.2,3.3,0.1,0.8,5.0,3.61,8.0,82.7
0500000US51710,7.9,46.0,11.8,30.2,5.7,75.6,17.0,9.1,16.5,10.1,41.2,38.9,0.3,3.6,0.1,0.5,5.3,8.38,9.8,80.1
0500000US51720,0.3,0.0,2.6,52.4,3.8,83.7,29.7,10.3,26.3,3.1,91.6,2.2,0.0,0.3,0.0,0.0,2.8,1.06,5.8,74.2
0500000US51730,4.5,55.9,8.1,36.6,10.0,74.3,22.6,6.5,21.7,6.5,14.4,74.2,0.1,1.3,0.1,0.2,3.3,1.61,13.3,82.2
0500000US51735,3.9,37.6,4.1,34.3,3.2,75.6,1.9,2.3,4.5,4.2,87.3,1.9,0.1,1.7,0.0,0.6,4.2,0.56,2.5,86.8
0500000US51740,3.3,45.5,5.3,36.2,6.6,72.6,19.9,7.4,17.3,5.4,35.4,50.2,0.2,1.6,0.0,0.7,6.5,2.8,11.0,83.4
0500000US51750,2.1,54.6,3.7,39.0,8.1,75.6,13.2,4.9,28.7,4.4,80.9,9.2,0.0,2.4,0.0,0.3,2.7,18.61,6.2,84.2
0500000US51760,8.4,68.6,12.1,31.7,5.7,78.6,15.1,8.8,18.2,10.7,41.4,40.6,0.1,2.1,0.0,0.5,4.6,4.54,9.8,70.9
0500000US51770,8.0,65.6,10.9,37.9,5.6,83.4,16.9,9.8,18.3,9.0,55.3,27.7,0.1,3.1,0.1,0.6,4.1,1.77,10.3,81.9
0500000US51775,4.5,65.6,4.8,40.1,3.6,80.4,7.8,4.3,10.2,4.8,81.6,8.7,0.2,2.0,0.0,0.8,2.0,8.92,5.8,83.6
0500000US51790,3.5,52.8,5.5,40.4,5.3,74.1,13.0,6.4,12.4,4.8,78.3,10.3,0.1,1.4,0.0,0.2,4.9,6.66,6.1,85.5
0500000US51800,4.4,41.2,6.3,34.7,5.0,71.4,10.0,6.4,9.4,5.2,45.8,41.6,0.1,1.8,0.0,0.9,4.6,0.93,8.8,86.7
0500000US51810,9.2,35.7,12.2,31.5,4.0,74.9,6.6,6.3,8.6,9.1,58.8,18.2,0.1,7.1,0.1,0.6,6.0,1.7,5.3,81.4
0500000US51820,6.7,53.9,9.8,35.9,5.1,81.0,14.2,10.3,11.2,9.7,71.6,10.9,0.1,1.8,0.0,0.0,5.9,0.99,10.9,85.0
0500000US51830,10.2,51.8,14.8,51.3,6.8,78.8,7.9,6.2,18.8,8.3,67.2,14.3,0.2,6.6,0.0,0.1,3.2,30.47,6.5,65.0
0500000US51840,12.1,72.2,19.6,35.0,6.4,81.8,11.7,12.3,21.5,21.0,61.4,7.7,0.1,2.2,0.0,0.8,6.9,3.91,12.5,78.1
0500000US53001,24.5,80.6,53.6,40.0,3.6,76.0,18.9,16.0,19.5,64.5,31.1,0.2,0.2,0.6,0.1,0.7,2.6,1.8,34.1,86.3
0500000US53003,2.7,61.6,3.6,45.3,5.0,76.9,18.6,6.0,14.2,4.6,87.1,0.9,1.0,1.1,0.0,0.7,4.6,0.93,7.9,85.8
0500000US53005,11.4,56.5,21.6,38.4,5.3,77.4,14.8,7.9,11.0,25.6,64.6,1.6,0.4,3.0,0.2,0.6,3.9,1.12,10.6,84.0
0500000US53007,14.0,65.7,25.3,40.4,3.7,78.2,12.0,10.5,8.3,29.0,65.0,0.4,0.6,0.8,0.1,0.6,3.4,2.15,13.2,82.4
0500000US53009,4.5,33.3,6.1,52.4,5.1,70.1,13.0,6.7,10.6,6.8,80.2,0.8,3.3,1.7,0.0,0.4,6.7,1.91,6.2,80.3
0500000US53011,11.0,41.5,16.5,35.8,5.3,80.1,12.1,6.7,8.0,12.3,72.5,2.1,0.3,5.0,0.8,0.6,6.4,0.77,7.4,76.6
0500000US53013,5.0,82.6,7.7,45.1,3.9,64.2,14.1,7.8,9.3,8.3,81.2,0.5,0.3,1.9,0.0,0.2,7.5,1.59,10.3,78.9
0500000US53015,4.3,56.0,7.9,43.3,5.9,79.2,17.7,6.2,12.2,10.5,79.6,0.6,0.8,1.2,0.4,0.6,6.3,1.01,10.1,89.6
0500000US53017,15.9,72.8,27.7,36.9,3.9,81.4,14.3,13.3,8.3,35.5,57.9,0.4,0.5,0.8,0.3,0.3,4.4,1.87,17.5,84.5
0500000US53019,2.5,63.5,3.9,57.3,12.5,41.1,19.5,5.7,13.6,3.6,71.3,0.3,13.2,0.7,2.2,0.5,8.1,1.91,8.9,74.7
0500000US53021,20.8,65.3,49.5,34.2,5.4,76.7,18.8,13.2,13.1,55.3,37.1,1.9,0.2,1.7,0.2,0.6,3.1,3.06,22.6,88.8
0500000US53023,2.3,100.0,6.1,51.1,6.3,61.1,13.6,4.3,12.0,5.0,86.4,0.8,0.0,2.1,0.0,0.0,5.7,1.4,5.6,79.8
0500000US53025,16.1,76.4,35.6,37.7,6.5,71.7,16.5,13.6,15.8,43.9,49.2,1.2,0.6,0.8,0.0,0.2,4.1,3.13,18.6,85.6
0500000US53027,5.6,60.9,10.2,49.7,7.0,70.0,18.2,7.6,15.3,11.2,76.0,1.5,3.8,1.3,0.4,0.5,5.2,3.62,10.3,82.9
0500000US53029,8.0,35.0,9.4,44.0,4.3,71.1,7.7,4.5,7.7,8.7,75.4,2.2,0.6,4.9,0.4,0.3,7.5,2.62,4.2,78.7
0500000US53031,4.8,40.0,6.2,56.1,6.6,67.2,8.1,3.8,11.1,4.4,84.6,0.3,1.0,1.3,0.1,1.7,6.5,1.9,4.6,69.0
0500000US53033,25.8,52.2,31.1,30.1,4.8,82.7,8.2,5.2,8.6,11.0,52.9,6.4,0.4,20.5,0.7,0.6,7.3,1.79,6.2,57.4
0500000US53035,7.2,39.1,9.4,38.0,4.7,65.0,10.0,5.1,8.2,9.4,72.6,2.2,0.8,4.8,0.9,0.7,8.6,2.61,4.6,72.5
0500000US53037,4.8,54.8,7.8,38.6,6.3,70.0,12.3,5.8,14.4,10.5,79.3,1.1,0.3,1.7,0.1,0.9,6.1,3.38,6.6,77.9
0500000US53039,8.8,55.8,13.0,47.7,5.2,72.7,12.0,6.4,12.9,13.2,78.8,0.3,1.3,0.8,0.3,0.6,4.7,2.21,10.4,72.5
0500000US53041,5.3,55.1,8.7,44.2,5.3,74.6,16.4,6.3,12.2,11.5,79.9,0.7,1.0,1.1,0.2,0.7,4.9,0.96,8.7,85.3
0500000US53043,1.9,45.4,3.9,45.8,7.8,65.0,14.7,3.4,12.5,4.2,88.7,0.5,1.5,0.5,0.3,0.2,4.2,0.93,7.7,80.2
0500000US53045,7.0,64.2,10.5,50.7,6.6,64.9,15.2,6.7,12.3,12.8,74.9,1.0,1.4,1.0,0.2,1.1,7.7,2.44,9.4,82.6
0500000US53047,13.2,72.7,18.9,44.5,4.5,69.9,19.3,14.9,20.7,21.0,62.4,1.3,8.3,0.6,0.0,0.6,5.8,6.36,14.6,74.5
0500000US53049,5.3,53.0,9.9,51.9,5.2,65.3,15.1,5.7,10.4,9.9,79.4,0.5,1.9,1.6,0.1,1.1,5.5,1.07,9.1,75.1
0500000US53051,2.1,36.2,2.1,51.5,6.1,72.7,16.7,6.1,14.4,4.0,84.7,0.2,2.0,0.5,0.1,0.9,7.6,0.84,6.2,84.0
0500000US53053,10.9,42.6,16.3,33.7,5.2,77.2,12.3,5.9,8.8,12.8,61.4,7.0,0.6,6.8,1.6,0.6,9.2,2.33,7.5,80.4
0500000US53055,7.0,44.0,6.8,47.2,3.7,68.1,5.7,6.0,11.3,7.6,85.2,0.2,0.4,1.3,0.2,0.4,4.6,0.98,4.1,67.8
0500000US53057,9.0,52.7,16.0,41.6,4.9,76.3,12.4,6.4,11.6,19.3,70.9,0.7,1.0,2.1,0.2,0.7,5.2,1.39,8.3,84.1
0500000US53059,3.9,43.1,4.8,43.0,5.2,71.6,12.3,6.5,8.1,6.7,82.9,0.8,1.0,1.2,0.2,1.0,6.2,0.9,6.7,76.8
0500000US53061,19.3,49.1,24.4,32.7,4.5,81.4,8.8,6.2,8.0,12.1,62.0,3.6,0.6,13.6,0.5,0.7,6.9,1.2,6.9,74.1
0500000US53063,5.4,42.0,7.8,38.0,5.3,79.3,15.8,5.1,11.7,7.1,80.9,1.9,0.7,2.2,0.7,0.5,6.0,2.78,5.2,78.3
0500000US53065,1.9,27.5,2.9,50.3,5.3,70.2,15.0,5.6,12.0,4.2,83.8,0.3,3.8,0.8,0.3,1.0,5.8,0.52,8.2,85.7
0500000US53067,8.3,40.9,11.8,38.5,5.2,65.4,11.2,5.0,9.5,10.6,69.5,3.2,0.8,6.0,1.0,0.9,7.9,1.44,5.3,74.4
0500000US53069,2.3,22.9,1.9,58.1,3.5,65.1,6.9,4.3,17.8,5.6,84.9,0.8,0.2,1.7,0.0,0.0,6.8,0.62,6.5,73.4
0500000US53071,9.5,55.6,19.9,41.5,6.2,74.9,13.5,6.9,12.1,23.8,67.7,1.6,0.3,1.8,0.2,0.4,4.1,8.12,10.5,78.2
0500000US53073,9.9,44.1,12.5,36.9,4.8,76.5,11.7,5.8,12.9,10.6,75.7,0.9,1.6,4.4,0.2,0.4,6.2,2.14,6.2,76.7
0500000US53075,7.5,64.4,10.5,37.6,7.0,62.2,10.9,5.5,22.7,8.1,73.5,1.4,0.3,6.8,0.2,1.0,8.6,13.03,4.0,73.5
0500000US53077,18.2,66.9,42.3,37.8,7.3,78.2,22.6,12.7,15.5,52.4,39.4,0.6,2.3,1.1,0.4,0.4,3.5,1.55,23.2,90.2
0500000US54001,0.4,73.2,1.9,51.8,8.5,80.2,19.5,6.5,20.0,1.2,90.5,1.5,0.2,0.3,0.0,0.2,6.0,4.01,11.5,86.7
0500000US54003,5.0,35.9,5.8,33.8,4.7,76.0,11.6,5.9,11.1,6.4,79.7,7.1,0.1,1.0,0.0,0.8,5.0,0.88,9.1,87.8
0500000US54005,0.5,38.5,1.0,53.8,8.9,76.2,22.0,4.6,16.2,0.7,97.1,0.4,0.0,0.2,0.0,0.0,1.6,0.65,13.4,87.6
0500000US54007,0.1,16.7,0.3,57.1,9.4,72.5,22.0,8.5,20.4,0.6,86.5,0.6,0.0,0.1,0.0,0.2,12.1,3.6,15.5,83.0
0500000US54009,1.5,61.1,1.6,45.0,6.3,81.3,14.1,6.0,13.1,1.4,92.4,1.5,0.0,0.7,0.0,0.0,4.0,4.2,6.2,89.4
0500000US54011,1.7,48.9,3.0,42.9,5.1,74.8,16.7,6.8,19.2,1.8,88.8,4.1,0.1,1.2,0.0,0.2,3.9,5.04,9.4,85.3
0500000US54013,0.0,100.0,0.5,59.2,8.9,74.2,25.5,9.0,32.9,0.6,95.6,0.1,0.0,0.0,0.0,0.7,2.9,0.4,17.1,93.5
0500000US54015,0.0,0.0,0.0,56.4,11.9,67.5,32.6,5.8,26.4,0.2,96.8,0.1,0.1,0.0,0.0,0.0,2.9,0.78,15.1,91.3
0500000US54017,1.6,13.1,2.1,58.3,5.7,79.8,10.3,5.5,14.8,1.4,91.7,2.5,0.2,0.0,0.0,0.6,3.7,13.93,15.5,85.9
0500000US54019,0.3,36.9,0.4,51.9,5.6,79.9,19.6,8.0,19.2,1.4,91.4,4.1,0.0,0.1,0.0,0.3,2.6,3.13,13.1,89.3
0500000US54021,3.4,88.3,4.9,64.6,6.8,67.7,21.6,6.7,19.0,4.1,78.5,13.6,0.1,0.2,0.0,0.6,2.8,29.47,14.7,86.5
0500000US54023,0.7,35.4,1.1,44.9,3.3,70.4,16.6,4.6,13.3,0.7,95.8,1.7,0.0,0.2,0.0,0.0,1.6,1.27,10.4,89.5
0500000US54025,1.8,58.3,3.4,50.2,4.2,77.5,18.2,6.3,21.8,1.9,91.7,2.3,0.1,0.7,0.0,0.0,3.2,1.89,12.7,91.2
0500000US54027,1.6,8.1,1.4,48.2,9.0,67.6,14.7,6.6,13.1,1.7,93.2,1.0,0.1,0.0,0.0,0.6,3.4,2.4,11.5,87.5
0500000US54029,0.9,15.5,1.4,42.2,8.4,80.7,15.1,6.4,14.5,1.7,92.0,1.8,0.0,0.5,0.3,0.2,3.5,1.01,9.1,85.2
0500000US54031,2.1,85.6,4.2,44.0,7.3,72.8,19.2,7.8,17.7,4.6,88.7,4.7,0.0,0.1,0.0,0.5,1.3,0.6,15.1,85.4
0500000US54033,1.2,36.5,2.1,43.8,4.0,71.8,16.0,7.5,14.4,2.3,91.8,1.5,0.1,0.8,0.0,0.1,3.5,1.62,10.2,85.9
0500000US54035,2.1,51.9,2.2,51.1,5.1,74.5,19.2,6.2,18.5,1.1,95.6,0.1,0.0,0.4,0.1,0.4,2.3,0.6,10.4,86.6
0500000US54037,5.1,51.2,6.9,35.7,3.9,73.2,10.9,6.0,8.7,7.8,79.5,5.6,0.0,1.4,0.0,0.7,5.0,2.06,9.9,78.7
0500000US54039,2.0,41.3,2.3,44.2,5.6,75.7,15.8,4.9,15.7,1.6,85.9,4.8,0.1,1.1,0.1,0.3,6.1,1.77,8.6,85.0
0500000US54041,0.3,34.7,0.7,47.0,8.6,76.7,21.3,6.5,16.1,1.4,90.0,1.1,0.1,0.1,0.0,0.1,7.2,1.21,11.5,86.4
0500000US54043,0.5,48.4,0.6,59.4,5.9,75.2,24.0,5.8,23.2,0.8,96.3,0.0,0.1,0.5,0.0,0.0,2.2,0.37,18.0,89.8
0500000US54045,0.4,3.3,0.5,54.7,8.5,74.8,27.9,6.5,21.8,0.8,95.6,2.0,0.0,0.3,0.0,0.0,1.3,2.6,16.2,92.3
0500000US54047,1.6,80.7,2.4,72.9,8.2,70.5,36.5,8.8,34.2,2.1,86.5,8.8,0.1,0.1,0.0,0.0,2.5,12.17,24.5,92.6
0500000US54049,0.8,62.7,1.7,40.9,4.8,76.2,15.5,6.7,13.6,1.6,91.0,2.5,0.0,0.6,0.0,0.3,3.9,2.56,7.2,84.7
0500000US54051,0.6,25.9,2.0,46.1,4.3,76.2,21.2,5.6,16.8,1.2,92.9,0.3,0.1,0.3,0.1,1.0,4.1,2.51,7.5,90.1
0500000US54053,0.2,43.5,0.6,53.6,3.8,76.7,18.4,6.1,19.4,0.6,95.4,1.0,0.0,0.4,0.0,0.3,2.3,2.4,12.8,93.2
0500000US54055,0.6,48.1,1.9,49.2,2.7,75.6,21.6,4.9,16.5,1.3,88.6,4.1,0.4,0.2,0.0,0.3,5.2,2.33,11.4,88.9
0500000US54057,0.5,51.5,1.6,46.0,6.6,71.7,17.0,4.9,14.0,1.2,92.4,1.3,0.4,0.1,0.0,0.5,4.0,2.17,5.8,87.0
0500000US54059,0.2,37.8,0.7,64.1,11.5,78.9,36.5,6.8,32.4,0.8,95.0,2.0,0.0,0.0,0.0,0.1,2.1,0.37,21.0,92.1
0500000US54061,5.4,52.5,6.6,36.1,4.7,74.2,9.3,5.3,19.7,3.2,85.8,3.1,0.1,3.5,0.0,0.7,3.7,5.96,5.4,79.2
0500000US54063,0.1,10.0,0.2,51.7,4.8,75.0,12.0,7.1,14.0,0.6,94.1,1.5,0.0,0.0,0.0,0.7,3.1,0.6,12.4,90.9
0500000US54065,1.2,38.4,1.8,43.1,3.9,74.8,14.0,6.1,11.2,1.8,93.1,0.0,0.0,0.7,0.1,0.6,3.8,1.02,11.0,89.2
0500000US54067,1.6,21.6,0.8,53.3,5.9,77.9,19.3,5.8,15.4,1.1,96.3,0.5,0.0,0.2,0.0,0.0,1.8,0.56,9.7,92.6
0500000US54069,2.5,47.0,3.7,42.0,6.0,82.1,18.5,5.1,17.7,1.7,89.8,3.3,0.1,0.5,0.0,0.1,4.5,5.22,7.3,85.7
0500000US54071,0.1,100.0,1.2,48.7,6.3,67.5,13.5,6.8,16.6,2.2,94.4,1.4,0.1,0.2,0.0,0.0,1.6,1.64,10.8,86.6
0500000US54073,0.5,0.0,0.5,45.5,8.5,77.6,16.3,10.4,11.6,2.1,94.4,0.4,0.3,0.0,0.0,0.0,2.8,5.31,10.6,87.1
0500000US54075,0.6,22.7,0.7,56.9,11.9,66.8,21.7,6.1,22.5,1.7,93.7,0.5,0.0,0.1,0.0,0.5,3.5,4.38,14.3,84.6
0500000US54077,1.6,71.7,2.0,50.2,5.3,74.3,17.2,7.9,13.8,1.9,87.3,6.5,0.3,0.4,0.0,0.2,3.5,11.12,13.8,88.9
0500000US54079,1.4,50.3,1.5,40.5,3.1,79.6,12.9,5.6,10.6,1.5,93.6,0.9,0.0,0.8,0.0,0.4,2.7,0.56,6.0,88.1
0500000US54081,1.5,46.6,2.7,52.0,5.0,75.6,19.3,4.2,22.8,1.8,86.9,6.7,0.0,0.9,0.0,0.2,3.5,4.56,14.1,88.9
0500000US54083,0.5,19.2,1.1,49.0,7.4,73.2,16.6,7.1,15.9,1.1,89.9,1.4,0.1,0.0,0.0,0.0,7.5,8.39,11.7,84.7
0500000US54085,1.4,59.2,3.4,52.3,2.4,68.7,15.9,7.8,21.6,0.7,96.5,0.1,0.0,1.3,0.0,0.0,1.4,0.43,14.7,88.9
0500000US54087,0.5,41.9,1.1,57.2,9.1,71.8,21.8,7.9,19.1,1.2,95.0,0.0,0.1,0.2,0.0,0.1,3.3,0.7,15.5,91.8
0500000US54089,1.0,20.2,3.5,64.2,2.2,61.4,23.0,6.6,23.8,1.3,90.2,6.1,0.2,0.0,0.0,0.5,1.7,7.51,16.8,93.3
0500000US54091,0.4,0.0,0.6,46.4,7.5,74.0,20.2,5.1,13.9,1.0,94.9,0.6,0.1,0.0,0.0,0.0,3.3,2.32,12.1,92.0
0500000US54093,0.9,20.7,1.8,49.6,6.1,69.2,12.8,5.3,15.3,0.5,96.9,0.0,0.0,0.0,0.0,0.0,2.6,2.07,9.4,82.3
0500000US54095,0.6,0.0,1.0,54.5,7.0,73.9,19.5,7.9,20.2,1.1,93.9,0.9,0.1,0.0,0.0,0.0,4.1,0.99,9.5,91.7
0500000US54097,0.9,60.6,1.5,50.8,5.7,76.1,19.0,6.3,19.2,1.5,91.8,1.2,0.0,0.4,0.0,0.8,4.3,5.84,11.5,84.0
0500000US54099,0.6,81.9,1.3,49.2,4.9,74.1,18.3,4.7,14.6,0.9,95.7,1.0,0.0,0.0,0.0,0.2,2.2,0.52,12.5,89.3
0500000US54101,0.0,-666666666.0,0.4,56.0,9.2,79.0,32.6,5.8,23.3,0.8,93.2,0.1,0.0,0.0,0.0,0.1,5.8,0.75,18.4,92.1
0500000US54103,0.4,52.9,0.7,52.1,5.4,75.4,19.9,3.7,16.0,1.4,93.7,0.2,0.0,0.0,0.0,0.5,4.1,1.06,8.9,90.1
0500000US54105,0.2,0.0,1.4,52.5,4.9,78.2,18.3,6.9,16.8,0.0,96.4,0.0,0.0,0.2,0.0,0.2,3.2,0.0,10.1,86.1
0500000US54107,1.0,32.8,1.1,43.8,5.4,79.0,17.6,6.2,14.7,1.5,93.6,1.1,0.1,0.4,0.1,0.2,3.0,1.31,8.8,86.1
0500000US54109,0.2,55.3,0.9,60.2,5.7,67.2,24.1,7.0,22.6,0.8,96.8,0.3,0.0,0.1,0.0,0.0,2.0,0.62,22.1,93.2
0500000US55001,3.3,46.4,4.2,52.4,4.5,79.1,14.6,4.6,14.1,4.4,87.6,2.0,0.5,0.6,0.0,0.5,4.3,3.42,10.6,87.6
0500000US55003,2.2,48.4,3.5,40.3,3.8,72.2,14.3,6.4,13.4,3.0,81.3,0.5,9.3,0.7,0.0,0.1,5.1,3.76,4.5,81.1
0500000US55005,2.0,52.3,4.0,37.9,2.8,78.4,11.5,6.2,11.0,3.2,90.8,1.3,0.3,0.6,0.0,0.4,3.4,1.5,8.3,86.8
0500000US55007,1.1,38.5,3.1,47.1,3.6,70.8,11.6,5.3,9.8,2.1,83.7,0.7,7.4,0.4,0.0,0.2,5.4,0.63,4.0,80.8
0500000US55009,5.4,58.2,10.2,32.1,2.6,85.1,10.5,5.1,9.1,10.3,77.3,2.4,1.5,3.3,0.0,0.4,4.8,2.64,6.4,84.0
0500000US55011,1.7,61.4,2.8,37.2,2.9,79.7,10.5,4.2,8.4,2.9,93.6,0.4,0.1,0.2,0.0,0.1,2.6,0.99,7.3,85.1
0500000US55013,1.4,14.8,2.0,50.0,4.9,77.5,12.5,6.0,12.8,2.0,89.6,0.9,2.8,0.5,0.0,0.4,3.8,0.76,6.4,82.6
0500000US55015,4.0,43.5,6.0,31.3,2.1,84.5,6.1,2.6,5.9,5.7,87.5,0.9,0.2,2.6,0.0,0.4,2.7,0.37,4.9,83.2
0500000US55017,1.4,28.6,3.7,36.8,3.1,80.8,11.8,4.4,10.2,2.0,92.4,1.4,0.4,1.3,0.0,0.1,2.4,4.31,6.3,84.6
0500000US55019,3.2,82.0,18.3,35.7,3.7,75.9,10.5,22.5,12.1,6.4,90.5,0.3,0.1,0.4,0.0,0.2,2.1,1.39,17.1,78.3
0500000US55021,2.4,45.3,4.5,34.3,3.1,78.4,8.9,5.0,7.8,4.1,90.3,1.6,0.4,0.8,0.0,0.2,2.6,2.75,6.0,83.9
0500000US55023,2.5,38.5,3.8,47.0,3.1,73.8,10.9,7.0,13.8,2.0,92.7,1.6,0.2,0.5,0.1,0.2,2.8,5.24,7.2,87.4
0500000US55025,9.0,58.2,11.5,29.7,2.4,75.5,8.1,3.6,10.6,7.8,75.8,5.1,0.1,6.1,0.0,0.4,4.6,2.8,3.6,69.4
0500000US55027,2.4,57.6,5.4,36.2,3.8,83.0,10.7,4.1,8.5,6.7,87.3,2.5,0.3,0.5,0.0,0.2,2.5,5.18,7.3,87.7
0500000US55029,3.0,51.0,4.3,43.0,2.4,75.9,7.8,3.5,7.7,4.2,91.5,0.0,0.4,0.5,0.0,0.0,3.4,1.16,3.6,81.5
0500000US55031,1.8,45.5,2.2,37.9,3.1,80.1,12.5,4.0,10.8,1.9,89.7,0.8,1.1,0.7,0.0,0.3,5.3,2.91,5.6,85.5
0500000US55033,2.2,44.3,4.4,32.7,4.4,78.4,12.7,4.9,10.7,2.5,90.5,0.9,0.1,3.1,0.0,0.4,2.6,6.99,5.4,83.1
0500000US55035,3.3,51.5,6.7,31.0,3.0,83.0,11.1,6.2,11.8,3.2,87.2,1.2,0.2,4.1,0.1,0.4,3.5,3.89,4.1,82.3
0500000US55037,0.4,5.6,0.9,50.0,4.8,72.1,13.3,5.8,7.3,0.5,94.9,0.3,1.6,0.0,0.0,0.0,2.8,1.16,7.6,85.7
0500000US55039,3.7,55.2,6.0,35.7,3.2,84.3,9.5,4.1,9.2,6.8,86.0,1.7,0.1,1.8,0.0,0.5,3.0,3.43,6.9,86.9
0500000US55041,0.7,39.4,2.7,50.2,2.9,61.0,15.0,7.7,15.2,2.2,77.7,0.4,10.6,0.1,0.1,1.4,7.5,1.94,9.7,87.1
0500000US55043,1.5,50.4,4.7,36.6,3.1,74.5,10.6,8.0,13.0,2.6,93.0,1.5,0.1,0.7,0.0,0.2,1.9,7.27,6.5,81.0
0500000US55045,2.0,41.2,3.8,33.1,3.6,79.2,8.2,3.8,7.7,4.2,92.0,0.8,0.1,0.6,0.0,0.2,2.1,1.06,6.1,85.2
0500000US55047,1.9,41.6,8.7,41.6,2.8,80.0,11.7,9.0,13.8,5.6,90.5,0.5,0.3,1.1,0.1,0.2,1.6,1.72,8.6,82.8
0500000US55049,1.6,62.6,2.3,32.1,3.1,78.8,9.5,3.4,7.6,2.3,92.4,0.8,0.1,0.9,0.0,0.3,3.3,1.03,4.8,80.6
0500000US55051,1.5,19.8,2.4,47.4,2.5,70.7,12.1,6.1,10.5,1.6,92.9,0.0,0.2,0.5,0.0,0.0,4.7,1.66,4.8,89.6
0500000US55053,1.6,39.5,4.8,42.8,4.7,73.8,15.3,6.8,12.4,3.7,85.3,1.9,4.5,0.5,0.1,0.5,3.6,5.99,7.9,88.0
0500000US55055,3.7,69.4,6.3,31.7,3.6,80.8,9.2,4.8,8.1,8.5,87.0,0.9,0.1,0.6,0.0,0.3,2.7,3.78,7.1,85.0
0500000US55057,2.3,32.9,3.4,43.3,3.8,74.2,14.9,5.4,13.0,3.0,87.4,2.3,0.6,0.6,0.0,0.3,5.9,6.94,9.7,87.9
0500000US55059,7.4,47.3,13.1,33.1,4.4,82.3,12.2,5.7,10.5,15.2,71.5,5.9,0.1,1.8,0.0,0.7,4.7,2.33,8.0,85.5
0500000US55061,2.5,52.9,4.7,36.1,1.5,80.8,5.2,3.9,7.6,4.1,92.0,0.4,0.1,0.5,0.0,0.3,2.6,0.86,5.5,86.3
0500000US55063,3.0,24.3,6.7,33.4,3.1,83.0,9.3,4.4,12.4,2.7,87.4,1.5,0.2,4.5,0.0,0.3,3.4,4.01,3.5,82.3
0500000US55065,4.2,76.3,8.4,34.7,2.9,73.7,8.7,10.5,11.9,7.1,89.7,0.4,0.1,0.5,0.0,0.4,1.8,0.75,8.5,82.1
0500000US55067,1.1,53.6,2.2,43.0,3.5,81.7,13.4,5.1,13.5,2.5,91.5,0.4,0.7,0.2,0.0,0.0,4.7,1.44,9.0,88.1
0500000US55069,1.9,31.9,2.4,41.5,3.2,78.5,13.1,4.7,10.6,2.3,93.0,0.5,0.1,0.4,0.0,0.5,3.1,1.99,7.6,85.1
0500000US55071,2.9,54.3,5.9,38.1,2.6,85.0,10.3,4.1,9.6,5.5,87.3,0.8,0.2,2.4,0.1,0.4,3.4,1.63,7.7,87.7
0500000US55073,4.3,43.6,7.6,33.1,2.9,83.7,9.9,5.8,8.7,3.5,86.2,0.6,0.1,5.7,0.0,0.3,3.6,1.21,6.7,83.7
0500000US55075,1.8,56.1,3.4,43.3,3.4,79.7,12.1,4.2,9.8,2.9,93.4,0.5,0.1,0.3,0.0,0.1,2.6,1.97,6.9,87.5
0500000US55077,1.8,55.1,3.6,44.6,2.7,77.1,11.9,5.5,13.1,3.7,92.3,0.5,0.2,0.5,0.0,0.2,2.6,1.14,7.8,86.7
0500000US55078,0.2,0.0,7.6,49.2,10.0,50.7,26.0,20.5,21.7,5.1,13.0,0.8,79.0,0.0,0.0,0.0,2.1,1.22,5.2,84.8
0500000US55079,9.9,54.7,18.6,34.9,4.8,84.7,20.5,7.2,17.2,17.0,48.1,25.4,0.3,4.8,0.0,0.3,4.1,2.08,10.5,77.4
0500000US55081,2.6,58.6,9.0,36.7,3.2,74.2,14.0,8.9,11.7,5.8,88.1,1.5,0.7,0.8,0.0,0.1,3.1,1.84,9.2,85.6
0500000US55083,1.1,38.1,1.9,39.2,2.0,80.8,9.0,3.5,8.2,2.3,93.3,0.1,1.0,0.2,0.0,0.1,2.9,0.96,6.5,84.3
0500000US55085,1.5,49.6,2.0,45.4,2.0,78.5,7.9,4.2,8.5,1.7,93.4,0.5,0.7,0.5,0.0,0.1,3.1,1.55,4.0,85.1
0500000US55087,4.3,47.1,7.6,30.9,2.7,85.2,8.2,4.0,6.3,5.3,84.9,1.5,0.9,3.7,0.0,0.2,3.5,1.7,5.0,84.9
0500000US55089,5.0,31.9,5.8,34.3,2.8,85.3,5.0,2.5,5.0,3.7,89.2,1.5,0.1,2.2,0.0,0.3,3.0,2.06,2.2,80.4
0500000US55091,1.8,50.4,6.1,38.5,3.1,74.9,9.9,9.1,10.2,2.7,94.1,0.4,0.1,0.6,0.0,0.4,1.6,1.09,5.9,79.1
0500000US55093,2.2,42.5,3.1,31.4,3.2,81.5,5.9,3.1,9.8,3.0,91.3,0.6,0.1,1.2,0.1,0.3,3.4,5.9,3.7,81.5
0500000US55095,1.2,38.2,2.1,38.9,3.4,79.3,9.7,6.2,8.2,2.2,93.0,0.2,0.4,0.5,0.0,0.3,3.4,1.12,5.9,84.9
0500000US55097,3.1,39.5,4.8,33.7,3.2,81.9,8.0,4.8,10.1,4.2,89.0,0.8,0.1,2.9,0.0,0.2,2.9,4.15,5.5,81.8
0500000US55099,1.2,50.6,2.1,47.6,2.9,78.7,13.2,5.8,11.9,1.8,93.1,0.1,0.5,0.6,0.1,0.2,3.6,1.23,6.1,87.0
0500000US55101,4.9,54.9,9.1,35.6,4.4,83.2,12.3,5.7,10.3,15.1,68.6,10.3,0.2,1.1,0.1,0.4,4.2,2.52,7.5,86.0
0500000US55103,2.6,50.8,6.8,39.9,3.6,78.8,14.3,7.0,14.5,3.3,92.1,0.3,0.1,0.9,0.0,0.6,2.8,2.1,7.3,87.4
0500000US55105,4.6,58.3,8.8,34.8,3.8,82.9,12.9,5.5,9.3,10.1,79.6,4.6,0.0,1.1,0.0,0.3,4.2,1.63,7.4,87.3
0500000US55107,1.1,43.9,2.4,44.4,5.4,78.8,16.2,5.7,13.1,2.1,93.1,1.2,0.3,0.4,0.0,0.2,2.8,1.28,7.1,88.3
0500000US55109,2.3,46.0,3.3,31.0,2.6,80.1,6.2,4.1,6.6,3.1,91.4,0.7,0.1,1.1,0.0,0.4,3.3,0.97,3.1,80.7
0500000US55111,3.9,56.9,8.1,33.2,2.3,80.8,10.1,6.0,8.1,6.8,86.3,0.8,0.5,0.4,0.0,0.8,4.4,1.17,7.4,86.0
0500000US55113,1.6,64.8,3.5,47.4,6.0,73.5,13.7,6.5,15.6,2.4,76.9,0.6,12.9,0.6,0.0,0.4,6.2,2.66,6.3,82.2
0500000US55115,1.4,41.5,3.3,39.8,2.6,78.9,11.0,6.1,11.1,3.3,84.6,0.6,5.6,0.6,0.0,0.5,4.7,1.41,6.5,85.7
0500000US55117,5.8,44.0,9.6,35.2,2.7,85.1,8.8,4.0,8.5,7.8,80.8,2.1,0.1,5.8,0.1,0.2,3.1,2.71,6.5,85.0
0500000US55119,1.8,70.6,5.6,37.6,2.6,81.1,9.3,7.4,9.6,3.0,93.8,0.3,0.1,0.3,0.1,0.5,1.8,0.78,8.6,85.9
0500000US55121,5.3,87.5,11.0,33.2,2.3,78.8,9.1,8.7,9.9,13.0,83.9,0.3,0.2,0.5,0.0,0.1,2.1,1.25,9.3,87.8
0500000US55123,0.9,51.4,11.3,40.5,2.5,78.1,9.1,15.0,13.1,1.8,94.3,0.3,0.0,0.2,0.0,0.4,3.1,1.38,9.7,81.4
0500000US55125,1.7,21.4,2.4,46.1,4.0,70.0,9.9,5.6,11.1,2.3,84.8,0.3,8.1,0.4,0.0,0.2,3.9,0.99,3.4,82.9
0500000US55127,6.2,54.4,10.7,34.2,2.9,82.5,7.7,5.7,9.4,12.1,83.1,0.7,0.1,0.8,0.0,0.3,2.8,2.83,7.0,84.3
0500000US55129,1.5,39.7,2.7,46.1,3.9,78.4,11.5,5.3,11.5,2.1,92.4,0.2,1.0,0.5,0.0,0.2,3.6,1.31,6.0,84.4
0500000US55131,2.9,43.0,4.2,31.9,2.5,85.4,5.1,2.8,5.8,3.8,90.2,1.3,0.1,1.4,0.0,0.3,2.9,0.67,4.2,84.2
0500000US55133,5.5,41.6,7.7,33.4,2.3,85.6,4.4,3.1,5.2,5.7,85.0,1.5,0.1,3.9,0.0,0.5,3.2,1.02,2.8,81.2
0500000US55135,1.3,53.2,3.7,38.5,2.8,80.5,10.0,5.9,10.4,3.9,92.4,0.5,0.2,0.3,0.0,0.2,2.6,2.4,7.5,87.9
0500000US55137,2.6,53.5,8.6,45.3,3.9,77.7,12.4,9.1,10.9,7.0,87.2,1.8,0.3,0.4,0.0,0.3,2.8,3.74,9.9,87.3
0500000US55139,3.5,48.8,5.9,34.2,2.2,83.6,9.6,4.5,11.3,5.1,84.9,2.7,0.3,3.2,0.0,0.4,3.4,3.93,5.6,84.7
0500000US55141,2.2,58.7,3.8,38.1,4.0,82.2,13.2,4.5,10.8,3.7,90.2,0.6,0.2,1.7,0.0,0.3,3.1,1.46,5.5,85.7
0500000US56001,7.4,73.5,11.6,30.4,3.7,62.0,4.1,7.3,20.9,10.6,79.9,1.0,0.2,3.6,0.1,0.1,4.4,6.95,2.8,73.2
0500000US56003,3.2,50.8,6.5,41.5,3.3,71.9,5.3,13.2,12.7,9.7,85.0,0.7,0.3,0.5,0.5,0.3,3.1,2.22,11.0,87.0
0500000US56005,3.5,56.7,7.9,30.8,3.5,76.1,3.4,13.2,9.4,9.7,84.2,0.3,0.8,0.2,0.0,0.2,4.6,1.17,8.0,89.8
0500000US56007,4.2,60.7,10.3,41.1,5.0,66.1,4.6,12.2,12.2,18.3,75.4,1.4,0.7,0.2,0.0,0.2,3.9,4.05,9.3,88.5
0500000US56009,2.0,37.8,1.6,33.6,4.2,70.9,6.7,12.1,10.6,8.2,87.2,0.6,0.0,0.2,0.0,0.0,3.8,0.62,5.3,85.8
0500000US56011,1.1,57.5,3.3,36.4,0.6,71.7,0.6,11.4,6.0,2.1,92.9,0.0,0.1,0.2,0.2,0.1,4.3,0.6,7.0,83.6
0500000US56013,1.7,41.9,5.7,38.8,7.4,61.6,8.1,17.5,12.8,6.9,68.7,0.5,17.5,0.3,0.1,0.8,5.1,2.47,6.3,83.5
0500000US56015,1.7,81.8,6.4,45.9,3.5,67.7,7.4,11.7,14.7,10.2,84.5,0.2,0.7,0.6,0.2,0.4,3.2,7.64,5.8,79.1
0500000US56017,1.7,25.6,1.9,44.3,2.9,60.9,7.9,11.8,14.7,4.0,89.5,0.0,0.3,0.3,0.0,0.6,5.3,1.99,4.6,83.3
0500000US56019,2.5,55.9,3.4,41.0,3.1,60.7,1.5,9.3,9.1,4.3,90.0,0.0,1.7,0.5,0.0,0.6,2.9,1.61,5.9,72.5
0500000US56021,3.3,39.8,6.7,33.4,3.7,67.4,5.4,9.5,8.9,15.8,74.9,2.1,0.4,1.0,0.1,1.6,4.1,1.4,5.0,87.9
0500000US56023,2.9,38.3,5.1,35.1,2.0,73.7,4.4,11.9,7.5,5.5,90.8,0.0,0.3,0.3,0.0,0.3,2.7,0.42,4.4,84.9
0500000US56025,2.3,42.3,5.4,33.5,4.1,76.7,6.5,10.7,9.6,9.5,84.6,0.5,0.3,0.6,0.0,0.5,4.1,1.68,6.5,86.6
0500000US56027,0.0,-666666666.0,1.1,45.1,2.5,47.0,4.5,5.9,12.0,5.6,87.0,3.5,2.0,0.0,0.0,0.1,1.8,9.04,5.0,84.5
0500000US56029,1.8,33.0,3.7,38.3,2.2,69.7,3.6,10.9,8.9,6.0,86.9,0.2,0.2,0.4,0.1,2.2,3.9,3.39,5.0,81.6
0500000US56031,0.6,89.8,7.4,47.6,4.6,66.1,4.9,21.5,7.7,8.8,85.0,0.3,0.4,0.0,0.4,0.1,4.9,1.23,7.1,85.6
0500000US56033,2.1,57.2,3.5,37.2,2.2,69.3,3.7,9.3,10.2,5.0,89.2,0.7,0.6,1.0,0.0,0.5,3.0,2.73,3.8,86.4
0500000US56035,2.2,30.7,2.5,36.4,2.3,74.3,2.5,8.0,6.9,7.3,86.5,0.1,0.2,0.0,0.0,0.5,5.3,0.6,4.2,79.3
0500000US56037,5.3,66.3,8.8,33.3,5.6,78.2,7.4,12.8,12.9,16.8,76.8,1.3,0.5,0.5,0.0,0.8,3.3,1.3,7.2,89.6
0500000US56039,13.7,64.8,19.1,22.4,1.8,82.7,1.3,9.3,5.7,15.3,77.6,0.4,0.3,1.6,0.0,0.9,4.0,3.81,3.1,66.5
0500000US56041,2.5,44.2,5.9,35.7,3.2,68.5,6.8,10.7,9.2,10.1,85.8,0.6,0.1,0.2,0.0,0.1,3.1,0.99,5.8,89.8
0500000US56043,2.9,59.1,7.7,37.8,2.7,68.9,7.6,12.8,8.8,14.1,80.6,0.1,0.2,0.3,0.0,0.3,4.4,2.08,8.4,85.1
0500000US56045,1.9,90.6,4.2,43.0,1.0,68.5,2.7,13.8,9.0,5.3,85.2,0.0,1.7,0.5,0.0,0.5,6.7,5.51,9.1,80.8
