GEO_ID,gini_index,pct_republican_vote,task_force_model,warrant_service_officer,jail_enforcement_model
0500000US01001,0.4752,72.4303,1,1,1
0500000US01003,0.4558,78.363,1,0,0
0500000US01005,0.4957,56.8848,0,0,0
0500000US01007,0.4367,81.7976,0,0,0
0500000US01009,0.4309,90.0259,1,0,0
0500000US01011,0.5067,26.7818,0,0,0
0500000US01013,0.5094,60.9906,0,0,0
0500000US01015,0.4571,71.7571,0,0,0
0500000US01017,0.4403,61.1513,0,0,0
0500000US01019,0.4699,87.3289,1,1,0
0500000US01021,0.4236,85.6145,0,0,0
0500000US01023,0.4555,61.6436,0,0,0
0500000US01025,0.5318,58.2455,1,0,0
0500000US01027,0.4447,84.7347,0,0,0
0500000US01029,0.4441,91.3345,0,0,0
0500000US01031,0.4458,78.3861,0,0,0
0500000US01033,0.4541,72.5847,1,1,1
0500000US01035,0.5089,56.5692,0,0,0
0500000US01037,0.3977,71.3364,0,0,0
0500000US01039,0.4876,85.8555,0,0,0
0500000US01041,0.5135,77.0891,0,1,0
0500000US01043,0.4536,89.7047,0,0,0
0500000US01045,0.4728,75.6361,0,0,0
0500000US01047,0.5024,33.3826,0,0,0
0500000US01049,0.4587,86.4228,1,0,0
0500000US01051,0.4334,75.3748,0,0,1
0500000US01053,0.4649,72.7686,0,0,0
0500000US01055,0.4619,77.2764,1,0,1
0500000US01057,0.4942,85.5299,0,0,0
0500000US01059,0.4382,86.1123,1,1,0
0500000US01059,0.4382,86.1123,0,0,1
0500000US01061,0.4241,88.13,0,0,0
0500000US01063,0.5184,21.9114,0,0,0
0500000US01065,0.5106,46.1191,1,0,0
0500000US01067,0.4858,74.9893,1,1,1
0500000US01069,0.4762,73.2125,0,0,0
0500000US01071,0.4521,85.214,0,0,0
0500000US01073,0.5084,43.8973,0,0,0
0500000US01075,0.4392,87.5617,0,0,0
0500000US01077,0.4601,74.9547,1,1,1
0500000US01079,0.4275,80.784,1,1,0
0500000US01081,0.4944,62.9316,0,0,0
0500000US01083,0.4447,71.0399,1,1,0
0500000US01085,0.5434,31.0875,0,0,0
0500000US01087,0.5006,21.4705,0,0,0
0500000US01089,0.4636,53.3507,0,0,0
0500000US01091,0.5327,51.5906,0,0,0
0500000US01093,0.4721,90.4157,1,1,1
0500000US01095,0.4646,85.4696,0,0,1
0500000US01097,0.4707,57.5227,1,0,0
0500000US01099,0.4578,61.2022,1,0,0
0500000US01101,0.4917,33.9395,0,0,0
0500000US01103,0.4488,75.5449,0,0,0
0500000US01105,0.3563,28.4211,0,0,0
0500000US01107,0.4751,61.3218,0,0,0
0500000US01109,0.4938,62.2276,0,0,0
0500000US01111,0.4781,82.0665,0,0,0
0500000US01113,0.4695,48.6437,0,0,0
0500000US01115,0.3923,81.5627,0,0,0
0500000US01117,0.4402,69.4572,0,0,0
0500000US01119,0.5,29.056,0,0,0
0500000US01121,0.4581,66.4662,0,0,0
0500000US01123,0.4767,74.3345,0,0,0
0500000US01125,0.4657,59.4961,0,0,0
0500000US01127,0.4494,85.4898,0,0,0
0500000US01129,0.4791,77.4079,1,0,0
0500000US01131,0.5523,34.068,0,0,0
0500000US01133,0.4474,91.4073,0,0,0
0500000US02013,0.4008,47.367,0,0,0
0500000US02016,0.3569,40.635,0,0,0
0500000US02020,0.4308,41.8467,0,0,0
0500000US02050,0.4476,NA,0,0,0
0500000US02060,0.4486,NA,0,0,0
0500000US02063,0.3822,NA,0,0,0
0500000US02066,0.4069,NA,0,0,0
0500000US02068,0.4297,NA,0,0,0
0500000US02070,0.4359,NA,0,0,0
0500000US02090,0.4121,NA,0,0,0
0500000US02100,0.3877,NA,0,0,0
0500000US02105,0.4301,NA,0,0,0
0500000US02110,0.4237,NA,0,0,0
0500000US02122,0.4509,NA,0,0,0
0500000US02130,0.4229,NA,0,0,0
0500000US02150,0.4447,NA,0,0,0
0500000US02158,0.4388,NA,0,0,0
0500000US02164,0.4261,NA,0,0,0
0500000US02170,0.4258,NA,0,0,0
0500000US02180,0.439,NA,0,0,0
0500000US02185,0.4471,NA,0,0,0
0500000US02188,0.4251,NA,0,0,0
0500000US02195,0.3826,NA,0,0,0
0500000US02198,0.4293,NA,0,0,0
0500000US02220,0.3647,NA,0,0,0
0500000US02230,0.4622,NA,0,0,0
0500000US02240,0.4364,NA,0,0,0
0500000US02275,0.4282,NA,0,0,0
0500000US02282,0.3579,NA,0,0,0
0500000US02290,0.4425,NA,0,0,0
0500000US04001,0.5177,39.1464,0,0,0
0500000US04003,0.4456,60.3956,0,1,0
0500000US04005,0.4827,38.8433,0,0,0
0500000US04007,0.4507,67.5542,0,0,0
0500000US04009,0.4221,72.9236,0,0,0
0500000US04011,0.4016,69.0811,0,0,0
0500000US04012,0.4634,71.039,0,1,1
0500000US04013,0.4578,51.0062,0,0,0
0500000US04015,0.4702,76.9458,0,0,0
0500000US04017,0.4563,57.3697,0,1,0
0500000US04019,0.468,41.2573,0,0,0
0500000US04021,0.4197,59.9853,1,0,1
0500000US04023,0.4363,39.6284,0,0,0
0500000US04025,0.4507,65.8522,0,0,1
0500000US04027,0.4438,59.1278,0,1,0
0500000US05001,0.4509,71.2277,0,0,0
0500000US05003,0.4654,73.1863,0,0,0
0500000US05005,0.4758,77.5651,1,1,0
0500000US05007,0.4498,62.1385,0,0,1
0500000US05009,0.4323,81.6269,1,1,0
0500000US05011,0.515,68.9623,0,0,0
0500000US05013,0.3965,80.0191,1,1,0
0500000US05015,0.4591,64.7426,0,0,0
0500000US05017,0.5025,47.5072,0,0,0
0500000US05019,0.4795,59.1093,0,0,1
0500000US05021,0.4218,79.8873,0,0,0
0500000US05023,0.4565,83.1698,0,0,0
0500000US05025,0.4834,83.1061,0,0,0
0500000US05027,0.4756,67.5945,0,0,0
0500000US05029,0.4398,68.9966,0,0,0
0500000US05031,0.4908,67.5367,0,0,1
0500000US05033,0.4296,78.1027,0,1,0
0500000US05035,0.4548,47.8714,0,0,0
0500000US05037,0.4804,72.7426,0,0,0
0500000US05039,0.4576,63.7694,1,1,0
0500000US05041,0.4858,51.4979,0,0,0
0500000US05043,0.5301,66.033,0,0,0
0500000US05045,0.4516,64.9169,0,1,0
0500000US05047,0.4711,80.0746,1,1,0
0500000US05049,0.4286,80.111,0,1,0
0500000US05051,0.4603,66.9998,0,0,1
0500000US05053,0.4502,83.6222,0,0,0
0500000US05055,0.4314,79.7535,0,1,0
0500000US05057,0.5303,68.8619,1,1,0
0500000US05059,0.4297,75.1119,0,0,1
0500000US05061,0.4583,72.5687,0,0,0
0500000US05063,0.4854,78.6739,0,0,1
0500000US05065,0.4417,81.9241,0,0,1
0500000US05067,0.4974,73.4869,1,0,0
0500000US05069,0.4684,39.1892,0,0,0
0500000US05071,0.4527,74.6882,0,1,0
0500000US05073,0.4763,68.3441,1,1,0
0500000US05075,0.4719,80.9557,0,0,0
0500000US05077,0.6137,46.8651,0,0,0
0500000US05079,0.4295,74.1993,0,0,0
0500000US05081,0.4404,76.4238,0,1,1
0500000US05083,0.4618,80.0366,0,0,0
0500000US05085,0.4171,75.8491,0,1,0
0500000US05087,0.4405,78.4562,0,1,0
0500000US05089,0.439,79.3529,1,0,1
0500000US05091,0.4931,74.9351,1,0,0
0500000US05093,0.5122,64.9715,0,0,1
0500000US05095,0.4804,56.9256,0,0,0
0500000US05097,0.4631,80.5773,0,0,0
0500000US05099,0.3972,68.8682,0,0,0
0500000US05101,0.4246,81.2467,0,0,0
0500000US05103,0.462,58.6135,0,0,1
0500000US05105,0.4275,77.6396,0,0,1
0500000US05107,0.4915,42.4868,0,0,0
0500000US05109,0.5057,85.9569,0,0,0
0500000US05111,0.4711,80.9578,1,1,1
0500000US05113,0.4463,84.3026,0,0,1
0500000US05115,0.4691,74.8956,0,1,0
0500000US05117,0.4509,82.125,1,0,1
0500000US05119,0.5063,37.666,0,1,0
0500000US05121,0.448,80.877,0,0,0
0500000US05123,0.4894,48.6536,0,0,0
0500000US05125,0.4067,68.9753,0,1,0
0500000US05127,0.4194,86.0816,0,0,0
0500000US05129,0.4789,85.4226,0,0,0
0500000US05131,0.5061,67.5856,0,1,0
0500000US05133,0.44,80.017,0,0,0
0500000US05135,0.5062,80.3819,0,1,1
0500000US05137,0.4545,79.7347,0,0,0
0500000US05139,0.4796,66.0021,0,0,0
0500000US05141,0.4268,79.0316,0,0,0
0500000US05143,0.4756,51.7127,0,1,0
0500000US05145,0.452,79.4954,0,0,1
0500000US05147,0.5044,65.2718,0,0,0
0500000US05149,0.4179,79.4658,0,0,0
0500000US06001,0.4765,21.0162,0,0,0
0500000US06003,0.4997,32.9268,0,0,0
0500000US06005,0.4459,62.572,0,0,0
0500000US06007,0.4833,49.8953,0,0,0
0500000US06009,0.4577,62.7832,0,0,0
0500000US06011,0.4667,62.8685,0,0,0
0500000US06013,0.4715,29.3641,0,0,0
0500000US06015,0.4323,56.7872,0,0,0
0500000US06017,0.4699,54.6152,0,0,0
0500000US06019,0.4737,50.8979,0,0,0
0500000US06021,0.434,66.1176,0,0,0
0500000US06023,0.48,33.5664,0,0,0
0500000US06025,0.466,49.1365,0,0,0
0500000US06027,0.4459,49.9162,0,0,0
0500000US06029,0.4584,59.2697,0,0,0
0500000US06031,0.42,60.4178,0,0,0
0500000US06033,0.4842,49.1835,0,0,0
0500000US06035,0.4123,75.7981,0,0,0
0500000US06037,0.4978,31.9132,0,0,0
0500000US06039,0.4591,59.2121,0,0,0
0500000US06041,0.5216,16.6911,0,0,0
0500000US06043,0.4342,59.1545,0,0,0
0500000US06045,0.4809,34.4961,0,0,0
0500000US06047,0.4651,50.8786,0,0,0
0500000US06049,0.4466,71.8127,0,0,0
0500000US06051,0.4253,37.8298,0,0,0
0500000US06053,0.4642,33.5514,0,0,0
0500000US06055,0.4931,31.0562,0,0,0
0500000US06057,0.4846,42.1313,0,0,0
0500000US06059,0.4657,47.0763,0,0,0
0500000US06061,0.4467,52.7838,0,0,0
0500000US06063,0.4863,56.869,0,0,0
0500000US06065,0.4381,49.3061,0,0,0
0500000US06067,0.4443,38.3993,0,0,0
0500000US06069,0.4143,42.3234,0,0,0
0500000US06071,0.4384,49.6795,0,0,0
0500000US06073,0.458,40.1459,0,0,0
0500000US06075,0.5219,15.5334,0,0,0
0500000US06077,0.4375,48.9231,0,0,0
0500000US06079,0.4749,43.0681,0,0,0
0500000US06081,0.4968,23.1811,0,0,0
0500000US06083,0.4944,35.119,0,0,0
0500000US06085,0.4764,28.107,0,0,0
0500000US06087,0.4831,20.8581,0,0,0
0500000US06089,0.4658,66.973,0,0,0
0500000US06091,0.4339,60.7754,0,0,0
0500000US06093,0.4823,57.9878,0,0,0
0500000US06095,0.4292,37.0561,0,0,0
0500000US06097,0.4617,25.2265,0,0,0
0500000US06099,0.4426,54.1778,0,0,0
0500000US06101,0.4635,64.5007,0,0,0
0500000US06103,0.5001,69.7384,0,0,0
0500000US06105,0.4949,52.7724,0,0,0
0500000US06107,0.4361,59.1982,0,0,0
0500000US06109,0.4517,59.7362,0,0,0
0500000US06111,0.4506,40.9967,0,0,0
0500000US06113,0.4834,30.0727,0,0,0
0500000US06115,0.4454,61.4932,0,0,0
0500000US08001,0.4125,44.1526,0,0,0
0500000US08003,0.4585,53.9566,0,0,0
0500000US08005,0.4533,38.5038,0,0,0
0500000US08007,0.4312,55.7777,0,0,0
0500000US08009,0.4733,84.1317,0,0,0
0500000US08011,0.4409,68.3417,0,0,0
0500000US08013,0.4918,20.779,0,0,0
0500000US08014,0.4,34.3273,0,0,0
0500000US08015,0.4186,41.8563,0,0,0
0500000US08017,0.4261,88.1517,0,0,0
0500000US08019,0.4582,40.1901,0,0,0
0500000US08021,0.4394,57.4561,0,0,0
0500000US08023,0.5023,40.8654,0,0,0
0500000US08025,0.4541,72.1571,0,0,0
0500000US08027,0.4664,66.796,0,0,0
0500000US08029,0.4756,66.4818,0,0,0
0500000US08031,0.4905,20.5921,0,0,0
0500000US08033,0.4562,75.828,0,0,0
0500000US08035,0.406,52.2859,0,0,0
0500000US08037,0.4901,36.5062,0,0,0
0500000US08039,0.4118,74.4918,0,0,0
0500000US08041,0.4279,53.552,0,0,0
0500000US08043,0.4732,67.9821,0,0,0
0500000US08045,0.421,47.7183,0,0,0
0500000US08047,0.4297,41.8745,0,0,0
0500000US08049,0.4064,48.7909,0,0,0
0500000US08051,0.446,33.7234,0,0,0
0500000US08053,0.3771,54.7855,0,0,0
0500000US08055,0.4984,52.8616,0,0,0
0500000US08057,0.4447,76.0192,0,0,0
0500000US08059,0.4345,38.8668,0,0,0
0500000US08061,0.4272,86.2109,0,0,0
0500000US08063,0.4903,83.3694,0,0,0
0500000US08065,0.4061,39.8108,0,0,0
0500000US08067,0.4589,39.3038,0,0,0
0500000US08069,0.4529,39.7726,0,0,0
0500000US08071,0.4528,55.5441,0,0,0
0500000US08073,0.4494,81.2913,0,0,0
0500000US08075,0.4628,77.2978,0,0,0
0500000US08077,0.444,60.9596,0,0,0
0500000US08079,0.4888,55.3785,0,0,0
0500000US08081,0.3913,80.3178,0,0,0
0500000US08083,0.4438,59.2759,0,0,0
0500000US08085,0.437,65.2067,0,0,0
0500000US08087,0.4195,73.0421,0,0,0
0500000US08089,0.424,61.8487,0,0,0
0500000US08091,0.4011,38.3846,0,0,0
0500000US08093,0.447,56.6921,0,0,0
0500000US08095,0.5407,80.2039,0,0,0
0500000US08097,0.5919,26.7932,0,0,0
0500000US08099,0.5159,74.514,0,0,0
0500000US08101,0.4531,51.333,0,0,0
0500000US08103,0.3543,80.9756,0,0,0
0500000US08105,0.4691,60.4294,0,0,0
0500000US08107,0.4725,34.7475,0,0,0
0500000US08109,0.551,46.3824,0,0,0
0500000US08111,0.4373,31.9728,0,0,0
0500000US08113,0.5685,24.0216,0,0,0
0500000US08115,0.4415,77.1723,0,0,0
0500000US08117,0.4364,29.894,0,0,0
0500000US08119,0.4264,66.4952,0,0,1
0500000US08121,0.4198,86.814,0,0,0
0500000US08123,0.4214,59.1975,0,0,0
0500000US08125,0.4672,81.6427,0,0,0
0500000US09110,0.4686,NA,0,0,0
0500000US09120,0.5203,NA,0,0,0
0500000US09130,0.452,NA,0,0,0
0500000US09140,0.4637,NA,0,0,0
0500000US09150,0.4124,NA,0,0,0
0500000US09160,0.4773,NA,0,0,0
0500000US09170,0.4771,NA,0,0,0
0500000US09180,0.4447,NA,0,0,0
0500000US09190,0.5446,NA,0,0,0
0500000US10001,0.4079,48.1705,0,0,0
0500000US10003,0.4523,32.9331,0,0,0
0500000US10005,0.457,54.8805,0,0,0
0500000US11001,0.5169,6.4674,0,0,0
0500000US12001,0.5163,38.7695,1,1,0
0500000US12003,0.3882,86.3057,1,1,0
0500000US12005,0.4409,73.1225,1,1,0
0500000US12007,0.4412,78.3807,1,1,0
0500000US12009,0.4574,59.9069,1,1,0
0500000US12011,0.4877,41.0447,1,1,0
0500000US12013,0.4628,83.4941,1,1,0
0500000US12015,0.4479,66.6904,1,1,0
0500000US12017,0.4898,72.6366,1,1,0
0500000US12019,0.4017,69.1667,1,1,1
0500000US12021,0.534,66.2139,1,0,1
0500000US12023,0.4492,74.744,1,1,0
0500000US12027,0.4415,71.1723,1,1,0
0500000US12029,0.4085,84.9288,1,1,0
0500000US12031,0.473,50.1366,1,0,1
0500000US12033,0.4564,59.2344,1,1,0
0500000US12035,0.4688,63.793,1,1,0
0500000US12037,0.4729,71.4856,1,1,0
0500000US12039,0.4633,34.2738,1,1,0
0500000US12041,0.4927,83.5766,1,1,0
0500000US12043,0.464,76.416,1,1,0
0500000US12045,0.4818,76.8541,1,1,0
0500000US12047,0.4211,69.1436,1,1,0
0500000US12049,0.5135,77.8092,1,1,0
0500000US12051,0.476,68.7444,1,1,0
0500000US12053,0.4262,68.1591,1,1,1
0500000US12055,0.4567,70.0934,1,1,0
0500000US12057,0.4849,50.8959,1,1,0
0500000US12059,0.4354,89.8749,1,1,0
0500000US12061,0.4983,63.3598,1,1,0
0500000US12063,0.4277,72.7396,1,1,0
0500000US12065,0.4515,58.9391,1,1,0
0500000US12067,0.4064,87.7529,1,1,0
0500000US12069,0.4324,61.9521,1,1,0
0500000US12071,0.4789,63.8575,1,1,1
0500000US12073,0.4992,38.518,1,1,0
0500000US12075,0.4748,74.8421,1,1,0
0500000US12077,0.455,83.0372,1,1,0
0500000US12079,0.4393,64.1547,1,1,0
0500000US12081,0.4736,61.3851,1,1,0
0500000US12083,0.4476,65.469,1,1,0
0500000US12085,0.5078,65.2359,1,1,0
0500000US12086,0.5134,55.3503,1,1,0
0500000US12087,0.5168,58.7981,1,1,0
0500000US12089,0.4461,73.059,1,1,0
0500000US12091,0.439,70.6721,1,1,0
0500000US12093,0.4457,76.6907,1,1,0
0500000US12095,0.4777,42.5361,1,1,0
0500000US12097,0.4314,50.1869,1,1,0
0500000US12099,0.5195,49.1929,1,1,0
0500000US12101,0.4591,62.1027,1,1,0
0500000US12103,0.4881,52.1148,1,1,0
0500000US12105,0.4467,59.9098,1,1,0
0500000US12107,0.4833,73.6105,1,1,0
0500000US12109,0.4555,65.2086,1,1,1
0500000US12111,0.4402,54.1741,1,1,0
0500000US12113,0.4172,74.9958,1,1,0
0500000US12115,0.5052,58.7402,1,1,0
0500000US12117,0.4426,51.1317,1,1,0
0500000US12119,0.433,68.5567,1,1,0
0500000US12121,0.4445,80.2202,1,1,0
0500000US12123,0.5139,79.5639,1,1,1
0500000US12125,0.4789,83.8389,1,1,0
0500000US12127,0.4491,60.4484,1,1,0
0500000US12129,0.3955,71.7466,1,1,0
0500000US12131,0.5228,78.567,1,1,0
0500000US12133,0.438,82.4062,1,1,0
0500000US13001,0.4536,81.1255,1,0,0
0500000US13003,0.4363,76.8728,1,0,1
0500000US13005,0.4982,86.5055,1,0,0
0500000US13007,0.5266,59.8238,0,0,0
0500000US13009,0.5423,50.8579,0,0,0
0500000US13011,0.4088,88.9628,0,0,0
0500000US13013,0.385,69.9458,0,0,0
0500000US13015,0.4146,75.1925,0,0,0
0500000US13017,0.4429,65.8514,0,0,0
0500000US13019,0.465,84.7918,0,0,0
0500000US13021,0.5216,38.5337,0,1,0
0500000US13023,0.4821,77.5149,0,0,0
0500000US13025,0.4349,91.1059,0,0,0
0500000US13027,0.4832,63.2455,0,0,0
0500000US13029,0.4126,67.8999,0,0,0
0500000US13031,0.4846,64.2588,0,0,0
0500000US13033,0.5478,54.4444,0,1,0
0500000US13035,0.3894,72.3865,0,0,0
0500000US13037,0.5496,43.7743,0,0,0
0500000US13039,0.3927,67.5141,0,0,0
0500000US13043,0.4417,73.6865,0,0,0
0500000US13045,0.4399,70.3144,0,0,0
0500000US13047,0.4265,77.4873,0,1,1
0500000US13049,0.4649,77.9386,0,0,0
0500000US13051,0.4721,40.6324,0,0,0
0500000US13053,0.3981,57.9693,0,0,0
0500000US13055,0.4305,81.9073,0,0,0
0500000US13057,0.4096,69.1036,0,0,0
0500000US13059,0.5014,30.3458,0,0,0
0500000US13061,0.4406,45.9778,0,0,0
0500000US13063,0.4246,15.1053,0,0,0
0500000US13065,0.5117,75.6878,0,0,0
0500000US13067,0.4464,42.0259,0,0,0
0500000US13069,0.4807,72.4658,0,0,0
0500000US13071,0.4533,74.9564,0,0,0
0500000US13073,0.4087,62.45,0,0,1
0500000US13075,0.492,73.0461,0,0,0
0500000US13077,0.4133,66.5813,0,1,0
0500000US13079,0.4436,74.795,0,0,0
0500000US13081,0.5022,62.8265,0,0,0
0500000US13083,0.4468,82.9756,0,1,0
0500000US13085,0.4141,82.3833,0,1,0
0500000US13087,0.4791,61.8235,0,1,0
0500000US13089,0.4965,17.1095,0,0,0
0500000US13091,0.4364,74.8383,0,0,0
0500000US13093,0.437,53.6988,0,0,0
0500000US13095,0.4759,29.2585,0,0,0
0500000US13097,0.4198,33.9305,0,0,0
0500000US13099,0.4738,55.7081,0,0,0
0500000US13101,0.4488,90.8901,0,0,0
0500000US13103,0.3943,74.3378,0,0,0
0500000US13105,0.4251,71.5403,0,0,0
0500000US13107,0.4395,71.9306,0,0,0
0500000US13109,0.4336,70.9472,0,0,0
0500000US13111,0.5017,82.2068,0,0,0
0500000US13113,0.4386,51.153,0,1,0
0500000US13115,0.4679,70.7028,0,0,1
0500000US13117,0.3919,66.0265,0,1,0
0500000US13119,0.4959,86.1532,0,1,0
0500000US13121,0.5235,27.0263,0,0,0
0500000US13123,0.4229,81.0346,0,1,0
0500000US13125,0.3826,91.8563,0,0,0
0500000US13127,0.5018,62.7573,0,1,0
0500000US13129,0.442,81.4859,0,0,0
0500000US13131,0.4615,68.9028,1,1,1
0500000US13133,0.5628,64.25,0,0,0
0500000US13135,0.4316,41.1335,0,0,0
0500000US13137,0.4517,82.2251,0,0,0
0500000US13139,0.4463,71.5788,0,0,1
0500000US13141,0.4944,32.1698,0,0,0
0500000US13143,0.445,87.0142,0,0,0
0500000US13145,0.4136,72.8448,0,1,0
0500000US13147,0.4588,77.2033,0,0,0
0500000US13149,0.4821,85.9098,0,0,0
0500000US13151,0.3898,34.8606,0,0,0
0500000US13153,0.4151,55.3157,0,0,0
0500000US13155,0.4544,76.9231,0,0,0
0500000US13157,0.3922,77.2538,0,0,0
0500000US13159,0.4667,78.9976,0,1,1
0500000US13161,0.4848,84.0429,0,0,0
0500000US13163,0.4514,50.4489,0,0,0
0500000US13165,0.4667,65.0337,0,0,0
0500000US13167,0.4736,73.1175,0,0,0
0500000US13169,0.4283,68.8479,0,0,0
0500000US13171,0.4128,72.7526,0,0,0
0500000US13173,0.4853,72.9657,1,0,0
0500000US13175,0.5121,66.2042,0,0,0
0500000US13177,0.3786,71.5659,0,0,0
0500000US13179,0.4114,40.9979,0,0,0
0500000US13181,0.4046,72.176,0,0,0
0500000US13183,0.3717,64.5833,0,0,0
0500000US13185,0.4922,58.753,0,0,0
0500000US13187,0.4634,80.52,0,1,0
0500000US13189,0.4717,62.2758,0,0,0
0500000US13191,0.4941,64.0794,0,0,0
0500000US13193,0.5512,40.8878,0,0,0
0500000US13195,0.416,77.149,0,1,0
0500000US13197,0.4748,64.844,0,0,0
0500000US13199,0.4358,62.5636,0,0,0
0500000US13201,0.4668,75.0734,0,0,0
0500000US13205,0.452,58.0151,0,0,0
0500000US13207,0.469,73.1699,0,0,1
0500000US13209,0.4848,76.3403,0,0,0
0500000US13211,0.4654,72.7487,0,1,0
0500000US13213,0.4374,85.6709,0,0,0
0500000US13215,0.4911,38.0366,0,0,0
0500000US13217,0.4009,42.1551,0,0,0
0500000US13219,0.457,67.5193,0,1,0
0500000US13221,0.4486,70.9023,1,0,0
0500000US13223,0.3589,61.7347,0,0,0
0500000US13225,0.4503,52.8021,0,0,0
0500000US13227,0.4301,82.6249,0,0,0
0500000US13229,0.4743,88.6692,0,1,0
0500000US13231,0.4213,86.5726,0,0,0
0500000US13233,0.4361,80.0793,0,0,1
0500000US13235,0.4812,70.0185,0,0,0
0500000US13237,0.5282,70.9482,0,0,0
0500000US13239,0.4732,57.5439,0,0,0
0500000US13241,0.5051,78.2021,0,0,0
0500000US13243,0.5296,45.9197,0,0,0
0500000US13245,0.4862,31.6734,0,0,0
0500000US13247,0.4286,25.9322,0,0,0
0500000US13249,0.4898,81.1367,0,0,0
0500000US13251,0.4825,62.5,0,0,0
0500000US13253,0.4831,70.1522,0,0,0
0500000US13255,0.5437,58.0665,0,0,0
0500000US13257,0.4388,81.1665,0,0,0
0500000US13259,0.5488,41.7653,0,0,0
0500000US13261,0.497,48.7094,0,0,0
0500000US13263,0.4964,43.8887,0,0,0
0500000US13265,0.4069,42.4208,0,0,0
0500000US13267,0.4729,76.539,0,0,0
0500000US13269,0.5159,65.2938,0,0,0
0500000US13271,0.5074,69.5301,0,0,0
0500000US13273,0.4805,47.8,0,0,0
0500000US13275,0.458,61.9112,1,1,1
0500000US13277,0.487,67.6673,0,1,1
0500000US13279,0.4518,75.2199,0,0,0
0500000US13281,0.5399,80.9572,0,0,0
0500000US13283,0.4329,72.0923,0,0,0
0500000US13285,0.4921,61.9474,0,0,0
0500000US13287,0.4847,64.1012,1,1,1
0500000US13289,0.5105,57.2038,0,0,0
0500000US13291,0.4818,80.9676,0,0,0
0500000US13293,0.4951,69.7409,0,0,0
0500000US13295,0.4502,79.3555,0,0,1
0500000US13297,0.4261,72.6446,0,0,0
0500000US13299,0.4491,71.4216,0,0,0
0500000US13301,0.4393,47.5309,0,0,0
0500000US13303,0.4663,50.8164,0,0,0
0500000US13305,0.4401,79.7213,1,0,0
0500000US13307,0.4165,59.1317,0,0,0
0500000US13309,0.4662,72.4077,0,0,0
0500000US13311,0.4453,84.0178,0,0,0
0500000US13313,0.4511,71.9469,0,0,1
0500000US13315,0.4592,74.4846,0,0,0
0500000US13317,0.5167,58.2778,0,0,0
0500000US13319,0.4603,58.8427,0,0,0
0500000US13321,0.4389,75.0994,0,0,0
0500000US15001,0.4804,34.7102,0,0,0
0500000US15003,0.4413,38.2754,0,0,0
0500000US15005,0.2834,NA,0,0,0
0500000US15007,0.446,39.2596,0,0,0
0500000US15009,0.4575,35.9674,0,0,0
0500000US16001,0.4511,NA,0,0,0
0500000US16003,0.4683,NA,0,0,0
0500000US16005,0.4462,NA,0,0,0
0500000US16007,0.4038,NA,0,0,0
0500000US16009,0.4423,NA,0,0,0
0500000US16011,0.4205,NA,0,1,0
0500000US16013,0.4844,NA,0,0,0
0500000US16015,0.3654,NA,0,0,0
0500000US16017,0.4828,NA,0,0,0
0500000US16019,0.4251,NA,0,1,0
0500000US16021,0.4558,NA,0,0,0
0500000US16023,0.4158,NA,0,0,0
0500000US16025,0.4234,NA,0,0,0
0500000US16027,0.3947,NA,0,0,0
0500000US16029,0.3993,NA,0,1,0
0500000US16031,0.4423,NA,0,0,0
0500000US16033,0.3317,NA,0,0,0
0500000US16035,0.4324,NA,0,0,0
0500000US16037,0.4224,NA,0,0,0
0500000US16039,0.4031,NA,0,0,0
0500000US16041,0.4008,NA,1,0,0
0500000US16043,0.4293,NA,0,0,0
0500000US16045,0.4253,NA,0,0,0
0500000US16047,0.4301,NA,0,1,0
0500000US16049,0.4225,NA,0,0,0
0500000US16051,0.3748,NA,0,0,0
0500000US16053,0.4109,NA,0,0,0
0500000US16055,0.4304,NA,0,1,1
0500000US16057,0.4759,NA,0,0,0
0500000US16059,0.4948,NA,0,0,0
0500000US16061,0.4706,NA,0,0,0
0500000US16063,0.3712,NA,0,0,0
0500000US16065,0.4942,NA,0,0,0
0500000US16067,0.4419,NA,0,0,0
0500000US16069,0.4422,NA,0,0,0
0500000US16071,0.4255,NA,0,0,0
0500000US16073,0.4076,NA,1,1,0
0500000US16075,0.3909,NA,0,0,0
0500000US16077,0.3834,NA,0,1,0
0500000US16079,0.3917,NA,0,0,0
0500000US16081,0.4229,NA,0,0,0
0500000US16083,0.4422,NA,0,0,0
0500000US16085,0.4861,NA,0,0,0
0500000US16087,0.481,NA,0,1,0
0500000US17001,0.4535,72.9113,0,0,0
0500000US17003,0.4803,59.0489,0,0,0
0500000US17005,0.437,71.2301,0,0,0
0500000US17007,0.4217,56.3696,0,0,0
0500000US17009,0.4106,78.9409,0,0,0
0500000US17011,0.4216,61.1538,0,0,0
0500000US17013,0.3793,76.8284,0,0,0
0500000US17015,0.4115,64.8214,0,0,0
0500000US17017,0.4164,70.8262,0,0,0
0500000US17019,0.5147,36.7991,0,0,0
0500000US17021,0.4435,72.5507,0,0,0
0500000US17023,0.4161,74.7014,0,0,0
0500000US17025,0.4569,82.8778,0,0,0
0500000US17027,0.4283,74.9194,0,0,0
0500000US17029,0.4519,63.2631,0,0,0
0500000US17031,0.5043,28.0801,0,0,0
0500000US17033,0.4414,75.2882,0,0,0
0500000US17035,0.4014,80.2045,0,0,0
0500000US17037,0.45,47.923,0,0,0
0500000US17039,0.4032,71.2684,0,0,0
0500000US17041,0.4028,72.2473,0,0,0
0500000US17043,0.4587,41.8583,0,0,0
0500000US17045,0.4221,75.2654,0,0,0
0500000US17047,0.4348,84.9498,0,0,0
0500000US17049,0.423,79.2496,0,0,0
0500000US17051,0.4489,81.7311,0,0,0
0500000US17053,0.4342,72.9132,0,0,0
0500000US17055,0.4563,74.61,0,0,0
0500000US17057,0.4316,60.8709,0,0,0
0500000US17059,0.4594,76.0079,0,0,0
0500000US17061,0.4457,77.9227,0,0,0
0500000US17063,0.4036,63.9249,0,0,0
0500000US17065,0.4866,80.9615,0,0,0
0500000US17067,0.4426,73.9989,0,0,0
0500000US17069,0.4061,80.27,0,0,0
0500000US17071,0.3915,68.3891,0,0,0
0500000US17073,0.4261,61.2107,0,0,0
0500000US17075,0.4341,77.8745,0,0,0
0500000US17077,0.4936,47.2468,0,0,0
0500000US17079,0.4056,82.0092,0,0,0
0500000US17081,0.4335,73.1545,0,0,0
0500000US17083,0.4248,74.2603,0,0,0
0500000US17085,0.4282,57.4835,0,0,0
0500000US17087,0.4358,78.6171,0,0,0
0500000US17089,0.4326,44.4049,0,0,0
0500000US17091,0.4433,59.461,0,0,0
0500000US17093,0.3615,48.1498,0,0,0
0500000US17095,0.4542,53.702,0,0,0
0500000US17097,0.4796,38.7253,0,0,0
0500000US17099,0.4442,58.4997,0,0,0
0500000US17101,0.4286,77.1686,0,0,0
0500000US17103,0.4348,60.0757,0,0,0
0500000US17105,0.4124,72.3307,0,0,0
0500000US17107,0.4222,69.6991,0,0,0
0500000US17109,0.4662,58.3612,0,0,0
0500000US17111,0.4162,51.7201,0,0,0
0500000US17113,0.4743,46.5662,0,0,0
0500000US17115,0.4605,58.5827,0,0,0
0500000US17117,0.4311,68.5806,0,0,0
0500000US17119,0.4409,55.5526,0,0,0
0500000US17121,0.4345,74.0305,0,0,0
0500000US17123,0.4106,67.227,0,0,0
0500000US17125,0.4243,70.0345,0,0,0
0500000US17127,0.4213,73.9814,0,0,0
0500000US17129,0.4058,69.958,0,0,0
0500000US17131,0.4141,62.485,0,0,0
0500000US17133,0.4032,67.2424,0,0,0
0500000US17135,0.4448,71.0293,0,0,0
0500000US17137,0.4459,65.4562,0,0,0
0500000US17139,0.4252,73.7745,0,0,0
0500000US17141,0.4113,63.7622,0,0,0
0500000US17143,0.4853,46.6224,0,0,0
0500000US17145,0.4125,75.1406,0,0,0
0500000US17147,0.4071,64.1986,0,0,0
0500000US17149,0.4331,81.0494,0,0,0
0500000US17151,0.4318,79.6062,0,0,0
0500000US17153,0.4395,66.4847,0,0,0
0500000US17155,0.3954,60.4079,0,0,0
0500000US17157,0.4079,74.1227,0,0,0
0500000US17159,0.4228,75.9381,0,0,0
0500000US17161,0.4413,44.2198,0,0,0
0500000US17163,0.452,45.0318,0,0,0
0500000US17165,0.5251,73.8331,0,0,0
0500000US17167,0.4637,51.4051,0,0,0
0500000US17169,0.4274,72.3597,0,0,0
0500000US17171,0.458,80.0541,0,0,0
0500000US17173,0.3806,79.4087,0,0,0
0500000US17175,0.4482,71.8218,0,0,0
0500000US17177,0.42,58.8092,0,0,0
0500000US17179,0.426,62.4032,0,0,0
0500000US17181,0.4586,70.9579,0,0,0
0500000US17183,0.4417,66.9295,0,0,0
0500000US17185,0.4987,76.1577,0,0,0
0500000US17187,0.4299,61.4878,0,0,0
0500000US17189,0.4025,77.9159,0,0,0
0500000US17191,0.4615,84.8218,0,0,0
0500000US17193,0.4535,79.0434,0,0,0
0500000US17195,0.4389,56.3315,0,0,0
0500000US17197,0.4157,48.1288,0,0,0
0500000US17199,0.4417,68.6041,0,0,0
0500000US17201,0.4496,48.8327,0,0,0
0500000US17203,0.4104,70.241,0,0,0
0500000US18001,0.4036,75.3831,0,0,0
0500000US18003,0.4491,55.333,0,0,0
0500000US18005,0.4462,62.6127,0,0,0
0500000US18007,0.4116,72.6606,0,0,0
0500000US18009,0.4596,74.2017,0,0,0
0500000US18011,0.4719,56.9448,0,0,0
0500000US18013,0.4314,65.4573,0,0,0
0500000US18015,0.4155,75.1524,0,0,0
0500000US18017,0.4061,72.3633,0,0,0
0500000US18019,0.4143,59.2609,0,0,0
0500000US18021,0.496,77.5944,0,0,0
0500000US18023,0.3803,73.1566,0,0,0
0500000US18025,0.4311,73.199,0,0,0
0500000US18027,0.4374,81.422,0,0,0
0500000US18029,0.4125,78.3609,0,0,0
0500000US18031,0.435,78.3668,0,0,0
0500000US18033,0.4065,72.6405,0,0,0
0500000US18035,0.4458,56.9347,0,0,0
0500000US18037,0.41,69.9356,0,0,0
0500000US18039,0.4367,65.4368,0,0,0
0500000US18041,0.4249,77.5056,0,0,0
0500000US18043,0.4399,56.8417,0,0,0
0500000US18045,0.4144,79.0654,0,0,0
0500000US18047,0.4168,81.519,0,0,0
0500000US18049,0.4305,74.9153,0,0,0
0500000US18051,0.4115,74.8129,0,0,0
0500000US18053,0.4483,69.8839,0,0,0
0500000US18055,0.4454,76.0746,0,0,0
0500000US18057,0.4333,52.0101,0,0,1
0500000US18059,0.4051,65.8898,0,0,0
0500000US18061,0.3948,72.5254,0,0,0
0500000US18063,0.3924,59.8432,1,0,0
0500000US18065,0.4252,72.9616,0,0,0
0500000US18067,0.4407,66.7053,0,0,0
0500000US18069,0.4034,73.245,0,0,0
0500000US18071,0.4033,76.7825,0,0,0
0500000US18073,0.4137,76.3427,0,1,0
0500000US18075,0.4108,76.7247,0,0,0
0500000US18077,0.4223,67.1041,0,0,0
0500000US18079,0.3743,78.5249,0,0,0
0500000US18081,0.4246,66.2812,0,0,0
0500000US18083,0.4587,74.3614,0,0,0
0500000US18085,0.4048,75.1175,0,0,0
0500000US18087,0.4143,77.543,0,0,0
0500000US18089,0.4556,46.4183,0,0,0
0500000US18091,0.4346,56.2026,0,0,0
0500000US18093,0.4257,74.5994,0,0,0
0500000US18095,0.4379,62.5103,0,0,0
0500000US18097,0.465,35.2661,0,0,0
0500000US18099,0.4177,70.7449,0,0,0
0500000US18101,0.4196,79.347,0,0,0
0500000US18103,0.4227,76.3397,0,0,0
0500000US18105,0.4988,35.4462,0,0,0
0500000US18107,0.418,73.1078,0,0,0
0500000US18109,0.4267,76.2757,0,0,0
0500000US18111,0.3856,77.7306,0,0,0
0500000US18113,0.4015,74.9262,0,1,0
0500000US18115,0.3873,77.0301,0,0,0
0500000US18117,0.4637,75.2414,0,0,0
0500000US18119,0.4273,74.5241,0,0,0
0500000US18121,0.4187,77.5173,0,0,0
0500000US18123,0.4335,64.0318,0,0,0
0500000US18125,0.4087,76.7183,0,0,0
0500000US18127,0.4343,54.2657,0,0,0
0500000US18129,0.4025,70.9354,0,0,0
0500000US18131,0.4214,75.8633,0,0,0
0500000US18133,0.407,75.0926,0,0,0
0500000US18135,0.4329,75.8836,0,0,0
0500000US18137,0.4367,80.0139,0,0,0
0500000US18139,0.3875,75.9143,0,1,0
0500000US18141,0.4697,48.3519,0,0,0
0500000US18143,0.4319,74.9288,0,0,0
0500000US18145,0.4271,73.089,0,0,0
0500000US18147,0.3936,70.5229,0,0,0
0500000US18149,0.3952,75.2911,0,0,0
0500000US18151,0.4453,70.1968,0,0,0
0500000US18153,0.4442,75.4861,0,0,0
0500000US18155,0.389,77.9474,0,0,0
0500000US18157,0.4779,48.9986,0,0,0
0500000US18159,0.3813,74.5486,0,0,0
0500000US18161,0.417,77.2181,0,0,0
0500000US18163,0.4634,55.6073,0,0,0
0500000US18165,0.4079,71.3065,0,0,0
0500000US18167,0.4779,58.0193,0,0,0
0500000US18169,0.4194,74.6723,0,0,0
0500000US18171,0.3765,77.849,0,0,0
0500000US18173,0.4516,64.2861,0,0,0
0500000US18175,0.4083,76.5464,0,0,0
0500000US18177,0.4914,65.3297,0,0,0
0500000US18179,0.4225,78.0014,0,0,0
0500000US18181,0.4107,71.3876,0,0,0
0500000US18183,0.3905,73.9684,0,0,0
0500000US19001,0.4601,71.0526,0,0,0
0500000US19003,0.5031,70.4598,0,0,0
0500000US19005,0.4169,65.5466,0,0,0
0500000US19007,0.4505,71.9816,0,0,0
0500000US19009,0.4576,67.3767,0,0,0
0500000US19011,0.3972,65.4355,0,0,0
0500000US19013,0.4494,48.313,0,0,0
0500000US19015,0.3997,59.2719,0,0,0
0500000US19017,0.427,59.9673,0,0,0
0500000US19019,0.3852,62.5461,0,0,0
0500000US19021,0.4217,65.3497,0,0,0
0500000US19023,0.3893,71.3898,0,0,0
0500000US19025,0.4521,72.4077,0,0,0
0500000US19027,0.4365,69.7118,0,0,0
0500000US19029,0.465,68.6643,0,0,0
0500000US19031,0.399,59.6694,0,0,0
0500000US19033,0.4561,54.5396,0,0,0
0500000US19035,0.4514,71.5937,0,0,0
0500000US19037,0.4126,67.4526,0,0,0
0500000US19039,0.4405,68.9807,0,0,0
0500000US19041,0.417,70.2404,0,0,0
0500000US19043,0.4279,66.1135,0,0,0
0500000US19045,0.4445,58.1204,0,0,0
0500000US19047,0.4282,70.4164,0,0,0
0500000US19049,0.44,51.1195,0,0,0
0500000US19051,0.3981,76.2469,0,0,0
0500000US19053,0.4289,72.2163,0,0,0
0500000US19055,0.4399,68.3968,0,0,0
0500000US19057,0.4383,56.3038,0,0,0
0500000US19059,0.4455,68.6898,0,0,0
0500000US19061,0.4429,53.1956,0,0,0
0500000US19063,0.4089,70.8342,0,0,0
0500000US19065,0.4497,63.7087,0,0,0
0500000US19067,0.4327,61.5784,0,0,0
0500000US19069,0.4561,69.3552,0,0,0
0500000US19071,0.4649,71.0802,0,0,0
0500000US19073,0.4154,64.6337,0,0,0
0500000US19075,0.3944,69.3974,0,0,0
0500000US19077,0.4336,67.3025,0,0,0
0500000US19079,0.4378,65.4717,0,0,0
0500000US19081,0.4167,72.5205,0,0,0
0500000US19083,0.4245,67.8145,0,0,0
0500000US19085,0.3969,69.4448,0,0,0
0500000US19087,0.4238,66.5667,0,0,0
0500000US19089,0.4254,64.6396,0,0,0
0500000US19091,0.4592,73.4177,0,0,0
0500000US19093,0.4365,75.4835,0,0,0
0500000US19095,0.4127,62.5309,0,0,0
0500000US19097,0.4463,65.2042,0,0,0
0500000US19099,0.4437,62.548,0,0,0
0500000US19101,0.4802,51.4904,0,0,0
0500000US19103,0.4985,29.9482,0,0,0
0500000US19105,0.3906,61.6971,0,0,0
0500000US19107,0.4409,74.6623,0,0,0
0500000US19109,0.4179,70.8047,0,0,0
0500000US19111,0.4465,62.2402,0,0,0
0500000US19113,0.4473,43.8279,0,0,0
0500000US19115,0.4027,69.2159,0,0,0
0500000US19117,0.4331,72.7117,0,0,0
0500000US19119,0.415,83.7213,0,0,0
0500000US19121,0.391,67.8462,0,0,0
0500000US19123,0.424,74.494,0,0,0
0500000US19125,0.4335,67.5907,1,0,0
0500000US19127,0.3848,56.3886,0,0,0
0500000US19129,0.4137,68.0874,0,0,0
0500000US19131,0.4472,64.4582,0,0,0
0500000US19133,0.4132,71.3429,0,0,0
0500000US19135,0.3825,74.1697,0,0,0
0500000US19137,0.4723,68.286,0,0,0
0500000US19139,0.4175,56.1163,0,0,0
0500000US19141,0.3922,79.2443,0,0,0
0500000US19143,0.4344,80.832,0,0,0
0500000US19145,0.4577,69.4568,0,0,0
0500000US19147,0.4157,71.3345,0,0,0
0500000US19149,0.4074,75.6958,0,0,0
0500000US19151,0.3946,75.75,0,0,0
0500000US19153,0.4372,43.4926,0,0,0
0500000US19155,0.428,58.8281,0,0,0
0500000US19157,0.4464,57.1854,0,0,0
0500000US19159,0.4475,74.3268,0,0,0
0500000US19161,0.4128,74.5726,0,0,0
0500000US19163,0.4523,50.7394,0,0,0
0500000US19165,0.447,70.3041,0,0,0
0500000US19167,0.4094,83.9592,0,0,0
0500000US19169,0.469,43.4883,0,0,0
0500000US19171,0.3968,61.9344,0,0,0
0500000US19173,0.4206,76.7569,0,0,0
0500000US19175,0.4194,66.9426,0,0,0
0500000US19177,0.4884,76.197,0,0,0
0500000US19179,0.4426,64.4962,0,0,0
0500000US19181,0.394,58.8292,0,0,0
0500000US19183,0.4287,60.9869,0,0,0
0500000US19185,0.4778,76.7236,0,0,0
0500000US19187,0.4427,64.4874,0,0,0
0500000US19189,0.4418,64.1496,0,0,0
0500000US19191,0.4441,53.208,0,0,0
0500000US19193,0.4363,60.0481,0,0,0
0500000US19195,0.3981,62.9492,0,0,0
0500000US19197,0.4667,66.7533,0,0,0
0500000US20001,0.3985,71.9464,0,0,0
0500000US20003,0.3488,79.082,0,1,0
0500000US20005,0.4414,67.6912,0,0,0
0500000US20007,0.4339,85.4378,0,0,0
0500000US20009,0.4443,77.6254,0,0,0
0500000US20011,0.4106,76.126,0,0,0
0500000US20013,0.4594,72.945,1,1,1
0500000US20015,0.4228,69.5682,0,0,0
0500000US20017,0.472,74.5554,0,0,0
0500000US20019,0.4601,85.0688,0,0,0
0500000US20021,0.4229,75.5306,0,0,0
0500000US20023,0.4713,83.3333,0,0,0
0500000US20025,0.4219,85.503,0,0,0
0500000US20027,0.4309,76.5864,0,0,0
0500000US20029,0.4014,79.5157,0,1,0
0500000US20031,0.3961,77.0162,0,0,0
0500000US20033,0.3932,83.1808,0,0,0
0500000US20035,0.4778,69.3077,0,1,0
0500000US20037,0.4643,61.7363,0,0,0
0500000US20039,0.4175,83.8154,0,0,0
0500000US20041,0.4039,76.706,0,0,0
0500000US20043,0.4132,81.0456,0,0,0
0500000US20045,0.4628,30.1907,0,0,0
0500000US20047,0.4537,82.1119,0,0,0
0500000US20049,0.3945,83.9312,0,0,0
0500000US20051,0.489,72.1116,0,1,0
0500000US20053,0.4659,75.3445,0,0,0
0500000US20055,0.3922,66.4626,0,1,0
0500000US20057,0.4006,68.2879,0,0,0
0500000US20059,0.3755,69.0353,0,1,0
0500000US20061,0.3884,57.7104,0,0,0
0500000US20063,0.4395,87.894,0,0,0
0500000US20065,0.4248,81.9736,0,0,0
0500000US20067,0.4029,80.7658,0,0,0
0500000US20069,0.411,83.7665,0,0,0
0500000US20071,0.355,86.0034,0,0,0
0500000US20073,0.4969,79.7157,0,0,0
0500000US20075,0.4067,82.3313,0,0,0
0500000US20077,0.4511,81.0959,0,0,0
0500000US20079,0.3765,59.6233,0,0,0
0500000US20081,0.3882,81.7684,0,1,0
0500000US20083,0.4058,84.5756,0,0,0
0500000US20085,0.3883,70.3892,0,1,0
0500000US20087,0.3958,67.4323,0,0,0
0500000US20089,0.4533,87.0394,0,1,0
0500000US20091,0.4457,44.8679,0,0,0
0500000US20093,0.3209,83.1668,0,0,0
0500000US20095,0.4202,79.022,0,0,0
0500000US20097,0.4578,85.0045,0,0,0
0500000US20099,0.4308,68.2995,0,0,0
0500000US20101,0.4502,84.1044,0,0,0
0500000US20103,0.4177,60.347,0,0,0
0500000US20105,0.4342,81.8182,0,0,0
0500000US20107,0.4436,81.5989,0,0,0
0500000US20109,0.4492,84.7143,0,0,0
0500000US20111,0.4088,56.2915,0,1,0
0500000US20113,0.4025,69.5973,0,0,0
0500000US20115,0.4395,73.4583,0,0,0
0500000US20117,0.4324,73.3494,0,0,0
0500000US20119,0.5213,84.1888,0,0,0
0500000US20121,0.4096,68.7931,0,0,0
0500000US20123,0.4539,82.2194,0,0,0
0500000US20125,0.4224,74.6483,0,0,0
0500000US20127,0.4386,72.3854,0,0,0
0500000US20129,0.4421,85.7547,0,0,0
0500000US20131,0.4495,82.8292,0,0,0
0500000US20133,0.4379,73.1279,0,0,0
0500000US20135,0.465,88.4079,0,0,0
0500000US20137,0.3789,82.9075,0,0,0
0500000US20139,0.3807,72.6812,0,1,0
0500000US20141,0.4104,83.2582,0,0,0
0500000US20143,0.4207,82.4176,0,0,0
0500000US20145,0.4663,74.8785,0,0,0
0500000US20147,0.4162,85.7663,0,1,0
0500000US20149,0.3855,72.8251,0,1,0
0500000US20151,0.4287,74.8163,0,0,0
0500000US20153,0.3739,85.1033,0,0,0
0500000US20155,0.4267,66.2472,0,1,0
0500000US20157,0.4252,81.9075,0,0,0
0500000US20159,0.428,77.4836,0,1,0
0500000US20161,0.482,47.8345,0,0,0
0500000US20163,0.3679,84.9645,0,1,0
0500000US20165,0.5437,81.8804,0,1,0
0500000US20167,0.445,79.7334,0,0,0
0500000US20169,0.4664,64.8799,0,1,0
0500000US20171,0.4006,86.3232,0,0,0
0500000US20173,0.4621,56.0901,0,1,0
0500000US20175,0.401,68.6309,0,0,0
0500000US20177,0.4402,48.7674,1,0,0
0500000US20179,0.4741,89.512,0,0,0
0500000US20181,0.4621,83.3398,0,0,0
0500000US20183,0.4248,83.4995,0,0,0
0500000US20185,0.4168,81.0896,0,0,0
0500000US20187,0.5002,80.8735,0,0,0
0500000US20189,0.4122,86.921,0,0,0
0500000US20191,0.4242,74.0355,0,0,0
0500000US20193,0.4479,82.0688,0,0,0
0500000US20195,0.4105,84.6251,0,0,0
0500000US20197,0.3849,73.4098,0,1,0
0500000US20199,0.4483,91.7112,0,0,0
0500000US20201,0.4336,83.8148,0,0,0
0500000US20203,0.4754,86.0465,0,0,0
0500000US20205,0.4301,80.322,0,0,0
0500000US20207,0.4369,80.0133,0,0,0
0500000US20209,0.4251,37.2851,0,0,0
0500000US21001,0.4725,85.1683,0,0,0
0500000US21003,0.4349,83.075,0,0,0
0500000US21005,0.3973,73.6922,0,0,0
0500000US21007,0.4354,81.4824,0,0,0
0500000US21009,0.4791,75.8459,0,0,0
0500000US21011,0.5405,74.9861,0,0,0
0500000US21013,0.5103,83.8437,0,0,0
0500000US21015,0.419,67.7089,0,0,0
0500000US21017,0.4636,65.8907,0,0,0
0500000US21019,0.4582,68.5552,0,0,0
0500000US21021,0.4572,63.7236,0,0,0
0500000US21023,0.4421,81.8444,1,0,0
0500000US21025,0.4906,78.936,0,0,0
0500000US21027,0.4707,78.4435,0,0,0
0500000US21029,0.4031,74.7506,1,0,0
0500000US21031,0.4207,82.5341,1,1,1
0500000US21033,0.4279,78.5391,0,0,0
0500000US21035,0.468,68.0968,0,0,0
0500000US21037,0.4765,58.8613,0,0,0
0500000US21039,0.45,83.6015,1,0,0
0500000US21041,0.4604,74.882,1,1,0
0500000US21043,0.4563,78.629,0,0,0
0500000US21045,0.4867,87.7966,0,0,0
0500000US21047,0.4365,66.1345,0,0,0
0500000US21049,0.4844,66.8158,0,0,0
0500000US21051,0.4715,89.5171,1,0,0
0500000US21053,0.4277,87.623,1,0,0
0500000US21055,0.4558,83.5162,0,0,0
0500000US21057,0.4527,84.8925,0,0,0
0500000US21059,0.467,65.1952,1,1,0
0500000US21061,0.4485,80.8068,0,0,0
0500000US21063,0.4478,80.213,0,0,0
0500000US21065,0.4457,80.938,0,0,0
0500000US21067,0.4921,39.8423,0,0,0
0500000US21069,0.4422,79.6857,0,0,0
0500000US21071,0.4892,78.7503,0,0,0
0500000US21073,0.452,51.4148,0,0,0
0500000US21075,0.4437,69.5105,1,0,0
0500000US21077,0.4397,79.372,0,0,0
0500000US21079,0.4286,79.4662,0,0,0
0500000US21081,0.4034,81.7159,0,0,0
0500000US21083,0.495,80.2135,0,0,0
0500000US21085,0.4823,80.2811,1,1,1
0500000US21087,0.4732,85.9314,0,0,0
0500000US21089,0.4727,74.6,0,0,0
0500000US21091,0.405,72.847,0,0,0
0500000US21093,0.4639,63.791,0,0,0
0500000US21095,0.4634,87.6877,0,0,0
0500000US21097,0.4609,73.6194,0,0,0
0500000US21099,0.4506,79.5695,0,0,0
0500000US21101,0.4383,63.9577,0,0,0
0500000US21103,0.4493,75.4645,0,0,0
0500000US21105,0.4511,80.0387,1,0,0
0500000US21107,0.4397,74.7967,0,0,0
0500000US21109,0.438,90.2932,1,0,0
0500000US21111,0.4811,40.8233,0,0,0
0500000US21113,0.5163,66.9065,0,0,0
0500000US21115,0.4781,84.7017,0,0,0
0500000US21117,0.4576,59.8458,0,1,1
0500000US21119,0.45,78.8273,0,0,0
0500000US21121,0.5246,84.965,0,0,0
0500000US21123,0.4022,79.5289,0,0,0
0500000US21125,0.4419,84.326,1,0,0
0500000US21127,0.4749,83.1153,0,0,0
0500000US21129,0.4591,82.7881,0,0,0
0500000US21131,0.4684,89.6947,0,0,0
0500000US21133,0.4295,81.2241,1,0,0
0500000US21135,0.4698,87.3449,0,0,0
0500000US21137,0.4605,80.0526,0,0,0
0500000US21139,0.4242,80.8729,0,0,0
0500000US21141,0.4304,76.8923,0,0,0
0500000US21143,0.4516,76.1166,1,0,0
0500000US21145,0.4959,66.8263,1,0,0
0500000US21147,0.4899,89.0373,0,0,0
0500000US21149,0.43,77.2119,0,0,0
0500000US21151,0.436,64.464,0,0,0
0500000US21153,0.4949,81.3045,0,0,0
0500000US21155,0.4317,71.1162,0,0,0
0500000US21157,0.429,77.7014,1,0,0
0500000US21159,0.5715,91.4637,0,0,0
0500000US21161,0.4995,71.1429,0,0,0
0500000US21163,0.4091,75.2673,0,0,0
0500000US21165,0.4748,77.8081,0,0,0
0500000US21167,0.415,74.4747,0,0,0
0500000US21169,0.4423,81.8607,0,0,0
0500000US21171,0.4428,88.15,0,0,0
0500000US21173,0.4401,72.5528,1,0,0
0500000US21175,0.4943,81.0162,0,0,0
0500000US21177,0.4737,76.6214,0,0,0
0500000US21179,0.4315,70.2433,0,0,0
0500000US21181,0.3964,73.8475,0,0,0
0500000US21183,0.4268,79.3545,0,0,0
0500000US21185,0.4503,60.2591,0,1,1
0500000US21187,0.4136,80.6182,0,0,0
0500000US21189,0.5624,88.3632,0,0,0
0500000US21191,0.4322,81.058,1,0,0
0500000US21193,0.5575,79.1934,0,0,0
0500000US21195,0.4997,82.1879,0,0,0
0500000US21197,0.4672,76.3433,0,0,0
0500000US21199,0.474,82.0892,0,0,0
0500000US21201,0.487,79.9825,0,0,0
0500000US21203,0.4823,85.9011,1,0,1
0500000US21205,0.5101,63.0406,1,0,0
0500000US21207,0.4959,85.7079,0,0,0
0500000US21209,0.4133,62.9749,1,0,0
0500000US21211,0.4366,66.4338,0,0,0
0500000US21213,0.4414,71.2511,0,0,0
0500000US21215,0.3945,77.7613,0,0,0
0500000US21217,0.4282,77.669,0,0,0
0500000US21219,0.4966,78.4233,0,0,0
0500000US21221,0.4446,75.542,0,0,0
0500000US21223,0.4679,77.2652,0,0,0
0500000US21225,0.4476,78.5408,1,0,0
0500000US21227,0.4796,61.2786,0,0,0
0500000US21229,0.445,74.4362,0,0,0
0500000US21231,0.4746,82.4802,0,0,0
0500000US21233,0.4116,78.0958,0,0,0
0500000US21235,0.4797,84.1592,0,0,0
0500000US21237,0.4185,74.2024,0,0,0
0500000US21239,0.44,56.1529,0,0,0
0500000US22001,0.4929,81.5232,0,0,0
0500000US22003,0.459,80.0251,0,0,0
0500000US22005,0.4207,66.139,0,0,0
0500000US22007,0.4839,67.165,0,0,0
0500000US22009,0.5041,70.9547,0,0,0
0500000US22011,0.4295,85.0699,1,0,0
0500000US22013,0.5417,58.5038,0,0,0
0500000US22015,0.4621,71.0388,0,0,1
0500000US22017,0.523,46.9604,0,0,0
0500000US22019,0.4826,69.0435,0,1,0
0500000US22021,0.4894,85.9252,0,0,0
0500000US22023,0.3921,92.8019,0,0,0
0500000US22025,0.4331,74.931,0,0,0
0500000US22027,0.5311,60.5571,0,0,0
0500000US22029,0.5244,64.1393,0,0,0
0500000US22031,0.489,67.268,0,0,0
0500000US22033,0.5179,43.39,0,0,0
0500000US22035,0.5128,40.3729,0,0,0
0500000US22037,0.4797,60.5208,0,0,0
0500000US22039,0.4825,73.9489,0,0,0
0500000US22041,0.4839,74.1532,0,0,0
0500000US22043,0.4299,87.8798,0,0,0
0500000US22045,0.4941,66.5201,0,0,0
0500000US22047,0.4741,49.6027,0,0,0
0500000US22049,0.447,73.2217,0,0,0
0500000US22051,0.4887,55.4474,0,0,0
0500000US22053,0.4416,79.9415,0,0,0
0500000US22055,0.5014,64.8209,1,1,0
0500000US22057,0.4619,80.4318,0,1,0
0500000US22059,0.44,90.9819,0,0,0
0500000US22061,0.5393,61.9486,0,0,0
0500000US22063,0.4042,83.6054,1,0,0
0500000US22065,0.5151,46.2425,0,0,0
0500000US22067,0.5182,59.0373,0,0,0
0500000US22069,0.5098,60.5053,0,0,0
0500000US22071,0.5527,15.1568,0,0,0
0500000US22073,0.5179,63.3311,1,1,0
0500000US22075,0.4132,68.4062,1,1,0
0500000US22077,0.4597,63.2584,0,0,0
0500000US22079,0.4801,67.7423,0,0,0
0500000US22081,0.4709,62.7383,0,0,0
0500000US22083,0.487,69.1178,0,0,0
0500000US22085,0.4941,84.6903,0,0,0
0500000US22087,0.4802,63.8041,0,0,1
0500000US22089,0.4196,65.3663,0,1,0
0500000US22091,0.4991,48.8077,0,0,0
0500000US22093,0.4732,50.0636,0,0,0
0500000US22095,0.4259,34.8276,0,0,0
0500000US22097,0.4943,58.8829,0,0,0
0500000US22099,0.4651,69.8472,0,0,0
0500000US22101,0.4733,65.4209,0,0,0
0500000US22103,0.4592,71.0899,0,0,0
0500000US22105,0.4831,68.0531,0,0,0
0500000US22107,0.4616,51.3628,0,0,0
0500000US22109,0.465,75.2898,0,0,0
0500000US22111,0.4863,78.0525,0,0,0
0500000US22113,0.466,81.3879,0,0,0
0500000US22115,0.4428,83.4355,0,0,0
0500000US22117,0.4903,69.6072,0,0,0
0500000US22119,0.4974,67.6643,0,0,0
0500000US22121,0.4226,55.1243,0,0,0
0500000US22123,0.4537,86.5957,0,0,0
0500000US22125,0.4511,65.2963,0,0,0
0500000US22127,0.4883,76.7514,0,0,0
0500000US23001,0.433,52.0077,0,0,0
0500000US23003,0.4646,62.3959,0,0,0
0500000US23005,0.4595,31.1249,0,0,0
0500000US23007,0.4559,53.0332,0,0,0
0500000US23009,0.4575,42.8958,0,0,0
0500000US23011,0.4316,50.2003,0,0,0
0500000US23013,0.4474,39.6323,0,0,0
0500000US23015,0.4432,43.3654,0,0,0
0500000US23017,0.4588,55.5883,0,0,0
0500000US23019,0.4528,54.4807,0,0,0
0500000US23021,0.4517,63.5669,0,0,0
0500000US23023,0.4364,40.5504,0,0,0
0500000US23025,0.4465,62.6771,0,0,0
0500000US23027,0.4331,47.0155,0,0,0
0500000US23029,0.4594,60.9609,0,0,0
0500000US23031,0.4272,43.8082,0,0,0
0500000US24001,0.4389,68.8957,0,0,0
0500000US24003,0.4179,41.3683,0,0,0
0500000US24005,0.458,36.2205,0,0,0
0500000US24009,0.3825,54.1806,0,0,0
0500000US24011,0.4253,67.6852,0,0,0
0500000US24013,0.4029,60.6648,0,0,0
0500000US24015,0.418,64.112,0,0,0
0500000US24017,0.3883,28.3885,0,0,0
0500000US24019,0.4697,55.9862,0,0,0
0500000US24021,0.3983,44.0403,0,0,0
0500000US24023,0.4929,75.6598,0,1,0
0500000US24025,0.408,55.3335,0,0,0
0500000US24027,0.4136,27.1132,0,0,0
0500000US24029,0.4527,49.973,0,0,0
0500000US24031,0.4691,21.6935,0,0,0
0500000US24033,0.4165,11.1403,0,0,0
0500000US24035,0.4274,62.4478,0,0,0
0500000US24037,0.4087,56.9631,0,0,0
0500000US24039,0.4515,57.2655,0,0,0
0500000US24041,0.5061,48.7297,0,0,0
0500000US24043,0.4396,60.0747,0,1,0
0500000US24045,0.4468,51.2982,0,0,0
0500000US24047,0.4861,59.7062,0,0,0
0500000US24510,0.508,12.1272,0,0,0
0500000US25001,0.4787,38.6134,0,0,0
0500000US25003,0.4938,28.8392,0,0,0
0500000US25005,0.4576,48.269,0,0,0
0500000US25007,0.5535,22.4834,0,0,0
0500000US25009,0.4819,38.6551,0,0,0
0500000US25011,0.4361,29.4168,0,0,0
0500000US25013,0.4704,44.3299,0,0,0
0500000US25015,0.4709,27.4504,0,0,0
0500000US25017,0.4747,28.8548,0,0,0
0500000US25019,0.4719,30.5001,0,0,0
0500000US25021,0.4841,34.2859,0,0,0
0500000US25023,0.4625,44.4955,0,0,0
0500000US25025,0.5251,22.2198,0,0,0
0500000US25027,0.4525,43.6749,0,0,0
0500000US26001,0.4367,70.2526,0,0,0
0500000US26003,0.4042,59.2621,0,0,0
0500000US26005,0.4151,62.8621,0,0,0
0500000US26007,0.4678,63.7135,0,0,0
0500000US26009,0.4343,61.251,0,0,0
0500000US26011,0.4039,69.6549,0,0,0
0500000US26013,0.4354,64.1505,0,0,0
0500000US26015,0.4468,66.4078,0,0,0
0500000US26017,0.4342,56.7218,0,0,0
0500000US26019,0.4486,53.6743,0,0,0
0500000US26021,0.4748,53.2324,0,1,0
0500000US26023,0.421,70.4064,0,0,0
0500000US26025,0.4441,56.355,0,1,0
0500000US26027,0.4628,66.3952,0,0,0
0500000US26029,0.4609,57.6581,0,0,0
0500000US26031,0.4512,64.8663,0,0,0
0500000US26033,0.423,61.2524,0,0,0
0500000US26035,0.4614,68.0935,0,0,0
0500000US26037,0.4296,53.517,0,0,0
0500000US26039,0.4018,66.2223,1,0,0
0500000US26041,0.4744,64.5012,0,0,0
0500000US26043,0.4244,67.4242,0,0,0
0500000US26045,0.4064,50.7637,0,0,0
0500000US26047,0.4727,54.549,0,0,0
0500000US26049,0.4602,47.1644,0,0,0
0500000US26051,0.4337,69.7895,0,0,0
0500000US26053,0.4788,57.9024,0,0,0
0500000US26055,0.4376,50.0589,0,0,0
0500000US26057,0.4404,64.9637,0,0,0
0500000US26059,0.4307,75.0403,0,0,0
0500000US26061,0.4644,57.7114,0,0,0
0500000US26063,0.4426,69.7137,0,0,0
0500000US26065,0.4726,34.1416,0,0,0
0500000US26067,0.4158,65.1921,0,0,0
0500000US26069,0.4711,64.5541,0,0,0
0500000US26071,0.4557,64.0529,0,0,0
0500000US26073,0.4612,52.9269,0,0,0
0500000US26075,0.4453,59.884,0,1,0
0500000US26077,0.4734,40.2656,0,0,0
0500000US26079,0.4065,70.6826,0,0,0
0500000US26081,0.4485,46.4367,0,0,0
0500000US26083,0.494,55.6176,0,0,0
0500000US26085,0.4292,65.4085,0,0,0
0500000US26087,0.4218,69.2617,0,0,0
0500000US26089,0.4688,45.434,0,0,0
0500000US26091,0.4108,60.8241,0,0,0
0500000US26093,0.4165,61.3199,0,0,0
0500000US26095,0.4046,72.6968,0,0,0
0500000US26097,0.4472,61.8403,0,0,0
0500000US26099,0.43,55.9086,0,0,0
0500000US26101,0.4465,57.1877,0,0,0
0500000US26103,0.428,44.7563,0,0,0
0500000US26105,0.4436,59.9535,0,0,0
0500000US26107,0.4164,64.2314,0,0,0
0500000US26109,0.4335,66.2098,0,0,0
0500000US26111,0.4624,56.8001,0,0,0
0500000US26113,0.4366,77.2072,0,0,0
0500000US26115,0.4232,62.8366,0,0,0
0500000US26117,0.3997,68.7215,0,0,0
0500000US26119,0.4351,71.9606,0,0,0
0500000US26121,0.4303,50.1497,0,0,0
0500000US26123,0.4104,70.6483,0,0,0
0500000US26125,0.4672,43.7471,0,0,0
0500000US26127,0.4365,64.2031,0,0,0
0500000US26129,0.4336,70.3454,0,0,0
0500000US26131,0.4209,64.5405,0,0,0
0500000US26133,0.4302,73.1113,0,0,0
0500000US26135,0.4183,71.5716,0,0,0
0500000US26137,0.4232,66.9526,0,0,0
0500000US26139,0.4278,59.4559,0,0,0
0500000US26141,0.4385,63.6925,0,0,0
0500000US26143,0.4681,65.8576,1,0,0
0500000US26145,0.4684,50.9524,0,0,0
0500000US26147,0.4284,66.5917,0,0,0
0500000US26149,0.4063,66.206,0,0,0
0500000US26151,0.4323,73.1822,0,0,0
0500000US26153,0.4582,65.2511,0,0,0
0500000US26155,0.4187,60.7546,0,0,0
0500000US26157,0.4061,70.8533,0,0,0
0500000US26159,0.4375,56.8559,0,0,0
0500000US26161,0.4871,26.5611,0,0,0
0500000US26163,0.4931,33.7181,0,0,0
0500000US26165,0.4351,66.5845,0,0,0
0500000US27001,0.4375,64.5319,0,0,0
0500000US27003,0.388,50.8236,0,0,0
0500000US27005,0.4797,65.6619,0,0,0
0500000US27007,0.444,51.8533,0,0,0
0500000US27009,0.4057,66.8594,0,0,0
0500000US27011,0.4629,63.5977,0,0,0
0500000US27013,0.4333,49.3963,0,0,0
0500000US27015,0.4083,66.3927,0,0,0
0500000US27017,0.4201,50.1321,0,0,0
0500000US27019,0.4224,51.4546,0,0,0
0500000US27021,0.4456,65.8937,1,0,0
0500000US27023,0.433,66.081,0,0,0
0500000US27025,0.3884,64.7369,0,0,0
0500000US27027,0.4432,48.5642,0,0,0
0500000US27029,0.4398,74.2626,0,0,0
0500000US27031,0.4123,31.2022,0,0,0
0500000US27033,0.4301,69.4222,0,0,0
0500000US27035,0.4366,64.7288,1,1,0
0500000US27037,0.4141,42.3375,0,0,0
0500000US27039,0.3826,64.843,0,0,0
0500000US27041,0.4416,66.6215,0,0,0
0500000US27043,0.4319,67.6073,0,0,0
0500000US27045,0.4073,61.6714,0,0,0
0500000US27047,0.4573,59.8839,0,1,0
0500000US27049,0.4345,57.1225,0,0,0
0500000US27051,0.4685,63.9571,0,0,0
0500000US27053,0.4819,27.3884,0,0,0
0500000US27055,0.4372,57.2891,0,0,0
0500000US27057,0.4569,64.6912,0,0,0
0500000US27059,0.3856,69.554,0,0,0
0500000US27061,0.439,59.1021,1,0,0
0500000US27063,0.4399,69.9681,0,0,0
0500000US27065,0.41,70.2669,0,0,0
0500000US27067,0.4153,64.4848,0,1,0
0500000US27069,0.4147,61.4,0,0,0
0500000US27071,0.4336,61.9237,0,0,0
0500000US27073,0.4681,65.0651,0,0,0
0500000US27075,0.4017,46.9514,0,0,0
0500000US27077,0.4118,72.859,0,0,0
0500000US27079,0.409,65.8481,0,0,0
0500000US27081,0.4614,67.6971,0,0,0
0500000US27083,0.4532,64.6651,0,0,0
0500000US27085,0.4264,67.8994,0,0,0
0500000US27087,0.4328,53.3669,0,0,0
0500000US27089,0.3876,75.0149,0,0,0
0500000US27091,0.4546,68.9329,0,0,0
0500000US27093,0.4109,70.4323,0,0,0
0500000US27095,0.4163,69.5853,1,0,0
0500000US27097,0.4354,77.123,0,0,0
0500000US27099,0.4197,54.2833,0,0,0
0500000US27101,0.4168,70.1615,0,0,0
0500000US27103,0.4625,49.1322,0,0,0
0500000US27105,0.4292,66.9607,0,0,0
0500000US27107,0.397,59.5932,0,0,0
0500000US27109,0.4639,43.4066,0,0,0
0500000US27111,0.4329,66.0823,0,0,0
0500000US27113,0.413,64.4357,0,0,0
0500000US27115,0.4184,66.6667,0,0,0
0500000US27117,0.4331,73.1238,0,0,0
0500000US27119,0.4337,65.9057,0,0,0
0500000US27121,0.4317,64.7963,0,0,0
0500000US27123,0.4654,27.0781,0,0,0
0500000US27125,0.3838,67.344,0,0,0
0500000US27127,0.4411,70.8023,0,0,0
0500000US27129,0.4199,69.6203,0,0,0
0500000US27131,0.4276,50.1593,0,0,0
0500000US27133,0.4319,68.6767,0,0,0
0500000US27135,0.4294,73.8793,0,0,0
0500000US27137,0.4608,42.0682,0,0,0
0500000US27139,0.4116,53.0691,0,0,0
0500000US27141,0.3883,66.4096,0,0,1
0500000US27143,0.4112,70.4463,0,0,0
0500000US27145,0.4376,62.2541,0,0,0
0500000US27147,0.4145,61.0483,0,0,0
0500000US27149,0.4895,62.5219,0,0,0
0500000US27151,0.438,66.0863,0,0,0
0500000US27153,0.4142,75.7545,0,0,0
0500000US27155,0.4619,64.6504,0,0,0
0500000US27157,0.4175,63.0913,0,0,0
0500000US27159,0.4201,74.9099,0,0,0
0500000US27161,0.4009,65.1776,0,0,0
0500000US27163,0.426,44.3982,0,0,0
0500000US27165,0.439,62.5786,0,0,0
0500000US27167,0.409,68.297,0,0,0
0500000US27169,0.4507,51.4012,0,0,0
0500000US27171,0.3901,63.5388,0,0,0
0500000US27173,0.4245,69.0943,0,0,0
0500000US28001,0.5181,42.5973,0,0,0
0500000US28003,0.4516,83.7546,0,0,0
0500000US28005,0.4684,65.796,0,0,0
0500000US28007,0.5128,61.3138,0,0,0
0500000US28009,0.4444,65.3351,0,0,0
0500000US28011,0.5399,37.7863,0,0,0
0500000US28013,0.4597,73.6327,0,0,0
0500000US28015,0.4342,71.8136,0,0,0
0500000US28017,0.4716,56.3865,0,0,0
0500000US28019,0.4158,74.0617,0,0,0
0500000US28021,0.5522,15.7583,0,0,0
0500000US28023,0.4825,67.2698,0,0,0
0500000US28025,0.4936,44.3524,1,0,0
0500000US28027,0.4958,29.5729,0,0,0
0500000US28029,0.5418,52.5847,0,0,0
0500000US28031,0.488,66.2341,0,0,0
0500000US28033,0.4104,60.7774,0,0,0
0500000US28035,0.505,58.2414,0,0,0
0500000US28037,0.5102,69.6262,0,0,0
0500000US28039,0.4474,89.0595,0,0,0
0500000US28041,0.446,84.5459,0,0,0
0500000US28043,0.5,57.864,0,0,0
0500000US28045,0.481,78.791,0,0,0
0500000US28047,0.4586,63.8766,0,1,1
0500000US28049,0.4892,26.2766,0,0,0
0500000US28051,0.5859,18.4695,0,0,0
0500000US28053,0.5408,28.5467,0,0,0
0500000US28055,0.4513,47.5884,0,0,0
0500000US28057,0.5214,89.662,0,0,0
0500000US28059,0.4625,69.4066,0,0,0
0500000US28061,0.4537,52.1926,0,0,0
0500000US28063,0.4878,16.3989,0,0,0
0500000US28065,0.461,42.804,0,0,0
0500000US28067,0.4855,73.0139,0,0,0
0500000US28069,0.4649,41.3852,0,0,0
0500000US28071,0.5232,60.0197,0,0,0
0500000US28073,0.4693,73.7461,0,0,0
0500000US28075,0.4879,60.1562,0,1,0
0500000US28077,0.5141,67.9498,0,0,0
0500000US28079,0.4606,61.3723,1,0,0
0500000US28081,0.4624,68.8749,0,0,0
0500000US28083,0.528,30.294,0,0,0
0500000US28085,0.4712,72.3453,0,0,0
0500000US28087,0.4763,53.5782,0,0,0
0500000US28089,0.4963,58.0381,0,0,0
0500000US28091,0.4562,70.379,0,0,0
0500000US28093,0.4687,53.2403,0,0,0
0500000US28095,0.4577,67.5898,0,0,1
0500000US28097,0.5246,60.0814,0,0,0
0500000US28099,0.4527,75.076,1,0,0
0500000US28101,0.4948,71.2324,1,0,1
0500000US28103,0.5437,25.871,0,0,0
0500000US28105,0.5303,49.3103,0,0,0
0500000US28107,0.4844,56.8714,0,0,0
0500000US28109,0.4505,82.8422,0,0,0
0500000US28111,0.4232,79.8881,0,0,0
0500000US28113,0.4953,51.2948,0,0,0
0500000US28115,0.4373,83.4518,0,0,0
0500000US28117,0.479,82.6606,0,0,0
0500000US28119,0.4868,33.6944,0,0,0
0500000US28121,0.4205,73.0446,0,0,0
0500000US28123,0.4641,61.652,0,0,0
0500000US28125,0.4838,31.2005,0,0,0
0500000US28127,0.4411,68.0728,0,0,0
0500000US28129,0.4543,80.0677,0,0,0
0500000US28131,0.3945,78.4695,1,1,1
0500000US28133,0.5035,31.9325,0,0,0
0500000US28135,0.4592,46.5483,0,0,0
0500000US28137,0.41,71.4175,1,1,0
0500000US28139,0.4411,83.2447,0,0,0
0500000US28141,0.4692,89.105,0,0,0
0500000US28143,0.5023,29.9475,0,0,0
0500000US28145,0.45,84.6209,0,0,0
0500000US28147,0.5013,63.0112,0,0,0
0500000US28149,0.4685,51.41,0,0,0
0500000US28151,0.4987,31.9739,0,0,0
0500000US28153,0.495,65.9392,1,0,0
0500000US28155,0.4292,82.3356,1,0,0
0500000US28157,0.5158,36.6769,0,0,0
0500000US28159,0.4998,58.7071,0,0,0
0500000US28161,0.4536,59.8503,0,0,0
0500000US28163,0.5097,50.8082,0,0,0
0500000US29001,0.5515,66.1295,0,0,0
0500000US29003,0.3997,75.2209,0,0,0
0500000US29005,0.4488,79.3218,0,0,0
0500000US29007,0.4184,73.1635,0,0,0
0500000US29009,0.4547,81.2744,0,0,0
0500000US29011,0.4342,85.7689,0,0,0
0500000US29013,0.4139,80.3212,0,0,0
0500000US29015,0.476,79.1717,0,0,0
0500000US29017,0.3995,87.08,0,0,0
0500000US29019,0.4753,44.0273,0,0,0
0500000US29021,0.4726,63.246,0,0,0
0500000US29023,0.4612,81.4614,0,0,0
0500000US29025,0.4289,80.1829,0,0,0
0500000US29027,0.4154,70.8739,0,0,1
0500000US29029,0.4648,76.7066,0,0,0
0500000US29031,0.4606,72.6464,0,0,0
0500000US29033,0.4502,81.8905,0,0,0
0500000US29035,0.4443,86.9322,1,0,1
0500000US29037,0.4068,65.3625,0,0,0
0500000US29039,0.495,84.3628,0,0,0
0500000US29041,0.4145,77.7452,0,0,0
0500000US29043,0.4292,75.5656,1,1,0
0500000US29045,0.4504,80.378,0,0,0
0500000US29047,0.4181,52.0037,0,0,0
0500000US29049,0.4366,73.3304,0,0,0
0500000US29051,0.4239,66.4624,0,0,0
0500000US29053,0.4061,72.3599,0,0,0
0500000US29055,0.4728,80.7277,0,0,0
0500000US29057,0.4384,83.1343,0,0,0
0500000US29059,0.4699,81.8268,1,0,0
0500000US29061,0.4459,81.1465,0,0,0
0500000US29063,0.4162,80.7021,1,1,1
0500000US29065,0.4444,84.6544,0,0,0
0500000US29067,0.5047,85.6359,1,0,0
0500000US29069,0.4544,80.5492,1,0,0
0500000US29071,0.4198,72.346,0,0,0
0500000US29073,0.4669,79.6549,0,0,0
0500000US29075,0.4289,80.5286,0,0,0
0500000US29077,0.4654,59.6763,0,0,0
0500000US29079,0.5022,81.3351,1,0,0
0500000US29081,0.4055,85.6437,0,0,0
0500000US29083,0.4409,75.7958,0,0,0
0500000US29085,0.4749,80.2344,0,0,0
0500000US29087,0.4433,84.2687,0,0,0
0500000US29089,0.4166,71.3075,0,0,0
0500000US29091,0.4605,82.945,0,0,0
0500000US29093,0.4383,80.6552,0,0,0
0500000US29095,0.4615,51.301,0,0,0
0500000US29097,0.4596,72.6374,0,0,0
0500000US29099,0.395,67.7171,1,0,0
0500000US29101,0.4005,69.0535,0,0,0
0500000US29103,0.4672,81.7127,0,0,0
0500000US29105,0.4557,82.8941,0,0,0
0500000US29107,0.3937,73.7477,0,0,0
0500000US29109,0.409,81.4077,1,0,0
0500000US29111,0.4307,79.4695,0,0,0
0500000US29113,0.3927,77.3846,1,0,0
0500000US29115,0.4362,78.02,0,0,0
0500000US29117,0.4503,78.4956,0,0,0
0500000US29119,0.4291,83.9901,0,0,0
0500000US29121,0.395,80.3674,0,0,0
0500000US29123,0.4595,82.0615,1,0,0
0500000US29125,0.4185,83.3055,0,0,0
0500000US29127,0.4157,75.9599,0,0,0
0500000US29129,0.3875,86.2165,0,0,0
0500000US29131,0.4496,83.2065,0,0,0
0500000US29133,0.432,76.5116,1,1,1
0500000US29135,0.4126,80.7835,0,0,0
0500000US29137,0.4411,79.397,0,0,0
0500000US29139,0.4206,79.6265,0,0,0
0500000US29141,0.5132,79.3529,0,0,0
0500000US29143,0.4983,76.3911,1,0,0
0500000US29145,0.4417,78.7813,0,0,0
0500000US29147,0.4305,71.3077,0,0,0
0500000US29149,0.4481,84.1968,0,0,0
0500000US29151,0.4835,86.1525,0,0,0
0500000US29153,0.5115,84.6025,1,1,1
0500000US29155,0.519,74.3264,0,0,0
0500000US29157,0.4551,81.2907,0,0,0
0500000US29159,0.4272,73.6522,0,0,1
0500000US29161,0.4564,70.7668,1,0,0
0500000US29163,0.4328,78.6171,0,0,0
0500000US29165,0.4387,50.8172,0,0,0
0500000US29167,0.4538,80.1908,0,0,0
0500000US29169,0.4089,74.4678,1,1,0
0500000US29171,0.4448,84.916,0,0,0
0500000US29173,0.4102,79.1934,0,0,0
0500000US29175,0.4286,75.4625,0,0,0
0500000US29177,0.4368,73.7609,0,0,0
0500000US29179,0.4412,83.6875,1,0,0
0500000US29181,0.4411,86.1819,1,0,0
0500000US29183,0.4085,57.7399,0,0,0
0500000US29185,0.4462,79.7996,0,0,0
0500000US29186,0.4123,71.921,1,1,0
0500000US29187,0.4366,75.2088,1,0,0
0500000US29189,0.4938,37.3916,0,0,0
0500000US29195,0.4439,69.6463,0,0,0
0500000US29197,0.3757,81.6452,0,0,0
0500000US29199,0.3951,80.1356,0,0,0
0500000US29201,0.4612,79.1344,1,0,0
0500000US29203,0.4105,83.7232,0,0,0
0500000US29205,0.4498,82.4954,0,0,0
0500000US29207,0.4262,86.6461,1,0,0
0500000US29209,0.4474,80.3064,1,0,0
0500000US29211,0.4367,82.6228,0,0,0
0500000US29213,0.4687,79.1679,0,0,0
0500000US29215,0.4223,85.5098,1,1,1
0500000US29217,0.4049,79.26,0,0,0
0500000US29219,0.4087,74.2224,0,0,0
0500000US29221,0.4767,82.2897,0,0,0
0500000US29223,0.422,86.027,1,0,0
0500000US29225,0.4055,80.6702,1,0,0
0500000US29227,0.4314,81.81,0,0,0
0500000US29229,0.4552,87.4165,1,1,1
0500000US29510,0.5034,16.6353,0,0,0
0500000US30001,0.4256,70.038,0,0,0
0500000US30003,0.4435,48.9485,0,0,0
0500000US30005,0.481,50.5465,0,0,0
0500000US30007,0.4093,78.3784,0,0,0
0500000US30009,0.4556,64.6704,0,0,0
0500000US30011,0.4057,88.993,1,0,0
0500000US30013,0.4552,59.652,0,0,0
0500000US30015,0.4317,64.2468,0,0,0
0500000US30017,0.4246,72.5893,0,0,0
0500000US30019,0.4108,81.8086,0,0,0
0500000US30021,0.4073,78.2018,0,0,0
0500000US30023,0.4231,47.8234,0,0,0
0500000US30025,0.503,86.4632,0,0,0
0500000US30027,0.4135,73.972,0,0,0
0500000US30029,0.4566,65.5527,0,1,0
0500000US30031,0.4764,46.776,0,1,0
0500000US30033,0.4801,94.5,1,0,0
0500000US30035,0.4971,38.1843,0,0,0
0500000US30037,0.4336,85.4369,0,0,0
0500000US30039,0.4614,70.6342,0,0,0
0500000US30041,0.4612,56.893,0,0,0
0500000US30043,0.4486,66.8677,0,0,0
0500000US30045,0.4588,77.6792,0,0,0
0500000US30047,0.5019,58.427,0,0,0
0500000US30049,0.4298,51.1125,0,0,0
0500000US30051,0.5099,76.1134,0,0,0
0500000US30053,0.4484,75.5704,0,0,0
0500000US30055,0.3777,86.0444,0,0,0
0500000US30057,0.4285,71.4286,0,0,0
0500000US30059,0.4366,75.7679,0,0,0
0500000US30061,0.4542,72.3262,0,0,0
0500000US30063,0.4723,37.5222,0,0,0
0500000US30065,0.4739,84.6614,0,0,0
0500000US30067,0.4523,52.3001,0,0,0
0500000US30069,0.4271,87.6543,0,0,0
0500000US30071,0.4267,80.0822,0,0,0
0500000US30073,0.4384,69.1445,0,0,0
0500000US30075,0.4717,87.0705,0,0,0
0500000US30077,0.4314,75.1371,0,0,0
0500000US30079,0.5137,79.3605,0,0,0
0500000US30081,0.4374,68.944,0,0,0
0500000US30083,0.4668,82.6333,0,0,0
0500000US30085,0.4581,52.5038,0,0,0
0500000US30087,0.4921,66.775,0,0,0
0500000US30089,0.4448,76.2176,0,0,0
0500000US30091,0.4759,69.09,0,0,0
0500000US30093,0.4702,44.4969,0,0,0
0500000US30095,0.4751,79.5632,0,0,0
0500000US30097,0.4565,75.1365,0,0,0
0500000US30099,0.4194,70.9922,0,0,0
0500000US30101,0.4445,76.784,0,0,0
0500000US30103,0.4988,83.0317,1,0,0
0500000US30105,0.376,74.0132,0,0,0
0500000US30107,0.4833,77.6243,0,0,0
0500000US30109,0.4076,84.7985,0,0,0
0500000US30111,0.4568,61.997,0,0,0
0500000US31001,0.4606,70.1546,0,0,0
0500000US31003,0.4314,87.9605,0,0,0
0500000US31005,0.4201,93.617,0,0,0
0500000US31007,0.3533,90.1554,1,0,0
0500000US31009,0.4906,85.9107,0,0,0
0500000US31011,0.4326,82.448,0,0,0
0500000US31013,0.3947,77.611,0,0,0
0500000US31015,0.4091,87.2558,0,0,0
0500000US31017,0.5085,86.9671,0,0,0
0500000US31019,0.4347,71.8212,0,0,0
0500000US31021,0.4287,71.9912,0,0,0
0500000US31023,0.4825,79.3983,0,0,0
0500000US31025,0.4031,67.8197,0,0,0
0500000US31027,0.4259,84.3037,0,0,0
0500000US31029,0.4474,88.3173,0,0,0
0500000US31031,0.4139,87.5529,0,0,0
0500000US31033,0.4427,81.5011,0,0,0
0500000US31035,0.4284,80.8761,0,0,0
0500000US31037,0.3811,74.9716,0,0,0
0500000US31039,0.4242,79.5501,0,0,0
0500000US31041,0.4174,85.6609,0,0,0
0500000US31043,0.4212,64.281,0,0,1
0500000US31045,0.4657,72.6991,0,0,0
0500000US31047,0.4357,74.3375,0,0,0
0500000US31049,0.5032,83.3004,0,0,0
0500000US31051,0.4751,78.4456,0,0,0
0500000US31053,0.4054,65.651,0,0,0
0500000US31055,0.4845,44.2274,0,0,0
0500000US31057,0.4534,89.2357,0,0,0
0500000US31059,0.4611,76.8337,0,0,0
0500000US31061,0.5032,84.4375,0,0,0
0500000US31063,0.3817,86.0284,0,0,0
0500000US31065,0.4407,84.6664,0,0,0
0500000US31067,0.4241,68.9172,0,0,0
0500000US31069,0.414,84.9597,0,0,0
0500000US31071,0.4344,87.9803,0,0,0
0500000US31073,0.4755,81.127,0,0,0
0500000US31075,0.4464,95.9016,0,0,0
0500000US31077,0.4174,83.4008,0,0,0
0500000US31079,0.4544,68.26,0,0,0
0500000US31081,0.366,79.6106,0,0,0
0500000US31083,0.5062,83.5738,0,0,0
0500000US31085,0.4087,95.5466,0,0,0
0500000US31087,0.432,88.5555,0,0,0
0500000US31089,0.4905,86.5123,0,0,0
0500000US31091,0.3714,86.4169,0,0,0
0500000US31093,0.4227,80.7887,0,0,0
0500000US31095,0.4313,71.9912,0,0,0
0500000US31097,0.4737,69.5167,0,0,0
0500000US31099,0.4705,78.4684,0,0,0
0500000US31101,0.4209,81.3527,0,0,0
0500000US31103,0.4602,91.9118,0,0,0
0500000US31105,0.4427,82.7907,0,0,0
0500000US31107,0.4233,80.9964,0,0,0
0500000US31109,0.4528,47.0809,0,0,0
0500000US31111,0.4078,76.9801,0,0,0
0500000US31113,0.489,92.9545,0,0,0
0500000US31115,0.415,82.7103,0,0,0
0500000US31117,0.4042,94.3463,0,0,0
0500000US31119,0.4741,77.406,0,0,0
0500000US31121,0.4518,81.7826,0,0,0
0500000US31123,0.4456,83.512,0,0,0
0500000US31125,0.42,79.5863,0,0,0
0500000US31127,0.4652,71.4745,0,0,0
0500000US31129,0.4051,81.3109,0,0,0
0500000US31131,0.4418,68.9314,0,0,0
0500000US31133,0.442,78.6802,0,0,0
0500000US31135,0.4076,85.8345,0,0,0
0500000US31137,0.5197,83.7462,0,0,0
0500000US31139,0.4051,87.7598,0,0,0
0500000US31141,0.4188,78.7201,0,0,0
0500000US31143,0.4013,81.4473,0,0,0
0500000US31145,0.4581,83.731,1,1,1
0500000US31147,0.4669,75.1395,0,0,0
0500000US31149,0.4499,89.3285,0,0,0
0500000US31151,0.3914,66.0301,0,0,0
0500000US31153,0.399,55.1616,0,0,0
0500000US31155,0.4033,72.6428,0,0,0
0500000US31157,0.4479,73.3577,0,0,0
0500000US31159,0.3907,72.5936,0,0,0
0500000US31161,0.4662,84.6216,0,0,0
0500000US31163,0.418,79.668,0,0,0
0500000US31165,0.4149,88.0531,1,0,0
0500000US31167,0.4299,82.7676,0,0,0
0500000US31169,0.4156,79.8738,0,0,0
0500000US31171,0.3199,88.5496,0,0,0
0500000US31173,0.4219,52.9911,0,0,0
0500000US31175,0.447,81.4267,0,0,0
0500000US31177,0.4268,70.5859,0,0,0
0500000US31179,0.4437,73.9259,0,0,0
0500000US31181,0.4208,82.1894,0,0,0
0500000US31183,0.5077,87.2428,1,0,0
0500000US31185,0.4331,74.9427,0,0,0
0500000US32001,0.4168,73.7762,0,0,0
0500000US32003,0.4683,47.8124,0,0,0
0500000US32005,0.5116,65.3532,0,1,0
0500000US32007,0.4152,77.2402,0,0,0
0500000US32009,0.4459,81.5618,0,0,0
0500000US32011,0.3943,87.8378,0,0,0
0500000US32013,0.3914,76.4757,0,0,0
0500000US32015,0.3861,80,0,0,0
0500000US32017,0.3685,85.2751,0,0,0
0500000US32019,0.3979,71.1398,0,1,1
0500000US32021,0.3875,66.5795,0,1,0
0500000US32023,0.4464,70.1782,0,0,0
0500000US32027,0.4192,76.4298,0,0,0
0500000US32029,0.3967,68.5528,0,0,0
0500000US32031,0.4711,48.3226,0,0,0
0500000US32033,0.3792,77.3156,0,0,0
0500000US32510,0.4529,54.3099,0,0,0
0500000US33001,0.449,55.9667,1,0,0
0500000US33003,0.4611,50.2799,0,0,0
0500000US33005,0.4264,44.2464,0,0,0
0500000US33007,0.4884,56.1944,0,0,0
0500000US33009,0.4947,39.1967,1,0,0
0500000US33011,0.4299,47.7977,1,0,0
0500000US33013,0.44,46.639,0,0,0
0500000US33015,0.4297,50.5312,1,0,0
0500000US33017,0.4273,43.2427,0,0,0
0500000US33019,0.4608,49.4984,0,0,0
0500000US34001,0.4668,50.7225,0,0,0
0500000US34003,0.4725,47.2897,0,0,0
0500000US34005,0.4292,41.0152,0,0,0
0500000US34007,0.4661,35.5398,0,0,0
0500000US34009,0.4598,58.9191,0,0,0
0500000US34011,0.4734,51.3107,0,0,0
0500000US34013,0.5438,26.7835,0,0,0
0500000US34015,0.4192,50.6126,0,0,0
0500000US34017,0.5046,34.5673,0,0,0
0500000US34019,0.4431,52.3831,0,0,0
0500000US34021,0.4926,32.0169,0,0,0
0500000US34023,0.4371,44.4865,0,0,0
0500000US34025,0.4723,54.8141,0,0,0
0500000US34027,0.4578,50.3885,0,0,0
0500000US34029,0.4499,67.4009,0,0,0
0500000US34031,0.4656,49.7882,0,0,0
0500000US34033,0.4384,58.8013,0,0,0
0500000US34035,0.4598,41.7677,0,0,0
0500000US34037,0.4156,61.59,0,0,0
0500000US34039,0.4834,37.0121,0,0,0
0500000US34041,0.4146,59.4713,0,0,0
0500000US35001,0.467,38.2063,0,0,0
0500000US35003,0.3875,74.4265,0,0,0
0500000US35005,0.4985,71.5946,0,0,0
0500000US35006,0.4589,48.0227,0,0,0
0500000US35007,0.4608,55.9436,0,0,0
0500000US35009,0.461,70.3803,0,1,0
0500000US35011,0.4285,74.8558,0,0,0
0500000US35013,0.4781,44.0175,0,0,0
0500000US35015,0.4532,77.2878,0,0,0
0500000US35017,0.4808,46.2598,0,0,0
0500000US35019,0.5989,49.0145,0,0,0
0500000US35021,0.7267,69.8824,0,0,0
0500000US35023,0.4362,61.2574,0,0,0
0500000US35025,0.4886,80.1405,0,0,0
0500000US35027,0.4894,68.2932,0,0,0
0500000US35028,0.3821,33.2075,0,0,0
0500000US35029,0.4545,58.3168,0,0,0
0500000US35031,0.4955,36.2006,0,0,0
0500000US35033,0.4795,40.7422,0,0,0
0500000US35035,0.4304,62.3587,0,0,0
0500000US35037,0.5432,69.4595,0,0,0
0500000US35039,0.4557,39.202,0,0,0
0500000US35041,0.4537,70.598,0,0,0
0500000US35043,0.4224,46.0209,0,0,0
0500000US35045,0.4707,64.7394,0,0,0
0500000US35047,0.4725,34.9928,0,0,0
0500000US35049,0.4872,24.4353,0,0,0
0500000US35051,0.4233,58.3403,0,0,0
0500000US35053,0.5539,50.477,0,0,0
0500000US35055,0.512,24.8798,0,0,0
0500000US35057,0.4563,67.976,0,1,0
0500000US35059,0.649,74.985,0,0,0
0500000US35061,0.4562,57.2678,0,0,0
0500000US36001,0.4557,36.7217,0,0,0
0500000US36003,0.4263,71.3563,0,0,0
0500000US36005,0.5205,27.0534,0,0,0
0500000US36007,0.4706,49.4843,0,1,0
0500000US36009,0.4407,66.221,1,0,0
0500000US36011,0.4365,56.3575,0,0,0
0500000US36013,0.4442,60.8412,0,0,0
0500000US36015,0.4655,58.2029,0,0,0
0500000US36017,0.4049,63.4161,0,0,0
0500000US36019,0.4475,50.9451,0,0,0
0500000US36021,0.5099,42.2542,0,0,0
0500000US36023,0.4184,53.0572,0,0,0
0500000US36025,0.4585,59.5483,0,0,0
0500000US36027,0.4659,47.0185,0,0,0
0500000US36029,0.4637,44.8525,0,0,0
0500000US36031,0.4545,49.5581,0,0,0
0500000US36033,0.4253,54.317,0,0,0
0500000US36035,0.4392,67.7869,0,0,0
0500000US36037,0.4037,66.7874,0,0,0
0500000US36039,0.4671,58.0877,0,0,0
0500000US36041,0.4303,64.6409,0,0,0
0500000US36043,0.4416,68.0836,0,0,0
0500000US36045,0.4394,61.66,0,0,0
0500000US36047,0.5334,27.5922,0,0,0
0500000US36049,0.3987,72.1348,0,0,0
0500000US36051,0.4236,60.5123,0,0,0
0500000US36053,0.438,56.2637,0,1,0
0500000US36055,0.4658,40.2354,0,0,0
0500000US36057,0.4267,64.1464,0,0,0
0500000US36059,0.4509,51.6801,1,1,0
0500000US36061,0.5978,17.4092,0,0,0
0500000US36063,0.4437,57.2854,1,1,0
0500000US36065,0.4511,60.5308,0,0,0
0500000US36067,0.4644,41.1225,0,0,0
0500000US36069,0.4417,50.3792,0,0,0
0500000US36071,0.4489,54.0453,0,0,0
0500000US36073,0.4274,70.0515,0,0,0
0500000US36075,0.4437,61.939,0,0,0
0500000US36077,0.4451,53.6503,0,1,0
0500000US36079,0.4254,56.5821,0,0,0
0500000US36081,0.4681,37.1569,0,0,0
0500000US36083,0.428,49.0259,0,0,1
0500000US36085,0.4492,64.1975,0,0,0
0500000US36087,0.4706,55.6686,0,0,0
0500000US36089,0.4604,58.872,0,0,0
0500000US36091,0.4459,48.8793,0,0,0
0500000US36093,0.4492,44.3082,0,0,0
0500000US36095,0.4436,64.9732,0,0,0
0500000US36097,0.4459,60.2678,0,0,0
0500000US36099,0.4604,55.7337,0,0,0
0500000US36101,0.4516,65.6691,1,1,0
0500000US36103,0.4418,54.7355,0,0,0
0500000US36105,0.4949,58.1427,0,0,0
0500000US36107,0.462,61.2321,0,0,0
0500000US36109,0.4829,24.4004,0,0,0
0500000US36111,0.48,40.3343,0,0,0
0500000US36113,0.4576,51.93,0,0,0
0500000US36115,0.4078,60.4072,0,0,0
0500000US36117,0.4111,61.3955,0,0,0
0500000US36119,0.5383,36.6494,0,0,0
0500000US36121,0.4148,74.1138,0,0,0
0500000US36123,0.4663,57.8448,0,0,0
0500000US37001,0.4356,NA,0,1,0
0500000US37003,0.4417,NA,0,0,0
0500000US37005,0.4905,NA,0,0,0
0500000US37007,0.4636,NA,0,0,0
0500000US37009,0.4431,NA,0,0,0
0500000US37011,0.4659,NA,0,1,0
0500000US37013,0.4646,NA,0,0,0
0500000US37015,0.4876,NA,0,0,0
0500000US37017,0.494,NA,0,0,0
0500000US37019,0.4386,NA,0,1,0
0500000US37021,0.4811,NA,0,0,0
0500000US37023,0.4426,NA,0,0,0
0500000US37025,0.4423,NA,0,0,1
0500000US37027,0.4353,NA,0,1,0
0500000US37029,0.407,NA,0,0,0
0500000US37031,0.4718,NA,0,1,0
0500000US37033,0.4437,NA,0,0,0
0500000US37035,0.4589,NA,0,1,0
0500000US37037,0.4934,NA,0,0,0
0500000US37039,0.4195,NA,0,1,0
0500000US37041,0.469,NA,0,0,0
0500000US37043,0.4766,NA,0,0,0
0500000US37045,0.4432,NA,0,1,0
0500000US37047,0.4727,NA,1,1,0
0500000US37049,0.4495,NA,0,1,0
0500000US37051,0.4485,NA,0,0,0
0500000US37053,0.4196,NA,0,0,0
0500000US37055,0.4915,NA,0,0,0
0500000US37057,0.441,NA,0,0,0
0500000US37059,0.435,NA,0,0,0
0500000US37061,0.4336,NA,0,1,0
0500000US37063,0.4623,NA,0,0,0
0500000US37065,0.4567,NA,0,0,0
0500000US37067,0.4781,NA,0,0,0
0500000US37069,0.429,NA,0,0,0
0500000US37071,0.4683,NA,0,0,1
0500000US37073,0.3834,NA,0,0,0
0500000US37075,0.4082,NA,0,0,0
0500000US37077,0.4469,NA,0,0,0
0500000US37079,0.3916,NA,0,0,0
0500000US37081,0.479,NA,0,0,0
0500000US37083,0.4835,NA,0,0,0
0500000US37085,0.4415,NA,0,0,0
0500000US37087,0.4358,NA,0,0,0
0500000US37089,0.4496,NA,0,0,1
0500000US37091,0.4954,NA,0,0,0
0500000US37093,0.4873,NA,0,0,0
0500000US37095,0.4052,NA,0,0,0
0500000US37097,0.4722,NA,0,0,0
0500000US37099,0.4878,NA,0,0,0
0500000US37101,0.4208,NA,0,0,0
0500000US37103,0.4496,NA,0,0,0
0500000US37105,0.4214,NA,0,0,0
0500000US37107,0.4794,NA,0,0,0
0500000US37109,0.4729,NA,0,1,0
0500000US37111,0.4223,NA,0,0,0
0500000US37113,0.4832,NA,0,0,0
0500000US37115,0.5024,NA,0,0,0
0500000US37117,0.4476,NA,0,0,0
0500000US37119,0.4921,NA,0,0,0
0500000US37121,0.4786,NA,0,0,0
0500000US37123,0.4602,NA,0,0,0
0500000US37125,0.4485,NA,0,0,0
0500000US37127,0.4523,NA,0,1,0
0500000US37129,0.4816,NA,0,0,0
0500000US37131,0.487,NA,0,0,0
0500000US37133,0.4203,NA,1,1,0
0500000US37135,0.5142,NA,0,0,0
0500000US37137,0.4549,NA,0,0,0
0500000US37139,0.4396,NA,0,0,0
0500000US37141,0.4317,NA,0,0,0
0500000US37143,0.3976,NA,0,0,0
0500000US37145,0.4777,NA,0,0,0
0500000US37147,0.4814,NA,0,0,0
0500000US37149,0.4985,NA,0,0,0
0500000US37151,0.4191,NA,0,1,0
0500000US37153,0.4752,NA,0,0,0
0500000US37155,0.5084,NA,0,0,0
0500000US37157,0.4613,NA,0,1,0
0500000US37159,0.4448,NA,0,0,0
0500000US37161,0.4666,NA,0,0,0
0500000US37163,0.4508,NA,0,0,0
0500000US37165,0.5349,NA,0,0,0
0500000US37167,0.4312,NA,0,0,0
0500000US37169,0.4183,NA,0,0,0
0500000US37171,0.4752,NA,0,0,0
0500000US37173,0.4623,NA,0,0,0
0500000US37175,0.4621,NA,0,0,0
0500000US37177,0.4225,NA,0,0,0
0500000US37179,0.4452,NA,0,1,0
0500000US37181,0.454,NA,0,0,0
0500000US37183,0.4496,NA,0,0,0
0500000US37185,0.5127,NA,0,0,0
0500000US37187,0.4976,NA,0,0,0
0500000US37189,0.5394,NA,0,0,0
0500000US37191,0.4487,NA,0,0,0
0500000US37193,0.4182,NA,0,0,0
0500000US37195,0.4746,NA,0,0,0
0500000US37197,0.4613,NA,0,0,0
0500000US37199,0.4869,NA,0,1,0
0500000US38001,0.4491,80.0999,0,0,0
0500000US38003,0.4773,66.136,0,0,0
0500000US38005,0.5229,58.0919,0,0,0
0500000US38007,0.4109,83.9258,0,0,0
0500000US38009,0.4701,76.2402,0,0,0
0500000US38011,0.3741,85.5377,1,1,0
0500000US38013,0.4451,86.0795,1,0,0
0500000US38015,0.431,70.0209,0,0,0
0500000US38017,0.4659,52.694,0,0,0
0500000US38019,0.4967,73.5279,0,0,0
0500000US38021,0.4806,74.5618,0,0,0
0500000US38023,0.3965,76.1032,0,0,0
0500000US38025,0.488,83.7199,1,1,0
0500000US38027,0.4869,71.5353,1,0,0
0500000US38029,0.4624,87.9275,0,0,0
0500000US38031,0.4437,77.8626,0,0,0
0500000US38033,0.4121,85.4692,0,0,0
0500000US38035,0.4597,57.6963,0,0,0
0500000US38037,0.5121,82.389,0,0,0
0500000US38039,0.5376,74.7091,0,0,0
0500000US38041,0.4971,83.3844,0,0,0
0500000US38043,0.4313,81.3305,0,0,0
0500000US38045,0.429,76.0245,0,0,0
0500000US38047,0.4534,86.9313,0,0,0
0500000US38049,0.408,80.7776,0,0,0
0500000US38051,0.4295,81.4388,0,0,0
0500000US38053,0.4525,83.8073,1,0,0
0500000US38055,0.4057,78.0483,0,0,0
0500000US38057,0.3997,83.3809,1,0,0
0500000US38059,0.4626,75.3639,0,0,0
0500000US38061,0.4805,70.6359,0,0,0
0500000US38063,0.4965,64.7927,0,0,0
0500000US38065,0.4049,83.6247,0,0,0
0500000US38067,0.4553,75.5141,0,0,0
0500000US38069,0.4574,75.7868,0,0,0
0500000US38071,0.4762,68.8872,1,0,0
0500000US38073,0.4061,62.7029,0,0,0
0500000US38075,0.3908,82.202,1,1,0
0500000US38077,0.4474,67.4979,0,0,0
0500000US38079,0.4633,35.0184,0,0,0
0500000US38081,0.4372,64.8556,0,0,0
0500000US38083,0.4416,85.0727,0,0,0
0500000US38085,0.5313,29.9056,0,0,0
0500000US38087,0.4674,90.2314,0,0,0
0500000US38089,0.4232,81.6093,0,0,0
0500000US38091,0.4429,61.2808,0,0,0
0500000US38093,0.4974,70.8999,0,0,0
0500000US38095,0.4654,71.4542,0,0,0
0500000US38097,0.4386,64.3985,0,0,0
0500000US38099,0.3946,70.863,0,0,0
0500000US38101,0.4392,72.2716,0,0,0
0500000US38103,0.5072,80.5593,0,0,0
0500000US38105,0.4595,82.6676,0,0,0
0500000US39001,0.4513,82.6213,0,0,0
0500000US39003,0.4396,71.6017,0,0,0
0500000US39005,0.4037,74.4965,0,0,0
0500000US39007,0.4355,63.7617,0,0,0
0500000US39009,0.4933,44.1069,0,0,0
0500000US39011,0.3881,81.8916,0,0,0
0500000US39013,0.4434,73.3254,0,0,0
0500000US39015,0.4532,80.4747,0,0,0
0500000US39017,0.4403,62.6817,1,0,1
0500000US39019,0.4306,76.952,0,0,0
0500000US39021,0.3941,74.8913,0,0,0
0500000US39023,0.4332,64.2797,0,0,0
0500000US39025,0.4355,67.4277,1,0,0
0500000US39027,0.449,76.9238,0,0,0
0500000US39029,0.4625,74.0994,0,0,0
0500000US39031,0.4528,75.6687,0,0,0
0500000US39033,0.4246,76.078,0,0,0
0500000US39035,0.5035,33.8521,0,0,0
0500000US39037,0.4466,82.342,0,0,0
0500000US39039,0.4014,69.4404,0,0,0
0500000US39041,0.4191,52.8128,0,0,0
0500000US39043,0.4516,56.5876,0,0,0
0500000US39045,0.416,61.5686,0,0,0
0500000US39047,0.4473,77.2095,0,1,0
0500000US39049,0.4686,35.2426,0,0,0
0500000US39051,0.4161,70.7803,0,0,0
0500000US39053,0.4739,79.3263,0,0,0
0500000US39055,0.4496,61.6534,0,0,0
0500000US39057,0.4273,59.3052,0,0,0
0500000US39059,0.4383,75.6434,0,0,0
0500000US39061,0.508,42.0315,0,0,0
0500000US39063,0.4245,68.6609,0,0,0
0500000US39065,0.4368,76.8712,0,0,0
0500000US39067,0.4453,77.1308,0,0,0
0500000US39069,0.444,72.9144,0,0,0
0500000US39071,0.4131,81.3979,0,0,0
0500000US39073,0.4186,71.7548,0,0,0
0500000US39075,0.4297,84.1832,0,0,0
0500000US39077,0.4051,71.5902,0,0,0
0500000US39079,0.4784,78.7359,0,0,0
0500000US39081,0.4413,71.3756,0,0,0
0500000US39083,0.4176,71.991,0,0,0
0500000US39085,0.4293,56.7153,1,1,0
0500000US39087,0.4525,74.9186,0,0,0
0500000US39089,0.447,64.5477,0,0,0
0500000US39091,0.4449,77.6809,0,0,0
0500000US39093,0.4627,52.3857,0,0,0
0500000US39095,0.4852,43.2288,0,0,0
0500000US39097,0.3932,71.3,0,0,0
0500000US39099,0.4782,54.3445,0,0,0
0500000US39101,0.4444,70.2475,0,0,0
0500000US39103,0.4217,61.944,0,0,0
0500000US39105,0.438,78.1442,0,0,0
0500000US39107,0.4027,82.979,0,0,0
0500000US39109,0.4147,72.1041,0,0,0
0500000US39111,0.4554,79.3996,0,0,0
0500000US39113,0.4587,49.2731,0,0,0
0500000US39115,0.407,76.2017,0,0,0
0500000US39117,0.4011,77.4726,0,0,0
0500000US39119,0.4496,71.5644,0,0,0
0500000US39121,0.4811,81.9672,0,0,0
0500000US39123,0.4646,62.0701,0,0,0
0500000US39125,0.4278,77.6436,0,0,0
0500000US39127,0.4385,76.8715,0,0,0
0500000US39129,0.4186,73.7944,0,0,0
0500000US39131,0.5208,76.5428,0,0,0
0500000US39133,0.4472,57.291,1,1,0
0500000US39135,0.4063,79.1744,0,0,0
0500000US39137,0.4012,83.8951,0,0,0
0500000US39139,0.4298,70.7618,0,0,0
0500000US39141,0.4514,69.2366,0,0,0
0500000US39143,0.4448,64.9852,0,0,0
0500000US39145,0.4792,73.6947,0,0,0
0500000US39147,0.4239,68.2461,1,1,0
0500000US39149,0.4189,82.0152,0,0,0
0500000US39151,0.4366,60.5224,0,0,0
0500000US39153,0.4772,46.0246,0,0,0
0500000US39155,0.4498,57.9942,0,0,0
0500000US39157,0.4241,71.2456,0,0,0
0500000US39159,0.4139,64.2932,0,0,0
0500000US39161,0.383,78.8648,0,0,0
0500000US39163,0.4353,78.9648,0,0,0
0500000US39165,0.4451,65.2719,1,0,0
0500000US39167,0.4451,71.4871,0,0,0
0500000US39169,0.4158,69.1703,0,0,0
0500000US39171,0.4073,73.658,0,0,0
0500000US39173,0.4716,54.5631,0,0,0
0500000US39175,0.4046,75.1888,0,0,0
0500000US40001,0.4603,80.7607,0,0,0
0500000US40003,0.4177,87.5463,0,0,0
0500000US40005,0.4511,85.3409,0,0,0
0500000US40007,0.4397,91.2429,0,0,0
0500000US40009,0.4555,84.3188,0,0,0
0500000US40011,0.4351,80.6656,1,1,0
0500000US40013,0.4319,78.5931,0,0,0
0500000US40015,0.4192,72.5147,0,0,0
0500000US40017,0.3922,69.1778,1,1,1
0500000US40019,0.4727,76.6882,0,0,0
0500000US40021,0.4553,65.292,0,0,0
0500000US40023,0.4849,82.16,0,0,0
0500000US40025,0.4617,91.9786,1,0,0
0500000US40027,0.4388,56.3524,0,0,0
0500000US40029,0.4663,84.9094,0,0,0
0500000US40031,0.4424,60.7368,0,0,0
0500000US40033,0.5173,82.482,0,0,0
0500000US40035,0.4376,78.2695,1,0,0
0500000US40037,0.4477,76.9609,0,0,0
0500000US40039,0.4775,75.6589,1,0,0
0500000US40041,0.475,79.5615,0,0,0
0500000US40043,0.4261,89.5711,0,0,0
0500000US40045,0.3996,87.4724,0,0,0
0500000US40047,0.4312,75.9614,0,0,0
0500000US40049,0.4409,82.4584,0,0,0
0500000US40051,0.4196,80.5996,1,0,0
0500000US40053,0.4555,84.4235,0,0,0
0500000US40055,0.4554,82.2985,0,0,0
0500000US40057,0.5205,80.3855,0,0,0
0500000US40059,0.4066,88.4907,0,0,0
0500000US40061,0.4598,84.1977,0,0,0
0500000US40063,0.4265,80.3606,0,0,0
0500000US40065,0.4334,78.1696,0,0,0
0500000US40067,0.459,85.0526,0,0,0
0500000US40069,0.4415,81.844,0,0,0
0500000US40071,0.4443,73.8071,0,0,0
0500000US40073,0.4448,85.0607,0,0,0
0500000US40075,0.4548,78.371,0,0,0
0500000US40077,0.4466,82.2751,0,0,0
0500000US40079,0.4468,81.7586,0,0,0
0500000US40081,0.4491,80.7953,1,1,0
0500000US40083,0.4593,73.4937,0,0,1
0500000US40085,0.4393,82.3944,0,0,0
0500000US40087,0.4299,79.4738,0,0,0
0500000US40089,0.4625,83.8713,0,0,0
0500000US40091,0.4809,75.6843,1,0,0
0500000US40093,0.4144,88.7579,1,0,0
0500000US40095,0.4481,81.1656,0,0,0
0500000US40097,0.4317,77.7829,0,0,0
0500000US40099,0.4878,79.6771,0,0,0
0500000US40101,0.4417,67.9476,0,1,0
0500000US40103,0.4217,77.7285,0,0,0
0500000US40105,0.4657,82.745,0,0,0
0500000US40107,0.4547,77.2317,0,0,0
0500000US40109,0.4914,49.7081,0,0,0
0500000US40111,0.4646,70.3882,1,1,0
0500000US40113,0.4497,69.8274,0,0,0
0500000US40115,0.441,75.9528,1,0,0
0500000US40117,0.4425,78.561,0,0,0
0500000US40119,0.5205,61.3477,0,0,0
0500000US40121,0.4599,78.7674,0,0,0
0500000US40123,0.4245,72.2749,0,0,0
0500000US40125,0.4367,72.6871,0,0,0
0500000US40127,0.4813,85.6019,0,0,0
0500000US40129,0.4559,89.3249,0,0,0
0500000US40131,0.4232,76.6321,0,0,0
0500000US40133,0.4492,73.9806,0,0,0
0500000US40135,0.4515,80.1579,1,0,0
0500000US40137,0.4768,81.0526,0,0,0
0500000US40139,0.4428,82.962,1,1,0
0500000US40141,0.4774,79.1946,0,0,0
0500000US40143,0.4826,56.5274,0,0,1
0500000US40145,0.4074,73.9903,0,0,0
0500000US40147,0.4825,72.6504,0,0,0
0500000US40149,0.4208,86.6294,1,0,0
0500000US40151,0.4456,81.2259,0,0,0
0500000US40153,0.439,85.2161,0,0,0
0500000US41001,0.4417,72.8286,0,0,0
0500000US41003,0.5023,28.243,0,0,0
0500000US41005,0.4521,43.2046,0,0,0
0500000US41007,0.4636,42.5633,0,0,0
0500000US41009,0.3864,54.9786,0,0,0
0500000US41011,0.4669,58.3434,0,0,0
0500000US41013,0.4131,73.7068,0,0,0
0500000US41015,0.4335,56.338,0,0,0
0500000US41017,0.4611,43.0618,0,0,0
0500000US41019,0.4553,67.2432,0,0,0
0500000US41021,0.4593,70.9877,0,0,0
0500000US41023,0.409,78.3214,0,0,0
0500000US41025,0.4668,77.7203,0,0,0
0500000US41027,0.4615,30.3297,0,0,0
0500000US41029,0.4614,51.6367,0,0,0
0500000US41031,0.4256,63.4383,0,0,0
0500000US41033,0.4771,62.7247,0,0,0
0500000US41035,0.4847,69.4777,0,0,0
0500000US41037,0.4313,81.201,0,0,0
0500000US41039,0.4561,36.6216,0,0,0
0500000US41041,0.4621,39.0719,0,0,0
0500000US41043,0.4048,60.3088,0,0,0
0500000US41045,0.4501,70.4431,0,0,0
0500000US41047,0.4385,49.1981,0,0,0
0500000US41049,0.4157,72.0203,0,0,0
0500000US41051,0.4754,17.0812,0,0,0
0500000US41053,0.441,49.9401,0,0,0
0500000US41055,0.4269,76.5262,0,0,0
0500000US41057,0.4461,49.0463,0,0,0
0500000US41059,0.4232,67.1673,0,0,0
0500000US41061,0.4647,68.2174,0,0,0
0500000US41063,0.4265,65.8966,0,0,0
0500000US41065,0.4878,51.0567,0,0,0
0500000US41067,0.4284,31.0758,0,0,0
0500000US41069,0.4897,71.1982,0,0,0
0500000US41071,0.4436,51.1003,0,0,0
0500000US42001,0.3994,66.3611,0,0,0
0500000US42003,0.4852,39.3606,0,0,0
0500000US42005,0.4293,76.2305,0,0,0
0500000US42007,0.4316,59.9275,1,0,0
0500000US42009,0.4308,84.0128,0,0,0
0500000US42011,0.4455,55.6034,0,0,0
0500000US42013,0.446,71.3668,0,0,0
0500000US42015,0.4465,73.5349,0,1,0
0500000US42017,0.4472,49.5531,0,0,0
0500000US42019,0.455,65.6892,1,0,0
0500000US42021,0.4592,69.4557,0,1,0
0500000US42023,0.419,74.5381,0,0,0
0500000US42025,0.4286,66.9812,0,0,0
0500000US42027,0.4768,48.0605,0,0,0
0500000US42029,0.4469,42.2505,0,0,0
0500000US42031,0.4287,76.1972,0,0,0
0500000US42033,0.4386,75.392,0,0,0
0500000US42035,0.4319,69.9978,0,0,0
0500000US42037,0.4362,65.0479,0,0,0
0500000US42039,0.4454,69.241,0,0,0
0500000US42041,0.4247,54.0897,0,0,0
0500000US42043,0.4611,46.4628,0,0,0
0500000US42045,0.4884,37.6086,0,0,0
0500000US42047,0.4213,73.1242,0,0,0
0500000US42049,0.4636,50.0498,0,0,0
0500000US42051,0.4482,68.7437,0,0,0
0500000US42053,0.4036,71.7736,0,0,0
0500000US42055,0.4132,71.0553,1,1,0
0500000US42057,0.4375,86.0829,0,0,0
0500000US42059,0.4315,71.4725,0,0,0
0500000US42061,0.4191,76.1228,0,0,0
0500000US42063,0.4511,69.1823,0,0,0
0500000US42065,0.4472,78.8404,0,0,0
0500000US42067,0.3961,80.3123,1,0,0
0500000US42069,0.4667,48.2554,0,0,0
0500000US42071,0.4301,57.4786,1,0,0
0500000US42073,0.436,66.54,0,0,0
0500000US42075,0.4341,65.5186,1,0,0
0500000US42077,0.4653,48.0517,0,0,0
0500000US42079,0.4639,59.202,1,0,0
0500000US42081,0.4444,70.3041,0,0,0
0500000US42083,0.4262,73.1684,0,0,0
0500000US42085,0.4423,64.6482,0,0,0
0500000US42087,0.3982,77.8578,0,0,0
0500000US42089,0.4277,49.8989,0,0,0
0500000US42091,0.4728,38.0704,0,0,0
0500000US42093,0.4894,59.9919,1,0,0
0500000US42095,0.4411,50.3981,0,0,0
0500000US42097,0.4277,69.4821,0,0,0
0500000US42099,0.4039,74.1419,0,0,0
0500000US42101,0.5131,20.0032,0,0,0
0500000US42103,0.4293,61.6223,0,0,0
0500000US42105,0.4161,80.7265,0,0,0
0500000US42107,0.43,70.596,1,0,0
0500000US42109,0.4131,73.181,0,0,0
0500000US42111,0.424,78.2588,1,0,0
0500000US42113,0.4393,73.1255,0,0,0
0500000US42115,0.4711,71.9247,0,0,0
0500000US42117,0.422,75.3787,0,0,0
0500000US42119,0.4736,61.2092,0,0,0
0500000US42121,0.4145,70.6382,0,0,0
0500000US42123,0.4159,69.2226,0,0,0
0500000US42125,0.4539,62.4329,1,0,0
0500000US42127,0.4486,68.1667,0,0,0
0500000US42129,0.4537,63.8487,0,0,1
0500000US42131,0.4584,67.9112,0,0,0
0500000US42133,0.4122,62.15,0,0,0
0500000US44001,0.4592,NA,0,0,0
0500000US44003,0.4438,NA,0,0,0
0500000US44005,0.4646,NA,0,0,0
0500000US44007,0.4618,NA,0,0,0
0500000US44009,0.4397,NA,0,0,0
0500000US45001,0.4877,70.6258,0,0,0
0500000US45003,0.4612,62.2504,0,0,0
0500000US45005,0.554,26.8938,0,0,0
0500000US45007,0.4668,73.0732,0,1,0
0500000US45009,0.4751,41.7281,0,0,0
0500000US45011,0.4937,57.1764,0,0,0
0500000US45013,0.4803,56.6296,1,0,0
0500000US45015,0.4217,57.4091,1,1,0
0500000US45017,0.4791,56.5327,0,0,0
0500000US45019,0.5114,46.2729,0,1,0
0500000US45021,0.4545,75.2728,0,0,0
0500000US45023,0.4413,58.0483,1,1,0
0500000US45025,0.4836,63.5202,0,0,0
0500000US45027,0.4714,55.5453,0,0,0
0500000US45029,0.465,58.5248,0,0,0
0500000US45031,0.5234,56.1043,0,0,0
0500000US45033,0.4526,55.0207,0,0,0
0500000US45035,0.42,56.3744,0,1,0
0500000US45037,0.4522,65.3208,0,0,0
0500000US45039,0.4807,42.7285,0,0,0
0500000US45041,0.4867,53.3448,0,0,0
0500000US45043,0.4941,59.1355,1,1,0
0500000US45045,0.4661,60.2094,0,1,0
0500000US45047,0.4706,63.8274,0,0,0
0500000US45049,0.4541,46.1679,0,0,0
0500000US45051,0.4497,68.811,0,0,1
0500000US45053,0.4413,54.315,1,0,0
0500000US45055,0.4537,63.4867,1,0,0
0500000US45057,0.4607,61.7763,0,1,0
0500000US45059,0.4302,69.8706,0,0,0
0500000US45061,0.4503,38.1129,0,0,0
0500000US45063,0.4289,66.0061,0,0,1
0500000US45065,0.4617,57.9392,0,1,0
0500000US45067,0.4938,44.1141,0,0,0
0500000US45069,0.4992,48.227,0,0,0
0500000US45071,0.4407,66.5619,0,1,0
0500000US45073,0.4947,75.1751,0,1,0
0500000US45075,0.4919,37.1923,0,0,0
0500000US45077,0.4933,75.6447,1,1,0
0500000US45079,0.4851,31.8067,0,0,0
0500000US45081,0.4525,71.5775,0,0,0
0500000US45083,0.4492,66.2172,0,1,0
0500000US45085,0.4615,46.967,0,0,0
0500000US45087,0.4691,65.9289,1,1,0
0500000US45089,0.4987,38.5485,0,0,0
0500000US45091,0.4331,58.8029,0,0,1
0500000US46003,0.4322,75.8076,0,0,0
0500000US46005,0.4485,68.8445,0,0,0
0500000US46007,0.4444,62.1324,0,0,0
0500000US46009,0.4311,74.7326,0,0,0
0500000US46011,0.4154,NA,0,0,0
0500000US46013,0.4592,NA,0,0,0
0500000US46015,0.4436,69.9133,0,0,0
0500000US46017,0.4952,35.1931,0,0,0
0500000US46019,0.4573,79.1814,0,0,0
0500000US46021,0.4737,84.4498,0,0,0
0500000US46023,0.4612,70.5671,0,0,0
0500000US46025,0.4407,75.0271,0,0,0
0500000US46027,0.4801,45.5011,0,0,0
0500000US46029,0.4276,69.2006,0,0,0
0500000US46031,0.5318,55.2056,0,0,0
0500000US46033,0.4708,71.8714,0,0,0
0500000US46035,0.4416,67.6474,0,0,0
0500000US46037,0.4578,63.9836,0,0,0
0500000US46039,0.4004,74.7171,0,0,0
0500000US46041,0.4507,42.3838,0,0,0
0500000US46043,0.4554,85.585,0,0,0
0500000US46045,0.4699,79.6652,0,0,0
0500000US46047,0.4209,73.3505,0,0,0
0500000US46049,0.5029,81.4159,0,0,0
0500000US46051,0.4237,71.4601,0,0,0
0500000US46053,0.4318,78.959,0,0,0
0500000US46055,0.4245,NA,0,0,0
0500000US46057,0.4183,79.3552,0,0,0
0500000US46059,0.4713,78.0045,0,0,0
0500000US46061,0.4057,78.739,0,0,0
0500000US46063,0.4152,91.9512,0,0,0
0500000US46065,0.4196,NA,0,1,0
0500000US46067,0.4342,78.1049,0,0,0
0500000US46069,0.3946,NA,0,0,0
0500000US46071,0.5181,66.6962,0,0,0
0500000US46073,0.4675,70.8709,0,0,0
0500000US46075,0.42,86.7273,0,0,0
0500000US46077,0.3969,71.0104,0,0,0
0500000US46079,0.4694,64.6631,0,0,0
0500000US46081,0.4559,64.2741,0,0,0
0500000US46083,0.4381,62.1576,0,0,0
0500000US46085,0.5054,68.6247,0,0,0
0500000US46087,0.3897,73.4741,0,0,0
0500000US46089,0.5256,83.6798,0,0,0
0500000US46091,0.4487,61.0716,0,0,0
0500000US46093,0.391,74.2026,0,0,0
0500000US46095,0.5013,58.6486,0,0,0
0500000US46097,0.521,72.0651,0,0,0
0500000US46099,0.4395,55.1593,0,1,0
0500000US46101,0.4134,64.8479,0,0,0
0500000US46102,0.5046,NA,0,0,0
0500000US46103,0.4602,61.8752,0,0,0
0500000US46105,0.5201,84.3495,0,0,0
0500000US46107,0.4089,NA,0,0,0
0500000US46109,0.4265,60.5929,0,0,0
0500000US46111,0.3992,76.6502,0,0,0
0500000US46115,0.4222,68.3339,0,0,0
0500000US46117,0.3804,72.6225,0,0,0
0500000US46119,0.4466,NA,0,0,0
0500000US46121,0.5085,23.3772,0,0,0
0500000US46123,0.4473,81.0098,0,0,0
0500000US46125,0.4,74.3499,0,0,0
0500000US46127,0.4704,69.4006,0,0,0
0500000US46129,0.4489,78.6699,0,0,0
0500000US46135,0.4443,NA,0,0,0
0500000US46137,0.5235,49.6799,0,0,0
0500000US47001,0.4526,67.2595,0,0,0
0500000US47003,0.424,78.5067,0,1,0
0500000US47005,0.4273,81.0744,0,0,0
0500000US47007,0.4358,84.8651,0,0,0
0500000US47009,0.4323,73.2391,0,0,0
0500000US47011,0.4421,78.8612,1,1,1
0500000US47013,0.4485,84.4603,0,0,0
0500000US47015,0.442,82.5752,0,0,0
0500000US47017,0.4363,80.3484,0,0,0
0500000US47019,0.4533,81.1484,0,1,0
0500000US47021,0.4133,72.2578,0,0,0
0500000US47023,0.4551,81.9058,0,0,0
0500000US47025,0.4688,84.6978,0,0,0
0500000US47027,0.4369,82.8989,0,1,0
0500000US47029,0.4598,83.6685,0,1,0
0500000US47031,0.4245,76.9052,0,1,0
0500000US47033,0.4431,78.9394,0,0,0
0500000US47035,0.4314,79.0919,0,1,0
0500000US47037,0.4927,35.2563,0,0,0
0500000US47039,0.461,84.0834,0,0,0
0500000US47041,0.4454,80.8748,0,1,0
0500000US47043,0.4281,75.3928,0,1,0
0500000US47045,0.5292,80.61,0,1,0
0500000US47047,0.4415,70.7124,0,0,0
0500000US47049,0.4191,87.555,0,0,0
0500000US47051,0.433,76.1152,0,1,1
0500000US47053,0.4343,75.5081,0,0,0
0500000US47055,0.4666,77.0668,0,1,0
0500000US47057,0.4759,86.5229,0,1,0
0500000US47059,0.4691,82.2833,0,0,1
0500000US47061,0.4366,84.292,0,1,0
0500000US47063,0.4658,79.0322,0,0,0
0500000US47065,0.485,55.7189,0,0,1
0500000US47067,0.5228,87.9642,0,1,0
0500000US47069,0.4361,61.6342,0,0,0
0500000US47071,0.4778,85.1083,0,0,0
0500000US47073,0.4323,84.0097,0,0,0
0500000US47075,0.4643,49.3987,0,1,0
0500000US47077,0.4443,83.6972,0,0,0
0500000US47079,0.4627,77.1358,0,0,0
0500000US47081,0.4286,80.1727,0,0,0
0500000US47083,0.379,78.4514,0,0,0
0500000US47085,0.4233,77.4443,0,0,0
0500000US47087,0.4817,80.7963,0,0,0
0500000US47089,0.4546,81.6115,0,1,0
0500000US47091,0.4433,84.2878,0,0,0
0500000US47093,0.4798,58.9618,0,0,1
0500000US47095,0.5417,76.9985,0,0,0
0500000US47097,0.4708,68.1466,0,0,0
0500000US47099,0.4511,84.1089,1,1,1
0500000US47101,0.5018,82.3769,0,0,0
0500000US47103,0.4588,81.8948,0,1,0
0500000US47105,0.435,75.9613,0,0,0
0500000US47107,0.4473,81.7257,0,1,0
0500000US47109,0.437,83.7579,0,0,0
0500000US47111,0.4384,86.6931,0,1,0
0500000US47113,0.4688,58.5152,1,1,0
0500000US47115,0.444,77.4277,0,1,0
0500000US47117,0.4536,77.8474,0,0,0
0500000US47119,0.4234,71.7527,0,0,0
0500000US47121,0.4626,83.3743,0,1,0
0500000US47123,0.4376,82.9906,0,0,1
0500000US47125,0.4014,58.4613,0,1,0
0500000US47127,0.4105,83.7438,0,1,0
0500000US47129,0.4675,86.764,0,0,1
0500000US47131,0.4749,82.1395,0,1,0
0500000US47133,0.4964,81.6876,0,1,0
0500000US47135,0.4128,84.4726,0,0,0
0500000US47137,0.4606,82.6337,0,0,0
0500000US47139,0.49,83.6714,0,1,0
0500000US47141,0.4614,73.1389,1,0,1
0500000US47143,0.4704,82.8995,0,0,0
0500000US47145,0.4564,76.6489,0,0,0
0500000US47147,0.4145,74.8788,0,1,0
0500000US47149,0.4021,60.1472,0,1,0
0500000US47151,0.4607,89.62,0,0,0
0500000US47153,0.4659,82.6616,0,1,0
0500000US47155,0.453,80.0705,1,1,0
0500000US47157,0.513,36.4221,0,1,0
0500000US47159,0.4199,81.9944,0,0,0
0500000US47161,0.4352,81.4048,0,0,0
0500000US47163,0.4674,76.9834,1,1,0
0500000US47165,0.4331,70.342,0,1,0
0500000US47167,0.4274,75.9473,0,0,0
0500000US47169,0.3855,79.0167,0,1,0
0500000US47171,0.4452,80.5058,0,1,0
0500000US47173,0.4246,85.1771,0,0,0
0500000US47175,0.4205,83.2466,0,1,0
0500000US47177,0.4576,77.5316,0,1,0
0500000US47179,0.4718,69.0776,0,1,0
0500000US47181,0.4668,88.0691,0,0,0
0500000US47183,0.4401,78.6994,0,1,0
0500000US47185,0.4318,82.8784,0,0,0
0500000US47187,0.4505,65.3648,0,0,0
0500000US47189,0.4372,69.4427,0,1,0
0500000US48001,0.4611,80.5713,0,1,0
0500000US48003,0.4813,85.8911,0,1,0
0500000US48005,0.4451,75.6754,0,1,0
0500000US48007,0.5073,77.4307,0,0,1
0500000US48009,0.4511,89.4778,1,1,0
0500000US48011,0.3403,92.7863,1,0,0
0500000US48013,0.4472,71.2535,1,0,0
0500000US48015,0.4393,80.979,0,1,0
0500000US48017,0.4895,80.1264,0,1,0
0500000US48019,0.4527,80.4338,0,0,0
0500000US48021,0.4132,58.5364,1,1,0
0500000US48023,0.466,87.8209,1,0,0
0500000US48025,0.4841,69.5222,1,1,0
0500000US48027,0.4532,57.5232,0,1,0
0500000US48029,0.4625,44.512,0,1,0
0500000US48031,0.4222,75.6424,0,0,1
0500000US48033,0.5261,95.6072,1,0,0
0500000US48035,0.4491,83.2185,0,1,0
0500000US48037,0.4729,74.0148,0,1,0
0500000US48039,0.4187,59.1604,0,1,0
0500000US48041,0.5193,61.625,0,1,0
0500000US48043,0.4175,55.592,0,1,0
0500000US48045,0.5574,89.396,0,0,0
0500000US48047,0.4542,44.8376,1,0,1
0500000US48049,0.4528,86.5899,0,1,0
0500000US48051,0.4459,81.0118,0,1,0
0500000US48053,0.4551,77.4163,0,1,0
0500000US48055,0.4087,56.5857,1,1,0
0500000US48057,0.432,75.8299,1,1,1
0500000US48059,0.386,88.4373,1,1,0
0500000US48061,0.4711,52.5092,0,1,0
0500000US48063,0.4675,76.5166,0,0,0
0500000US48065,0.4256,90.2109,0,1,0
0500000US48067,0.4692,82.6769,1,0,1
0500000US48069,0.4699,78.7939,0,1,0
0500000US48071,0.4213,82.3569,0,0,1
0500000US48073,0.4628,80.9138,1,0,0
0500000US48075,0.5091,87.632,0,1,0
0500000US48077,0.4031,89.5058,1,1,0
0500000US48079,0.4766,82.3068,0,0,0
0500000US48081,0.4652,89.4708,1,0,0
0500000US48083,0.4861,89.3167,0,0,0
0500000US48085,0.4306,54.2169,0,0,1
0500000US48087,0.4069,88.7594,0,0,0
0500000US48089,0.4518,78.287,0,1,1
0500000US48091,0.4499,72.2343,0,1,0
0500000US48093,0.4409,86.7818,0,1,0
0500000US48095,0.3714,86.6444,0,0,0
0500000US48097,0.4499,83.0195,0,1,0
0500000US48099,0.4131,69.7484,1,0,0
0500000US48101,0.5533,85.997,0,0,0
0500000US48103,0.4175,86.0331,0,0,0
0500000US48105,0.3742,76.7114,0,0,0
0500000US48107,0.5185,75.3191,0,1,0
0500000US48109,0.3961,57.7465,0,0,0
0500000US48111,0.3149,88.8044,1,1,0
0500000US48113,0.4915,37.955,0,0,0
0500000US48115,0.5035,79.9886,0,0,0
0500000US48117,0.4164,75.4316,0,1,0
0500000US48119,0.4225,84.6501,1,0,0
0500000US48121,0.4357,55.772,1,0,1
0500000US48123,0.4796,83.2588,0,1,1
0500000US48125,0.4558,84.995,0,1,0
0500000US48127,0.5213,48.2346,1,1,1
0500000US48129,0.4252,88.3178,0,0,0
0500000US48131,0.4593,54.6738,0,0,0
0500000US48133,0.4605,88.4385,0,1,0
0500000US48135,0.4704,76.0976,0,1,0
0500000US48137,0.434,86.4677,1,0,0
0500000US48139,0.3976,65.0512,0,0,1
0500000US48141,0.4672,41.7873,0,0,0
0500000US48143,0.4649,83.6412,0,0,0
0500000US48145,0.483,72.0089,1,0,0
0500000US48147,0.4626,83.2449,1,0,0
0500000US48149,0.4787,80.2565,1,1,0
0500000US48151,0.3904,81.2568,0,0,0
0500000US48153,0.5066,82.0574,0,0,0
0500000US48155,0.4775,82.2018,0,0,0
0500000US48157,0.4326,47.8843,0,1,1
0500000US48159,0.4947,84.2214,1,0,1
0500000US48161,0.4467,82.9187,1,0,0
0500000US48163,0.4207,61.8807,1,1,1
0500000US48165,0.4284,91.0224,0,1,0
0500000US48167,0.4597,63.0802,1,1,1
0500000US48169,0.402,85.9287,0,1,0
0500000US48171,0.4967,80.0509,1,0,0
0500000US48173,0.4681,93.9668,0,0,0
0500000US48175,0.5209,79.7091,1,1,1
0500000US48177,0.4618,77.1244,1,1,1
0500000US48179,0.4892,88.2718,0,1,0
0500000US48181,0.452,76.6988,0,1,1
0500000US48183,0.4555,70.662,1,0,1
0500000US48185,0.4779,79.6883,0,1,0
0500000US48187,0.4019,64.2396,0,0,1
0500000US48189,0.4589,78.4383,0,1,0
0500000US48191,0.4607,86.3359,0,0,0
0500000US48193,0.4945,85.308,1,0,0
0500000US48195,0.461,92.1461,0,0,0
0500000US48197,0.4272,86.121,0,1,0
0500000US48199,0.4199,87.6904,0,0,0
0500000US48201,0.5021,46.4014,0,0,0
0500000US48203,0.4606,74.9198,0,1,0
0500000US48205,0.4223,91.4187,1,0,0
0500000US48207,0.5417,85.3583,0,0,0
0500000US48209,0.4587,46.4431,0,0,0
0500000US48211,0.415,87.5931,0,1,0
0500000US48213,0.4549,81.4193,0,1,0
0500000US48215,0.4769,50.9792,0,1,0
0500000US48217,0.4428,81.8209,0,1,0
0500000US48219,0.447,82.8242,0,1,0
0500000US48221,0.4435,82.5486,1,1,0
0500000US48223,0.4691,81.9764,1,1,0
0500000US48225,0.4682,77.3839,0,1,0
0500000US48227,0.4489,81.0808,0,1,0
0500000US48229,0.461,73.1214,0,0,0
0500000US48231,0.4233,77.3265,0,0,0
0500000US48233,0.419,88.2217,0,1,0
0500000US48235,0.4443,87.6728,0,0,0
0500000US48237,0.4744,90.9069,1,1,0
0500000US48239,0.433,85.1003,1,1,1
0500000US48241,0.4665,83.0882,0,1,0
0500000US48243,0.5562,59.7947,0,0,0
0500000US48245,0.4768,53.9843,1,1,0
0500000US48247,0.4814,45.7413,0,0,0
0500000US48249,0.4685,57.552,1,1,1
0500000US48251,0.4129,75.2617,1,0,1
0500000US48253,0.4508,86.1955,1,0,0
0500000US48255,0.5542,78.8374,0,1,0
0500000US48257,0.3925,63.4859,0,0,1
0500000US48259,0.4911,77.3256,0,1,0
0500000US48261,0.4242,72.7848,1,0,0
0500000US48263,0.4658,87.6404,0,0,0
0500000US48265,0.4556,76.7306,1,1,1
0500000US48267,0.4366,88.4359,0,0,0
0500000US48269,0.4772,95.5556,0,0,0
0500000US48271,0.3618,74.9119,1,0,0
0500000US48273,0.4346,56.0415,1,0,1
0500000US48275,0.4041,84.0116,0,1,0
0500000US48277,0.4725,80.0752,0,1,0
0500000US48279,0.4214,81.8598,0,1,0
0500000US48281,0.4055,79.2939,1,1,0
0500000US48283,0.4083,60.0424,0,0,0
0500000US48285,0.4358,87.8372,1,1,1
0500000US48287,0.4069,79.9049,0,1,0
0500000US48289,0.4535,88.0627,0,0,0
0500000US48291,0.4452,80.583,0,1,0
0500000US48293,0.4332,78.0275,0,1,0
0500000US48295,0.45,89.3566,0,1,0
0500000US48297,0.4735,84.5671,1,1,0
0500000US48299,0.5113,79.9912,0,0,0
0500000US48301,0.3081,88.6598,0,0,0
0500000US48303,0.4828,69.2166,0,0,1
0500000US48305,0.4722,84.7293,0,1,0
0500000US48307,0.4656,86.3365,0,0,0
0500000US48309,0.4828,64.8186,1,0,0
0500000US48311,0.4412,91.9918,1,0,0
0500000US48313,0.3952,81.9457,0,1,0
0500000US48315,0.474,75.8804,1,0,0
0500000US48317,0.4835,87.614,0,0,0
0500000US48319,0.4008,82.1528,0,0,0
0500000US48321,0.4653,74.7972,0,0,1
0500000US48323,0.4556,58.9711,0,0,0
0500000US48325,0.4118,70.9428,1,0,0
0500000US48327,0.4595,82.7885,0,1,0
0500000US48329,0.484,79.8259,0,1,0
0500000US48331,0.4603,78.3114,1,1,0
0500000US48333,0.4712,88.1838,0,1,0
0500000US48335,0.4542,85.3164,0,0,0
0500000US48337,0.444,88.5055,0,1,0
0500000US48339,0.4695,72.2403,0,0,1
0500000US48341,0.434,83.1406,0,1,0
0500000US48343,0.3987,75.3036,1,0,1
0500000US48345,0.407,94.1538,1,0,0
0500000US48347,0.5086,68.9594,1,1,0
0500000US48349,0.4367,75.5534,0,0,0
0500000US48351,0.4824,83.1623,0,1,0
0500000US48353,0.48,79.1398,0,1,0
0500000US48355,0.4682,55.2286,1,0,1
0500000US48357,0.4544,90.4651,0,1,0
0500000US48359,0.3937,91.8891,1,1,0
0500000US48361,0.4567,83.0838,0,1,0
0500000US48363,0.4492,83.1809,0,1,0
0500000US48365,0.4729,83.0492,1,1,0
0500000US48367,0.4403,82.7477,1,1,0
0500000US48369,0.3882,84.7843,0,1,0
0500000US48371,0.4872,71.8639,0,1,0
0500000US48373,0.4359,79.1042,0,1,0
0500000US48375,0.4752,71.626,0,0,1
0500000US48377,0.527,34.4032,0,0,0
0500000US48379,0.4342,86.1653,0,1,0
0500000US48381,0.4473,79.6909,0,1,1
0500000US48383,0.4489,84.2993,0,1,0
0500000US48385,0.4929,82.9928,0,1,0
0500000US48387,0.464,80.7798,1,0,0
0500000US48389,0.4317,68.043,0,0,0
0500000US48391,0.4266,69.3984,1,1,1
0500000US48393,0.3787,95.6294,0,0,0
0500000US48395,0.454,75.7171,1,0,1
0500000US48397,0.4213,69.9256,1,1,1
0500000US48399,0.4171,88.2643,0,0,0
0500000US48401,0.48,79.3974,1,1,0
0500000US48403,0.4599,89.088,1,1,0
0500000US48405,0.4742,77.8489,1,0,0
0500000US48407,0.4362,82.2895,1,1,0
0500000US48409,0.4494,67.7783,0,0,1
0500000US48411,0.4222,89.0365,1,0,0
0500000US48413,0.4227,81.769,0,1,0
0500000US48415,0.4102,86.4359,0,1,0
0500000US48417,0.417,90.5671,0,1,0
0500000US48419,0.4752,82.0667,0,1,0
0500000US48421,0.4467,93.5853,0,1,0
0500000US48423,0.4479,72.0665,1,0,1
0500000US48425,0.4042,84.8697,0,1,0
0500000US48427,0.5335,57.7736,0,0,0
0500000US48429,0.4249,89.5507,0,1,0
0500000US48431,0.4118,92.6868,1,0,0
0500000US48433,0.579,84.3575,0,0,0
0500000US48435,0.3887,83.3571,1,1,0
0500000US48437,0.5187,81.2362,0,1,0
0500000US48439,0.4632,51.8183,0,0,1
0500000US48441,0.4491,74.3418,0,1,0
0500000US48443,0.4247,77.5309,1,1,1
0500000US48445,0.4484,82.3099,0,1,0
0500000US48447,0.4722,91.4444,0,0,0
0500000US48449,0.4437,76.963,1,1,0
0500000US48451,0.4512,73.469,0,1,0
0500000US48453,0.4851,29.3814,0,0,0
0500000US48455,0.4779,83.2113,0,1,0
0500000US48457,0.5007,86.5108,0,1,0
0500000US48459,0.4536,85.1762,1,0,0
0500000US48461,0.445,88.1811,0,1,0
0500000US48463,0.4947,66.3324,0,0,1
0500000US48465,0.4375,62.805,0,1,0
0500000US48467,0.4466,87.1234,0,0,0
0500000US48469,0.435,70.8198,1,1,1
0500000US48471,0.464,69.573,0,1,1
0500000US48473,0.4688,61.9607,0,1,0
0500000US48475,0.4365,82.7357,0,0,0
0500000US48477,0.4842,76.9611,0,1,0
0500000US48479,0.4528,50.6855,0,0,1
0500000US48481,0.464,75.6032,0,1,1
0500000US48483,0.4184,92.0405,0,1,0
0500000US48485,0.4629,71.453,1,1,0
0500000US48487,0.4155,79.8299,0,1,0
0500000US48489,0.4778,51.3392,0,0,0
0500000US48491,0.4155,50.3487,0,1,0
0500000US48493,0.4267,76.6049,1,0,0
0500000US48495,0.3915,85.1526,1,1,1
0500000US48497,0.4095,84.6822,0,1,0
0500000US48499,0.4764,84.5608,0,0,0
0500000US48501,0.3954,85.2069,1,1,0
0500000US48503,0.4532,87.7796,1,0,0
0500000US48505,0.4977,60.9731,1,0,1
0500000US48507,0.4393,42.4399,0,0,0
0500000US49001,0.3432,NA,0,1,0
0500000US49003,0.3859,NA,0,0,0
0500000US49005,0.4283,NA,0,1,0
0500000US49007,0.4431,NA,0,0,0
0500000US49009,0.4099,NA,0,0,0
0500000US49011,0.3913,NA,0,0,0
0500000US49013,0.4211,NA,0,0,0
0500000US49015,0.3892,NA,0,0,0
0500000US49017,0.4557,NA,0,0,0
0500000US49019,0.4499,NA,0,0,0
0500000US49021,0.4436,NA,0,0,0
0500000US49023,0.3531,NA,0,0,0
0500000US49025,0.407,NA,0,1,0
0500000US49027,0.3647,NA,0,0,0
0500000US49029,0.3695,NA,0,0,0
0500000US49031,0.455,NA,0,0,0
0500000US49033,0.3561,NA,0,0,0
0500000US49035,0.429,NA,0,0,0
0500000US49037,0.4618,NA,0,0,0
0500000US49039,0.3873,NA,0,1,0
0500000US49041,0.3818,NA,0,1,1
0500000US49043,0.5012,NA,0,0,0
0500000US49045,0.3732,NA,1,1,0
0500000US49047,0.4365,NA,0,0,0
0500000US49049,0.4176,NA,1,1,0
0500000US49051,0.4686,NA,0,1,0
0500000US49053,0.4431,NA,1,0,1
0500000US49055,0.3878,NA,0,0,0
0500000US49057,0.4,NA,1,0,0
0500000US50001,0.4269,29.9623,0,0,0
0500000US50003,0.5174,36.782,0,0,0
0500000US50005,0.438,41.2027,0,0,0
0500000US50007,0.4414,21.2991,0,0,0
0500000US50009,0.4513,54.6875,0,0,0
0500000US50011,0.4154,46.2627,0,0,0
0500000US50013,0.4611,37.5446,0,0,0
0500000US50015,0.4591,30.0213,0,0,0
0500000US50017,0.413,37.4356,0,0,0
0500000US50019,0.4403,48.5632,0,0,0
0500000US50021,0.4636,45.3187,0,0,0
0500000US50023,0.4386,26.118,0,0,0
0500000US50025,0.4718,26.5593,0,0,0
0500000US50027,0.4667,30.2438,0,0,0
0500000US51001,0.4495,56.3404,0,0,0
0500000US51003,0.4759,32.234,0,0,0
0500000US51005,0.4706,73.6136,0,1,0
0500000US51007,0.3861,71.9124,0,0,0
0500000US51009,0.4399,67.8611,1,0,0
0500000US51011,0.4199,75.1193,1,0,0
0500000US51013,0.4604,19.6499,0,0,0
0500000US51015,0.416,73.3306,0,0,0
0500000US51017,0.4911,76.5298,0,0,0
0500000US51019,0.4332,74.7924,1,0,0
0500000US51021,0.4141,84.4983,0,0,0
0500000US51023,0.4044,72.1509,0,0,0
0500000US51025,0.4554,45.5286,0,0,0
0500000US51027,0.4653,85.1185,1,0,0
0500000US51029,0.4147,61.2382,1,0,0
0500000US51031,0.4152,73.8892,1,0,0
0500000US51033,0.4011,53.8775,0,0,0
0500000US51035,0.4414,81.3861,0,0,0
0500000US51037,0.4761,65.984,0,0,0
0500000US51041,0.4224,44.8338,0,0,0
0500000US51043,0.4395,57.6671,0,0,0
0500000US51045,0.4005,82.0891,1,0,0
0500000US51047,0.4101,61.9374,0,0,0
0500000US51049,0.4838,60.7911,0,0,0
0500000US51051,0.4339,80.8997,0,0,0
0500000US51053,0.4321,61.2547,0,0,0
0500000US51057,0.4928,53.5125,0,0,0
0500000US51059,0.4304,31.1258,0,0,0
0500000US51061,0.4159,60.2308,0,0,0
0500000US51063,0.4693,68.0623,0,0,0
0500000US51065,0.4082,52.6262,0,0,0
0500000US51067,0.4691,72.2017,1,0,0
0500000US51069,0.4139,63.6376,1,0,0
0500000US51071,0.4067,76.9114,0,0,0
0500000US51073,0.3967,68.7632,0,0,0
0500000US51075,0.4654,58.7327,0,0,0
0500000US51077,0.5014,80.7502,1,0,0
0500000US51079,0.4282,61.7378,1,0,0
0500000US51081,0.4153,45.0652,0,0,0
0500000US51083,0.4584,60.1939,0,0,0
0500000US51085,0.4246,62.349,0,0,0
0500000US51087,0.4713,34.8103,0,0,0
0500000US51089,0.4523,66.1079,0,0,0
0500000US51091,0.3707,71.6154,0,0,0
0500000US51093,0.4302,59.4155,0,0,0
0500000US51095,0.4217,46.3236,0,0,0
0500000US51097,0.417,62.497,0,0,0
0500000US51099,0.3854,61.8409,0,0,0
0500000US51101,0.3817,69.8901,0,0,0
0500000US51103,0.4937,53.1117,0,0,0
0500000US51105,0.4745,85.8132,0,0,0
0500000US51107,0.3908,40.361,0,1,0
0500000US51109,0.4414,62.675,0,0,0
0500000US51111,0.4265,61.1328,0,0,0
0500000US51113,0.4229,67.1999,0,0,0
0500000US51115,0.4405,69.2528,0,0,0
0500000US51117,0.5066,60.193,1,0,0
0500000US51119,0.4102,63.3101,0,0,0
0500000US51121,0.5104,47.4245,0,0,0
0500000US51125,0.4787,53.3021,0,0,0
0500000US51127,0.3767,65.5399,0,0,0
0500000US51131,0.536,46.5896,0,0,0
0500000US51133,0.4721,60.1828,0,0,0
0500000US51135,0.4184,60.8201,0,0,0
0500000US51137,0.4037,61.869,0,0,0
0500000US51139,0.4315,76.6255,1,0,0
0500000US51141,0.4557,79.8721,0,0,0
0500000US51143,0.4386,71.2903,1,1,1
0500000US51145,0.4059,71.5801,0,0,0
0500000US51147,0.4916,50.7428,0,0,0
0500000US51149,0.3786,60.1841,0,0,0
0500000US51153,0.3857,39.6338,0,0,0
0500000US51155,0.4644,71.9729,0,0,0
0500000US51157,0.5007,58.416,0,0,0
0500000US51159,0.3812,64.8161,1,0,0
0500000US51161,0.4449,60.6684,0,0,0
0500000US51163,0.448,66.4053,0,0,0
0500000US51165,0.4495,67.9957,0,0,0
0500000US51167,0.4599,83.5712,0,0,0
0500000US51169,0.4761,84.9417,1,0,0
0500000US51171,0.4475,70.6112,1,0,0
0500000US51173,0.4724,79.896,1,0,0
0500000US51175,0.4029,62.3843,0,0,0
0500000US51177,0.3962,53.6947,0,0,0
0500000US51179,0.3735,48.8313,0,0,0
0500000US51181,0.4176,49.7855,0,0,0
0500000US51183,0.4169,47.4652,0,0,0
0500000US51185,0.4733,84.1525,1,0,0
0500000US51187,0.4173,68.2594,0,0,0
0500000US51191,0.4914,76.3464,1,0,0
0500000US51193,0.4633,56.7338,0,0,0
0500000US51195,0.4178,81.396,1,0,0
0500000US51197,0.4798,79.4546,0,0,0
0500000US51199,0.4067,52.4077,0,0,0
0500000US53001,0.4788,NA,0,0,0
0500000US53003,0.4556,NA,0,0,0
0500000US53005,0.4378,NA,0,0,0
0500000US53007,0.4651,NA,0,0,0
0500000US53009,0.4505,NA,0,0,0
0500000US53011,0.4312,NA,0,0,0
0500000US53013,0.4324,NA,0,0,0
0500000US53015,0.4251,NA,0,0,0
0500000US53017,0.4313,NA,0,0,0
0500000US53019,0.4281,NA,0,0,0
0500000US53021,0.4242,NA,0,0,0
0500000US53023,0.4098,NA,0,0,0
0500000US53025,0.4421,NA,0,0,0
0500000US53027,0.4358,NA,0,0,0
0500000US53029,0.4197,NA,0,0,0
0500000US53031,0.487,NA,0,0,0
0500000US53033,0.4828,NA,0,0,0
0500000US53035,0.4335,NA,0,0,0
0500000US53037,0.4743,NA,0,0,0
0500000US53039,0.4533,NA,0,0,0
0500000US53041,0.4243,NA,0,0,0
0500000US53043,0.4454,NA,0,0,0
0500000US53045,0.4095,NA,0,0,0
0500000US53047,0.4592,NA,0,0,0
0500000US53049,0.4882,NA,0,0,0
0500000US53051,0.445,NA,0,0,0
0500000US53053,0.4232,NA,0,0,0
0500000US53055,0.532,NA,0,0,0
0500000US53057,0.4327,NA,0,0,0
0500000US53059,0.4362,NA,0,0,0
0500000US53061,0.4331,NA,0,0,0
0500000US53063,0.4514,NA,0,0,0
0500000US53065,0.4589,NA,0,0,0
0500000US53067,0.4025,NA,0,0,0
0500000US53069,0.4787,NA,0,0,0
0500000US53071,0.4618,NA,0,0,0
0500000US53073,0.4618,NA,0,0,0
0500000US53075,0.5205,NA,0,0,0
0500000US53077,0.4246,NA,0,0,0
0500000US54001,0.4444,NA,0,0,0
0500000US54003,0.4084,NA,1,0,0
0500000US54005,0.4246,NA,0,0,0
0500000US54007,0.4314,NA,0,0,0
0500000US54009,0.4369,NA,0,0,0
0500000US54011,0.5068,NA,1,0,0
0500000US54013,0.5689,NA,0,0,0
0500000US54015,0.4773,NA,1,0,0
0500000US54017,0.4771,NA,1,0,0
0500000US54019,0.4417,NA,1,0,0
0500000US54021,0.4339,NA,0,0,0
0500000US54023,0.4345,NA,0,0,0
0500000US54025,0.4886,NA,0,0,0
0500000US54027,0.4559,NA,1,0,0
0500000US54029,0.4659,NA,0,0,0
0500000US54031,0.4303,NA,1,0,0
0500000US54033,0.4639,NA,1,0,0
0500000US54035,0.4941,NA,0,0,0
0500000US54037,0.423,NA,1,0,0
0500000US54039,0.4779,NA,0,0,0
0500000US54041,0.4912,NA,1,0,0
0500000US54043,0.476,NA,0,0,0
0500000US54045,0.5092,NA,0,0,0
0500000US54047,0.4619,NA,1,0,0
0500000US54049,0.4144,NA,0,0,0
0500000US54051,0.4577,NA,0,0,0
0500000US54053,0.4707,NA,0,0,0
0500000US54055,0.4513,NA,0,0,0
0500000US54057,0.4704,NA,1,0,0
0500000US54059,0.5368,NA,0,0,0
0500000US54061,0.5149,NA,0,0,0
0500000US54063,0.3976,NA,0,0,0
0500000US54065,0.3767,NA,1,0,0
0500000US54067,0.4827,NA,1,0,0
0500000US54069,0.5021,NA,0,0,0
0500000US54071,0.4008,NA,0,0,0
0500000US54073,0.5507,NA,1,0,0
0500000US54075,0.4428,NA,0,0,0
0500000US54077,0.4081,NA,0,0,0
0500000US54079,0.4316,NA,1,0,0
0500000US54081,0.4896,NA,0,0,0
0500000US54083,0.4557,NA,0,0,0
0500000US54085,0.4416,NA,0,0,0
0500000US54087,0.4606,NA,0,0,0
0500000US54089,0.4386,NA,0,0,0
0500000US54091,0.4368,NA,0,0,0
0500000US54093,0.4646,NA,0,0,0
0500000US54095,0.4853,NA,0,0,0
0500000US54097,0.4471,NA,1,0,0
0500000US54099,0.4621,NA,0,0,0
0500000US54101,0.4896,NA,0,0,0
0500000US54103,0.4416,NA,0,0,0
0500000US54105,0.4068,NA,0,0,0
0500000US54107,0.4608,NA,1,0,0
0500000US54109,0.4209,NA,0,0,0
0500000US55001,0.4207,NA,0,0,0
0500000US55003,0.4269,NA,0,0,0
0500000US55005,0.4414,NA,0,0,0
0500000US55007,0.4258,NA,0,0,0
0500000US55009,0.4365,NA,0,1,0
0500000US55011,0.4043,NA,0,0,0
0500000US55013,0.466,NA,0,0,0
0500000US55015,0.4002,NA,0,1,0
0500000US55017,0.4102,NA,0,0,0
0500000US55019,0.4261,NA,0,0,0
0500000US55021,0.4002,NA,0,0,0
0500000US55023,0.4258,NA,0,0,0
0500000US55025,0.4529,NA,0,0,0
0500000US55027,0.3918,NA,0,0,0
0500000US55029,0.47,NA,0,0,0
0500000US55031,0.4137,NA,0,0,0
0500000US55033,0.4207,NA,0,1,0
0500000US55035,0.4426,NA,0,0,0
0500000US55037,0.4228,NA,0,0,0
0500000US55039,0.4064,NA,0,1,0
0500000US55041,0.4304,NA,0,0,0
0500000US55043,0.4331,NA,0,0,0
0500000US55045,0.4072,NA,0,0,0
0500000US55047,0.4486,NA,0,1,0
0500000US55049,0.4106,NA,0,0,0
0500000US55051,0.4194,NA,0,0,0
0500000US55053,0.428,NA,0,0,0
0500000US55055,0.4025,NA,0,0,0
0500000US55057,0.4044,NA,0,0,0
0500000US55059,0.4279,NA,0,0,1
0500000US55061,0.3989,NA,0,1,1
0500000US55063,0.4472,NA,0,0,0
0500000US55065,0.4153,NA,0,0,0
0500000US55067,0.4504,NA,0,0,0
0500000US55069,0.4246,NA,0,0,0
0500000US55071,0.4105,NA,0,1,0
0500000US55073,0.4166,NA,0,0,1
0500000US55075,0.403,NA,0,0,0
0500000US55077,0.4138,NA,0,1,0
0500000US55078,0.4255,NA,0,0,0
0500000US55079,0.4748,NA,0,0,0
0500000US55081,0.4193,NA,0,0,0
0500000US55083,0.4051,NA,0,0,0
0500000US55085,0.4464,NA,0,0,0
0500000US55087,0.4468,NA,0,1,0
0500000US55089,0.4785,NA,0,0,0
0500000US55091,0.4133,NA,0,0,0
0500000US55093,0.4465,NA,0,0,0
0500000US55095,0.408,NA,0,0,0
0500000US55097,0.4051,NA,0,0,0
0500000US55099,0.4249,NA,0,0,0
0500000US55101,0.4251,NA,0,0,0
0500000US55103,0.4384,NA,0,0,0
0500000US55105,0.4077,NA,0,0,0
0500000US55107,0.3972,NA,0,0,0
0500000US55109,0.4091,NA,0,0,0
0500000US55111,0.4099,NA,0,1,1
0500000US55113,0.459,NA,0,0,0
0500000US55115,0.4298,NA,0,0,0
0500000US55117,0.4143,NA,0,1,0
0500000US55119,0.4016,NA,0,0,0
0500000US55121,0.4008,NA,0,0,0
0500000US55123,0.4247,NA,0,0,0
0500000US55125,0.4358,NA,0,0,0
0500000US55127,0.452,NA,0,1,0
0500000US55129,0.4465,NA,0,0,0
0500000US55131,0.4073,NA,0,1,0
0500000US55133,0.4377,NA,0,1,1
0500000US55135,0.4518,NA,0,0,0
0500000US55137,0.4344,NA,0,1,0
0500000US55139,0.4239,NA,0,1,0
0500000US55141,0.4319,NA,0,1,0
0500000US56001,0.4674,NA,0,0,0
0500000US56003,0.4294,NA,0,0,0
0500000US56005,0.4092,NA,0,1,0
0500000US56007,0.4209,NA,0,1,0
0500000US56009,0.4133,NA,0,0,0
0500000US56011,0.3653,NA,1,1,0
0500000US56013,0.4064,NA,0,0,0
0500000US56015,0.4722,NA,0,0,0
0500000US56017,0.4196,NA,0,0,0
0500000US56019,0.4426,NA,0,0,0
0500000US56021,0.4207,NA,1,1,1
0500000US56023,0.4042,NA,0,1,0
0500000US56025,0.4477,NA,1,0,0
0500000US56027,0.4537,NA,0,0,0
0500000US56029,0.4551,NA,0,0,0
0500000US56031,0.4277,NA,0,0,0
0500000US56033,0.4437,NA,0,0,0
0500000US56035,0.5444,NA,0,0,0
0500000US56037,0.4485,NA,1,1,1
0500000US56039,0.5367,NA,0,0,0
0500000US56041,0.4642,NA,0,0,0
0500000US56043,0.4241,NA,0,0,0
0500000US56045,0.4149,NA,0,0,0
,0.4193,NA,0,0,0
,0.492,NA,0,0,0
,0.5479,NA,0,0,0
,0.5215,NA,0,0,0
,0.5056,NA,0,0,0
,0.4779,NA,0,0,0
,0.5286,NA,0,0,0
,0.5621,NA,0,0,0
,0.4878,NA,0,0,0
,0.5322,NA,0,0,0
,0.508,NA,0,0,0
,0.5052,NA,0,0,0
,0.5548,NA,0,0,0
,0.473,NA,0,0,0
,0.5073,NA,0,0,0
,0.474,NA,0,0,0
,0.5474,NA,0,0,0
,0.4878,NA,0,0,0
,0.4571,NA,0,0,0
,0.4221,NA,0,0,0
,0.4769,NA,0,0,0
,0.5019,NA,0,0,0
,0.4842,NA,0,0,0
,0.4907,NA,0,0,0
,0.3693,NA,0,0,0
,0.6286,NA,0,0,0
,0.4796,NA,0,0,0
,0.4384,NA,0,0,0
,0.4702,NA,0,0,0
,0.5386,NA,0,0,0
,0.4818,NA,0,0,0
,0.5684,NA,0,0,0
,0.5479,NA,0,0,0
,0.4778,NA,0,0,0
,0.4565,NA,0,0,0
,0.5068,NA,0,0,0
,0.4988,NA,0,0,0
,0.4621,NA,0,0,0
,0.4877,NA,0,0,0
,0.4559,NA,0,0,0
,0.458,NA,0,0,0
,0.4899,NA,0,0,0
,0.527,NA,0,0,0
,0.5016,NA,0,0,0
,0.4863,NA,0,0,0
,0.5204,NA,0,0,0
,0.5492,NA,0,0,0
,0.4538,NA,0,0,0
,0.4663,NA,0,0,0
,0.5939,NA,0,0,0
,0.519,NA,0,0,0
,0.5303,NA,0,0,0
,0.4267,NA,0,0,0
,0.5231,NA,0,0,0
,0.4754,NA,0,0,0
,0.4562,NA,0,0,0
,0.4639,NA,0,0,0
,0.5672,NA,0,0,0
,0.4633,NA,0,0,0
,0.4833,NA,0,0,0
,0.4624,NA,0,0,0
,0.555,NA,0,0,0
,0.5051,NA,0,0,0
,0.5371,NA,0,0,0
,0.612,NA,0,0,0
,0.513,NA,0,0,0
,0.4967,NA,0,0,0
,0.5616,NA,0,0,0
,0.4924,NA,0,0,0
,0.4657,NA,0,0,0
,0.4875,NA,0,0,0
,0.5117,NA,0,0,0
,0.5395,NA,0,0,0
,0.5426,NA,0,0,0
,0.4166,NA,0,0,0
,0.5032,NA,0,0,0
,0.4407,NA,0,0,0
,0.4736,NA,0,0,0
