GEO_ID,county_name,state,county,alpr_total,pop_foreign_born,pop_not_citizen,pop_language_not_english,pop_not_in_labor_force,pop_private_wage_salary_workers,pop_households_fs_snap,pop_no_health_insurance,_pop_total,pop_hispanic,pop_NH_white,pop_NH_black,pop_NH_AIAN,pop_NH_asian,pop_NH_NHPI,pop_NH_some_other,pop_NH_two_or_more,pop_unhoused,pop_not_hs_graduate,pop_commute_drove_or_carpooled,pct_foreign_born,pct_not_citizen,pct_language_not_english,pct_not_in_labor_force,rate_unemployment,pct_private_wage_salary_workers,pct_households_fs_snap,pct_no_health_insurance,pct_people_impoverished,pct_hispanic,pct_NH_white,pct_NH_black,pct_NH_AIAN,pct_NH_asian,pct_NH_NHPI,pct_NH_some_other,pct_NH_two_or_more,pct_unhoused,pct_not_hs_graduate,pct_commute_drove_or_carpooled,gini_index,pct_republican_vote,task_force_model,warrant_service_officer,jail_enforcement_model
0500000US01001,"Autauga County, Alabama",01,001,0,1562,823,2123,19829,19648,2116,4250,59947,2289,42336,12244,36,663,5,128,2246,482,3593,24952,2.6,52.7,3.8,41.5,2.4,75.2,9.2,7.3,11.3,3.8,70.6,20.4,0.1,1.1,0.0,0.2,3.7,0.8,8.7,92.3,0.4752,72.4303,1.0,1.0,1.0
0500000US01003,"Baldwin County, Alabama",01,003,0,10220,5429,13881,82439,89696,6568,20193,246989,14276,199426,19824,657,2521,113,1376,8796,3124,14548,96264,4.1,53.1,5.9,41.1,3.0,78.7,6.7,8.3,10.1,5.8,80.7,8.0,0.3,1.0,0.0,0.6,3.6,1.26,8.2,85.5,0.4558,78.363,1.0,0.0,0.0
0500000US01005,"Barbour County, Alabama",01,005,0,804,599,1697,11058,6012,1943,2221,24643,1534,10773,11417,26,145,0,313,435,3051,3852,7796,3.3,74.5,7.3,54.4,7.8,70.4,21.3,10.3,21.4,6.2,43.7,46.3,0.1,0.6,0.0,1.3,1.8,12.38,21.9,92.0,0.4957,56.8848,0.0,0.0,0.0
0500000US01007,"Bibb County, Alabama",01,007,0,410,367,454,9166,6349,1592,1414,22130,766,16240,4366,7,99,0,35,617,1589,2832,7383,1.9,89.5,2.2,50.3,12.1,79.7,20.7,6.9,22.5,3.5,73.4,19.7,0.0,0.4,0.0,0.2,2.8,7.18,17.7,92.9,0.4367,81.7976,0.0,0.0,0.0
0500000US01009,"Blount County, Alabama",01,009,0,2980,1934,4670,20263,21056,2731,6100,59518,6130,50316,716,73,64,81,155,1983,545,6914,23643,5.0,64.9,8.3,42.5,5.0,80.9,12.3,10.3,12.9,10.3,84.5,1.2,0.1,0.1,0.1,0.3,3.3,0.92,16.8,92.8,0.4309,90.0259,1.0,0.0,0.0
0500000US01011,"Bullock County, Alabama",01,011,0,306,220,554,4856,2347,1255,1038,10058,602,2114,6986,0,42,0,9,305,1320,1831,2985,3.0,71.9,5.8,58.9,7.2,74.5,34.0,11.8,33.3,6.0,21.0,69.5,0.0,0.4,0.0,0.1,3.0,13.12,25.2,97.2,0.5067,26.7818,0.0,0.0,0.0
0500000US01013,"Butler County, Alabama",01,013,0,433,251,541,7296,5947,1312,2256,18630,316,9407,8327,85,248,0,7,240,286,1708,6613,2.3,58.0,3.1,48.5,6.5,82.1,17.3,12.3,22.4,1.7,50.5,44.7,0.5,1.3,0.0,0.0,1.3,1.54,13.0,92.9,0.5094,60.9906,0.0,0.0,0.0
0500000US01015,"Calhoun County, Alabama",01,015,0,3377,1810,4296,41348,38188,8057,11669,116090,5388,80498,25021,194,935,151,417,3486,4303,10665,45020,2.9,53.6,3.9,43.9,6.0,77.2,17.9,10.2,17.9,4.6,69.3,21.6,0.2,0.8,0.1,0.4,3.0,3.71,13.6,92.0,0.4571,71.7571,0.0,0.0,0.0
0500000US01017,"Chambers County, Alabama",01,017,0,705,569,1171,12301,11487,2184,3690,34192,1372,18421,13121,22,81,3,93,1079,669,3956,13038,2.1,80.7,3.6,44.7,5.1,80.1,16.3,11.0,15.7,4.0,53.9,38.4,0.1,0.2,0.0,0.3,3.2,1.96,16.3,92.6,0.4403,61.1513,0.0,0.0,0.0
0500000US01019,"Cherokee County, Alabama",01,019,0,521,320,636,10846,7621,1121,1809,25443,469,22997,964,47,51,0,18,897,258,3342,9234,2.0,61.4,2.6,51.0,3.9,76.2,11.0,7.2,14.8,1.8,90.4,3.8,0.2,0.2,0.0,0.1,3.5,1.01,17.6,93.9,0.4699,87.3289,1.0,1.0,0.0
0500000US01021,"Chilton County, Alabama",01,021,0,2308,1510,3849,15173,15532,2613,5090,45992,4707,35126,4328,16,200,17,415,1183,360,4529,17437,5.0,65.4,8.9,42.3,5.5,79.4,14.6,11.1,14.0,10.2,76.4,9.4,0.0,0.4,0.0,0.9,2.6,0.78,14.6,91.0,0.4236,85.6145,0.0,0.0,0.0
0500000US01023,"Choctaw County, Alabama",01,023,0,60,51,235,5322,3644,823,1050,12380,144,7007,4645,22,3,0,6,553,128,1244,4311,0.5,85.0,2.0,52.1,5.0,78.5,15.7,8.6,16.5,1.2,56.6,37.5,0.2,0.0,0.0,0.0,4.5,1.03,13.8,94.8,0.4555,61.6436,0.0,0.0,0.0
0500000US01025,"Clarke County, Alabama",01,025,0,252,159,390,9006,6743,1983,1664,22543,275,11524,10054,35,119,0,135,401,389,2205,7646,1.1,63.1,1.8,49.3,9.2,80.3,23.5,7.5,20.1,1.2,51.1,44.6,0.2,0.5,0.0,0.6,1.8,1.73,13.9,93.3,0.5318,58.2455,1.0,0.0,0.0
0500000US01027,"Clay County, Alabama",01,027,0,149,50,421,6064,3992,828,1007,14192,465,11195,1818,24,54,0,18,618,228,1720,4732,1.0,33.6,3.1,52.8,2.4,75.6,14.2,7.2,17.6,3.3,78.9,12.8,0.2,0.4,0.0,0.1,4.4,1.61,16.8,89.6,0.4447,84.7347,0.0,0.0,0.0
0500000US01029,"Cleburne County, Alabama",01,029,0,105,67,177,6312,4983,867,1337,15426,325,14225,562,24,18,0,36,236,150,1553,5609,0.7,63.8,1.2,50.3,2.6,83.2,14.5,8.8,13.7,2.1,92.2,3.6,0.2,0.1,0.0,0.2,1.5,0.97,14.1,93.2,0.4441,91.3345,0.0,0.0,0.0
0500000US01031,"Coffee County, Alabama",01,031,0,2545,1502,4144,18615,15385,2417,5471,54920,5396,37067,8549,248,626,25,113,2896,757,4808,21584,4.6,59.0,8.0,42.9,5.1,70.3,11.5,10.4,16.7,9.8,67.5,15.6,0.5,1.1,0.0,0.2,5.3,1.38,12.9,93.6,0.4458,78.3861,0.0,0.0,0.0
0500000US01033,"Colbert County, Alabama",01,033,0,959,515,1325,20147,20078,3515,4556,58022,2049,44720,8991,96,280,0,111,1775,403,5208,23170,1.7,53.7,2.4,42.8,3.1,76.8,14.5,7.9,17.4,3.5,77.1,15.5,0.2,0.5,0.0,0.2,3.1,0.69,12.6,90.4,0.4541,72.5847,1.0,1.0,1.0
0500000US01035,"Conecuh County, Alabama",01,035,0,94,44,139,5510,2733,882,895,11275,117,5632,5066,22,9,0,11,418,91,861,2963,0.8,46.8,1.3,59.5,8.7,79.8,20.0,8.0,27.8,1.0,50.0,44.9,0.2,0.1,0.0,0.1,3.7,0.81,10.7,90.6,0.5089,56.5692,0.0,0.0,0.0
0500000US01037,"Coosa County, Alabama",01,037,0,47,26,286,4574,3124,716,757,10300,253,6789,3007,7,29,0,0,215,314,1263,3442,0.5,55.3,2.9,52.4,6.2,80.4,16.2,7.6,13.1,2.5,65.9,29.2,0.1,0.3,0.0,0.0,2.1,3.05,16.2,89.2,0.3977,71.3364,0.0,0.0,0.0
0500000US01039,"Covington County, Alabama",01,039,0,460,243,571,14414,11312,2082,3491,37628,765,30978,4477,71,173,0,98,1066,617,3901,13888,1.2,52.8,1.6,47.7,5.2,75.9,14.2,9.4,19.2,2.0,82.3,11.9,0.2,0.5,0.0,0.3,2.8,1.64,14.8,94.5,0.4876,85.8555,0.0,0.0,0.0
0500000US01041,"Crenshaw County, Alabama",01,041,0,240,120,343,5101,3896,1087,1044,13122,288,9161,3093,64,46,0,4,466,183,1279,4822,1.8,50.0,2.8,48.4,5.4,75.9,20.8,8.1,17.9,2.2,69.8,23.6,0.5,0.4,0.0,0.0,3.6,1.39,14.0,94.7,0.5135,77.0891,0.0,1.0,0.0
0500000US01043,"Cullman County, Alabama",01,043,0,2044,1366,3765,30488,32004,3531,9826,90566,4563,81036,880,228,498,18,85,3258,1079,8638,37498,2.3,66.8,4.4,42.0,3.8,79.0,10.0,10.9,15.3,5.0,89.5,1.0,0.3,0.5,0.0,0.1,3.6,1.19,13.7,94.3,0.4536,89.7047,0.0,0.0,0.0
0500000US01045,"Dale County, Alabama",01,045,0,1749,721,2627,18128,13025,3637,4765,49599,3533,32778,10063,103,587,10,128,2397,818,4520,17607,3.5,41.2,5.7,46.1,6.6,72.8,18.4,10.1,18.7,7.1,66.1,20.3,0.2,1.2,0.0,0.3,4.8,1.65,13.4,90.7,0.4728,75.6361,0.0,0.0,0.0
0500000US01047,"Dallas County, Alabama",01,047,0,693,430,677,13921,10708,5765,2982,36858,360,9801,25754,46,226,0,18,653,434,3113,12319,1.9,62.0,2.0,47.7,11.0,78.7,36.2,8.2,31.0,1.0,26.6,69.9,0.1,0.6,0.0,0.0,1.8,1.18,12.4,91.5,0.5024,33.3826,0.0,0.0,0.0
0500000US01049,"DeKalb County, Alabama",01,049,0,5657,4531,10163,25205,23650,4627,11086,72269,12382,55620,975,291,136,6,412,2447,894,10119,28022,7.8,80.1,14.9,44.3,4.1,78.0,17.7,15.5,22.4,17.1,77.0,1.3,0.4,0.2,0.0,0.6,3.4,1.24,20.8,94.3,0.4587,86.4228,1.0,0.0,0.0
0500000US01051,"Elmore County, Alabama",01,051,0,1789,981,2248,29088,30277,3465,6548,89526,3034,64263,18857,132,450,8,80,2702,4243,6439,36936,2.0,54.8,2.7,40.2,4.6,74.1,10.5,7.7,10.3,3.4,71.8,21.1,0.1,0.5,0.0,0.1,3.0,4.74,10.3,90.9,0.4334,75.3748,0.0,0.0,1.0
0500000US01053,"Escambia County, Alabama",01,053,0,293,79,683,15301,9866,1942,3151,36629,862,21968,10770,1011,165,0,94,1759,2526,4007,11562,0.8,27.0,2.0,52.4,10.1,79.2,15.2,9.2,20.0,2.4,60.0,29.4,2.8,0.5,0.0,0.3,4.8,6.9,15.6,95.6,0.4649,72.7686,0.0,0.0,0.0
0500000US01055,"Etowah County, Alabama",01,055,0,2523,1689,4168,37225,32906,6173,11596,103105,5393,78534,15165,116,675,13,372,2837,1575,10103,40005,2.4,66.9,4.3,44.8,5.9,76.2,15.7,11.4,16.9,5.2,76.2,14.7,0.1,0.7,0.0,0.4,2.8,1.53,13.9,93.7,0.4619,77.2764,1.0,0.0,1.0
0500000US01057,"Fayette County, Alabama",01,057,0,82,0,87,6346,4908,1124,1222,16053,150,13362,1777,22,8,40,37,657,298,1626,5907,0.5,0.0,0.6,48.2,8.4,78.5,18.0,7.7,21.8,0.9,83.2,11.1,0.1,0.0,0.2,0.2,4.1,1.86,14.3,96.8,0.4942,85.5299,0.0,0.0,0.0
0500000US01059,"Franklin County, Alabama",01,059,0,3140,2197,5323,10646,10642,2386,4028,31966,6573,23187,1292,23,22,6,96,767,310,4154,13061,9.8,70.0,17.9,42.9,3.6,78.0,20.0,12.7,19.1,20.6,72.5,4.0,0.1,0.1,0.0,0.3,2.4,0.97,19.5,96.7,0.4382,86.1123,1.0,1.0,0.0
0500000US01059,"Franklin County, Alabama",01,059,0,3140,2197,5323,10646,10642,2386,4028,31966,6573,23187,1292,23,22,6,96,767,310,4154,13061,9.8,70.0,17.9,42.9,3.6,78.0,20.0,12.7,19.1,20.6,72.5,4.0,0.1,0.1,0.0,0.3,2.4,0.97,19.5,96.7,0.4382,86.1123,0.0,0.0,1.0
0500000US01061,"Geneva County, Alabama",01,061,0,604,285,1183,9756,8662,1945,3319,26887,1437,21643,2265,44,168,5,339,986,240,3063,10343,2.2,47.2,4.6,45.1,5.6,78.0,18.3,12.5,19.2,5.3,80.5,8.4,0.2,0.6,0.0,1.3,3.7,0.89,16.1,94.0,0.4241,88.13,0.0,0.0,0.0
0500000US01063,"Greene County, Alabama",01,063,0,41,1,33,3561,1526,1029,1005,7424,10,1323,6031,9,3,0,0,48,115,672,2030,0.6,2.4,0.5,59.7,4.0,66.2,31.9,13.7,40.1,0.1,17.8,81.2,0.1,0.0,0.0,0.0,0.6,1.55,13.1,93.5,0.5184,21.9114,0.0,0.0,0.0
0500000US01065,"Hale County, Alabama",01,065,0,124,24,222,5989,3885,1568,914,14829,195,5645,8103,60,15,0,0,811,190,1853,5016,0.8,19.4,1.6,51.4,6.0,73.3,27.8,6.2,24.6,1.3,38.1,54.6,0.4,0.1,0.0,0.0,5.5,1.28,18.2,95.8,0.5106,46.1191,1.0,0.0,0.0
0500000US01067,"Henry County, Alabama",01,067,0,154,79,293,6478,5660,997,1590,17647,390,12384,4381,41,27,0,0,424,211,2107,6969,0.9,51.3,1.7,44.9,3.6,73.9,14.1,9.1,18.3,2.2,70.2,24.8,0.2,0.2,0.0,0.0,2.4,1.2,16.4,94.1,0.4858,74.9893,1.0,1.0,1.0
0500000US01069,"Houston County, Alabama",01,069,0,3313,2011,4621,36307,37581,6964,11973,108140,4984,68551,29269,248,1138,45,387,3518,1155,9079,43951,3.1,60.7,4.6,42.1,4.5,79.4,16.1,11.2,17.5,4.6,63.4,27.1,0.2,1.1,0.0,0.4,3.3,1.07,12.1,93.5,0.4762,73.2125,0.0,0.0,0.0
0500000US01071,"Jackson County, Alabama",01,071,0,982,537,1650,20968,16569,2690,5423,53053,1897,46772,1662,208,253,14,122,2125,613,6522,19650,1.9,54.7,3.3,48.5,4.5,77.9,12.3,10.3,17.3,3.6,88.2,3.1,0.4,0.5,0.0,0.2,4.0,1.16,17.2,93.3,0.4521,85.214,0.0,0.0,0.0
0500000US01073,"Jefferson County, Alabama",01,073,0,32470,21643,47713,204765,248557,38255,62109,667755,36545,317409,281174,785,12366,801,3048,15627,20784,39967,262104,4.9,66.7,7.6,38.5,4.7,79.9,14.2,9.4,15.7,5.5,47.5,42.1,0.1,1.9,0.1,0.5,2.3,3.11,8.8,85.5,0.5084,43.8973,0.0,0.0,0.0
0500000US01075,"Lamar County, Alabama",01,075,0,72,48,118,5380,4063,1044,1087,13693,262,11726,1366,25,6,0,23,285,109,1605,4751,0.5,66.7,0.9,49.0,5.5,76.8,20.5,8.0,18.0,1.9,85.6,10.0,0.2,0.0,0.0,0.2,2.1,0.8,16.5,92.0,0.4392,87.5617,0.0,0.0,0.0
0500000US01077,"Lauderdale County, Alabama",01,077,0,2471,1721,3562,32314,34278,3925,8319,95830,3317,78710,8649,173,593,21,321,4046,3071,6165,39581,2.6,69.6,3.9,40.9,4.1,76.5,10.0,8.8,12.2,3.5,82.1,9.0,0.2,0.6,0.0,0.3,4.2,3.2,9.4,89.7,0.4601,74.9547,1.0,1.0,1.0
0500000US01079,"Lawrence County, Alabama",01,079,0,446,260,949,11573,11973,2059,2649,33276,1044,25122,3110,1237,135,0,36,2592,232,3515,13899,1.3,58.3,3.0,43.1,2.0,80.0,15.1,8.0,13.3,3.1,75.5,9.3,3.7,0.4,0.0,0.1,7.8,0.7,15.0,94.0,0.4275,80.784,1.0,1.0,0.0
0500000US01081,"Lee County, Alabama",01,081,0,12761,8926,14711,58837,62456,6949,15405,181134,9779,118308,39130,89,7839,57,1047,4885,7432,8854,72549,7.0,69.9,8.6,39.7,3.5,73.3,10.0,8.6,18.9,5.4,65.3,21.6,0.0,4.3,0.0,0.6,2.7,4.1,7.9,86.3,0.4944,62.9316,0.0,0.0,0.0
0500000US01083,"Limestone County, Alabama",01,083,0,4601,2380,6710,35883,40842,3620,8470,111233,8295,80405,14108,321,1895,37,543,5629,3051,10426,44945,4.1,51.7,6.4,40.0,3.3,78.4,8.8,7.8,10.0,7.5,72.3,12.7,0.3,1.7,0.0,0.5,5.1,2.74,13.3,87.6,0.4447,71.0399,1.0,1.0,0.0
0500000US01085,"Lowndes County, Alabama",01,085,0,55,24,188,4266,2525,1237,736,9833,16,2426,7258,11,0,0,0,122,165,1198,2916,0.6,43.6,2.0,53.6,6.8,73.5,28.9,7.6,29.9,0.2,24.7,73.8,0.1,0.0,0.0,0.0,1.2,1.68,17.4,89.7,0.5434,31.0875,0.0,0.0,0.0
0500000US01087,"Macon County, Alabama",01,087,0,289,163,394,7910,5685,1745,1741,18691,408,3137,14488,6,55,0,20,577,2604,1762,5924,1.5,56.4,2.2,48.8,8.3,74.8,24.1,9.4,24.3,2.2,16.8,77.5,0.0,0.3,0.0,0.1,3.1,13.93,15.4,80.9,0.5006,21.4705,0.0,0.0,0.0
0500000US01089,"Madison County, Alabama",01,089,0,24142,12593,29593,115484,156251,12536,30981,405718,27577,250071,95562,1459,10152,228,1249,19420,11650,20076,165645,6.0,52.2,7.7,35.2,3.6,76.6,7.6,7.7,10.1,6.8,61.6,23.6,0.4,2.5,0.1,0.3,4.8,2.87,7.2,82.4,0.4636,53.3507,0.0,0.0,0.0
0500000US01091,"Marengo County, Alabama",01,091,0,305,169,408,7465,5788,1863,1721,18851,506,8349,9576,18,49,0,0,353,233,1832,6604,1.6,55.4,2.3,49.1,4.1,77.9,23.6,9.2,21.9,2.7,44.3,50.8,0.1,0.3,0.0,0.0,1.9,1.24,14.2,91.3,0.5327,51.5906,0.0,0.0,0.0
0500000US01093,"Marion County, Alabama",01,093,0,217,146,491,11812,8369,1841,3050,29184,925,26173,1013,46,86,18,14,909,658,3552,10284,0.7,67.3,1.8,49.6,5.0,73.5,17.3,10.7,16.2,3.2,89.7,3.5,0.2,0.3,0.1,0.0,3.1,2.25,17.0,95.0,0.4721,90.4157,1.0,1.0,1.0
0500000US01095,"Marshall County, Alabama",01,095,0,6951,4836,12297,32575,32986,4512,11800,99748,17192,76257,2478,197,599,72,179,2774,1095,9936,38367,7.0,69.6,13.3,42.6,3.9,78.5,12.4,12.0,16.6,17.2,76.4,2.5,0.2,0.6,0.1,0.2,2.8,1.1,15.2,92.2,0.4646,85.4696,0.0,0.0,1.0
0500000US01097,"Mobile County, Alabama",01,097,0,14193,6137,18642,135680,143391,27937,42502,412590,14244,226154,147473,1373,8873,119,1898,12456,8006,29885,158559,3.4,43.2,4.8,41.5,5.3,79.5,17.3,10.4,16.2,3.5,54.8,35.7,0.3,2.2,0.0,0.5,3.0,1.94,10.7,89.5,0.4707,57.5227,1.0,0.0,0.0
0500000US01099,"Monroe County, Alabama",01,099,0,129,20,209,8613,5055,1030,1740,19388,45,10390,8127,169,73,26,0,558,217,2141,6055,0.7,15.5,1.1,54.5,10.4,79.2,14.0,9.1,20.1,0.2,53.6,41.9,0.9,0.4,0.1,0.0,2.9,1.12,15.9,95.2,0.4578,61.2022,1.0,0.0,0.0
0500000US01101,"Montgomery County, Alabama",01,101,0,12675,8339,15396,73020,71149,18479,22735,226718,11234,67336,133272,95,7647,35,218,6881,8538,16194,86951,5.6,65.8,7.3,40.9,5.9,73.3,20.2,10.3,19.9,5.0,29.7,58.8,0.0,3.4,0.0,0.1,3.0,3.77,10.8,89.4,0.4917,33.9395,0.0,0.0,0.0
0500000US01103,"Morgan County, Alabama",01,103,0,6868,5142,10574,41668,44269,6004,13399,124471,13160,89798,15571,321,749,24,628,4220,2078,12056,48774,5.5,74.9,9.0,42.2,3.7,80.5,12.2,10.9,13.5,10.6,72.1,12.5,0.3,0.6,0.0,0.5,3.4,1.67,14.1,90.5,0.4488,75.5449,0.0,0.0,0.0
0500000US01105,"Perry County, Alabama",01,105,0,127,108,104,3978,1615,1151,565,8031,17,2236,5720,0,0,0,0,58,811,890,1825,1.6,85.0,1.4,60.4,16.5,74.0,33.5,7.2,31.4,0.2,27.8,71.2,0.0,0.0,0.0,0.0,0.7,10.1,16.9,90.0,0.3563,28.4211,0.0,0.0,0.0
0500000US01107,"Pickens County, Alabama",01,107,0,548,481,631,8509,5279,1253,1274,18721,666,9888,7649,56,10,0,43,409,1663,1989,6063,2.9,87.8,3.5,54.5,4.7,78.3,18.5,7.5,20.0,3.6,52.8,40.9,0.3,0.1,0.0,0.2,2.2,8.88,14.7,94.0,0.4751,61.3218,0.0,0.0,0.0
0500000US01109,"Pike County, Alabama",01,109,0,1173,890,1508,12044,11025,2135,2767,32987,902,18009,12233,89,616,34,46,1058,2655,2596,13040,3.6,75.9,4.8,44.0,3.7,74.6,17.1,8.4,23.3,2.7,54.6,37.1,0.3,1.9,0.1,0.1,3.2,8.05,13.4,91.9,0.4938,62.2276,0.0,0.0,0.0
0500000US01111,"Randolph County, Alabama",01,111,0,318,160,469,8925,7041,1741,2026,22510,669,16791,3496,28,94,0,108,1324,530,2402,7933,1.4,50.3,2.2,48.9,3.8,78.4,18.8,9.1,19.9,3.0,74.6,15.5,0.1,0.4,0.0,0.5,5.9,2.35,15.1,89.8,0.4781,82.0665,0.0,0.0,0.0
0500000US01113,"Russell County, Alabama",01,113,0,1574,422,2254,20234,17165,4814,6442,58811,3527,25837,26501,76,316,8,230,2316,492,5179,20470,2.7,26.8,4.1,44.1,6.2,75.6,20.1,11.3,22.2,6.0,43.9,45.1,0.1,0.5,0.0,0.4,3.9,0.84,13.0,87.0,0.4695,48.6437,0.0,0.0,0.0
0500000US01115,"St. Clair County, Alabama",01,115,0,1611,720,2908,30945,34003,3851,6633,94166,2805,78235,9458,294,537,85,255,2497,1966,8082,36501,1.7,44.7,3.3,40.8,4.6,79.6,11.0,7.2,11.4,3.0,83.1,10.0,0.3,0.6,0.1,0.3,2.7,2.09,12.2,86.9,0.3923,81.5627,0.0,0.0,0.0
0500000US01117,"Shelby County, Alabama",01,117,0,12713,6640,18261,62569,95594,4014,14658,230211,17419,168534,30808,309,4956,92,1270,6823,3847,8650,95623,5.5,52.2,8.4,33.9,2.9,80.8,4.6,6.4,7.2,7.6,73.2,13.4,0.1,2.2,0.0,0.6,3.0,1.67,5.5,81.5,0.4402,69.4572,0.0,0.0,0.0
0500000US01119,"Sumter County, Alabama",01,119,0,107,65,196,5364,2427,1471,1014,11878,87,3051,8088,13,24,0,0,615,2154,955,3240,0.9,60.7,1.7,54.6,12.1,62.4,30.5,8.6,26.5,0.7,25.7,68.1,0.1,0.2,0.0,0.0,5.2,18.13,13.7,85.2,0.5,29.056,0.0,0.0,0.0
0500000US01121,"Talladega County, Alabama",01,121,0,1619,1071,2595,31233,24992,5717,6331,81021,1947,50098,24143,118,480,15,133,4087,3420,8170,29304,2.0,66.2,3.4,47.4,6.8,77.7,17.0,8.1,17.8,2.4,61.8,29.8,0.1,0.6,0.0,0.2,5.0,4.22,14.0,93.2,0.4581,66.4662,0.0,0.0,0.0
0500000US01123,"Tallapoosa County, Alabama",01,123,0,797,545,1493,15616,13687,2264,3372,40938,1183,27764,9483,102,260,0,160,1986,760,3862,15665,1.9,68.4,3.8,46.2,4.9,79.7,13.3,8.4,16.3,2.9,67.8,23.2,0.2,0.6,0.0,0.4,4.9,1.86,12.9,92.5,0.4767,74.3345,0.0,0.0,0.0
0500000US01125,"Tuscaloosa County, Alabama",01,125,0,11058,7031,14719,73518,85617,9798,15735,237552,13198,139860,73087,425,3795,17,420,6750,14772,12257,98405,4.7,63.6,6.6,37.9,5.8,75.4,10.9,6.7,16.8,5.6,58.9,30.8,0.2,1.6,0.0,0.2,2.8,6.22,8.5,88.6,0.4657,59.4961,0.0,0.0,0.0
0500000US01127,"Walker County, Alabama",01,127,0,989,761,2133,24242,21405,3632,6169,64841,2435,55914,4070,52,270,0,243,1857,1003,7059,24423,1.5,76.9,3.5,46.8,4.9,81.9,14.3,9.6,18.5,3.8,86.2,6.3,0.1,0.4,0.0,0.4,2.9,1.55,15.8,94.2,0.4494,85.4898,0.0,0.0,0.0
0500000US01129,"Washington County, Alabama",01,129,0,43,31,186,6423,4536,821,1028,15143,159,9843,3642,1011,27,0,53,408,123,1110,5291,0.3,72.1,1.3,51.1,4.9,77.8,13.8,6.8,17.1,1.0,65.0,24.1,6.7,0.2,0.0,0.3,2.7,0.81,10.4,91.2,0.4791,77.4079,1.0,0.0,0.0
0500000US01131,"Wilcox County, Alabama",01,131,0,40,34,73,4196,2540,1427,868,10172,3,2801,7121,0,1,0,0,246,190,1292,3037,0.4,85.0,0.8,51.3,11.8,72.2,37.0,8.7,28.2,0.0,27.5,70.0,0.0,0.0,0.0,0.0,2.4,1.87,18.6,90.3,0.5523,34.068,0.0,0.0,0.0
0500000US01133,"Winston County, Alabama",01,133,0,491,353,681,9195,8066,1377,2085,23682,880,21409,237,18,73,0,0,1065,353,3831,8978,2.1,71.9,3.0,47.1,3.6,81.4,14.6,8.9,18.7,3.7,90.4,1.0,0.1,0.3,0.0,0.0,4.5,1.49,22.5,91.2,0.4474,91.4073,0.0,0.0,0.0
0500000US02013,"Aleutians East Borough, Alaska",02,013,0,821,505,1100,687,1520,152,1233,3491,303,590,104,1388,664,27,27,388,1094,341,809,23.5,61.5,32.6,22.4,8.4,70.3,14.5,35.6,13.2,8.7,16.9,3.0,39.8,19.0,0.8,0.8,11.1,31.34,13.1,38.1,0.4008,47.367,0.0,0.0,0.0
0500000US02016,"Aleutians West Census Area, Alaska",02,016,0,2253,1260,3094,653,3135,46,942,5235,715,1266,369,381,2068,87,0,349,1891,393,2071,43.0,55.9,60.6,13.6,4.3,80.7,4.8,18.5,11.3,13.7,24.2,7.0,7.3,39.5,1.7,0.0,6.7,36.12,9.4,55.7,0.3569,40.635,0.0,0.0,0.0
0500000US02020,"Anchorage Municipality, Alaska",02,020,0,31429,10805,46585,68807,100795,9473,27166,288976,27445,156623,13941,20177,28310,8885,2636,30959,7574,11352,122448,10.9,34.4,17.2,30.2,4.6,71.2,8.7,9.9,8.9,9.5,54.2,4.8,7.0,9.8,3.1,0.9,10.7,2.62,5.9,82.0,0.4308,41.8467,0.0,0.0,0.0
0500000US02050,"Bethel Census Area, Alaska",02,050,0,322,124,9600,4788,3106,2047,2174,18394,270,1529,228,15297,288,0,0,782,847,1804,2200,1.8,38.5,58.2,37.9,15.9,47.5,42.4,12.0,25.6,1.5,8.3,1.2,83.2,1.6,0.0,0.0,4.3,4.6,17.8,34.3,0.4476,,0.0,0.0,0.0
0500000US02060,"Bristol Bay Borough, Alaska",02,060,0,104,63,127,250,327,15,187,918,46,446,5,191,92,11,15,112,248,21,302,11.3,60.6,14.7,31.7,4.4,64.9,5.2,20.8,9.3,5.0,48.6,0.5,20.8,10.0,1.2,1.6,12.2,27.02,2.9,58.7,0.4486,,0.0,0.0,0.0
0500000US02063,"Chugach Census Area, Alaska",02,063,0,401,178,876,1646,1969,281,742,6862,326,4830,106,313,341,55,85,806,431,177,2633,5.8,44.4,13.6,29.8,9.5,59.9,9.8,11.4,5.9,4.8,70.4,1.5,4.6,5.0,0.8,1.2,11.7,6.28,3.7,75.5,0.3822,,0.0,0.0,0.0
0500000US02066,"Copper River Census Area, Alaska",02,066,0,27,5,109,910,473,155,351,2626,151,1397,5,820,20,18,0,215,35,174,753,1.0,18.5,4.4,45.5,4.8,45.8,12.8,13.4,8.7,5.8,53.2,0.2,31.2,0.8,0.7,0.0,8.2,1.33,9.5,75.2,0.4069,,0.0,0.0,0.0
0500000US02068,"Denali Borough, Alaska",02,068,0,123,69,199,381,1073,17,197,1969,160,1414,53,57,43,19,26,197,775,116,847,6.2,56.1,10.5,22.0,0.9,81.7,3.0,10.1,8.3,8.1,71.8,2.7,2.9,2.2,1.0,1.3,10.0,39.36,7.4,63.5,0.4297,,0.0,0.0,0.0
0500000US02070,"Dillingham Census Area, Alaska",02,070,0,192,136,1515,1342,928,391,750,4724,177,677,32,3301,86,14,6,431,362,316,926,4.1,70.8,35.0,39.5,10.5,50.4,27.9,15.9,19.5,3.7,14.3,0.7,69.9,1.8,0.3,0.1,9.1,7.66,11.1,52.4,0.4359,,0.0,0.0,0.0
0500000US02090,"Fairbanks North Star Borough, Alaska",02,090,0,5347,2406,8721,23596,28056,2467,8010,95460,8067,63757,3711,5540,2718,653,848,10166,4124,3231,40407,5.6,45.0,9.8,31.5,5.3,69.3,6.8,9.3,6.1,8.5,66.8,3.9,5.8,2.8,0.7,0.9,10.6,4.32,5.3,83.9,0.4121,,0.0,0.0,0.0
0500000US02100,"Haines Borough, Alaska",02,100,0,164,67,150,712,603,42,239,2086,96,1489,12,117,125,0,11,236,73,28,640,7.9,40.9,7.4,41.9,4.7,64.1,4.7,11.5,5.4,4.6,71.4,0.6,5.6,6.0,0.0,0.5,11.3,3.5,1.8,69.4,0.3877,,0.0,0.0,0.0
0500000US02105,"Hoonah-Angoon Census Area, Alaska",02,105,0,157,71,383,727,499,154,439,2311,255,1111,8,590,61,9,6,271,165,106,385,6.8,45.2,17.1,37.3,15.8,48.4,16.7,19.0,14.2,11.0,48.1,0.3,25.5,2.6,0.4,0.3,11.7,7.14,6.0,38.8,0.4301,,0.0,0.0,0.0
0500000US02110,"Juneau City and Borough, Alaska",02,110,0,2444,878,3294,8538,9184,840,2564,31794,2245,19510,205,2668,2274,424,140,4328,762,1091,12465,7.7,35.9,10.9,32.8,4.0,55.8,6.4,8.3,8.9,7.1,61.4,0.6,8.4,7.2,1.3,0.4,13.6,2.4,4.8,76.1,0.4237,,0.0,0.0,0.0
0500000US02122,"Kenai Peninsula Borough, Alaska",02,122,0,2221,645,3637,21382,17635,2329,6783,60413,2654,46841,354,3683,1104,176,499,5102,1949,2292,19073,3.7,29.0,6.4,44.0,7.0,70.1,9.6,11.5,11.8,4.4,77.5,0.6,6.1,1.8,0.3,0.8,8.4,3.23,5.3,78.2,0.4509,,0.0,0.0,0.0
0500000US02130,"Ketchikan Gateway Borough, Alaska",02,130,0,1105,403,1394,3817,4584,477,1231,13768,744,8313,63,1687,1220,15,61,1665,333,432,5808,8.0,36.5,10.6,33.7,3.1,65.1,8.3,9.2,8.7,5.4,60.4,0.5,12.3,8.9,0.1,0.4,12.1,2.42,4.3,82.5,0.4229,,0.0,0.0,0.0
0500000US02150,"Kodiak Island Borough, Alaska",02,150,0,2385,969,2814,2576,3888,267,1425,12771,1064,5749,86,1326,2835,18,165,1528,629,615,5303,18.7,40.6,23.3,26.0,5.0,65.4,5.8,12.2,8.7,8.3,45.0,0.7,10.4,22.2,0.1,1.3,12.0,4.93,7.3,79.4,0.4447,,0.0,0.0,0.0
0500000US02158,"Kusilvak Census Area, Alaska",02,158,0,152,38,1981,2127,1093,984,898,8176,104,239,79,7032,22,6,0,694,197,786,161,1.9,25.0,27.8,42.2,19.8,47.1,51.4,11.0,32.4,1.3,2.9,1.0,86.0,0.3,0.1,0.0,8.5,2.41,20.0,7.2,0.4388,,0.0,0.0,0.0
0500000US02164,"Lake and Peninsula Borough, Alaska",02,164,0,53,36,121,181,276,95,325,1013,28,161,14,442,19,0,2,347,202,55,268,5.2,67.9,12.8,22.3,8.6,48.0,29.3,32.2,12.8,2.8,15.9,1.4,43.6,1.9,0.0,0.2,34.3,19.94,7.9,47.2,0.4261,,0.0,0.0,0.0
0500000US02170,"Matanuska-Susitna Borough, Alaska",02,170,0,3260,1103,5999,34777,34127,3741,13079,112988,6074,85478,1283,6071,1849,465,725,11043,2654,4423,39247,2.9,33.8,5.7,39.7,5.8,70.3,9.4,11.9,10.0,5.4,75.7,1.1,5.4,1.6,0.4,0.6,9.8,2.35,5.9,80.7,0.4258,,0.0,0.0,0.0
0500000US02180,"Nome Census Area, Alaska",02,180,0,215,105,2197,2521,2044,828,1360,9866,214,1324,63,7255,172,0,0,838,502,558,1405,2.2,48.8,24.3,36.5,16.9,56.7,29.4,14.0,21.5,2.2,13.4,0.6,73.5,1.7,0.0,0.0,8.5,5.09,10.1,40.2,0.439,,0.0,0.0,0.0
0500000US02185,"North Slope Borough, Alaska",02,185,0,735,393,3833,2172,3442,320,1450,10810,583,3355,129,5269,581,210,14,669,3065,906,2642,6.8,53.5,37.7,25.8,7.6,60.2,14.0,13.5,11.1,5.4,31.0,1.2,48.7,5.4,1.9,0.1,6.2,28.35,12.7,46.3,0.4471,,0.0,0.0,0.0
0500000US02188,"Northwest Arctic Borough, Alaska",02,188,0,167,131,1680,2053,1297,654,1335,7441,173,683,41,5997,116,0,0,431,480,588,636,2.2,78.4,25.1,41.2,16.7,53.2,35.8,18.1,17.9,2.3,9.2,0.6,80.6,1.6,0.0,0.0,5.8,6.45,14.7,27.4,0.4251,,0.0,0.0,0.0
0500000US02195,"Petersburg Borough, Alaska",02,195,0,471,163,610,961,1061,104,303,3409,371,2096,45,171,424,8,7,287,280,238,1089,13.8,34.6,18.9,33.8,3.8,62.0,7.6,9.3,7.0,10.9,61.5,1.3,5.0,12.4,0.2,0.2,8.4,8.21,9.5,61.4,0.3826,,0.0,0.0,0.0
0500000US02198,"Prince of Wales-Hyder Census Area, Alaska",02,198,0,184,74,445,1800,1281,396,968,5715,220,2493,14,2056,123,38,19,752,147,336,1733,3.2,40.2,8.2,38.6,7.7,48.5,16.4,17.0,12.7,3.8,43.6,0.2,36.0,2.2,0.7,0.3,13.2,2.57,8.2,68.3,0.4293,,0.0,0.0,0.0
0500000US02220,"Sitka City and Borough, Alaska",02,220,0,835,546,1152,2088,2886,258,803,8368,577,4823,28,633,692,102,130,1383,401,317,3259,10.0,65.4,14.4,29.8,6.8,67.1,7.5,10.1,7.5,6.9,57.6,0.3,7.6,8.3,1.2,1.6,16.5,4.79,5.2,71.5,0.3647,,0.0,0.0,0.0
0500000US02230,"Skagway Municipality, Alaska",02,230,0,198,30,209,273,398,12,106,1244,80,856,10,69,100,0,0,129,257,63,299,15.9,15.2,17.7,26.0,9.1,56.4,2.7,8.5,5.9,6.4,68.8,0.8,5.5,8.0,0.0,0.0,10.4,20.66,6.5,42.8,0.4622,,0.0,0.0,0.0
0500000US02240,"Southeast Fairbanks Census Area, Alaska",02,240,0,609,225,1105,2266,1686,214,1021,7068,421,5103,57,632,120,9,10,716,626,321,2173,8.6,36.9,16.8,40.7,6.5,57.4,8.6,14.8,12.7,6.0,72.2,0.8,8.9,1.7,0.1,0.1,10.1,8.86,6.8,71.6,0.4364,,0.0,0.0,0.0
0500000US02275,"Wrangell City and Borough, Alaska",02,275,0,114,66,139,839,503,83,232,2088,79,1178,2,369,87,20,0,353,56,99,530,5.5,57.9,7.1,48.8,4.3,60.0,8.5,11.2,12.1,3.8,56.4,0.1,17.7,4.2,1.0,0.0,16.9,2.68,6.4,64.2,0.4282,,0.0,0.0,0.0
0500000US02282,"Yakutat City and Borough, Alaska",02,282,0,97,76,137,142,200,11,130,527,46,131,25,111,93,7,0,114,133,27,159,18.4,78.4,27.0,30.0,0.9,60.8,5.3,24.9,11.9,8.7,24.9,4.7,21.1,17.6,1.3,0.0,21.6,25.24,6.4,48.4,0.3579,,0.0,0.0,0.0
0500000US02290,"Yukon-Koyukuk Census Area, Alaska",02,290,0,160,83,702,1331,1104,514,1268,5195,115,1122,100,3404,72,7,7,368,477,432,1153,3.1,51.9,14.5,33.3,5.4,43.9,22.4,24.5,16.0,2.2,21.6,1.9,65.5,1.4,0.1,0.1,7.1,9.18,12.4,47.1,0.4425,,0.0,0.0,0.0
0500000US04001,"Apache County, Arizona",04,001,0,1039,534,31442,29543,8960,6428,11751,65341,4169,12284,630,46386,465,77,20,1310,1510,6346,15950,1.6,51.4,51.0,58.2,10.7,47.4,30.5,18.2,30.5,6.4,18.8,1.0,71.0,0.7,0.1,0.0,2.0,2.31,15.0,84.8,0.5177,39.1464,0.0,0.0,0.0
0500000US04003,"Cochise County, Arizona",04,003,0,14221,5426,31931,51897,29019,7575,9794,125566,43531,67885,3682,568,2330,250,804,6516,5795,9614,38343,11.3,38.2,26.8,50.6,7.4,66.6,14.9,8.3,15.4,34.7,54.1,2.9,0.5,1.9,0.2,0.6,5.2,4.62,10.7,83.2,0.4456,60.3956,0.0,1.0,0.0
0500000US04005,"Coconino County, Arizona",04,005,0,7173,3839,30434,44949,50791,5857,15845,144508,22327,75379,1995,34936,2516,166,663,6526,13138,7050,52252,5.0,53.5,22.1,37.6,5.6,72.2,10.6,11.0,16.8,15.5,52.2,1.4,24.2,1.7,0.1,0.5,4.5,9.09,8.0,75.8,0.4827,38.8433,0.0,0.0,0.0
0500000US04007,"Gila County, Arizona",04,007,0,1914,622,7206,23648,13374,3455,5777,53795,9659,33043,248,4953,415,46,135,5296,1079,3852,16040,3.6,32.5,14.0,52.8,7.1,68.4,14.6,10.9,16.9,18.0,61.4,0.5,9.2,0.8,0.1,0.3,9.8,2.01,9.5,83.6,0.4507,67.5542,0.0,0.0,0.0
0500000US04009,"Graham County, Arizona",04,009,0,973,516,6991,14109,11136,2073,3531,39232,12075,20691,640,3251,194,23,138,2220,2806,3797,13576,2.5,53.0,19.0,46.6,7.7,74.7,16.3,9.6,17.3,30.8,52.7,1.6,8.3,0.5,0.1,0.4,5.7,7.15,15.0,92.4,0.4221,72.9236,0.0,0.0,0.0
0500000US04011,"Greenlee County, Arizona",04,011,0,745,255,2078,3233,3213,205,276,9409,4396,4239,134,167,134,0,5,334,61,925,3832,7.9,34.2,23.5,44.3,2.3,80.8,5.7,2.9,8.2,46.7,45.1,1.4,1.8,1.4,0.0,0.1,3.5,0.65,14.5,96.5,0.4016,69.0811,0.0,0.0,0.0
0500000US04012,"La Paz County, Arizona",04,012,0,1632,1067,3542,8240,3325,1036,1777,16664,4263,9541,232,1820,238,2,14,554,119,1999,4567,9.8,65.4,22.1,57.1,10.0,59.9,11.6,10.7,17.5,25.6,57.3,1.4,10.9,1.4,0.0,0.1,3.3,0.71,14.9,84.1,0.4634,71.039,0.0,1.0,1.0
0500000US04013,"Maricopa County, Arizona",04,013,0,660484,354005,1119708,1277984,1869042,148499,478419,4559748,1422451,2393224,247521,57169,203198,8033,21960,206192,72246,319001,1660255,14.5,53.6,26.0,34.9,4.5,82.5,8.6,10.6,11.0,31.2,52.5,5.4,1.3,4.5,0.2,0.5,4.5,1.58,10.2,74.3,0.4578,51.0062,0.0,0.0,0.0
0500000US04015,"Mohave County, Arizona",04,015,0,13467,5427,19506,104911,59703,13386,20561,220517,37708,165276,2223,2797,2495,383,651,8984,4142,20550,66269,6.1,40.3,9.2,55.5,7.3,76.6,13.1,9.5,16.1,17.1,74.9,1.0,1.3,1.1,0.2,0.3,4.1,1.88,11.9,86.7,0.4702,76.9458,0.0,0.0,0.0
0500000US04017,"Navajo County, Arizona",04,017,0,2674,1214,32613,45605,22318,8879,16879,108415,11786,46303,1134,44428,431,159,273,3901,2742,9850,29649,2.5,45.4,32.0,54.2,8.8,63.6,22.2,15.9,24.7,10.9,42.7,1.0,41.0,0.4,0.1,0.3,3.6,2.53,13.6,85.7,0.4563,57.3697,0.0,1.0,0.0
0500000US04019,"Pima County, Arizona",04,019,0,124922,55560,259353,368123,360261,53119,89182,1060490,386110,535175,35505,20466,31152,1226,4958,45898,29329,69181,373609,11.8,44.5,25.7,42.0,5.5,76.0,12.1,8.6,14.3,36.4,50.5,3.3,1.9,2.9,0.1,0.5,4.3,2.77,9.5,79.0,0.468,41.2573,0.0,0.0,0.0
0500000US04021,"Pinal County, Arizona",04,021,0,42861,22090,82430,175267,153122,17512,49299,469006,139779,257659,23830,15969,7702,1639,2057,20371,16123,36013,150414,9.1,51.5,18.6,46.1,6.0,79.8,10.8,10.9,11.1,29.8,54.9,5.1,3.4,1.6,0.3,0.4,4.3,3.44,10.8,79.7,0.4197,59.9853,1.0,0.0,1.0
0500000US04023,"Santa Cruz County, Arizona",04,023,0,16745,6686,35661,16212,13656,4056,7421,48926,40367,7468,65,93,143,144,44,602,139,7446,16272,34.2,39.9,77.7,42.7,12.2,71.5,23.9,15.2,20.2,82.5,15.3,0.1,0.2,0.3,0.3,0.1,1.2,0.28,23.4,87.7,0.4363,39.6284,0.0,0.0,0.0
0500000US04025,"Yavapai County, Arizona",04,025,0,15768,7616,24716,110131,74258,9130,24640,245480,37748,190078,1263,2426,2584,271,1471,9639,4420,14057,77546,6.4,48.3,10.5,51.8,4.3,75.7,8.2,10.1,12.0,15.4,77.4,0.5,1.0,1.1,0.1,0.6,3.9,1.8,7.3,80.6,0.4507,65.8522,0.0,0.0,1.0
0500000US04027,"Yuma County, Arizona",04,027,0,53166,28573,109655,78218,56639,14530,28264,211741,137437,61349,3219,1766,2164,88,753,4965,7773,31054,71114,25.1,53.7,55.5,47.2,6.9,73.1,18.3,14.0,15.6,64.9,29.0,1.5,0.8,1.0,0.0,0.4,2.3,3.67,22.5,88.9,0.4438,59.1278,0.0,1.0,0.0
0500000US05001,"Arkansas County, Arkansas",05,001,0,221,191,241,5205,5288,996,1586,16515,682,11085,4317,11,10,7,0,403,269,1657,6652,1.3,86.4,1.6,39.9,8.1,73.4,14.9,9.7,19.0,4.1,67.1,26.1,0.1,0.1,0.0,0.0,2.4,1.63,14.5,94.4,0.4509,71.2277,0.0,0.0,0.0
0500000US05003,"Ashley County, Arkansas",05,003,0,406,337,918,7767,5212,969,1801,18429,1176,12394,4363,14,0,54,16,412,173,1584,6217,2.2,83.0,5.3,52.4,5.5,78.6,13.2,9.9,22.1,6.4,67.3,23.7,0.1,0.0,0.3,0.1,2.2,0.94,12.3,93.6,0.4654,73.1863,0.0,0.0,0.0
0500000US05005,"Baxter County, Arkansas",05,005,0,874,242,1227,20214,11655,1647,2951,42407,1222,38783,136,120,294,6,12,1834,450,3325,12916,2.1,27.7,3.0,56.2,6.3,78.8,8.5,7.0,15.5,2.9,91.5,0.3,0.3,0.7,0.0,0.0,4.3,1.06,10.3,89.3,0.4758,77.5651,1.0,1.0,0.0
0500000US05007,"Benton County, Arkansas",05,007,0,38423,26152,44894,78182,129728,4337,28592,303632,56188,176255,5383,1842,13844,2274,1536,46310,2941,19113,124051,12.7,68.1,15.8,33.2,3.1,85.3,3.9,9.5,7.6,18.5,58.0,1.8,0.6,4.6,0.7,0.5,15.3,0.97,9.5,82.2,0.4498,62.1385,0.0,0.0,1.0
0500000US05009,"Boone County, Arkansas",05,009,0,519,299,1024,13238,13474,1285,3100,38138,1202,35277,96,128,121,30,35,1249,451,2035,14358,1.4,57.6,2.8,43.4,2.5,80.2,8.4,8.2,11.7,3.2,92.5,0.3,0.3,0.3,0.1,0.1,3.3,1.18,7.6,86.9,0.4323,81.6269,1.0,1.0,0.0
0500000US05011,"Bradley County, Arkansas",05,011,0,607,525,1334,3877,2729,656,1267,10208,1628,5499,2647,3,0,45,24,362,178,943,3588,5.9,86.5,13.9,48.5,6.6,71.1,17.5,12.5,19.9,15.9,53.9,25.9,0.0,0.0,0.4,0.2,3.5,1.74,13.7,94.6,0.515,68.9623,0.0,0.0,0.0
0500000US05013,"Calhoun County, Arkansas",05,013,0,56,19,161,1901,1458,136,222,4704,140,3406,809,30,8,0,0,311,209,441,1756,1.2,33.9,3.6,48.8,5.6,77.8,8.0,4.8,10.2,3.0,72.4,17.2,0.6,0.2,0.0,0.0,6.6,4.44,12.9,93.1,0.3965,80.0191,1.0,1.0,0.0
0500000US05015,"Carroll County, Arkansas",05,015,0,2591,1795,3583,10708,9277,590,4032,28626,4504,20122,94,269,372,387,50,2828,296,3097,9549,9.1,69.3,13.2,46.0,4.7,77.8,5.2,14.2,17.2,15.7,70.3,0.3,0.9,1.3,1.4,0.2,9.9,1.03,15.2,81.3,0.4591,64.7426,0.0,0.0,0.0
0500000US05017,"Chicot County, Arkansas",05,017,0,219,106,376,4226,2320,664,984,9765,624,3768,5204,13,20,0,8,128,772,1146,3077,2.2,48.4,4.1,53.4,9.1,69.6,16.7,10.9,22.6,6.4,38.6,53.3,0.1,0.2,0.0,0.1,1.3,7.91,16.8,95.2,0.5025,47.5072,0.0,0.0,0.0
0500000US05019,"Clark County, Arkansas",05,019,0,400,270,839,7417,7425,950,2155,21125,1179,14227,4893,8,171,31,31,585,2690,1325,8127,1.9,67.5,4.2,42.8,3.8,78.0,11.7,10.3,21.6,5.6,67.3,23.2,0.0,0.8,0.1,0.1,2.8,12.73,10.7,86.1,0.4795,59.1093,0.0,0.0,1.0
0500000US05021,"Clay County, Arkansas",05,021,0,67,52,103,5051,4758,607,1389,14280,158,13346,10,56,4,0,1,705,110,1273,5447,0.5,77.6,0.8,43.5,6.3,77.5,10.1,9.8,17.2,1.1,93.5,0.1,0.4,0.0,0.0,0.0,4.9,0.77,12.4,90.6,0.4218,79.8873,0.0,0.0,0.0
0500000US05023,"Cleburne County, Arkansas",05,023,0,219,162,576,11417,7056,903,1789,25226,747,23078,73,103,50,10,133,1032,273,2114,8167,0.9,74.0,2.4,54.2,6.4,78.3,8.6,7.2,13.9,3.0,91.5,0.3,0.4,0.2,0.0,0.5,4.1,1.08,11.2,91.1,0.4565,83.1698,0.0,0.0,0.0
0500000US05025,"Cleveland County, Arkansas",05,025,0,13,13,69,3242,1869,383,298,7453,108,6220,935,0,24,0,0,166,77,392,2562,0.2,100.0,1.0,53.3,2.2,67.3,13.1,4.0,15.8,1.4,83.5,12.5,0.0,0.3,0.0,0.0,2.2,1.03,7.4,93.7,0.4834,83.1061,0.0,0.0,0.0
0500000US05027,"Columbia County, Arkansas",05,027,0,362,292,705,7966,7314,993,1653,22349,774,12997,7687,28,90,8,1,764,2055,1576,8494,1.6,80.7,3.4,44.4,3.2,75.6,11.8,7.5,21.1,3.5,58.2,34.4,0.1,0.4,0.0,0.0,3.4,9.2,11.3,88.8,0.4756,67.5945,0.0,0.0,0.0
0500000US05029,"Conway County, Arkansas",05,029,0,396,342,768,7681,6289,1122,1216,21054,1000,16724,2412,90,54,0,59,715,184,1455,7521,1.9,86.4,3.9,45.7,6.4,73.5,13.6,5.8,19.7,4.7,79.4,11.5,0.4,0.3,0.0,0.3,3.4,0.87,9.9,90.5,0.4398,68.9966,0.0,0.0,0.0
0500000US05031,"Craighead County, Arkansas",05,031,0,4240,2785,7036,32220,41228,5240,9174,113249,7146,80158,18846,193,1404,31,393,5078,3338,7109,46768,3.7,65.7,6.7,36.7,5.6,78.6,11.8,8.2,20.1,6.3,70.8,16.6,0.2,1.2,0.0,0.3,4.5,2.95,9.8,91.1,0.4908,67.5367,0.0,0.0,1.0
0500000US05033,"Crawford County, Arkansas",05,033,0,2671,1198,4188,21355,21093,2391,5656,61139,5251,48484,789,484,692,4,462,4973,721,5577,23011,4.4,44.9,7.3,44.5,4.1,82.8,10.2,9.4,14.7,8.6,79.3,1.3,0.8,1.1,0.0,0.8,8.1,1.18,13.4,91.6,0.4296,78.1027,0.0,1.0,0.0
0500000US05035,"Crittenden County, Arkansas",05,035,0,1011,680,1244,13492,15906,2924,4455,47266,1555,18328,24040,45,358,0,17,2923,764,4423,17936,2.1,67.3,2.8,37.6,10.2,79.3,16.1,9.6,21.0,3.3,38.8,50.9,0.1,0.8,0.0,0.0,6.2,1.62,14.6,91.6,0.4548,47.8714,0.0,0.0,0.0
0500000US05037,"Cross County, Arkansas",05,037,0,748,666,786,5353,5033,668,1419,16543,378,11844,2617,43,479,0,12,1170,150,1720,6206,4.5,89.0,5.1,40.8,10.7,72.5,10.3,8.7,19.7,2.3,71.6,15.8,0.3,2.9,0.0,0.1,7.1,0.91,15.0,94.4,0.4804,72.7426,0.0,0.0,0.0
0500000US05039,"Dallas County, Arkansas",05,039,0,21,10,58,2476,2066,382,232,6242,71,3250,2657,0,8,0,0,256,251,638,2264,0.3,47.6,1.0,47.5,8.2,82.2,14.9,3.9,13.9,1.1,52.1,42.6,0.0,0.1,0.0,0.0,4.1,4.02,14.1,91.9,0.4576,63.7694,1.0,1.0,0.0
0500000US05041,"Desha County, Arkansas",05,041,0,381,320,676,4503,2667,1073,829,10786,781,4581,5288,19,0,11,9,97,136,1624,3459,3.5,84.0,6.7,52.8,8.0,72.1,23.3,7.7,28.3,7.2,42.5,49.0,0.2,0.0,0.1,0.1,0.9,1.26,22.1,94.4,0.4858,51.4979,0.0,0.0,0.0
0500000US05043,"Drew County, Arkansas",05,043,0,574,340,1105,6758,4574,1179,1397,17046,756,11027,4589,0,129,0,8,537,707,1236,6049,3.4,59.2,6.9,48.6,5.9,68.0,16.4,8.3,22.4,4.4,64.7,26.9,0.0,0.8,0.0,0.0,3.2,4.15,11.2,91.5,0.5301,66.033,0.0,0.0,0.0
0500000US05045,"Faulkner County, Arkansas",05,045,0,4634,2849,5905,38490,48751,3499,8968,127717,7303,98274,14911,246,1234,50,431,5268,5267,5299,53923,3.6,61.5,4.9,37.7,3.4,79.8,7.1,7.1,14.5,5.7,76.9,11.7,0.2,1.0,0.0,0.3,4.1,4.12,6.6,89.0,0.4516,64.9169,0.0,1.0,0.0
0500000US05047,"Franklin County, Arkansas",05,047,0,261,141,548,6497,5499,786,1606,17326,577,14914,40,168,105,0,50,1472,335,1548,6638,1.5,54.0,3.3,46.4,4.9,77.0,11.2,9.4,18.0,3.3,86.1,0.2,1.0,0.6,0.0,0.3,8.5,1.93,12.7,93.7,0.4711,80.0746,1.0,1.0,0.0
0500000US05049,"Fulton County, Arkansas",05,049,0,72,68,153,5727,3115,609,805,12302,238,11353,42,9,29,0,39,592,158,1056,3509,0.6,94.4,1.3,56.7,4.6,74.6,12.8,6.6,18.0,1.9,92.3,0.3,0.1,0.2,0.0,0.3,4.8,1.28,11.7,85.9,0.4286,80.111,0.0,1.0,0.0
0500000US05051,"Garland County, Arkansas",05,051,0,3998,2170,6648,37667,34172,3945,9421,100035,7484,79276,7560,332,661,96,135,4491,1679,6860,37317,4.0,54.3,7.0,45.5,5.7,80.2,9.0,9.5,15.8,7.5,79.2,7.6,0.3,0.7,0.1,0.1,4.5,1.68,9.4,89.7,0.4603,66.9998,0.0,0.0,1.0
0500000US05053,"Grant County, Arkansas",05,053,0,166,121,119,6326,5865,501,1190,18242,522,16622,490,26,89,0,61,432,142,1189,7182,0.9,72.9,0.7,42.6,4.5,72.5,7.2,6.6,13.1,2.9,91.1,2.7,0.1,0.5,0.0,0.3,2.4,0.78,9.3,88.9,0.4502,83.6222,0.0,0.0,0.0
0500000US05055,"Greene County, Arkansas",05,055,0,639,374,1014,14982,16559,2625,4105,46432,1741,41027,1041,19,191,238,381,1794,724,4161,18333,1.4,58.5,2.3,40.9,5.9,81.4,14.6,8.9,17.4,3.7,88.4,2.2,0.0,0.4,0.5,0.8,3.9,1.56,13.2,92.2,0.4314,79.7535,0.0,1.0,0.0
0500000US05057,"Hempstead County, Arkansas",05,057,0,1521,1156,2033,7276,5334,767,1601,19508,2986,10042,5588,34,128,0,34,696,322,2315,6811,7.8,76.0,11.1,48.4,5.6,72.8,10.3,8.3,20.2,15.3,51.5,28.6,0.2,0.7,0.0,0.2,3.6,1.65,17.6,94.1,0.5303,68.8619,1.0,1.0,0.0
0500000US05059,"Hot Spring County, Arkansas",05,059,0,442,129,1077,13623,10540,1326,2218,33180,1362,26738,3692,133,12,0,44,1199,2308,2462,12176,1.3,29.2,3.4,49.6,3.7,79.3,10.8,7.2,15.1,4.1,80.6,11.1,0.4,0.0,0.0,0.1,3.6,6.96,10.2,92.4,0.4297,75.1119,0.0,0.0,1.0
0500000US05061,"Howard County, Arkansas",05,061,0,727,485,1497,4206,3904,501,1225,12583,1582,7909,2614,12,73,0,0,393,182,1021,4710,5.8,66.7,12.7,43.5,5.4,75.7,9.8,9.9,22.5,12.6,62.9,20.8,0.1,0.6,0.0,0.0,3.1,1.45,12.3,92.1,0.4583,72.5687,0.0,0.0,0.0
0500000US05063,"Independence County, Arkansas",05,063,0,1516,1082,2130,12541,13251,2001,3754,38175,3382,31345,700,60,308,111,247,2022,953,2968,14990,4.0,71.4,5.9,42.0,3.9,79.8,13.7,10.0,20.4,8.9,82.1,1.8,0.2,0.8,0.3,0.6,5.3,2.5,11.8,91.0,0.4854,78.6739,0.0,0.0,1.0
0500000US05065,"Izard County, Arkansas",05,065,0,185,56,443,7000,3342,756,1087,14009,414,12243,219,86,69,10,32,936,1218,1503,4073,1.3,30.3,3.3,58.9,7.2,73.8,14.4,8.4,22.3,3.0,87.4,1.6,0.6,0.5,0.1,0.2,6.7,8.69,14.2,91.5,0.4417,81.9241,0.0,0.0,1.0
0500000US05067,"Jackson County, Arkansas",05,067,0,198,132,242,7446,4388,1174,1389,16712,544,12558,2541,76,59,0,0,934,2414,1792,5177,1.2,66.7,1.5,53.8,9.8,76.1,19.3,9.7,21.7,3.3,75.1,15.2,0.5,0.4,0.0,0.0,5.6,14.44,15.1,92.6,0.4974,73.4869,1.0,0.0,0.0
0500000US05069,"Jefferson County, Arkansas",05,069,0,1268,734,1882,25536,17821,3534,3089,64802,1735,23783,36455,55,500,145,215,1914,5627,5130,22377,2.0,57.9,3.1,48.6,8.1,71.9,14.7,5.1,18.6,2.7,36.7,56.3,0.1,0.8,0.2,0.3,3.0,8.68,11.6,92.6,0.4684,39.1892,0.0,0.0,0.0
0500000US05071,"Johnson County, Arkansas",05,071,0,2137,1384,3122,9854,7902,1240,2108,26003,3606,19944,360,63,852,52,64,1062,817,2706,9360,8.2,64.8,12.8,48.1,4.6,78.1,12.0,8.2,19.8,13.9,76.7,1.4,0.2,3.3,0.2,0.2,4.1,3.14,15.7,92.5,0.4527,74.6882,0.0,1.0,0.0
0500000US05073,"Lafayette County, Arkansas",05,073,0,42,6,88,2897,1703,390,536,6136,36,3538,2262,14,62,0,25,199,86,832,2007,0.7,14.3,1.5,55.7,5.3,78.1,14.9,8.8,22.3,0.6,57.7,36.9,0.2,1.0,0.0,0.4,3.2,1.4,18.5,92.0,0.4763,68.3441,1.0,1.0,0.0
0500000US05075,"Lawrence County, Arkansas",05,075,0,155,127,319,6165,5019,1061,1837,16238,362,14897,151,8,14,19,18,769,611,1843,6114,1.0,81.9,2.1,46.8,5.8,75.9,16.0,11.5,20.1,2.2,91.7,0.9,0.0,0.1,0.1,0.1,4.7,3.76,16.8,94.6,0.4719,80.9557,0.0,0.0,0.0
0500000US05077,"Lee County, Arkansas",05,077,0,90,38,96,4370,1339,748,439,8359,263,3312,4558,0,0,0,0,226,1561,1192,1657,1.1,42.2,1.2,63.1,19.1,64.7,27.8,6.4,39.4,3.1,39.6,54.5,0.0,0.0,0.0,0.0,2.7,18.67,20.2,81.2,0.6137,46.8651,0.0,0.0,0.0
0500000US05079,"Lincoln County, Arkansas",05,079,0,364,344,613,7130,2923,458,708,12950,662,7994,3585,14,32,0,0,663,4249,1747,3572,2.8,94.5,4.9,63.8,2.7,74.2,12.8,8.1,15.4,5.1,61.7,27.7,0.1,0.2,0.0,0.0,5.1,32.81,17.8,92.2,0.4295,74.1993,0.0,0.0,0.0
0500000US05081,"Little River County, Arkansas",05,081,0,69,48,120,4180,3759,537,463,11821,474,8469,2249,75,46,0,8,500,159,724,4633,0.6,69.6,1.1,44.1,7.3,76.5,11.1,4.0,15.5,4.0,71.6,19.0,0.6,0.4,0.0,0.1,4.2,1.35,8.7,95.8,0.4404,76.4238,0.0,1.0,1.0
0500000US05083,"Logan County, Arkansas",05,083,0,310,113,753,7410,6666,840,1500,21277,744,18769,312,23,302,0,18,1109,491,1763,8011,1.5,36.5,3.7,42.7,5.6,71.2,9.9,7.1,13.9,3.5,88.2,1.5,0.1,1.4,0.0,0.1,5.2,2.31,11.6,87.2,0.4618,80.0366,0.0,0.0,0.0
0500000US05085,"Lonoke County, Arkansas",05,085,0,2003,916,3080,21867,26826,2037,4543,75272,4064,62506,4168,66,722,0,130,3616,669,4722,32157,2.7,45.7,4.4,36.9,4.4,78.4,7.1,6.2,10.4,5.4,83.0,5.5,0.1,1.0,0.0,0.2,4.8,0.89,9.3,90.3,0.4171,75.8491,0.0,1.0,0.0
0500000US05087,"Madison County, Arkansas",05,087,0,561,429,748,5723,5686,747,2177,17329,1125,11834,22,60,88,157,26,4017,109,1680,6529,3.2,76.5,4.6,41.7,5.3,74.9,11.6,12.6,14.1,6.5,68.3,0.1,0.3,0.5,0.9,0.2,23.2,0.63,13.7,87.7,0.4405,78.4562,0.0,1.0,0.0
0500000US05089,"Marion County, Arkansas",05,089,0,412,227,390,8020,4704,851,1150,17228,470,15739,15,197,144,14,22,627,139,1894,5360,2.4,55.1,2.4,55.2,4.9,76.2,11.1,6.7,18.0,2.7,91.4,0.1,1.1,0.8,0.1,0.1,3.6,0.81,14.4,88.7,0.439,79.3529,1.0,0.0,1.0
0500000US05091,"Miller County, Arkansas",05,091,0,668,242,1080,16061,12536,2563,4750,42360,1754,27869,10673,258,326,0,80,1400,1287,4005,15136,1.6,36.2,2.7,47.5,7.1,76.2,15.7,11.5,24.6,4.1,65.8,25.2,0.6,0.8,0.0,0.2,3.3,3.04,13.9,93.3,0.4931,74.9351,1.0,0.0,0.0
0500000US05093,"Mississippi County, Arkansas",05,093,0,979,604,1533,12269,12729,2953,3231,39126,1911,21834,13445,6,203,3,101,1623,787,3607,15137,2.5,61.7,4.2,40.7,6.9,76.7,19.1,8.4,21.1,4.9,55.8,34.4,0.0,0.5,0.0,0.3,4.1,2.01,14.1,92.9,0.5122,64.9715,0.0,0.0,1.0
0500000US05095,"Monroe County, Arkansas",05,095,0,85,60,134,2503,1775,450,485,6589,193,3476,2649,0,48,0,7,216,83,843,2180,1.3,70.6,2.2,48.9,9.8,75.3,16.1,7.5,20.6,2.9,52.8,40.2,0.0,0.7,0.0,0.1,3.3,1.26,18.3,93.6,0.4804,56.9256,0.0,0.0,0.0
0500000US05097,"Montgomery County, Arkansas",05,097,0,195,166,293,3911,2190,373,864,8553,424,7634,72,96,81,0,5,241,104,712,2839,2.3,85.1,3.6,54.7,5.8,71.9,10.0,10.2,22.4,5.0,89.3,0.8,1.1,0.9,0.0,0.1,2.8,1.22,11.1,93.4,0.4631,80.5773,0.0,0.0,0.0
0500000US05099,"Nevada County, Arkansas",05,099,0,38,28,151,3136,2555,327,534,8159,392,5108,2542,0,0,7,9,101,185,573,3218,0.5,73.7,2.0,47.5,4.6,77.3,10.1,6.7,20.3,4.8,62.6,31.2,0.0,0.0,0.1,0.1,1.2,2.27,10.3,97.5,0.3972,68.8682,0.0,0.0,0.0
0500000US05101,"Newton County, Arkansas",05,101,0,43,12,30,2893,2053,353,461,7112,118,6576,11,46,3,0,8,350,66,861,2278,0.6,27.9,0.4,48.0,4.1,68.3,11.1,6.5,15.9,1.7,92.5,0.2,0.6,0.0,0.0,0.1,4.9,0.93,16.6,80.6,0.4246,81.2467,0.0,0.0,0.0
0500000US05103,"Ouachita County, Arkansas",05,103,0,191,126,404,8937,5867,1279,1496,22085,575,11907,9006,49,71,0,0,477,361,1765,7722,0.9,66.0,1.9,50.2,5.2,69.7,14.8,6.9,18.9,2.6,53.9,40.8,0.2,0.3,0.0,0.0,2.2,1.63,11.3,93.1,0.462,58.6135,0.0,0.0,1.0
0500000US05105,"Perry County, Arkansas",05,105,0,124,91,160,3989,2952,355,925,10101,353,9028,312,40,12,0,0,356,144,865,3674,1.2,73.4,1.7,48.5,4.1,72.6,8.7,9.2,14.2,3.5,89.4,3.1,0.4,0.1,0.0,0.0,3.5,1.43,12.0,91.4,0.4275,77.6396,0.0,0.0,1.0
0500000US05107,"Phillips County, Arkansas",05,107,0,236,209,269,5929,3722,1934,1159,15450,320,5082,9306,4,167,0,23,548,215,1954,4248,1.5,88.6,1.9,50.4,14.5,75.4,32.1,7.6,29.3,2.1,32.9,60.2,0.0,1.1,0.0,0.1,3.5,1.39,19.2,87.9,0.4915,42.4868,0.0,0.0,0.0
0500000US05109,"Pike County, Arkansas",05,109,0,422,336,563,4061,2802,505,1192,10115,807,8433,331,15,49,0,5,475,248,887,3633,4.2,79.6,5.9,49.6,3.9,70.6,12.4,11.9,20.7,8.0,83.4,3.3,0.1,0.5,0.0,0.0,4.7,2.45,12.6,93.2,0.5057,85.9569,0.0,0.0,0.0
0500000US05111,"Poinsett County, Arkansas",05,111,0,256,183,495,7980,6911,1686,1932,22543,859,18983,1206,109,41,8,8,1329,307,2887,8100,1.1,71.5,2.3,45.3,6.4,76.5,19.2,8.7,20.1,3.8,84.2,5.3,0.5,0.2,0.0,0.0,5.9,1.36,18.8,92.4,0.4711,80.9578,1.0,1.0,1.0
0500000US05113,"Polk County, Arkansas",05,113,0,508,295,987,7172,5652,991,1734,19361,1352,16704,24,141,17,34,47,1042,150,1858,7034,2.6,58.1,5.4,45.8,7.3,71.9,12.5,9.0,15.9,7.0,86.3,0.1,0.7,0.1,0.2,0.2,5.4,0.77,13.7,91.4,0.4463,84.3026,0.0,0.0,1.0
0500000US05115,"Pope County, Arkansas",05,115,0,3090,1743,5690,22068,21269,2411,4630,64131,7074,51674,1389,139,495,41,175,3144,3046,5376,24929,4.8,56.4,9.4,43.0,5.1,77.0,9.9,7.3,16.9,11.0,80.6,2.2,0.2,0.8,0.1,0.3,4.9,4.75,12.8,91.2,0.4691,74.8956,0.0,1.0,0.0
0500000US05117,"Prairie County, Arkansas",05,117,0,49,11,180,3117,2543,439,475,8064,192,6728,796,0,0,0,19,329,149,731,3213,0.6,22.4,2.3,46.4,3.0,73.2,13.5,6.0,11.8,2.4,83.4,9.9,0.0,0.0,0.0,0.2,4.1,1.85,12.6,94.3,0.4509,82.125,1.0,0.0,1.0
0500000US05119,"Pulaski County, Arkansas",05,119,0,24285,16705,36799,119320,138497,17233,38248,399818,33418,192526,146572,735,8752,164,1200,16451,8094,21112,157277,6.1,68.8,9.8,37.6,4.7,74.4,10.0,9.7,16.7,8.4,48.2,36.7,0.2,2.2,0.0,0.3,4.1,2.02,7.8,84.9,0.5063,37.666,0.0,1.0,0.0
0500000US05121,"Randolph County, Arkansas",05,121,0,543,332,702,6863,5879,1150,1329,18838,488,16742,207,48,78,526,29,720,383,1973,6890,2.9,61.1,4.0,46.7,5.3,79.2,15.7,7.2,22.4,2.6,88.9,1.1,0.3,0.4,2.8,0.2,3.8,2.03,15.3,93.8,0.448,80.877,0.0,0.0,0.0
0500000US05123,"St. Francis County, Arkansas",05,123,0,492,417,600,9748,5687,1888,1601,22400,821,8797,12184,52,30,0,35,481,2963,2241,6943,2.2,84.8,2.8,53.7,9.2,74.4,24.3,8.2,28.5,3.7,39.3,54.4,0.2,0.1,0.0,0.2,2.1,13.23,14.1,93.6,0.4894,48.6536,0.0,0.0,0.0
0500000US05125,"Saline County, Arkansas",05,125,0,5319,3178,7790,38173,45489,1974,7580,127479,9282,99784,11836,231,1271,0,649,4426,1300,5918,52774,4.2,59.7,6.5,37.6,3.9,75.0,3.9,6.0,8.8,7.3,78.3,9.3,0.2,1.0,0.0,0.5,3.5,1.02,6.7,87.8,0.4067,68.9753,0.0,1.0,0.0
0500000US05127,"Scott County, Arkansas",05,127,0,451,205,801,3824,3035,501,1100,9816,777,8159,110,49,297,5,0,419,88,1074,3409,4.6,45.5,8.6,48.7,6.2,80.2,12.6,11.3,18.7,7.9,83.1,1.1,0.5,3.0,0.1,0.0,4.3,0.9,15.7,92.0,0.4194,86.0816,0.0,0.0,0.0
0500000US05129,"Searcy County, Arkansas",05,129,0,107,41,152,3345,1940,402,639,7859,175,6949,2,126,37,0,0,570,78,985,2671,1.4,38.3,2.0,51.8,3.7,64.8,12.6,8.2,23.0,2.2,88.4,0.0,1.6,0.5,0.0,0.0,7.3,0.99,17.1,92.2,0.4789,85.4226,0.0,0.0,0.0
0500000US05131,"Sebastian County, Arkansas",05,131,0,11588,6304,19124,40234,47630,6031,13380,128900,20635,85341,6632,876,5504,63,344,9505,1900,12488,51717,9.0,54.4,15.8,39.4,5.5,82.1,11.6,10.5,16.0,16.0,66.2,5.1,0.7,4.3,0.0,0.3,7.4,1.47,14.4,89.7,0.5061,67.5856,0.0,1.0,0.0
0500000US05133,"Sevier County, Arkansas",05,133,0,2252,1579,4580,4938,5042,1211,2321,15712,5574,8278,759,263,5,228,74,531,107,2564,6040,14.3,70.1,31.3,42.0,4.9,77.6,21.5,14.9,17.3,35.5,52.7,4.8,1.7,0.0,1.5,0.5,3.4,0.68,26.5,95.8,0.44,80.017,0.0,0.0,0.0
0500000US05135,"Sharp County, Arkansas",05,135,0,225,126,325,8006,4550,1189,1445,17773,437,16155,88,29,119,4,4,937,202,1777,5367,1.3,56.0,1.9,54.9,8.1,75.5,17.3,8.2,16.5,2.5,90.9,0.5,0.2,0.7,0.0,0.0,5.3,1.14,13.8,90.3,0.5062,80.3819,0.0,1.0,1.0
0500000US05137,"Stone County, Arkansas",05,137,0,156,29,324,6156,2721,939,1003,12568,281,11290,11,107,8,0,0,871,138,1216,3336,1.2,18.6,2.7,59.2,3.2,66.2,17.8,8.0,19.3,2.2,89.8,0.1,0.9,0.1,0.0,0.0,6.9,1.1,13.1,83.9,0.4545,79.7347,0.0,0.0,0.0
0500000US05139,"Union County, Arkansas",05,139,0,1137,633,1516,13217,13043,1414,2081,37900,1793,22506,12162,71,325,0,25,1018,585,2977,14499,3.0,55.7,4.2,43.8,5.5,81.3,9.4,5.6,19.5,4.7,59.4,32.1,0.2,0.9,0.0,0.1,2.7,1.54,11.5,91.6,0.4796,66.0021,0.0,0.0,0.0
0500000US05141,"Van Buren County, Arkansas",05,141,0,304,193,509,7421,4713,795,1300,15998,551,14659,68,105,63,0,6,546,183,1519,4863,1.9,63.5,3.3,55.5,3.8,82.4,10.7,8.2,19.1,3.4,91.6,0.4,0.7,0.4,0.0,0.0,3.4,1.14,12.7,86.3,0.4268,79.0316,0.0,0.0,0.0
0500000US05143,"Washington County, Arkansas",05,143,0,31806,22827,42090,71224,102145,5413,31690,256765,47853,153823,7702,1468,6069,7264,1161,31425,8730,19308,107890,12.4,71.8,17.5,35.0,3.4,79.9,5.6,12.4,14.6,18.6,59.9,3.0,0.6,2.4,2.8,0.5,12.2,3.4,12.2,85.2,0.4756,51.7127,0.0,1.0,0.0
0500000US05145,"White County, Arkansas",05,145,0,1614,1171,2669,27014,25940,3417,7574,77838,3853,66171,3244,68,539,14,207,3742,3076,6637,29966,2.1,72.6,3.6,43.4,5.8,78.5,11.5,9.8,17.5,5.0,85.0,4.2,0.1,0.7,0.0,0.3,4.8,3.95,12.9,92.1,0.452,79.4954,0.0,0.0,1.0
0500000US05147,"Woodruff County, Arkansas",05,147,0,24,19,89,2229,1899,535,545,6026,86,4169,1496,1,5,24,16,229,108,724,2283,0.4,79.2,1.6,45.8,5.0,75.9,19.9,9.2,24.1,1.4,69.2,24.8,0.0,0.1,0.4,0.3,3.8,1.79,17.0,92.2,0.5044,65.2718,0.0,0.0,0.0
0500000US05149,"Yell County, Arkansas",05,149,0,1764,1066,3690,6638,6943,853,2031,20134,4277,14724,308,66,281,9,18,451,335,2363,7972,8.8,60.4,19.6,41.6,3.4,77.1,10.2,10.2,15.6,21.2,73.1,1.5,0.3,1.4,0.0,0.1,2.2,1.66,17.2,88.9,0.4179,79.4658,0.0,0.0,0.0
0500000US06001,"Alameda County, California",06,001,0,572911,259454,737609,450565,687047,59416,65034,1649473,386114,452099,154136,3417,539370,11533,10704,92100,36266,133545,509744,34.7,45.3,47.2,33.1,5.4,79.9,9.9,4.0,9.2,23.4,27.4,9.3,0.2,32.7,0.7,0.6,5.6,2.2,11.2,60.9,0.4765,21.0162,0.0,0.0,0.0
0500000US06003,"Alpine County, California",06,003,0,87,18,246,526,573,42,59,1616,216,923,0,405,36,0,13,23,46,41,609,5.4,20.7,15.9,38.6,4.4,71.6,9.7,3.7,10.0,13.4,57.1,0.0,25.1,2.2,0.0,0.8,1.4,2.85,3.7,76.2,0.4997,32.9268,0.0,0.0,0.0
0500000US06005,"Amador County, California",06,005,0,2415,910,4201,18503,11425,1575,1870,41428,6634,30083,790,410,558,35,500,2418,3596,3068,13086,5.8,37.7,10.5,51.7,5.4,70.0,9.8,4.9,8.2,16.0,72.6,1.9,1.0,1.3,0.1,1.2,5.8,8.68,9.3,82.3,0.4459,62.572,0.0,0.0,0.0
0500000US06007,"Butte County, California",06,007,0,17789,8679,32633,69610,67943,13346,13177,207929,41660,135400,3628,1627,11464,540,1315,12295,6344,12730,73514,8.6,48.8,16.6,40.8,7.5,72.9,16.0,6.4,19.2,20.0,65.1,1.7,0.8,5.5,0.3,0.6,5.9,3.05,9.4,81.3,0.4833,49.8953,0.0,0.0,0.0
0500000US06009,"Calaveras County, California",06,009,0,2841,1425,3904,20115,13146,1760,2312,46248,6702,35337,457,493,1031,49,32,2147,526,2719,14474,6.1,50.2,8.8,50.8,4.5,70.9,9.5,5.0,13.0,14.5,76.4,1.0,1.1,2.2,0.1,0.1,4.6,1.14,7.6,79.2,0.4577,62.7832,0.0,0.0,0.0
0500000US06011,"Colusa County, California",06,011,0,6053,3617,10954,6189,6721,1229,1749,21984,13832,6550,335,114,201,25,380,547,275,3638,8451,27.5,59.8,53.1,37.0,9.8,70.6,16.4,8.0,11.4,62.9,29.8,1.5,0.5,0.9,0.1,1.7,2.5,1.25,25.8,92.2,0.4667,62.8685,0.0,0.0,0.0
0500000US06013,"Contra Costa County, California",06,013,0,309611,128253,413943,332527,442512,35128,53742,1165012,321749,443990,92564,1832,217115,5283,8868,73611,12325,84906,384707,26.6,41.4,37.5,35.3,6.5,77.8,8.5,4.6,8.4,27.6,38.1,7.9,0.2,18.6,0.5,0.8,6.3,1.06,10.4,69.7,0.4715,29.3641,0.0,0.0,0.0
0500000US06015,"Del Norte County, California",06,015,0,1851,885,3267,11300,6293,2171,1367,27107,5396,16229,682,1400,873,129,336,2062,2370,2799,8489,6.8,47.8,12.7,50.8,6.4,61.9,22.8,5.5,12.9,19.9,59.9,2.5,5.2,3.2,0.5,1.2,7.6,8.74,14.1,87.1,0.4323,56.7872,0.0,0.0,0.0
0500000US06017,"El Dorado County, California",06,017,0,17749,7157,22350,67111,65372,4965,7468,192662,27892,140820,1481,619,9986,143,1076,10645,1971,6893,63191,9.2,40.3,12.1,41.9,4.5,73.8,6.5,3.9,8.0,14.5,73.1,0.8,0.3,5.2,0.1,0.6,5.5,1.02,4.8,72.9,0.4699,54.6152,0.0,0.0,0.0
0500000US06019,"Fresno County, California",06,019,0,203377,105868,412946,294048,320397,70903,66826,1016725,554390,266873,42390,3786,111287,1454,4309,32236,19422,132968,357420,20.0,52.1,43.7,38.3,8.7,74.2,21.8,6.7,18.3,54.5,26.2,4.2,0.4,10.9,0.1,0.4,3.2,1.91,20.9,85.2,0.4737,50.8979,0.0,0.0,0.0
0500000US06021,"Glenn County, California",06,021,0,5299,3416,10591,8431,9006,1440,2411,28494,12820,13525,62,199,856,0,53,979,257,4009,10600,18.6,64.5,39.8,38.6,8.0,73.1,14.7,8.5,16.0,45.0,47.5,0.2,0.7,3.0,0.0,0.2,3.4,0.9,21.8,88.5,0.434,66.1176,0.0,0.0,0.0
0500000US06023,"Humboldt County, California",06,023,0,8284,3583,14241,48502,36360,11540,6485,134541,19039,93515,1737,4112,4029,366,1026,10717,4123,7498,44459,6.2,43.3,11.1,43.1,9.0,62.8,21.0,4.9,18.7,14.2,69.5,1.3,3.1,3.0,0.3,0.8,8.0,3.06,8.1,78.9,0.48,33.5664,0.0,0.0,0.0
0500000US06025,"Imperial County, California",06,025,0,56995,26843,126053,63313,43557,14225,10427,180202,154886,16413,3523,1169,2260,176,141,1634,7153,31737,53472,31.6,47.1,75.3,47.0,12.5,69.9,28.7,6.0,19.5,86.0,9.1,2.0,0.6,1.3,0.1,0.1,0.9,3.97,28.5,87.8,0.466,49.1365,0.0,0.0,0.0
0500000US06027,"Inyo County, California",06,027,0,1483,882,3444,6523,4546,686,1279,18739,4529,10874,98,1734,279,19,139,1067,686,961,6576,7.9,59.5,19.3,42.7,2.5,53.5,8.5,7.0,10.9,24.2,58.0,0.5,9.3,1.5,0.1,0.7,5.7,3.66,7.0,78.8,0.4459,49.9162,0.0,0.0,0.0
0500000US06029,"Kern County, California",06,029,185,185151,109954,388601,282057,274183,57456,69993,915075,516662,270456,43987,3070,46223,1092,5713,27872,25600,129659,320218,20.2,59.4,45.7,41.2,8.6,75.0,20.2,7.8,19.1,56.5,29.6,4.8,0.3,5.1,0.1,0.6,3.0,2.8,23.0,89.8,0.4584,59.2697,0.0,0.0,0.0
0500000US06031,"Kings County, California",06,031,0,29420,19375,59737,51323,38998,8805,9955,153298,89248,42981,8907,1078,5521,316,392,4855,13636,23269,52351,19.2,65.9,41.9,43.8,10.8,72.8,20.0,7.3,16.0,58.2,28.0,5.8,0.7,3.6,0.2,0.3,3.2,8.9,24.2,90.6,0.42,60.4178,0.0,0.0,0.0
0500000US06033,"Lake County, California",06,033,0,6733,3819,12668,26504,16687,6553,4656,68152,16796,43638,1335,1113,962,224,237,3847,1009,6062,19556,9.9,56.7,19.7,48.4,11.1,66.4,24.3,6.9,17.0,24.6,64.0,2.0,1.6,1.4,0.3,0.3,5.6,1.48,12.4,80.8,0.4842,49.1835,0.0,0.0,0.0
0500000US06035,"Lassen County, California",06,035,0,2125,1564,5274,14926,4987,1239,1526,30356,6851,18609,1855,795,596,289,88,1273,6595,5133,8242,7.0,73.6,18.2,58.7,8.3,51.9,13.4,6.4,14.0,22.6,61.3,6.1,2.6,2.0,1.0,0.3,4.2,21.73,23.0,87.4,0.4123,75.7981,0.0,0.0,0.0
0500000US06037,"Los Angeles County, California",06,037,0,3279695,1482703,5125479,2827342,3762618,493104,800248,9808667,4752274,2425184,727132,16982,1463532,19950,60164,343449,198036,1323665,3472368,33.4,45.2,55.1,35.2,7.3,78.0,14.4,8.2,13.7,48.4,24.7,7.4,0.2,14.9,0.2,0.6,3.5,2.02,19.1,74.1,0.4978,31.9132,0.0,0.0,0.0
0500000US06039,"Madera County, California",06,039,0,32391,20839,68727,53405,45654,9864,11373,160940,98083,48195,3926,707,3789,203,642,5395,6326,27252,50165,20.1,64.3,45.7,43.6,10.1,73.6,21.7,7.4,19.2,60.9,29.9,2.4,0.4,2.4,0.1,0.4,3.4,3.93,26.9,83.4,0.4591,59.2121,0.0,0.0,0.0
0500000US06041,"Marin County, California",06,041,0,50611,24535,58966,80898,94790,5615,9600,257969,50216,167816,5379,166,15705,435,3117,15135,6559,13749,72354,19.6,48.5,23.9,37.7,6.1,75.5,5.5,3.8,8.3,19.5,65.1,2.1,0.1,6.1,0.2,1.2,5.9,2.54,7.2,58.9,0.5216,16.6911,0.0,0.0,0.0
0500000US06043,"Mariposa County, California",06,043,0,1409,843,1753,6412,4414,1003,881,17082,2508,12649,154,229,322,29,196,995,2109,1301,5602,8.2,59.8,10.6,44.1,6.0,57.9,13.4,5.2,14.0,14.7,74.0,0.9,1.3,1.9,0.2,1.1,5.8,12.35,9.7,75.3,0.4342,59.1545,0.0,0.0,0.0
0500000US06045,"Mendocino County, California",06,045,0,10983,6310,18935,32009,26102,6072,6891,90244,24941,55170,546,2274,1895,57,647,4714,2211,8251,29574,12.2,57.5,22.1,43.5,9.0,69.1,17.4,7.7,15.4,27.6,61.1,0.6,2.5,2.1,0.1,0.7,5.2,2.45,12.7,80.9,0.4809,34.4961,0.0,0.0,0.0
0500000US06047,"Merced County, California",06,047,0,74255,43052,142087,88825,88944,18102,23382,290201,183933,67325,7455,573,20536,709,1299,8371,4447,48262,96136,25.6,58.0,52.7,40.8,10.6,77.4,21.0,8.1,19.1,63.4,23.2,2.6,0.2,7.1,0.2,0.4,2.9,1.53,27.7,86.5,0.4651,50.8786,0.0,0.0,0.0
0500000US06049,"Modoc County, California",06,049,0,757,389,1147,3750,1592,456,842,8600,1348,6430,49,156,177,0,37,403,547,856,2449,8.8,51.4,14.0,52.6,7.6,51.2,14.0,10.0,17.9,15.7,74.8,0.6,1.8,2.1,0.0,0.4,4.7,6.36,13.3,78.5,0.4466,71.8127,0.0,0.0,0.0
0500000US06051,"Mono County, California",06,051,0,1855,1233,2775,3114,5299,266,1146,13148,3568,8538,9,162,243,0,112,516,536,1148,5216,14.1,66.5,22.1,28.3,3.1,70.1,4.6,8.8,8.6,27.1,64.9,0.1,1.2,1.8,0.0,0.9,3.9,4.08,11.2,68.4,0.4253,37.8298,0.0,0.0,0.0
0500000US06053,"Monterey County, California",06,053,0,129418,89642,230425,134737,141906,12764,40441,437613,269490,117547,8954,594,24126,1679,1912,13311,19110,75231,150797,29.6,69.3,56.3,39.9,5.2,76.0,9.6,9.6,12.7,61.6,26.9,2.0,0.1,5.5,0.4,0.4,3.0,4.37,26.7,80.2,0.4642,33.5514,0.0,0.0,0.0
0500000US06055,"Napa County, California",06,055,0,29926,13255,44017,41303,52385,3425,7646,134869,49046,65479,2292,214,10875,390,659,5914,4066,14559,52339,22.2,44.3,34.2,36.7,5.2,77.8,6.9,5.7,8.5,36.4,48.6,1.7,0.2,8.1,0.3,0.5,4.4,3.01,14.9,79.6,0.4931,31.0562,0.0,0.0,0.0
0500000US06057,"Nevada County, California",06,057,0,6536,3562,8959,40427,31074,3454,5370,102481,11001,82674,312,337,1641,22,684,5810,1502,4133,29950,6.4,54.5,9.1,46.4,5.4,70.5,8.1,5.3,11.0,10.7,80.7,0.3,0.3,1.6,0.0,0.7,5.7,1.47,5.2,69.2,0.4846,42.1313,0.0,0.0,0.0
0500000US06059,"Orange County, California",06,059,0,961832,397489,1392205,889625,1290611,91924,202047,3165820,1082931,1168199,47885,3748,701672,8452,16389,136544,53044,287073,1196833,30.4,41.3,46.4,34.4,5.4,80.6,8.5,6.4,9.5,34.2,36.9,1.5,0.1,22.2,0.3,0.5,4.3,1.68,12.9,76.4,0.4657,47.0763,0.0,0.0,0.0
0500000US06061,"Placer County, California",06,061,0,53126,18727,65982,131666,146351,9051,13224,419156,65841,274564,6553,674,38026,646,2730,30122,5357,14686,142258,12.7,35.3,16.6,38.8,4.8,74.5,5.7,3.2,6.8,15.7,65.5,1.6,0.2,9.1,0.2,0.7,7.2,1.28,4.9,73.8,0.4467,52.7838,0.0,0.0,0.0
0500000US06063,"Plumas County, California",06,063,0,937,263,1524,8780,4189,1085,1127,19423,1998,15700,187,291,153,1,70,1023,366,963,5876,4.8,28.1,8.2,53.3,9.2,60.0,13.5,5.8,10.6,10.3,80.8,1.0,1.5,0.8,0.0,0.4,5.3,1.88,6.3,86.7,0.4863,56.869,0.0,0.0,0.0
0500000US06065,"Riverside County, California",06,065,0,543865,238960,990328,758880,860167,97172,189888,2478600,1270563,767384,149713,6587,170935,6941,17125,89352,36653,272299,917110,21.9,43.9,42.4,38.8,6.5,77.2,12.5,7.7,10.6,51.3,31.0,6.0,0.3,6.9,0.3,0.7,3.6,1.48,16.5,84.3,0.4381,49.3061,0.0,0.0,0.0
0500000US06067,"Sacramento County, California",06,067,0,354878,144971,506015,462173,527704,81145,77190,1594006,385590,646578,143271,3912,279817,16929,10782,107127,25392,128480,551978,22.3,40.9,33.7,36.4,6.7,70.2,14.2,4.9,12.5,24.2,40.6,9.0,0.2,17.6,1.1,0.7,6.7,1.59,11.7,75.4,0.4443,38.3993,0.0,0.0,0.0
0500000US06069,"San Benito County, California",06,069,0,13488,7424,27758,17300,25832,2169,3999,67290,41960,19629,542,162,2365,178,40,2414,432,7344,26988,20.0,55.0,44.1,33.0,5.4,77.9,10.5,6.0,6.7,62.4,29.2,0.8,0.2,3.5,0.3,0.1,3.6,0.64,16.6,84.8,0.4143,42.3234,0.0,0.0,0.0
0500000US06071,"San Bernardino County, California",06,071,0,474713,222757,910621,643596,753094,106798,173351,2197104,1213014,541724,163815,5539,177529,6281,12686,76516,39442,248907,819351,21.6,46.9,44.3,37.8,7.1,77.5,15.8,8.0,13.3,55.2,24.7,7.5,0.3,8.1,0.3,0.6,3.5,1.8,17.5,85.3,0.4384,49.6795,0.0,0.0,0.0
0500000US06073,"San Diego County, California",06,073,0,749735,305359,1156877,904867,1241162,116541,203475,3288774,1139063,1394708,143223,7736,397310,11752,20282,174700,107213,248294,1209600,22.8,40.7,37.3,33.8,6.1,78.2,9.9,6.4,10.3,34.6,42.4,4.4,0.2,12.1,0.4,0.6,5.3,3.26,10.9,74.0,0.458,40.1459,0.0,0.0,0.0
0500000US06075,"San Francisco County, California",06,075,0,282674,105751,347240,221305,381633,41556,27184,830235,134659,305647,38925,1520,290030,2714,6501,50239,26272,72937,161186,34.0,37.4,43.6,30.4,6.1,80.1,11.4,3.3,11.2,16.2,36.8,4.7,0.2,34.9,0.3,0.8,6.1,3.16,11.0,34.5,0.5219,15.5334,0.0,0.0,0.0
0500000US06077,"San Joaquin County, California",06,077,0,200943,97116,320737,233389,277700,38226,49452,797334,339161,213729,52516,2105,145037,4315,3670,36801,14277,98300,290164,25.2,48.3,43.0,38.0,7.6,79.1,15.6,6.3,12.4,42.5,26.8,6.6,0.3,18.2,0.5,0.5,4.6,1.79,19.1,86.0,0.4375,48.9231,0.0,0.0,0.0
0500000US06079,"San Luis Obispo County, California",06,079,0,27780,13404,47143,99704,93949,8972,15808,281555,70318,181605,3058,412,9614,358,1947,14243,15107,14855,99018,9.9,48.3,17.5,41.8,5.5,72.0,8.2,5.7,12.9,25.0,64.5,1.1,0.1,3.4,0.1,0.7,5.1,5.37,7.8,78.2,0.4749,43.0681,0.0,0.0,0.0
0500000US06081,"San Mateo County, California",06,081,0,265258,110552,322325,201476,319967,13399,28082,742340,184940,257595,14709,861,230413,8031,7012,38779,11544,52942,251447,35.7,41.7,45.8,32.7,4.8,81.3,5.1,3.8,6.7,24.9,34.7,2.0,0.1,31.0,1.1,0.9,5.2,1.56,9.8,65.4,0.4968,23.1811,0.0,0.0,0.0
0500000US06083,"Santa Barbara County, California",06,083,0,98422,58896,168868,133413,155688,16287,37873,443701,213992,180184,6693,978,22876,294,2227,16457,22876,50402,154173,22.2,59.8,40.5,37.5,6.4,75.6,10.9,8.7,14.7,48.2,40.6,1.5,0.2,5.2,0.1,0.5,3.7,5.16,18.1,76.4,0.4944,35.119,0.0,0.0,0.0
0500000US06085,"Santa Clara County, California",06,085,0,789756,377617,995461,509573,846668,43418,73684,1902047,475827,517612,41721,3181,766176,6964,10471,80095,40122,144780,668502,41.5,47.8,55.2,32.6,4.9,84.7,6.6,3.9,7.1,25.0,27.2,2.2,0.2,40.3,0.4,0.6,4.2,2.11,10.7,68.9,0.4764,28.107,0.0,0.0,0.0
0500000US06087,"Santa Cruz County, California",06,087,0,47705,26374,85033,82774,96940,9588,12976,264926,93346,142831,1912,235,12345,387,1907,11963,14927,20421,88458,18.0,55.3,33.6,37.2,6.1,74.0,9.9,4.9,11.6,35.2,53.9,0.7,0.1,4.7,0.1,0.7,4.5,5.63,11.4,70.3,0.4831,20.8581,0.0,0.0,0.0
0500000US06089,"Shasta County, California",06,089,0,9142,4302,13354,64484,55595,9569,11616,181436,21346,136633,1502,2361,6169,292,946,12187,3581,10184,64369,5.0,47.1,7.8,43.9,6.3,72.1,13.4,6.5,13.3,11.8,75.3,0.8,1.3,3.4,0.2,0.5,6.7,1.97,7.9,86.0,0.4658,66.973,0.0,0.0,0.0
0500000US06091,"Sierra County, California",06,091,0,103,92,265,1116,644,119,363,2746,301,2362,8,0,0,0,57,18,104,157,839,3.8,89.3,9.7,47.3,12.6,59.3,9.8,13.7,4.4,11.0,86.0,0.3,0.0,0.0,0.0,2.1,0.7,3.79,7.5,77.3,0.4339,60.7754,0.0,0.0,0.0
0500000US06093,"Siskiyou County, California",06,093,0,2539,950,4015,17633,10839,2953,2586,43466,5860,31859,579,1195,784,174,176,2839,880,2672,13439,5.8,37.4,9.7,49.1,7.9,64.5,15.5,6.0,16.4,13.5,73.3,1.3,2.7,1.8,0.4,0.4,6.5,2.02,8.3,83.0,0.4823,57.9878,0.0,0.0,0.0
0500000US06095,"Solano County, California",06,095,0,93940,38552,134507,138769,157630,17882,21134,451918,133953,150061,55694,1080,71955,3653,4200,31322,10461,36039,170739,20.8,41.0,31.5,38.0,6.5,76.3,11.4,4.8,10.0,29.6,33.2,12.3,0.2,15.9,0.8,0.9,6.9,2.31,11.4,83.5,0.4292,37.0561,0.0,0.0,0.0
0500000US06097,"Sonoma County, California",06,097,0,81688,42382,124854,145393,186264,15299,24564,485040,145518,280966,7185,1486,21090,1411,3215,24169,10340,39954,186723,16.8,51.9,27.0,36.0,5.7,76.5,8.0,5.1,8.9,30.0,57.9,1.5,0.3,4.3,0.3,0.7,5.0,2.13,11.3,78.8,0.4617,25.2265,0.0,0.0,0.0
0500000US06099,"Stanislaus County, California",06,099,0,116294,60892,222409,161757,188303,27603,31089,553990,277207,200834,14369,1523,32509,3312,2058,22178,6136,71359,205203,21.0,52.4,43.0,38.1,8.0,78.1,15.5,5.6,13.5,50.0,36.3,2.6,0.3,5.9,0.6,0.4,4.0,1.11,20.1,88.0,0.4426,54.1778,0.0,0.0,0.0
0500000US06101,"Sutter County, California",06,101,0,22484,10468,34248,30356,32614,4385,6202,98857,32532,40226,1573,731,17277,362,1151,5005,947,12921,37389,22.7,46.6,36.9,39.4,7.2,76.3,13.2,6.4,14.4,32.9,40.7,1.6,0.7,17.5,0.4,1.2,5.1,0.96,19.8,89.3,0.4635,64.5007,0.0,0.0,0.0
0500000US06103,"Tehama County, California",06,103,0,7249,4360,13032,23772,17200,3457,4257,65167,18941,40017,531,770,1119,72,644,3073,1125,5729,21688,11.1,60.1,21.2,46.3,5.9,66.4,13.9,6.6,15.6,29.1,61.4,0.8,1.2,1.7,0.1,1.0,4.7,1.73,12.8,86.6,0.5001,69.7384,0.0,0.0,0.0
0500000US06105,"Trinity County, California",06,105,0,763,217,983,7807,2632,619,1463,15860,973,12274,173,589,97,95,564,1095,291,976,3747,4.8,28.4,6.4,57.9,8.4,51.0,11.1,9.3,20.7,6.1,77.4,1.1,3.7,0.6,0.6,3.6,6.9,1.83,7.8,72.6,0.4949,52.7724,0.0,0.0,0.0
0500000US06107,"Tulare County, California",06,107,0,106332,66289,222701,137367,147195,34511,38327,478693,318976,121847,6258,2124,16800,571,2509,9608,5887,72559,171851,22.2,62.3,50.2,38.9,9.3,75.3,24.1,8.1,17.9,66.6,25.5,1.3,0.4,3.5,0.1,0.5,2.0,1.23,25.2,90.9,0.4361,59.1982,0.0,0.0,0.0
0500000US06109,"Tuolumne County, California",06,109,0,2508,878,3767,23289,13669,2662,2755,54498,7398,42487,971,332,803,161,271,2075,3369,2783,16797,4.6,35.0,7.2,50.4,8.2,65.1,11.7,5.3,10.4,13.6,78.0,1.8,0.6,1.5,0.3,0.5,3.8,6.18,6.7,83.7,0.4517,59.7362,0.0,0.0,0.0
0500000US06111,"Ventura County, California",06,111,0,186177,86506,304435,242049,315864,23939,60259,837469,371359,351308,13835,1209,59232,1286,4710,34530,13304,86256,322474,22.2,46.5,38.4,35.7,5.7,77.6,8.5,7.3,9.3,44.3,41.9,1.7,0.1,7.1,0.2,0.6,4.1,1.59,14.9,80.5,0.4506,40.9967,0.0,0.0,0.0
0500000US06113,"Yolo County, California",06,113,0,46242,23597,76323,70204,69313,10072,10557,220564,73569,92161,5323,822,32943,769,1518,13459,9575,14946,71024,21.0,51.0,36.3,38.6,6.1,66.4,13.1,4.8,16.7,33.4,41.8,2.4,0.4,14.9,0.3,0.7,6.1,4.34,11.4,69.3,0.4834,30.0727,0.0,0.0,0.0
0500000US06115,"Yuba County, California",06,115,0,9718,4167,19874,24545,24668,5516,5256,84507,26003,41396,3196,600,6633,337,435,5907,1493,7704,31762,11.5,42.9,25.4,38.5,6.8,72.0,19.3,6.4,14.2,30.8,49.0,3.8,0.7,7.8,0.4,0.5,7.0,1.77,14.3,88.7,0.4454,61.4932,0.0,0.0,0.0
0500000US08001,"Adams County, Colorado",08,001,137,82886,53459,145589,115026,231673,19524,61088,530225,226823,239594,17757,1554,20270,833,3685,19709,3567,51739,224953,15.6,64.5,29.3,27.8,4.6,81.5,10.3,11.6,9.8,42.8,45.2,3.3,0.3,3.8,0.2,0.7,3.7,0.67,14.8,80.4,0.4125,44.1526,0.0,0.0,0.0
0500000US08003,"Alamosa County, Colorado",08,003,0,838,584,3314,4817,5355,1900,945,16581,7989,7498,288,160,172,13,61,400,944,1167,6729,5.1,69.7,21.2,36.6,3.7,66.8,28.6,5.8,17.2,48.2,45.2,1.7,1.0,1.0,0.1,0.4,2.4,5.69,11.4,87.3,0.4585,53.9566,0.0,0.0,0.0
0500000US08005,"Arapahoe County, Colorado",08,005,312,109155,55219,145764,149806,292312,19911,60758,659844,143439,364028,69137,1688,39886,1719,3614,36333,5124,36935,258881,16.5,50.6,23.4,28.3,5.0,81.6,7.7,9.3,8.6,21.7,55.2,10.5,0.3,6.0,0.3,0.5,5.5,0.78,8.1,73.2,0.4533,38.5038,0.0,0.0,0.0
0500000US08007,"Archuleta County, Colorado",08,007,4,616,365,904,5904,3931,409,1451,13900,2304,10756,3,160,102,0,54,521,163,505,4582,4.4,59.3,6.8,49.6,1.3,66.6,6.9,10.5,8.2,16.6,77.4,0.0,1.2,0.7,0.0,0.4,3.7,1.17,4.6,79.3,0.4312,55.7777,0.0,0.0,0.0
0500000US08009,"Baca County, Colorado",08,009,0,173,118,120,1185,874,353,249,3428,375,2839,13,9,88,0,4,100,77,308,1308,5.0,68.2,3.7,43.2,0.6,56.5,21.3,7.4,24.6,10.9,82.8,0.4,0.3,2.6,0.0,0.1,2.9,2.25,12.3,86.2,0.4733,84.1317,0.0,0.0,0.0
0500000US08011,"Bent County, Colorado",08,011,0,124,114,475,2968,1130,402,323,5549,1801,2981,179,57,52,9,3,467,1319,732,1574,2.2,91.9,8.9,61.8,5.8,65.3,21.4,7.4,28.4,32.5,53.7,3.2,1.0,0.9,0.2,0.1,8.4,23.77,17.1,91.7,0.4409,68.3417,0.0,0.0,0.0
0500000US08013,"Boulder County, Colorado",08,013,147,33259,15919,47674,92315,138609,8034,14405,328961,48466,245197,2490,547,15302,204,1053,15702,13611,9217,101482,10.1,47.9,15.1,33.1,4.8,78.1,5.9,4.4,11.2,14.7,74.5,0.8,0.2,4.7,0.1,0.3,4.8,4.14,4.2,58.1,0.4918,20.779,0.0,0.0,0.0
0500000US08014,"Broomfield County, Colorado",08,014,60,7992,3658,10288,18270,34467,1212,3330,76304,10780,55235,810,147,5232,48,435,3617,383,1957,27760,10.5,45.8,14.1,29.1,3.8,80.7,3.8,4.4,6.2,14.1,72.4,1.1,0.2,6.9,0.1,0.6,4.7,0.5,3.6,65.4,0.4,34.3273,0.0,0.0,0.0
0500000US08015,"Chaffee County, Colorado",08,015,8,495,281,1012,7843,6929,695,1210,20178,1983,16995,243,38,108,37,54,720,1437,868,6158,2.5,56.8,5.2,44.2,4.8,73.9,7.0,6.5,8.3,9.8,84.2,1.2,0.2,0.5,0.2,0.3,3.6,7.12,5.3,67.0,0.4186,41.8563,0.0,0.0,0.0
0500000US08017,"Cheyenne County, Colorado",08,017,0,83,39,99,427,569,69,90,1741,188,1364,31,1,0,10,2,145,39,98,803,4.8,47.0,6.0,30.5,0.4,58.8,8.8,5.3,8.2,10.8,78.3,1.8,0.1,0.0,0.6,0.1,8.3,2.24,7.8,83.0,0.4261,88.1517,0.0,0.0,0.0
0500000US08019,"Clear Creek County, Colorado",08,019,5,326,38,545,2634,4082,281,520,9262,722,7943,10,65,170,5,66,281,99,482,3674,3.5,11.7,6.1,32.2,4.8,77.6,6.0,5.7,6.4,7.8,85.8,0.1,0.7,1.8,0.1,0.7,3.0,1.07,6.5,70.2,0.4582,40.1901,0.0,0.0,0.0
0500000US08021,"Conejos County, Colorado",08,021,0,304,146,1933,2307,2185,514,1021,7530,3750,3466,11,71,28,9,55,140,75,479,2672,4.0,48.0,27.3,39.3,4.8,64.3,16.2,13.6,11.7,49.8,46.0,0.1,0.9,0.4,0.1,0.7,1.9,1.0,9.3,82.3,0.4394,57.4561,0.0,0.0,0.0
0500000US08023,"Costilla County, Colorado",08,023,2,205,119,1000,1698,744,481,305,3607,1973,1345,68,6,55,0,0,160,22,276,951,5.7,58.0,29.2,56.0,3.5,57.8,29.1,8.5,21.0,54.7,37.3,1.9,0.2,1.5,0.0,0.0,4.4,0.61,10.0,77.3,0.5023,40.8654,0.0,0.0,0.0
0500000US08025,"Crowley County, Colorado",08,025,0,160,66,564,3400,1016,300,316,5647,1637,3143,371,202,45,18,3,228,1741,821,1176,2.8,41.3,10.3,68.5,3.9,67.7,22.4,8.1,19.4,29.0,55.7,6.6,3.6,0.8,0.3,0.1,4.0,30.83,18.6,80.7,0.4541,72.1571,0.0,0.0,0.0
0500000US08027,"Custer County, Colorado",08,027,2,120,56,91,2518,1368,204,262,5247,219,4662,0,6,56,0,112,192,34,198,1477,2.3,46.7,1.8,54.3,3.7,67.2,7.6,5.0,12.7,4.2,88.9,0.0,0.1,1.1,0.0,2.1,3.7,0.65,4.7,73.4,0.4664,66.796,0.0,0.0,0.0
0500000US08029,"Delta County, Colorado",08,029,5,1202,372,2709,13397,8691,1467,3672,31598,4571,25202,206,70,167,14,387,981,1038,2159,9823,3.8,30.9,9.0,50.8,3.2,69.0,11.3,12.0,14.0,14.5,79.8,0.7,0.2,0.5,0.0,1.2,3.1,3.29,9.2,79.5,0.4756,66.4818,0.0,0.0,0.0
0500000US08031,"Denver County, Colorado",08,031,188,104034,56280,162432,154163,353478,29550,64240,718877,201140,388268,61862,2158,25884,985,3943,34637,14780,47042,262144,14.5,54.1,23.9,25.6,4.9,83.0,8.8,9.0,11.2,28.0,54.0,8.6,0.3,3.6,0.1,0.5,4.8,2.06,8.8,62.4,0.4905,20.5921,0.0,0.0,0.0
0500000US08033,"Dolores County, Colorado",08,033,0,12,12,189,792,882,93,192,2432,241,2012,0,62,0,0,7,110,0,91,985,0.5,100.0,8.2,36.6,2.5,66.0,7.4,7.9,21.6,9.9,82.7,0.0,2.5,0.0,0.0,0.3,4.5,0.0,4.5,75.6,0.4562,75.828,0.0,0.0,0.0
0500000US08035,"Douglas County, Colorado",08,035,209,31644,13638,37274,84505,171925,2951,14508,377150,38394,290577,5037,609,21780,274,1916,18563,1321,5542,137349,8.4,43.1,10.4,28.1,3.6,82.7,2.1,3.9,3.8,10.2,77.0,1.3,0.2,5.8,0.1,0.5,4.9,0.35,2.1,66.8,0.406,52.2859,0.0,0.0,0.0
0500000US08037,"Eagle County, Colorado",08,037,8,9051,4798,13117,11953,24673,833,6005,55135,16757,34307,356,102,828,60,144,2581,73,1974,23825,16.4,53.0,25.0,26.5,4.7,78.3,3.8,10.9,8.7,30.4,62.2,0.6,0.2,1.5,0.1,0.3,4.7,0.13,4.9,77.4,0.4901,36.5062,0.0,0.0,0.0
0500000US08039,"Elbert County, Colorado",08,039,5,918,262,1400,7967,10977,393,1414,27874,2562,23069,206,49,199,104,148,1537,61,717,10901,3.3,28.5,5.3,34.8,3.4,76.4,3.9,5.1,5.3,9.2,82.8,0.7,0.2,0.7,0.4,0.5,5.5,0.22,3.6,77.0,0.4118,74.4918,0.0,0.0,0.0
0500000US08041,"El Paso County, Colorado",08,041,184,53638,22714,78833,185154,270746,26900,50686,742999,139197,487079,40648,1700,20790,1783,4281,47521,21991,24399,295370,7.2,42.3,11.3,31.4,5.4,77.4,9.3,7.2,8.5,18.7,65.6,5.5,0.2,2.8,0.2,0.6,6.4,2.96,4.9,78.0,0.4279,53.552,0.0,0.0,0.0
0500000US08043,"Fremont County, Colorado",08,043,6,1134,574,2433,23900,12346,2878,2733,49634,6546,38600,1636,554,422,20,398,1458,7664,3570,14309,2.3,50.6,5.1,55.9,4.3,68.7,16.0,6.5,13.3,13.2,77.8,3.3,1.1,0.9,0.0,0.8,2.9,15.44,9.2,80.7,0.4732,67.9821,0.0,0.0,0.0
0500000US08045,"Garfield County, Colorado",08,045,24,8822,5241,15453,13338,26086,1868,9641,62479,20377,38451,397,134,481,82,402,2155,1076,4464,27887,14.1,59.4,26.4,27.4,3.4,76.4,8.0,15.6,8.2,32.6,61.5,0.6,0.2,0.8,0.1,0.6,3.4,1.72,10.6,83.2,0.421,47.7183,0.0,0.0,0.0
0500000US08047,"Gilpin County, Colorado",08,047,0,148,60,273,1568,2529,278,228,5901,436,5002,152,63,62,0,9,177,81,311,2644,2.5,40.5,4.9,31.0,3.1,74.9,8.9,3.9,11.2,7.4,84.8,2.6,1.1,1.1,0.0,0.2,3.0,1.37,6.6,78.4,0.4297,41.8745,0.0,0.0,0.0
0500000US08049,"Grand County, Colorado",08,049,17,675,439,1100,4008,7286,228,1826,15895,1614,12204,33,214,113,0,118,1599,285,539,6615,4.2,65.0,7.2,29.4,4.1,78.8,3.1,11.5,7.6,10.2,76.8,0.2,1.3,0.7,0.0,0.7,10.1,1.79,4.3,71.8,0.4064,48.7909,0.0,0.0,0.0
0500000US08051,"Gunnison County, Colorado",08,051,3,642,272,991,4077,7471,648,854,17241,1727,14499,77,50,92,13,132,651,1149,277,6500,3.7,42.4,5.9,27.2,4.7,71.7,7.6,5.0,11.3,10.0,84.1,0.4,0.3,0.5,0.1,0.8,3.8,6.66,2.4,64.8,0.446,33.7234,0.0,0.0,0.0
0500000US08053,"Hinsdale County, Colorado",08,053,0,10,0,41,383,300,63,93,1005,19,870,3,29,0,0,0,84,3,0,250,1.0,0.0,4.2,45.8,0.0,66.2,12.3,9.3,4.1,1.9,86.6,0.3,2.9,0.0,0.0,0.0,8.4,0.3,0.0,55.2,0.3771,54.7855,0.0,0.0,0.0
0500000US08055,"Huerfano County, Colorado",08,055,0,66,11,476,3584,1515,589,247,6972,2136,4384,0,81,15,0,36,320,162,375,1679,0.9,16.7,7.1,58.5,8.0,64.9,19.0,3.6,17.3,30.6,62.9,0.0,1.2,0.2,0.0,0.5,4.6,2.32,6.9,73.1,0.4984,52.8616,0.0,0.0,0.0
0500000US08057,"Jackson County, Colorado",08,057,2,20,2,26,467,445,103,105,1372,144,1188,18,5,0,0,0,17,24,93,351,1.5,10.0,2.0,39.1,9.2,67.5,15.7,7.7,14.6,10.5,86.6,1.3,0.4,0.0,0.0,0.0,1.2,1.75,8.5,53.3,0.4447,76.0192,0.0,0.0,0.0
0500000US08059,"Jefferson County, Colorado",08,059,195,36431,15783,55030,149144,257361,13200,30167,579377,93302,435828,6364,1285,16591,359,2248,23400,8777,18131,223274,6.3,43.3,10.0,30.7,3.9,79.7,5.5,5.3,6.7,16.1,75.2,1.1,0.2,2.9,0.1,0.4,4.0,1.51,4.2,70.1,0.4345,38.8668,0.0,0.0,0.0
0500000US08061,"Kiowa County, Colorado",08,061,0,76,45,88,417,410,92,118,1376,178,1144,0,6,20,0,0,28,40,73,603,5.5,59.2,6.7,37.7,0.1,59.5,15.7,8.8,11.8,12.9,83.1,0.0,0.4,1.5,0.0,0.0,2.0,2.91,7.4,88.5,0.4272,86.2109,0.0,0.0,0.0
0500000US08063,"Kit Carson County, Colorado",08,063,0,484,285,1010,1865,2363,304,829,7023,1418,5258,4,41,14,0,5,283,130,422,2872,6.9,58.9,15.3,34.7,2.4,69.0,10.5,12.0,9.8,20.2,74.9,0.1,0.6,0.2,0.0,0.1,4.0,1.85,8.9,85.3,0.4903,83.3694,0.0,0.0,0.0
0500000US08065,"Lake County, Colorado",08,065,0,914,692,1335,1484,3182,231,1001,7380,2423,4303,4,6,11,0,62,571,146,317,3490,12.4,75.7,19.1,24.0,2.2,69.5,7.6,13.7,7.9,32.8,58.3,0.1,0.1,0.1,0.0,0.8,7.7,1.98,6.2,79.3,0.4061,39.8108,0.0,0.0,0.0
0500000US08067,"La Plata County, Colorado",08,067,22,1748,817,4072,17223,20871,2125,4607,56331,7244,42847,110,2600,452,3,680,2395,1782,1446,21375,3.1,46.7,7.5,36.1,3.8,71.3,8.7,8.2,11.7,12.9,76.1,0.2,4.6,0.8,0.0,1.2,4.3,3.16,3.5,73.9,0.4589,39.3038,0.0,0.0,0.0
0500000US08069,"Larimer County, Colorado",08,069,144,20330,9734,30381,102426,150725,11813,20550,367368,47521,291045,3616,795,8054,345,2095,13897,10695,8700,139232,5.5,47.9,8.6,33.1,4.8,76.8,7.7,5.6,11.2,12.9,79.2,1.0,0.2,2.2,0.1,0.6,3.8,2.91,3.5,71.9,0.4529,39.7726,0.0,0.0,0.0
0500000US08071,"Las Animas County, Colorado",08,071,0,458,312,1435,5861,4069,1323,1167,14413,5587,7805,234,124,181,9,49,424,800,1044,4734,3.2,68.1,10.4,48.1,5.6,68.1,20.3,8.4,18.7,38.8,54.2,1.6,0.9,1.3,0.1,0.3,2.9,5.55,9.8,80.6,0.4528,55.5441,0.0,0.0,0.0
0500000US08073,"Lincoln County, Colorado",08,073,0,253,111,407,2552,1261,243,342,5550,845,4113,304,58,5,0,3,222,1059,579,1834,4.6,43.9,7.7,54.1,1.4,59.5,12.3,7.6,9.8,15.2,74.1,5.5,1.0,0.1,0.0,0.1,4.0,19.08,13.8,86.4,0.4494,81.2913,0.0,0.0,0.0
0500000US08075,"Logan County, Colorado",08,075,0,1182,571,2009,7598,6652,1478,1372,20892,3596,15779,758,103,127,0,91,438,2381,1523,7830,5.7,48.3,10.1,43.2,5.4,70.6,18.0,7.2,15.8,17.2,75.5,3.6,0.5,0.6,0.0,0.4,2.1,11.4,10.1,85.6,0.4628,77.2978,0.0,0.0,0.0
0500000US08077,"Mesa County, Colorado",08,077,32,6426,3504,10003,50980,58125,7468,15558,158601,24519,124320,927,632,1390,76,1119,5618,4448,8025,59329,4.1,54.5,6.6,39.1,5.4,77.4,11.3,9.9,10.7,15.5,78.4,0.6,0.4,0.9,0.0,0.7,3.5,2.8,7.1,80.4,0.444,60.9596,0.0,0.0,0.0
0500000US08079,"Mineral County, Colorado",08,079,0,4,0,8,283,183,30,94,729,46,622,0,1,5,0,0,55,4,10,256,0.5,0.0,1.1,42.9,9.1,53.8,7.8,12.9,10.0,6.3,85.3,0.0,0.1,0.7,0.0,0.0,7.5,0.55,1.6,78.0,0.4888,55.3785,0.0,0.0,0.0
0500000US08081,"Moffat County, Colorado",08,081,5,626,379,1245,3586,4458,645,1276,13207,2218,10098,6,77,67,17,145,579,123,836,5691,4.7,60.5,10.0,34.7,4.5,69.3,12.0,9.7,8.4,16.8,76.5,0.0,0.6,0.5,0.1,1.1,4.4,0.93,9.1,90.6,0.3913,80.3178,0.0,0.0,0.0
0500000US08083,"Montezuma County, Colorado",08,083,3,675,333,2456,9677,7506,1336,2900,26412,3302,18629,178,2374,228,29,166,1506,366,1636,9340,2.6,49.3,9.8,45.0,3.9,66.0,11.9,11.1,13.3,12.5,70.5,0.7,9.0,0.9,0.1,0.6,5.7,1.39,8.5,83.8,0.4438,59.2759,0.0,0.0,0.0
0500000US08085,"Montrose County, Colorado",08,085,20,2627,1733,6182,15564,14938,2023,5762,43807,9427,32027,184,225,206,1,133,1604,807,2698,16277,6.0,66.0,14.8,42.9,4.4,75.7,11.2,13.3,11.5,21.5,73.1,0.4,0.5,0.5,0.0,0.3,3.7,1.84,8.4,84.7,0.437,65.2067,0.0,0.0,0.0
0500000US08087,"Morgan County, Colorado",08,087,0,3546,2257,6638,8142,10159,1771,3551,29520,11348,16128,587,33,201,60,55,1108,565,2827,11518,12.0,63.6,24.1,35.6,5.3,72.9,16.0,12.2,14.3,38.4,54.6,2.0,0.1,0.7,0.2,0.2,3.8,1.91,14.4,85.5,0.4195,73.0421,0.0,0.0,0.0
0500000US08089,"Otero County, Colorado",08,089,0,874,414,2636,6515,4980,1654,1197,18321,7695,9597,197,59,137,0,96,540,490,1423,6546,4.8,47.4,15.2,44.5,6.7,65.7,21.8,6.6,22.1,42.0,52.4,1.1,0.3,0.7,0.0,0.5,2.9,2.67,11.3,88.0,0.424,61.8487,0.0,0.0,0.0
0500000US08091,"Ouray County, Colorado",08,091,0,196,93,250,2048,1646,102,644,5087,308,4535,11,0,25,0,9,199,0,113,1621,3.9,47.4,5.0,45.3,3.5,69.0,3.9,12.7,4.3,6.1,89.1,0.2,0.0,0.5,0.0,0.2,3.9,0.0,2.6,69.2,0.4011,38.3846,0.0,0.0,0.0
0500000US08093,"Park County, Colorado",08,093,0,577,154,558,5972,6650,334,1065,17907,1366,15279,168,6,200,0,122,766,63,315,6677,3.2,26.7,3.2,38.2,3.3,72.2,3.7,6.0,5.0,7.6,85.3,0.9,0.0,1.1,0.0,0.7,4.3,0.35,2.1,72.2,0.447,56.6921,0.0,0.0,0.0
0500000US08095,"Phillips County, Colorado",08,095,0,527,342,987,1169,1405,220,301,4496,1298,3119,0,0,6,0,19,54,70,321,1856,11.7,64.9,23.3,34.1,2.9,64.0,11.3,6.8,16.8,28.9,69.4,0.0,0.0,0.1,0.0,0.4,1.2,1.56,10.2,84.9,0.5407,80.2039,0.0,0.0,0.0
0500000US08097,"Pitkin County, Colorado",08,097,0,1702,686,2618,4713,8126,250,841,16985,1935,13631,66,52,341,0,50,910,156,499,5031,10.0,40.3,15.9,31.6,2.5,81.8,2.7,5.0,7.8,11.4,80.3,0.4,0.3,2.0,0.0,0.3,5.4,0.92,3.6,51.8,0.5919,26.7932,0.0,0.0,0.0
0500000US08099,"Prowers County, Colorado",08,099,1,1248,637,2053,3598,3506,951,1135,11910,4829,6553,124,5,34,0,7,358,374,1022,4740,10.5,51.0,18.4,39.2,4.1,65.5,20.1,9.6,18.2,40.5,55.0,1.0,0.0,0.3,0.0,0.1,3.0,3.14,13.4,89.7,0.5159,74.514,0.0,0.0,0.0
0500000US08101,"Pueblo County, Colorado",08,101,49,6868,4314,16120,60976,52870,13495,8648,169356,71367,86303,3138,745,1344,77,912,5470,5565,10861,62978,4.1,62.8,10.1,44.6,4.8,73.7,19.7,5.2,14.6,42.1,51.0,1.9,0.4,0.8,0.0,0.5,3.2,3.29,9.2,88.4,0.4531,51.333,0.0,0.0,0.0
0500000US08103,"Rio Blanco County, Colorado",08,103,3,315,225,425,1880,1950,388,615,6544,709,5365,0,40,44,0,0,386,289,188,2532,4.8,71.4,7.0,37.3,2.4,63.1,13.8,9.5,8.5,10.8,82.0,0.0,0.6,0.7,0.0,0.0,5.9,4.42,4.2,82.7,0.3543,80.9756,0.0,0.0,0.0
0500000US08105,"Rio Grande County, Colorado",08,105,0,435,359,1843,3570,3571,874,1187,11321,4607,6193,38,126,11,0,29,317,234,945,4280,3.8,82.5,17.1,38.2,10.1,68.9,17.0,10.7,18.0,40.7,54.7,0.3,1.1,0.1,0.0,0.3,2.8,2.07,11.5,86.2,0.4691,60.4294,0.0,0.0,0.0
0500000US08107,"Routt County, Colorado",08,107,9,1540,743,1756,6308,11757,575,1884,25084,2267,20097,48,78,150,33,153,2258,447,493,10384,6.1,48.2,7.3,29.7,2.4,80.6,5.1,7.6,5.2,9.0,80.1,0.2,0.3,0.6,0.1,0.6,9.0,1.78,2.6,72.1,0.4725,34.7475,0.0,0.0,0.0
0500000US08109,"Saguache County, Colorado",08,109,0,509,173,1431,2350,1828,819,828,6580,2422,3614,0,25,80,0,18,421,33,422,2233,7.7,34.0,22.8,41.9,10.3,62.7,24.1,12.6,17.8,36.8,54.9,0.0,0.4,1.2,0.0,0.3,6.4,0.5,8.1,78.5,0.551,46.3824,0.0,0.0,0.0
0500000US08111,"San Juan County, Colorado",08,111,0,80,77,160,149,212,34,73,724,132,552,0,7,0,0,0,33,0,0,257,11.0,96.3,23.3,23.4,9.4,47.9,8.5,10.1,21.3,18.2,76.2,0.0,1.0,0.0,0.0,0.0,4.6,0.0,0.0,60.2,0.4373,31.9728,0.0,0.0,0.0
0500000US08113,"San Miguel County, Colorado",08,113,5,412,244,1106,1687,3645,167,1211,7968,931,6690,83,10,51,0,6,197,12,110,2383,5.2,59.2,14.2,24.1,2.7,70.4,3.6,15.2,9.3,11.7,84.0,1.0,0.1,0.6,0.0,0.1,2.5,0.15,1.8,46.4,0.5685,24.0216,0.0,0.0,0.0
0500000US08115,"Sedgwick County, Colorado",08,115,0,106,59,199,689,833,192,228,2304,446,1676,22,2,41,0,14,103,41,78,1007,4.6,55.7,9.4,36.7,2.9,72.1,18.8,10.0,13.0,19.4,72.7,1.0,0.1,1.8,0.0,0.6,4.5,1.78,4.8,88.0,0.4415,77.1723,0.0,0.0,0.0
0500000US08117,"Summit County, Colorado",08,117,26,2651,1983,2919,6451,16041,213,3169,31017,5334,23093,129,89,453,122,44,1753,690,992,12201,8.5,74.8,9.8,24.2,5.0,83.7,1.7,10.2,7.7,17.2,74.5,0.4,0.3,1.5,0.4,0.1,5.7,2.22,4.1,64.7,0.4364,29.894,0.0,0.0,0.0
0500000US08119,"Teller County, Colorado",08,119,0,420,152,723,9072,9000,1298,1710,24825,1919,20831,215,4,79,13,141,1623,149,743,9014,1.7,36.2,3.0,42.2,3.7,75.6,10.9,6.9,7.6,7.7,83.9,0.9,0.0,0.3,0.1,0.6,6.5,0.6,3.8,76.7,0.4264,66.4952,0.0,0.0,1.0
0500000US08121,"Washington County, Colorado",08,121,0,193,101,292,1594,1277,230,279,4831,569,4023,53,0,27,0,32,127,184,346,1830,4.0,52.3,6.4,41.0,3.1,57.5,11.1,6.0,8.1,11.8,83.3,1.1,0.0,0.6,0.0,0.7,2.6,3.81,10.1,82.9,0.4198,86.814,0.0,0.0,0.0
0500000US08123,"Weld County, Colorado",08,123,140,31839,18321,62296,82002,142014,11355,28015,350396,108498,217386,4506,1022,5609,321,1808,11246,5273,26027,145713,9.1,57.5,19.1,30.2,4.8,78.9,9.1,8.0,9.6,31.0,62.0,1.3,0.3,1.6,0.1,0.5,3.2,1.5,11.3,82.2,0.4214,59.1975,0.0,0.0,0.0
0500000US08125,"Yuma County, Colorado",08,125,0,1629,1478,2485,2597,3147,541,1540,9979,3021,6671,25,75,0,0,44,143,172,1220,4066,16.3,90.7,26.8,34.4,4.5,66.5,13.3,15.7,17.9,30.3,66.9,0.3,0.8,0.0,0.0,0.4,1.4,1.72,18.5,89.6,0.4672,81.6427,0.0,0.0,0.0
0500000US09110,"Capitol Planning Region, Connecticut",09,110,227,148924,60225,223209,274171,402100,51086,43135,977290,172777,586046,112506,680,58275,246,6894,39866,34694,58495,378808,15.2,40.4,24.1,34.1,5.2,80.1,13.1,4.5,10.3,17.7,60.0,11.5,0.1,6.0,0.0,0.7,4.1,3.55,8.6,77.2,0.4686,,0.0,0.0,0.0
0500000US09120,"Greater Bridgeport Planning Region, Connecticut",09,120,42,74045,36933,106351,88880,131786,16948,27983,329259,87769,170971,37116,274,16751,0,4902,11476,9471,28424,119644,22.5,49.9,34.1,33.4,7.3,80.4,14.2,8.6,12.4,26.7,51.9,11.3,0.1,5.1,0.0,1.5,3.5,2.88,12.8,74.7,0.5203,,0.0,0.0,0.0
0500000US09130,"Lower Connecticut River Valley Planning Region, Connecticut",09,130,13,14423,5473,18109,52719,74396,5027,5734,175822,13758,139241,7782,50,6022,264,582,8123,6916,5933,72192,8.2,37.9,10.7,35.0,3.8,79.2,6.8,3.3,6.8,7.8,79.2,4.4,0.0,3.4,0.2,0.3,4.6,3.93,4.5,78.1,0.452,,0.0,0.0,0.0
0500000US09140,"Naugatuck Valley Planning Region, Connecticut",09,140,39,64667,26465,100551,130827,184105,26133,21683,454969,90672,272125,48021,201,17214,69,3878,22789,6631,30966,186434,14.2,40.9,23.3,34.9,6.0,80.5,14.5,4.8,11.2,19.9,59.8,10.6,0.0,3.8,0.0,0.9,5.0,1.46,9.5,83.1,0.4637,,0.0,0.0,0.0
0500000US09150,"Northeastern Connecticut Planning Region, Connecticut",09,150,6,4228,1762,5791,27648,39323,4293,3664,96312,5051,83085,1391,64,1298,58,501,4864,1475,5373,41767,4.4,41.7,6.3,34.2,6.0,78.6,10.9,3.8,7.5,5.2,86.3,1.4,0.1,1.3,0.1,0.5,5.1,1.53,7.5,85.8,0.4124,,0.0,0.0,0.0
0500000US09160,"Northwest Hills Planning Region, Connecticut",09,160,3,10706,4622,12343,33727,46119,4105,4355,113216,10050,92611,2767,10,2397,0,643,4738,2311,4965,45134,9.5,43.2,11.4,35.3,5.4,78.9,8.6,3.9,8.8,8.9,81.8,2.4,0.0,2.1,0.0,0.6,4.2,2.04,5.8,78.7,0.4773,,0.0,0.0,0.0
0500000US09170,"South Central Connecticut Planning Region, Connecticut",09,170,177,78358,36985,121107,165164,236412,31116,27814,570598,111540,333578,74251,551,25619,113,4745,20201,22080,31451,216560,13.7,47.2,22.3,34.9,6.0,81.8,13.5,4.9,11.4,19.5,58.5,13.0,0.1,4.5,0.0,0.8,3.5,3.87,7.9,76.6,0.4771,,0.0,0.0,0.0
0500000US09180,"Southeastern Connecticut Planning Region, Connecticut",09,180,87,24739,10330,40789,83538,106465,14409,12736,279971,42111,197646,13686,880,10495,14,1564,13575,11589,14305,113312,8.8,41.8,15.3,36.0,5.0,78.4,12.4,4.7,10.7,15.0,70.6,4.9,0.3,3.7,0.0,0.6,4.8,4.14,7.2,82.5,0.4447,,0.0,0.0,0.0
0500000US09190,"Western Connecticut Planning Region, Connecticut",09,190,94,149087,72843,176201,160663,270769,16363,44977,627071,128783,367416,58629,448,34023,168,7484,30120,7382,36433,216316,23.8,48.9,29.7,31.7,5.3,82.5,7.0,7.2,7.5,20.5,58.6,9.3,0.1,5.4,0.0,1.2,4.8,1.18,8.3,67.4,0.5446,,0.0,0.0,0.0
0500000US10001,"Kent County, Delaware",10,001,63,13883,5254,20151,57073,63184,9815,12153,187604,15216,106078,49530,480,4680,55,980,10585,4388,11391,74553,7.4,37.8,11.4,38.0,5.8,74.2,13.7,6.6,10.6,8.1,56.5,26.4,0.3,2.5,0.0,0.5,5.6,2.34,9.0,86.9,0.4079,48.1705,0.0,0.0,0.0
0500000US10003,"New Castle County, Delaware",10,003,165,74007,33113,94423,161204,239366,22077,33622,577961,68181,302505,143725,257,35717,162,2853,24561,16196,29897,218122,12.8,44.7,17.3,34.3,4.8,81.7,9.8,5.9,10.1,11.8,52.3,24.9,0.0,6.2,0.0,0.5,4.2,2.8,7.4,75.9,0.4523,32.9331,0.0,0.0,0.0
0500000US10005,"Sussex County, Delaware",10,005,55,21392,11626,31670,98576,86508,11267,17788,255626,29438,184909,25014,500,3242,0,1331,11192,2709,19045,90282,8.4,54.3,13.0,45.9,5.3,78.8,10.6,7.0,10.9,11.5,72.3,9.8,0.2,1.3,0.0,0.5,4.4,1.06,9.8,83.4,0.457,54.8805,0.0,0.0,0.0
0500000US11001,"District of Columbia, District of Columbia",11,001,0,97388,50710,122363,160237,259555,46408,24454,681294,81152,248392,283502,677,29294,261,4743,33273,34281,35895,117153,14.3,52.1,19.1,28.4,6.3,69.2,14.3,3.6,15.4,11.9,36.5,41.6,0.1,4.3,0.0,0.7,4.9,5.03,7.3,31.4,0.5169,6.4674,0.0,0.0,0.0
0500000US12001,"Alachua County, Florida",12,001,141,32992,14823,45050,96213,92658,10714,20983,285492,35896,164433,54201,164,17238,50,1832,11678,19154,9520,103037,11.6,44.9,16.6,40.1,4.4,67.5,9.2,7.4,21.2,12.6,57.6,19.0,0.1,6.0,0.0,0.6,4.1,6.71,5.5,76.5,0.5163,38.7695,1.0,1.0,0.0
0500000US12003,"Baker County, Florida",12,003,7,406,142,845,9854,8892,1535,3037,28430,1155,22049,3111,1,234,0,0,1880,2584,2451,10420,1.4,35.0,3.2,43.4,4.5,73.2,16.7,11.8,11.8,4.1,77.6,10.9,0.0,0.8,0.0,0.0,6.6,9.09,12.9,86.9,0.3882,86.3057,1.0,1.0,0.0
0500000US12005,"Bay County, Florida",12,005,162,16046,8778,19156,55239,66670,9924,26234,186393,17061,135483,18301,378,3806,160,859,10345,2768,11433,78901,8.6,54.7,10.9,36.4,3.9,73.8,12.6,14.4,11.9,9.2,72.7,9.8,0.2,2.0,0.1,0.5,5.6,1.49,8.6,86.6,0.4409,73.1225,1.0,1.0,0.0
0500000US12007,"Bradford County, Florida",12,007,13,899,224,1312,11645,7753,1603,2796,27885,1407,20324,4304,7,198,0,13,1632,3734,3349,8870,3.2,24.9,5.0,51.0,4.7,73.0,17.3,11.6,16.8,5.0,72.9,15.4,0.0,0.7,0.0,0.0,5.9,13.39,16.6,84.0,0.4412,78.3807,1.0,1.0,0.0
0500000US12009,"Brevard County, Florida",12,009,168,61540,19061,74041,230697,231679,24283,61493,632780,77253,444256,59481,626,15334,418,5221,30191,8545,31757,231503,9.7,31.0,12.2,43.3,4.8,81.2,9.4,9.8,10.2,12.2,70.2,9.4,0.1,2.4,0.1,0.8,4.8,1.35,6.7,82.0,0.4574,59.9069,1.0,1.0,0.0
0500000US12011,"Broward County, Florida",12,011,631,729575,282741,818869,544708,834919,99630,244680,1977129,648085,607366,541305,2305,71862,1009,21073,84124,18518,135591,787771,36.9,38.8,43.8,33.7,5.4,82.6,13.2,12.5,12.2,32.8,30.7,27.4,0.1,3.6,0.1,1.1,4.3,0.94,9.6,79.5,0.4877,41.0447,1.0,1.0,0.0
0500000US12013,"Calhoun County, Florida",12,013,4,486,278,670,6304,3053,929,2066,13492,709,10191,1541,115,103,0,143,690,1763,1716,4135,3.6,57.2,5.2,56.4,8.0,68.2,20.0,17.6,20.7,5.3,75.5,11.4,0.9,0.8,0.0,1.1,5.1,13.07,17.4,92.6,0.4628,83.4941,1.0,1.0,0.0
0500000US12015,"Charlotte County, Florida",12,015,85,19620,6883,19824,102495,59061,6585,19049,201064,16501,163453,10151,116,2714,82,945,7102,4506,12521,57081,9.8,35.1,10.1,56.8,5.4,80.0,7.3,9.7,9.0,8.2,81.3,5.0,0.1,1.3,0.0,0.5,3.5,2.24,7.5,79.5,0.4479,66.6904,1.0,1.0,0.0
0500000US12017,"Citrus County, Florida",12,017,5,9049,2431,10342,84449,43297,8574,16607,162472,11303,138526,2772,351,2180,69,646,6625,2749,11132,43344,5.6,26.9,6.6,59.6,6.4,81.0,12.0,10.4,15.6,7.0,85.3,1.7,0.2,1.3,0.0,0.4,4.1,1.69,8.6,82.8,0.4898,72.6366,1.0,1.0,0.0
0500000US12019,"Clay County, Florida",12,019,134,15912,5553,23340,67522,87634,7240,18297,227584,26029,154249,26414,148,6830,268,2023,11623,2141,11861,88151,7.0,34.9,10.8,37.0,3.8,80.9,8.6,8.2,9.2,11.4,67.8,11.6,0.1,3.0,0.1,0.9,5.1,0.94,7.5,81.0,0.4017,69.1667,1.0,1.0,1.0
0500000US12021,"Collier County, Florida",12,021,87,98114,49483,124886,166509,138337,9273,44846,398291,112189,244399,25473,335,6116,95,1740,7944,4995,30903,131703,24.6,50.4,32.7,48.8,3.9,82.5,5.6,11.3,10.7,28.2,61.4,6.4,0.1,1.5,0.0,0.4,2.0,1.25,10.0,79.9,0.534,66.2139,1.0,0.0,1.0
0500000US12023,"Columbia County, Florida",12,023,41,3398,1621,5106,26325,21500,5611,8511,71789,5663,50441,11550,53,691,28,579,2784,4140,7018,25793,4.7,47.7,7.5,45.7,5.3,72.8,20.5,12.6,16.7,7.9,70.3,16.1,0.1,1.0,0.0,0.8,3.9,5.77,14.0,88.8,0.4492,74.744,1.0,1.0,0.0
0500000US12027,"DeSoto County, Florida",12,027,18,4819,3076,7542,15087,10187,2870,6709,35386,10635,19441,4365,59,33,27,77,749,2938,6951,12075,13.6,63.8,22.4,50.5,9.5,76.0,22.4,19.9,24.1,30.1,54.9,12.3,0.2,0.1,0.1,0.2,2.1,8.3,26.5,92.2,0.4415,71.1723,1.0,1.0,0.0
0500000US12029,"Dixie County, Florida",12,029,7,393,159,429,8632,3984,1075,2638,17058,786,14162,1023,81,31,0,29,946,1644,1963,4758,2.3,40.5,2.6,60.5,3.3,73.1,17.2,17.1,20.9,4.6,83.0,6.0,0.5,0.2,0.0,0.2,5.5,9.64,15.3,89.0,0.4085,84.9288,1.0,1.0,0.0
0500000US12031,"Duval County, Florida",12,031,150,124891,52599,155824,281263,417969,59377,110121,1023153,126467,495145,288306,819,50010,627,8251,53528,22453,61566,400884,12.2,42.1,16.3,34.3,4.5,83.7,14.3,11.0,14.1,12.4,48.4,28.2,0.1,4.9,0.1,0.8,5.2,2.19,8.7,79.3,0.473,50.1366,1.0,0.0,1.0
0500000US12033,"Escambia County, Florida",12,033,99,18565,8599,26483,102773,114815,19304,36218,325923,22701,201136,67729,718,9137,352,1355,22795,18433,20290,117600,5.7,46.3,8.6,38.7,5.9,80.3,15.0,11.7,14.7,7.0,61.7,20.8,0.2,2.8,0.1,0.4,7.0,5.66,9.1,78.4,0.4564,59.2344,1.0,1.0,0.0
0500000US12035,"Flagler County, Florida",12,035,14,16192,4258,18876,55296,40240,3987,13167,126528,14719,91650,11173,49,3035,9,782,5111,777,6519,39056,12.8,26.3,15.5,50.9,4.4,79.1,7.6,10.5,10.3,11.6,72.4,8.8,0.0,2.4,0.0,0.6,4.0,0.61,6.6,78.2,0.4688,63.793,1.0,1.0,0.0
0500000US12037,"Franklin County, Florida",12,037,5,525,303,710,5718,3194,707,1825,12553,707,9846,1336,8,8,0,8,640,1625,1545,3944,4.2,57.7,5.9,52.8,8.5,68.3,14.3,16.7,16.5,5.6,78.4,10.6,0.1,0.1,0.0,0.1,5.1,12.95,15.6,86.6,0.4729,71.4856,1.0,1.0,0.0
0500000US12039,"Gadsden County, Florida",12,039,16,2509,1647,4707,18383,10612,4340,6460,43710,5449,13693,22832,131,49,0,7,1549,3912,5633,13934,5.7,65.6,11.4,52.3,5.0,66.7,25.7,15.7,27.9,12.5,31.3,52.2,0.3,0.1,0.0,0.0,3.5,8.95,18.3,89.0,0.4633,34.2738,1.0,1.0,0.0
0500000US12041,"Gilchrist County, Florida",12,041,14,745,509,1131,7588,5617,1223,2324,19040,1529,16208,573,21,36,0,56,617,932,1768,6780,3.9,68.3,6.3,49.2,3.5,74.3,17.1,12.8,11.5,8.0,85.1,3.0,0.1,0.2,0.0,0.3,3.2,4.89,13.2,91.6,0.4927,83.5766,1.0,1.0,0.0
0500000US12043,"Glades County, Florida",12,043,3,1378,912,3080,6821,3314,734,2607,12563,3225,6859,1844,367,57,0,74,137,1386,2442,3416,11.0,66.2,25.2,60.8,7.1,81.3,16.3,22.8,17.2,25.7,54.6,14.7,2.9,0.5,0.0,0.6,1.1,11.03,24.7,87.7,0.464,76.416,1.0,1.0,0.0
0500000US12045,"Gulf County, Florida",12,045,13,569,291,850,7691,3862,714,1040,15131,737,11594,2045,19,94,16,0,626,2612,1800,4413,3.8,51.1,5.9,58.2,2.6,71.8,12.0,8.3,12.5,4.9,76.6,13.5,0.1,0.6,0.1,0.0,4.1,17.26,15.0,84.6,0.4818,76.8541,1.0,1.0,0.0
0500000US12047,"Hamilton County, Florida",12,047,9,606,240,1543,7008,2763,1225,1617,13616,1564,7418,4133,62,78,9,9,343,2455,1809,3481,4.5,39.6,12.0,62.3,6.7,69.7,28.6,14.5,20.1,11.5,54.5,30.4,0.5,0.6,0.1,0.1,2.5,18.03,18.4,89.0,0.4211,69.1436,1.0,1.0,0.0
0500000US12049,"Hardee County, Florida",12,049,16,3011,1897,7481,9536,8179,2048,4840,25675,10867,11912,1851,14,288,12,57,674,1767,3850,9011,11.7,63.0,31.0,47.4,5.9,82.3,24.9,20.1,25.3,42.3,46.4,7.2,0.1,1.1,0.0,0.2,2.6,6.88,23.1,92.2,0.5135,77.8092,1.0,1.0,0.0
0500000US12051,"Hendry County, Florida",12,051,48,12730,7419,20548,13609,15176,2575,9028,42382,24422,11981,4448,397,489,0,121,524,2399,8686,15929,30.0,58.3,51.8,41.1,4.4,81.4,18.2,21.7,22.5,57.6,28.3,10.5,0.9,1.2,0.0,0.3,1.2,5.66,32.0,86.3,0.476,68.7444,1.0,1.0,0.0
0500000US12053,"Hernando County, Florida",12,053,45,17411,5585,26270,83871,69001,10208,22960,207018,35111,149211,9793,481,2716,223,1791,7692,2052,14837,68578,8.4,32.1,13.3,48.3,5.3,81.3,12.4,11.2,11.7,17.0,72.1,4.7,0.2,1.3,0.1,0.9,3.7,0.99,9.6,82.1,0.4262,68.1591,1.0,1.0,1.0
0500000US12055,"Highlands County, Florida",12,055,18,11458,5256,21517,50904,28295,7346,14402,105702,23465,66703,9819,200,1598,13,618,3286,1678,10977,31290,10.8,45.9,21.2,56.4,6.4,77.0,15.7,13.8,15.3,22.2,63.1,9.3,0.2,1.5,0.0,0.6,3.1,1.59,13.4,87.4,0.4567,70.0934,1.0,1.0,0.0
0500000US12057,"Hillsborough County, Florida",12,057,276,300278,142657,441619,422544,643422,77704,167911,1522748,462209,682692,233485,1071,68385,875,11850,62181,29652,108143,569639,19.7,47.5,30.7,34.3,4.5,83.9,13.3,11.1,12.7,30.4,44.8,15.3,0.1,4.5,0.1,0.8,4.1,1.95,10.3,75.1,0.4849,50.8959,1.0,1.0,0.0
0500000US12059,"Holmes County, Florida",12,059,3,515,149,954,8257,4980,1000,2300,19513,716,16427,1124,72,121,17,89,947,1803,1771,6781,2.6,28.9,5.1,51.5,4.5,67.4,14.3,13.0,14.0,3.7,84.2,5.8,0.4,0.6,0.1,0.5,4.9,9.24,12.5,92.3,0.4354,89.8749,1.0,1.0,0.0
0500000US12061,"Indian River County, Florida",12,061,100,16738,5615,22637,74367,54623,5342,16491,166936,23133,120959,12900,377,2494,45,1173,5855,1702,10545,54619,10.0,33.5,14.1,51.4,4.5,82.1,7.5,10.0,11.1,13.9,72.5,7.7,0.2,1.5,0.0,0.7,3.5,1.02,8.0,83.1,0.4983,63.3598,1.0,1.0,0.0
0500000US12063,"Jackson County, Florida",12,063,7,1027,388,2768,22618,10622,3234,3585,48250,2598,30699,12165,96,272,33,81,2306,7110,5698,15250,2.1,37.8,6.0,55.9,4.5,62.6,18.7,8.6,19.5,5.4,63.6,25.2,0.2,0.6,0.1,0.2,4.8,14.74,16.1,90.8,0.4277,72.7396,1.0,1.0,0.0
0500000US12065,"Jefferson County, Florida",12,065,36,477,171,735,5996,4817,1184,1358,15091,765,9097,4188,9,179,15,76,762,1124,1306,5576,3.2,35.8,5.1,46.6,7.4,76.0,20.6,9.7,21.0,5.1,60.3,27.8,0.1,1.2,0.1,0.5,5.0,7.45,11.6,90.9,0.4515,58.9391,1.0,1.0,0.0
0500000US12067,"Lafayette County, Florida",12,067,2,558,419,883,3912,2013,437,638,8161,1042,5485,1427,4,3,0,0,200,1451,1071,2422,6.8,75.1,11.3,56.2,10.9,74.0,16.6,9.5,17.5,12.8,67.2,17.5,0.0,0.0,0.0,0.0,2.5,17.78,17.8,89.4,0.4064,87.7529,1.0,1.0,0.0
0500000US12069,"Lake County, Florida",12,069,64,44239,17708,63362,159109,143418,15818,39165,412924,77473,262750,41979,295,8387,456,3301,18283,4608,26506,140015,10.7,40.0,16.1,46.2,5.0,81.7,9.6,9.6,8.9,18.8,63.6,10.2,0.1,2.0,0.1,0.8,4.4,1.12,8.6,81.0,0.4324,61.9521,1.0,1.0,0.0
0500000US12071,"Lee County, Florida",12,071,213,154309,78355,201586,322034,295810,27154,105022,817666,202269,507047,62363,442,13788,271,5424,26062,13150,60220,282348,18.9,50.8,25.8,46.4,4.0,82.8,8.3,12.9,12.0,24.7,62.0,7.6,0.1,1.7,0.0,0.7,3.2,1.61,9.7,80.6,0.4789,63.8575,1.0,1.0,1.0
0500000US12073,"Leon County, Florida",12,073,161,22129,10000,30896,86320,100761,14294,21833,297542,24307,158275,89710,115,10490,119,1540,12986,18666,11017,119491,7.4,45.2,10.9,34.7,5.7,66.0,11.7,7.4,18.7,8.2,53.2,30.2,0.0,3.5,0.0,0.5,4.4,6.27,6.2,79.7,0.4992,38.518,1.0,1.0,0.0
0500000US12075,"Levy County, Florida",12,075,0,1753,937,3177,18564,13179,3201,5920,45391,4706,34652,3516,57,251,13,198,1998,376,4006,15825,3.9,53.5,7.4,49.7,4.1,73.1,17.2,13.1,17.4,10.4,76.3,7.7,0.1,0.6,0.0,0.4,4.4,0.83,11.9,89.5,0.4748,74.8421,1.0,1.0,0.0
0500000US12077,"Liberty County, Florida",12,077,6,275,166,549,3667,1570,684,509,7687,489,5892,887,37,18,4,9,351,1563,1156,2389,3.6,60.4,7.4,56.9,6.6,60.4,26.7,8.2,17.5,6.4,76.6,11.5,0.5,0.2,0.1,0.1,4.6,20.33,20.3,92.8,0.455,83.0372,1.0,1.0,0.0
0500000US12079,"Madison County, Florida",12,079,1,653,365,921,8948,4567,1197,2014,18089,1051,9722,6429,9,22,0,74,782,1735,2693,5289,3.6,55.9,5.3,58.4,5.8,75.9,17.2,12.3,21.0,5.8,53.7,35.5,0.0,0.1,0.0,0.4,4.3,9.59,19.9,90.4,0.4393,64.1547,1.0,1.0,0.0
0500000US12081,"Manatee County, Florida",12,081,90,62221,30162,81476,164192,155757,13315,50165,429792,78657,290557,32707,240,9522,275,1619,16215,5079,29691,149323,14.5,48.5,19.8,45.1,4.6,81.9,7.5,11.8,9.8,18.3,67.6,7.6,0.1,2.2,0.1,0.4,3.8,1.18,9.1,79.8,0.4736,61.3851,1.0,1.0,0.0
0500000US12083,"Marion County, Florida",12,083,15,37761,15745,61002,170304,127135,21760,49167,400078,68129,262011,46349,506,6921,318,2216,13628,8494,31062,130558,9.4,41.7,16.0,50.9,4.8,81.5,13.2,12.5,14.4,17.0,65.5,11.6,0.1,1.7,0.1,0.6,3.4,2.12,10.4,85.6,0.4476,65.469,1.0,1.0,0.0
0500000US12085,"Martin County, Florida",12,085,19,18029,8208,23668,66831,57977,4446,16642,162176,25843,121241,7569,99,2120,57,464,4783,4059,8792,54188,11.1,45.5,15.2,48.0,4.9,84.3,6.6,10.5,11.3,15.9,74.8,4.7,0.1,1.3,0.0,0.3,2.9,2.5,7.0,80.3,0.5078,65.2359,1.0,1.0,0.0
0500000US12086,"Miami-Dade County, Florida",12,086,302,1493272,606523,1949758,805149,1125754,222489,368969,2738356,1898211,344354,384902,1814,40782,446,15619,52228,44400,315376,1055177,54.5,40.6,75.3,35.7,4.6,81.5,22.8,13.6,14.7,69.3,12.6,14.1,0.1,1.5,0.0,0.6,1.9,1.62,16.1,77.8,0.5134,55.3503,1.0,1.0,0.0
0500000US12087,"Monroe County, Florida",12,087,7,16212,6578,17391,26426,31049,2573,10216,81860,20132,52162,5531,16,858,35,753,2373,1563,4432,30944,19.8,40.6,22.2,37.4,2.9,74.9,7.5,12.8,10.6,24.6,63.7,6.8,0.0,1.0,0.0,0.9,2.9,1.91,6.9,73.2,0.5168,58.7981,1.0,1.0,0.0
0500000US12089,"Nassau County, Florida",12,089,51,3770,1125,5195,34008,36290,2714,6986,97859,5570,81628,5372,121,1294,23,576,3275,825,5203,37126,3.9,29.8,5.6,41.9,4.5,81.8,6.9,7.2,9.7,5.7,83.4,5.5,0.1,1.3,0.0,0.6,3.3,0.84,7.1,84.0,0.4461,73.059,1.0,1.0,0.0
0500000US12091,"Okaloosa County, Florida",12,091,119,19914,10845,25335,60846,69156,6711,23695,216599,24572,150004,19735,286,7038,247,1124,13593,4593,10057,92884,9.2,54.5,12.5,35.1,3.8,72.3,7.9,11.8,9.3,11.3,69.3,9.1,0.1,3.2,0.1,0.5,6.3,2.12,6.7,87.0,0.439,70.6721,1.0,1.0,0.0
0500000US12093,"Okeechobee County, Florida",12,093,3,5455,2775,8634,16657,11808,2483,6584,40816,10673,25240,3061,142,283,0,131,1286,2700,5750,13653,13.4,50.9,22.4,49.9,4.4,74.0,16.4,17.2,18.0,26.1,61.8,7.5,0.3,0.7,0.0,0.3,3.2,6.62,19.8,86.9,0.4457,76.6907,1.0,1.0,0.0
0500000US12095,"Orange County, Florida",12,095,301,358269,181600,534188,387620,640771,72240,175523,1471937,497773,528247,280842,994,78015,1172,14644,70250,38444,95113,578055,24.3,50.7,38.5,32.5,5.5,84.4,13.7,12.0,13.0,33.8,35.9,19.1,0.1,5.3,0.1,1.0,4.8,2.61,9.4,77.2,0.4777,42.5361,1.0,1.0,0.0
0500000US12097,"Osceola County, Florida",12,097,80,113785,58150,219739,115006,178854,24572,45163,427415,239150,116050,42216,133,11693,138,3964,14071,2290,30252,172203,26.6,51.1,54.7,33.9,5.4,84.4,17.2,10.6,12.8,56.0,27.2,9.9,0.0,2.7,0.0,0.9,3.3,0.54,10.5,82.9,0.4314,50.1869,1.0,1.0,0.0
0500000US12099,"Palm Beach County, Florida",12,099,243,424481,185616,498452,516171,595583,60523,200373,1533806,374740,760739,277548,875,43187,612,13207,62898,26888,122319,557815,27.7,43.7,34.2,40.4,5.5,82.7,10.0,13.2,11.3,24.4,49.6,18.1,0.1,2.8,0.0,0.9,4.1,1.75,10.8,79.4,0.5195,49.1929,1.0,1.0,0.0
0500000US12101,"Pasco County, Florida",12,101,91,75194,28884,110728,212708,224056,25322,60201,611444,113819,412811,36857,587,20570,283,3395,23122,7797,37602,206225,12.3,38.4,19.0,42.3,4.9,81.5,10.7,9.9,11.1,18.6,67.5,6.0,0.1,3.4,0.0,0.6,3.8,1.28,8.5,76.1,0.4591,62.1027,1.0,1.0,0.0
0500000US12103,"Pinellas County, Florida",12,103,192,119232,40400,147641,343082,385526,36876,99098,963481,108089,684141,90873,865,34822,643,5378,38670,21760,54244,343569,12.4,33.9,15.9,41.2,4.4,82.6,8.6,10.4,11.5,11.2,71.0,9.4,0.1,3.6,0.1,0.6,4.0,2.26,7.2,74.7,0.4881,52.1148,1.0,1.0,0.0
0500000US12105,"Polk County, Florida",12,105,246,99373,53060,207206,267543,296446,42205,97022,790694,230841,401528,111326,620,14071,274,5480,26554,15835,66336,289536,12.6,53.4,27.8,42.0,4.8,84.5,14.6,12.4,14.5,29.2,50.8,14.1,0.1,1.8,0.0,0.7,3.4,2.0,12.1,83.8,0.4467,59.9098,1.0,1.0,0.0
0500000US12107,"Putnam County, Florida",12,107,26,3562,2207,6416,32065,21368,7110,10407,75164,8421,52090,11066,152,396,0,318,2721,1375,9520,22920,4.7,62.0,9.0,52.5,7.4,79.7,22.7,14.1,23.4,11.2,69.3,14.7,0.2,0.5,0.0,0.4,3.6,1.83,17.7,87.1,0.4833,73.6105,1.0,1.0,0.0
0500000US12109,"St. Johns County, Florida",12,109,195,28971,9990,33444,98051,119598,4890,16173,306934,27846,237648,14918,152,11455,103,1804,13008,3213,9351,100729,9.4,34.5,11.4,39.4,3.3,82.5,4.2,5.3,6.5,9.1,77.4,4.9,0.0,3.7,0.0,0.6,4.2,1.05,4.2,70.3,0.4555,65.2086,1.0,1.0,1.0
0500000US12111,"St. Lucie County, Florida",12,111,98,65657,22979,84426,131252,126218,16751,40803,360500,78741,184223,75302,398,7046,123,2146,12521,3285,28457,130932,18.2,35.0,24.6,44.0,6.1,80.5,12.2,11.4,12.3,21.8,51.1,20.9,0.1,2.0,0.0,0.6,3.5,0.91,10.8,84.9,0.4402,54.1741,1.0,1.0,0.0
0500000US12113,"Santa Rosa County, Florida",12,113,44,9666,3392,12229,64674,66937,7071,19170,198472,13647,155619,10888,238,3861,368,1411,12440,4910,9747,75703,4.9,35.1,6.5,40.2,4.5,77.3,9.7,10.2,8.8,6.9,78.4,5.5,0.1,1.9,0.2,0.7,6.3,2.47,6.9,84.6,0.4172,74.9958,1.0,1.0,0.0
0500000US12115,"Sarasota County, Florida",12,115,185,59568,21546,65750,206088,155943,11108,44825,459547,48971,367787,17786,494,8790,211,2409,13099,8182,19340,148603,13.0,36.2,14.8,51.1,3.7,82.2,5.2,9.9,8.6,10.7,80.0,3.9,0.1,1.9,0.0,0.5,2.9,1.78,5.2,80.0,0.5052,58.7402,1.0,1.0,0.0
0500000US12117,"Seminole County, Florida",12,117,169,72673,27791,105501,130276,212285,17186,45606,481470,115251,263299,53562,388,25561,255,2886,20268,4663,20678,187414,15.1,38.2,23.1,33.0,4.2,83.8,9.2,9.5,9.0,23.9,54.7,11.1,0.1,5.3,0.1,0.6,4.2,0.97,6.0,75.1,0.4426,51.1317,1.0,1.0,0.0
0500000US12119,"Sumter County, Florida",12,119,6,8779,3029,9307,99810,26851,4027,7023,143408,9163,119928,9103,234,1466,30,619,2865,7861,9379,24909,6.1,34.5,6.6,74.2,5.4,81.9,5.7,5.2,9.7,6.4,83.6,6.3,0.2,1.0,0.0,0.4,2.0,5.48,7.3,77.4,0.433,68.5567,1.0,1.0,0.0
0500000US12121,"Suwannee County, Florida",12,121,24,2733,1495,3926,18458,13458,2569,4832,45342,5348,32917,4308,100,302,0,180,2187,2033,4747,15417,6.0,54.7,9.1,49.5,6.3,76.2,15.9,11.1,15.0,11.8,72.6,9.5,0.2,0.7,0.0,0.4,4.8,4.48,14.8,88.4,0.4445,80.2202,1.0,1.0,0.0
0500000US12123,"Taylor County, Florida",12,123,9,1139,813,1279,9948,4916,1351,2125,21503,919,15373,4079,73,132,108,139,680,2570,2319,6139,5.3,71.4,6.2,56.5,5.4,68.3,16.9,11.2,17.3,4.3,71.5,19.0,0.3,0.6,0.5,0.6,3.2,11.95,14.8,86.8,0.5139,79.5639,1.0,1.0,1.0
0500000US12125,"Union County, Florida",12,125,9,313,241,705,7922,3105,726,869,15701,846,10998,2302,0,38,7,29,1481,4471,2391,4203,2.0,77.0,4.7,62.0,4.8,68.6,16.8,7.8,19.5,5.4,70.0,14.7,0.0,0.2,0.0,0.2,9.4,28.48,21.4,91.6,0.4789,83.8389,1.0,1.0,0.0
0500000US12127,"Volusia County, Florida",12,127,272,51097,20229,86939,221967,213036,29057,58454,579622,94499,391808,59786,690,11446,226,2368,18799,16719,34356,207697,8.8,39.6,15.7,45.2,4.1,83.0,12.0,10.2,11.8,16.3,67.6,10.3,0.1,2.0,0.0,0.4,3.2,2.88,7.9,82.0,0.4491,60.4484,1.0,1.0,0.0
0500000US12129,"Wakulla County, Florida",12,129,43,979,483,1733,12058,10012,1557,2213,35387,1737,27147,4840,113,131,0,177,1242,2842,2965,14812,2.8,49.3,5.2,41.5,3.3,60.8,12.2,6.8,6.7,4.9,76.7,13.7,0.3,0.4,0.0,0.5,3.5,8.03,11.6,91.1,0.3955,71.7466,1.0,1.0,0.0
0500000US12131,"Walton County, Florida",12,131,105,6149,2621,6677,27626,30276,3236,11948,82948,7154,67337,3370,261,920,25,378,3503,1672,4769,30157,7.4,42.6,8.5,40.9,4.9,79.9,9.4,14.7,12.5,8.6,81.2,4.1,0.3,1.1,0.0,0.5,4.2,2.02,7.9,80.5,0.5228,78.567,1.0,1.0,0.0
0500000US12133,"Washington County, Florida",12,133,8,683,273,1006,11147,6867,1154,3229,25529,1026,19379,3432,129,150,0,33,1380,2644,2927,8468,2.7,40.0,4.1,53.2,3.6,72.9,12.4,14.1,17.3,4.0,75.9,13.4,0.5,0.6,0.0,0.1,5.4,10.36,15.7,90.2,0.438,82.4062,1.0,1.0,0.0
0500000US13001,"Appling County, Georgia",13,001,0,998,664,1769,6595,5765,1406,3053,18493,1992,12492,3351,17,73,0,1,567,498,1962,6960,5.4,66.5,10.2,45.4,3.1,75.4,19.6,16.8,22.5,10.8,67.5,18.1,0.1,0.4,0.0,0.0,3.1,2.69,15.6,92.8,0.4536,81.1255,1.0,0.0,0.0
0500000US13003,"Atkinson County, Georgia",13,003,0,1117,1003,1987,2624,2989,845,2167,8337,2295,4469,1136,0,0,0,0,437,25,1761,3332,13.4,89.8,25.7,40.8,4.8,82.5,26.2,26.1,25.0,27.5,53.6,13.6,0.0,0.0,0.0,0.0,5.2,0.3,31.4,96.2,0.4363,76.8728,1.0,0.0,1.0
0500000US13005,"Bacon County, Georgia",13,005,0,391,287,826,4282,3305,878,1601,11109,944,8026,1487,0,96,12,0,544,364,1036,3815,3.5,73.4,8.0,49.2,2.6,77.2,20.9,14.9,24.5,8.5,72.2,13.4,0.0,0.9,0.1,0.0,4.9,3.28,14.1,90.1,0.4982,86.5055,1.0,0.0,0.0
0500000US13007,"Baker County, Georgia",13,007,3,131,113,295,1316,784,168,531,2790,118,1421,1028,0,168,0,3,52,74,218,821,4.7,86.3,10.8,55.5,6.7,79.6,15.2,19.0,26.3,4.2,50.9,36.8,0.0,6.0,0.0,0.1,1.9,2.65,10.2,84.3,0.5266,59.8238,0.0,0.0,0.0
0500000US13009,"Baldwin County, Georgia",13,009,11,1440,729,1934,19247,12095,2679,4923,43642,1255,22445,18040,31,759,153,109,850,5760,3590,14577,3.3,50.6,4.6,52.3,6.2,73.4,16.2,12.2,21.7,2.9,51.4,41.3,0.1,1.7,0.4,0.2,1.9,13.2,12.9,89.1,0.5423,50.8579,0.0,0.0,0.0
0500000US13011,"Banks County, Georgia",13,011,8,1107,566,1417,6080,7223,618,2271,19264,1409,16487,520,27,357,0,0,464,0,2322,8222,5.7,51.1,7.8,39.0,2.9,78.3,9.0,11.8,11.3,7.3,85.6,2.7,0.1,1.9,0.0,0.0,2.4,0.0,17.0,90.3,0.4088,88.9628,0.0,0.0,0.0
0500000US13013,"Barrow County, Georgia",13,013,55,9105,4338,14503,22616,36655,2693,13753,89886,13741,56441,12355,48,3610,0,332,3359,386,6798,39571,10.1,47.6,17.2,32.4,3.7,80.7,8.7,15.4,9.6,15.3,62.8,13.7,0.1,4.0,0.0,0.4,3.7,0.43,11.4,88.9,0.385,69.9458,0.0,0.0,0.0
0500000US13015,"Bartow County, Georgia",13,015,68,5545,2755,10206,31188,45552,3559,16574,113113,12015,82917,11818,53,1203,505,970,3632,1027,8846,47663,4.9,49.7,9.6,34.6,4.7,81.5,8.7,14.8,10.3,10.6,73.3,10.4,0.0,1.1,0.4,0.9,3.2,0.91,11.4,86.4,0.4146,75.1925,0.0,0.0,0.0
0500000US13017,"Ben Hill County, Georgia",13,017,5,468,371,1139,6037,5722,1511,3199,17089,1162,9100,6485,32,74,0,52,184,291,1871,6305,2.7,79.3,7.1,44.9,3.1,79.8,21.3,19.0,25.2,6.8,53.3,37.9,0.2,0.4,0.0,0.3,1.1,1.7,16.1,88.9,0.4429,65.8514,0.0,0.0,0.0
0500000US13019,"Berrien County, Georgia",13,019,0,290,166,720,6392,5600,1658,2679,18352,1127,14513,2054,31,22,28,2,575,174,2112,6863,1.6,57.2,4.2,43.6,3.7,71.7,23.5,14.9,20.6,6.1,79.1,11.2,0.2,0.1,0.2,0.0,3.1,0.95,16.6,87.2,0.465,84.7918,0.0,0.0,0.0
0500000US13021,"Bibb County, Georgia",13,021,87,5947,3373,8601,53022,50861,13362,20773,156578,7371,53734,85584,72,3557,73,1222,4965,6235,12999,53419,3.8,56.7,5.9,43.3,8.1,80.1,22.3,13.6,24.7,4.7,34.3,54.7,0.0,2.3,0.0,0.8,3.2,3.98,12.6,85.7,0.5216,38.5337,0.0,1.0,0.0
0500000US13023,"Bleckley County, Georgia",13,023,4,155,80,306,4563,3355,1000,876,12430,472,8381,3232,16,116,0,0,213,1240,1111,4673,1.2,51.6,2.6,44.6,5.9,63.2,22.4,7.3,19.3,3.8,67.4,26.0,0.1,0.9,0.0,0.0,1.7,9.98,13.6,90.3,0.4821,77.5149,0.0,0.0,0.0
0500000US13025,"Brantley County, Georgia",13,025,11,238,71,279,7181,5675,1249,3663,18315,572,16631,586,0,97,0,0,429,63,2099,7019,1.3,29.8,1.6,48.1,2.8,75.4,18.9,20.1,17.1,3.1,90.8,3.2,0.0,0.5,0.0,0.0,2.3,0.34,16.2,94.8,0.4349,91.1059,0.0,0.0,0.0
0500000US13027,"Brooks County, Georgia",13,027,1,544,305,945,6589,5204,1251,2565,16293,1112,8695,5339,8,235,0,253,651,355,1783,5804,3.3,56.1,6.1,49.0,5.0,79.9,20.7,16.1,25.4,6.8,53.4,32.8,0.0,1.4,0.0,1.6,4.0,2.18,15.5,91.1,0.4832,63.2455,0.0,0.0,0.0
0500000US13029,"Bryan County, Georgia",13,029,15,3044,814,4740,10429,17188,1314,3104,48263,3972,33641,6355,12,1244,20,126,2893,160,2226,20897,6.3,26.7,10.6,29.1,5.3,77.6,7.9,6.7,6.7,8.2,69.7,13.2,0.0,2.6,0.0,0.3,6.0,0.33,7.3,87.5,0.4126,67.8999,0.0,0.0,0.0
0500000US13031,"Bulloch County, Georgia",13,031,34,3304,1736,5179,27565,27683,5085,8914,82683,4263,50809,23214,91,1195,31,298,2782,6052,4743,31381,4.0,52.5,6.6,40.4,8.2,74.4,16.5,10.9,23.0,5.2,61.5,28.1,0.1,1.4,0.0,0.4,3.4,7.32,10.1,86.7,0.4846,64.2588,0.0,0.0,0.0
0500000US13033,"Burke County, Georgia",13,033,4,411,167,702,8036,8142,1736,3350,24470,872,11754,11012,26,122,0,0,684,230,2875,9301,1.7,40.6,3.1,41.7,5.0,76.2,18.9,13.8,18.3,3.6,48.0,45.0,0.1,0.5,0.0,0.0,2.8,0.94,18.1,88.4,0.5478,54.4444,0.0,1.0,0.0
0500000US13035,"Butts County, Georgia",13,035,29,245,99,969,9853,8720,1324,2947,26496,1022,17009,6436,125,68,0,177,1659,2475,2875,9971,0.9,40.4,3.9,45.5,3.2,76.8,14.8,12.3,10.4,3.9,64.2,24.3,0.5,0.3,0.0,0.7,6.3,9.34,15.6,88.3,0.3894,72.3865,0.0,0.0,0.0
0500000US13037,"Calhoun County, Georgia",13,037,0,171,153,424,3168,1136,546,537,5498,303,1800,3209,12,24,0,8,142,1718,883,1271,3.1,89.5,8.0,66.4,6.0,75.4,34.3,14.2,22.8,5.5,32.7,58.4,0.2,0.4,0.0,0.1,2.6,31.25,21.1,85.6,0.5496,43.7743,0.0,0.0,0.0
0500000US13039,"Camden County, Georgia",13,039,3,1673,631,3194,17467,15532,2278,4657,56970,4325,38766,9231,77,974,0,385,3212,1620,2339,21714,2.9,37.7,6.0,39.1,5.4,71.3,10.5,8.9,12.9,7.6,68.0,16.2,0.1,1.7,0.0,0.7,5.6,2.84,6.3,84.5,0.3927,67.5141,0.0,0.0,0.0
0500000US13043,"Candler County, Georgia",13,043,1,640,504,1286,4183,3107,934,1620,11043,1416,6461,2479,62,64,0,37,524,296,1249,4284,5.8,78.8,12.2,47.3,2.5,68.8,22.5,15.1,16.3,12.8,58.5,22.4,0.6,0.6,0.0,0.3,4.7,2.68,17.2,95.2,0.4417,73.6865,0.0,0.0,0.0
0500000US13045,"Carroll County, Georgia",13,045,80,7101,4763,9328,36475,46695,6397,14837,124569,10771,83070,22683,337,1060,0,1386,5262,3185,11329,49717,5.7,67.1,8.0,37.0,5.9,79.9,14.5,12.0,15.4,8.6,66.7,18.2,0.3,0.9,0.0,1.1,4.2,2.56,14.2,86.8,0.4399,70.3144,0.0,0.0,0.0
0500000US13047,"Catoosa County, Georgia",13,047,5,1941,784,3347,21177,26170,3146,7493,68634,2778,60284,901,32,1045,7,391,3196,523,4971,29095,2.8,40.4,5.1,38.0,4.3,79.2,11.8,11.0,9.9,4.0,87.8,1.3,0.0,1.5,0.0,0.6,4.7,0.76,10.3,89.2,0.4265,77.4873,0.0,1.0,1.0
0500000US13049,"Charlton County, Georgia",13,049,0,344,110,482,5086,3821,1064,1975,12818,1980,6969,3183,45,135,0,0,506,581,1529,4849,2.7,32.0,3.9,46.3,14.0,75.5,25.2,16.2,18.1,15.4,54.4,24.8,0.4,1.1,0.0,0.0,3.9,4.53,18.5,96.8,0.4649,77.9386,0.0,0.0,0.0
0500000US13051,"Chatham County, Georgia",13,051,164,26309,14020,32265,89101,116065,14265,37678,300879,24958,136324,115398,156,9097,370,2848,11728,11937,18326,118905,8.7,53.3,11.4,36.3,5.9,80.4,11.8,12.9,14.3,8.3,45.3,38.4,0.1,3.0,0.1,0.9,3.9,3.97,8.9,82.4,0.4721,40.6324,0.0,0.0,0.0
0500000US13053,"Chattahoochee County, Georgia",13,053,0,423,143,1373,1302,888,419,226,8887,1594,4804,1714,37,279,30,124,305,4534,147,4155,4.8,33.8,16.5,17.1,9.1,70.7,22.5,6.1,13.9,17.9,54.1,19.3,0.4,3.1,0.3,1.4,3.4,51.02,3.5,68.8,0.3981,57.9693,0.0,0.0,0.0
0500000US13055,"Chattooga County, Georgia",13,055,5,877,556,1419,10189,7415,1724,3096,25036,1436,20291,2238,16,91,5,4,955,1501,4327,8692,3.5,63.4,6.0,50.5,5.4,78.6,18.8,13.1,21.2,5.7,81.0,8.9,0.1,0.4,0.0,0.0,3.8,6.0,24.6,94.6,0.4305,81.9073,0.0,0.0,0.0
0500000US13057,"Cherokee County, Georgia",13,057,151,28874,16540,35477,70858,125043,3534,28979,281032,34879,207641,19761,105,6675,79,1534,10358,1991,14618,111413,10.3,57.3,13.3,31.5,3.2,84.0,3.5,10.4,7.0,12.4,73.9,7.0,0.0,2.4,0.0,0.5,3.7,0.71,7.5,75.9,0.4096,69.1036,0.0,0.0,0.0
0500000US13059,"Clarke County, Georgia",13,059,81,12889,8669,19404,41287,45336,5127,14352,129609,15269,70120,33135,219,5371,20,493,4982,10447,7709,49886,9.9,67.3,15.7,37.5,5.2,69.9,9.4,11.2,26.0,11.8,54.1,25.6,0.2,4.1,0.0,0.4,3.8,8.06,10.3,78.2,0.5014,30.3458,0.0,0.0,0.0
0500000US13061,"Clay County, Georgia",13,061,0,9,0,47,1215,897,322,218,2850,0,1063,1725,1,0,0,0,61,59,272,1036,0.3,0.0,1.7,50.3,4.5,78.3,26.2,7.8,21.0,0.0,37.3,60.5,0.0,0.0,0.0,0.0,2.1,2.07,13.8,94.8,0.4406,45.9778,0.0,0.0,0.0
0500000US13063,"Clayton County, Georgia",13,063,101,40192,19183,58300,76103,113710,20461,50380,298924,43419,23412,204842,293,14728,189,2085,9956,3871,27619,115341,13.4,47.7,20.9,33.3,7.2,80.7,19.3,17.0,17.9,14.5,7.8,68.5,0.1,4.9,0.1,0.7,3.3,1.29,14.5,83.9,0.4246,15.1053,0.0,0.0,0.0
0500000US13065,"Clinch County, Georgia",13,065,0,398,337,523,2792,1807,616,1470,6759,448,4278,1734,73,20,0,0,206,507,1004,2120,5.9,84.7,8.3,52.1,2.1,71.8,25.4,22.0,26.1,6.6,63.3,25.7,1.1,0.3,0.0,0.0,3.0,7.5,21.8,84.2,0.5117,75.6878,0.0,0.0,0.0
0500000US13067,"Cobb County, Georgia",13,067,585,127993,66353,160479,183750,349193,18374,92403,775208,116854,364994,204510,501,42241,241,7081,38786,9469,37265,296030,16.5,51.8,21.9,29.5,4.5,83.7,6.2,12.0,8.7,15.1,47.1,26.4,0.1,5.4,0.0,0.9,5.0,1.22,7.0,72.5,0.4464,42.0259,0.0,0.0,0.0
0500000US13069,"Coffee County, Georgia",13,069,3,3073,2143,5186,15691,13170,3067,7191,43347,5861,24094,12155,46,319,4,159,709,3506,5622,15526,7.1,69.7,12.8,46.4,4.4,76.4,20.0,17.9,23.1,13.5,55.6,28.0,0.1,0.7,0.0,0.4,1.6,8.09,19.5,90.6,0.4807,72.4658,0.0,0.0,0.0
0500000US13071,"Colquitt County, Georgia",13,071,14,5115,3818,8232,14485,16625,3304,9374,46224,9617,24715,10542,88,421,0,24,817,976,5842,18118,11.1,74.6,19.1,40.4,4.3,81.4,19.7,20.5,22.9,20.8,53.5,22.8,0.2,0.9,0.0,0.1,1.8,2.11,19.3,89.8,0.4533,74.9564,0.0,0.0,0.0
0500000US13073,"Columbia County, Georgia",13,073,78,11928,4830,17099,45189,54167,3669,14699,162434,12985,102633,30392,133,7675,0,1288,7328,966,8206,67518,7.3,40.5,11.2,35.5,4.8,72.5,6.7,9.3,7.5,8.0,63.2,18.7,0.1,4.7,0.0,0.8,4.5,0.59,7.5,87.5,0.4087,62.45,0.0,0.0,1.0
0500000US13075,"Cook County, Georgia",13,075,6,428,337,969,5724,5489,964,2614,17532,1335,10615,4839,0,72,0,141,530,283,1881,7135,2.4,78.7,5.9,42.0,3.6,74.1,15.3,15.3,17.7,7.6,60.5,27.6,0.0,0.4,0.0,0.8,3.0,1.61,16.4,94.9,0.492,73.0461,0.0,0.0,0.0
0500000US13077,"Coweta County, Georgia",13,077,73,10079,5474,13338,43928,61759,3861,12870,152852,12522,102811,27767,61,3183,3,709,5796,821,8366,62049,6.6,54.3,9.2,36.0,3.1,81.7,6.9,8.5,7.4,8.2,67.3,18.2,0.0,2.1,0.0,0.5,3.8,0.54,8.0,83.3,0.4133,66.5813,0.0,1.0,0.0
0500000US13079,"Crawford County, Georgia",13,079,0,264,113,358,4268,3932,640,1440,12225,481,8786,2572,71,16,0,0,299,168,1286,4829,2.2,42.8,3.1,42.7,2.4,70.5,14.4,11.9,11.6,3.9,71.9,21.0,0.6,0.1,0.0,0.0,2.4,1.37,14.9,88.0,0.4436,74.795,0.0,0.0,0.0
0500000US13081,"Crisp County, Georgia",13,081,1,616,296,638,6968,6163,2125,2824,19790,715,9537,8861,11,99,0,103,464,334,2176,7003,3.1,48.1,3.5,44.1,7.5,75.5,26.9,14.5,23.3,3.6,48.2,44.8,0.1,0.5,0.0,0.5,2.3,1.69,16.2,89.5,0.5022,62.8265,0.0,0.0,0.0
0500000US13083,"Dade County, Georgia",13,083,1,294,150,471,5716,5904,640,1536,16165,465,14799,181,5,196,0,16,503,1101,1299,6058,1.8,51.0,3.1,43.2,3.2,81.3,10.5,9.6,8.2,2.9,91.5,1.1,0.0,1.2,0.0,0.1,3.1,6.81,11.4,84.8,0.4468,82.9756,0.0,1.0,0.0
0500000US13085,"Dawson County, Georgia",13,085,11,1570,844,1849,9328,11100,824,3551,30242,2208,25904,588,9,382,0,164,987,142,2167,12258,5.2,53.8,6.5,37.4,3.5,74.1,7.1,11.8,8.5,7.3,85.7,1.9,0.0,1.3,0.0,0.5,3.3,0.47,10.0,82.7,0.4141,82.3833,0.0,1.0,0.0
0500000US13087,"Decatur County, Georgia",13,087,10,1083,751,1864,11053,8269,2417,3886,29195,2067,14161,12227,15,210,0,10,505,1157,3198,9765,3.7,69.3,6.8,48.7,6.3,75.9,22.8,13.8,22.0,7.1,48.5,41.9,0.1,0.7,0.0,0.0,1.7,3.96,16.4,91.4,0.4791,61.8235,0.0,1.0,0.0
0500000US13089,"DeKalb County, Georgia",13,089,469,132233,67568,151017,193756,316736,36708,96640,765351,80839,213872,385532,742,46997,460,4816,32093,10757,48463,265352,17.3,51.1,21.1,31.7,6.4,81.3,12.8,12.7,13.7,10.6,27.9,50.4,0.1,6.1,0.1,0.6,4.2,1.41,9.2,70.3,0.4965,17.1095,0.0,0.0,0.0
0500000US13091,"Dodge County, Georgia",13,091,6,369,311,455,8876,5072,1531,2668,19805,716,12642,6121,32,9,0,0,285,1707,2276,6482,1.9,84.3,2.4,53.7,6.1,70.6,22.2,14.6,21.5,3.6,63.8,30.9,0.2,0.0,0.0,0.0,1.4,8.62,15.7,91.7,0.4364,74.8383,0.0,0.0,0.0
0500000US13093,"Dooly County, Georgia",13,093,0,469,335,1241,5364,3127,709,1024,10984,915,4486,5154,15,0,0,57,357,2365,1362,3643,4.3,71.4,11.7,56.2,3.6,77.7,17.6,11.9,15.7,8.3,40.8,46.9,0.1,0.0,0.0,0.5,3.3,21.53,15.9,92.8,0.437,53.6988,0.0,0.0,0.0
0500000US13095,"Dougherty County, Georgia",13,095,26,1902,1314,3504,29366,23667,9925,10663,83091,2710,18959,58321,72,577,0,286,2166,4259,7636,27836,2.3,69.1,4.5,44.9,10.2,73.9,29.0,13.1,25.0,3.3,22.8,70.2,0.1,0.7,0.0,0.3,2.6,5.13,14.0,87.6,0.4759,29.2585,0.0,0.0,0.0
0500000US13097,"Douglas County, Georgia",13,097,70,14169,6216,20097,39154,56410,6682,18032,147888,18079,45920,72827,190,2627,125,1729,6391,1381,8358,57893,9.6,43.9,14.4,33.9,6.2,79.1,12.8,12.3,10.9,12.2,31.1,49.2,0.1,1.8,0.1,1.2,4.3,0.93,8.7,82.1,0.4198,33.9305,0.0,0.0,0.0
0500000US13099,"Early County, Georgia",13,099,0,49,47,98,3871,3072,1077,1438,10603,67,4357,5641,4,45,5,1,483,121,1183,3812,0.5,95.9,1.0,46.3,6.7,73.5,26.2,13.7,23.6,0.6,41.1,53.2,0.0,0.4,0.0,0.0,4.6,1.14,16.8,93.5,0.4738,55.7081,0.0,0.0,0.0
0500000US13101,"Echols County, Georgia",13,101,0,399,339,757,962,1188,232,778,3709,782,2155,232,2,294,0,0,244,12,382,1604,10.8,85.0,22.4,35.1,1.7,68.8,20.3,21.1,14.2,21.1,58.1,6.3,0.1,7.9,0.0,0.0,6.6,0.32,17.4,92.4,0.4488,90.8901,0.0,0.0,0.0
0500000US13103,"Effingham County, Georgia",13,103,36,2934,1619,3637,17152,26579,1892,6643,69143,4572,50424,9941,98,659,95,271,3083,322,4294,30107,4.2,55.2,5.6,32.6,5.5,80.4,7.8,9.7,6.8,6.6,72.9,14.4,0.1,1.0,0.1,0.4,4.5,0.47,9.4,91.5,0.3943,74.3378,0.0,0.0,0.0
0500000US13105,"Elbert County, Georgia",13,105,2,887,362,1121,6537,7056,1292,2390,19849,1174,12348,4430,91,261,0,94,1451,244,2004,7998,4.5,40.8,6.0,40.9,4.6,78.3,15.4,12.2,18.0,5.9,62.2,22.3,0.5,1.3,0.0,0.5,7.3,1.23,14.2,90.4,0.4251,71.5403,0.0,0.0,0.0
0500000US13107,"Emanuel County, Georgia",13,107,2,604,350,1016,7876,6859,2246,3517,23026,1112,13275,7218,7,198,0,45,1171,1110,3113,7988,2.6,57.9,4.7,43.8,8.9,74.4,27.0,16.0,25.7,4.8,57.7,31.3,0.0,0.9,0.0,0.2,5.1,4.82,20.3,89.2,0.4395,71.9306,0.0,0.0,0.0
0500000US13109,"Evans County, Georgia",13,109,0,547,341,1319,3614,3663,801,1592,10757,1327,5914,3014,6,109,0,0,387,585,1260,3941,5.1,62.3,13.0,43.6,4.3,81.7,19.6,15.7,19.1,12.3,55.0,28.0,0.1,1.0,0.0,0.0,3.6,5.44,17.8,88.3,0.4336,70.9472,0.0,0.0,0.0
0500000US13111,"Fannin County, Georgia",13,111,6,1021,271,838,11158,8311,1595,3681,25742,848,23635,92,9,194,0,131,833,159,2288,8968,4.0,26.5,3.4,49.8,3.7,76.7,13.4,14.4,13.7,3.3,91.8,0.4,0.0,0.8,0.0,0.5,3.2,0.62,11.4,84.6,0.5017,82.2068,0.0,0.0,0.0
0500000US13113,"Fayette County, Georgia",13,113,114,13485,6309,15956,39540,46355,2145,10390,122244,10504,67878,30947,130,6045,59,2028,4653,798,4326,43812,11.0,46.8,13.6,39.9,3.8,81.1,4.8,8.6,5.6,8.6,55.5,25.3,0.1,4.9,0.0,1.7,3.8,0.65,5.1,78.2,0.4386,51.153,0.0,1.0,0.0
0500000US13115,"Floyd County, Georgia",13,115,49,6603,3920,10726,32700,36615,5482,13161,99693,12383,68566,13517,43,1453,107,270,3354,4238,10180,38243,6.6,59.4,11.4,41.1,4.2,81.6,14.9,13.5,16.0,12.4,68.8,13.6,0.0,1.5,0.1,0.3,3.4,4.25,15.3,88.1,0.4679,70.7028,0.0,0.0,1.0
0500000US13117,"Forsyth County, Georgia",13,117,100,61157,31888,70155,64050,119189,1927,21062,267287,27069,165153,11179,139,52363,24,1596,9764,1032,9873,89207,22.9,52.1,27.7,30.9,3.5,86.3,2.2,7.9,4.3,10.1,61.8,4.2,0.1,19.6,0.0,0.6,3.7,0.39,5.6,65.5,0.3919,66.0265,0.0,1.0,0.0
0500000US13119,"Franklin County, Georgia",13,119,21,1114,741,1439,9146,7447,1320,4406,24234,1319,19617,2129,17,429,6,61,656,704,2795,8513,4.6,66.5,6.3,46.7,5.9,75.8,14.7,18.3,19.5,5.4,80.9,8.8,0.1,1.8,0.0,0.3,2.7,2.91,16.9,87.3,0.4959,86.1532,0.0,1.0,0.0
0500000US13121,"Fulton County, Georgia",13,121,783,151535,74024,180600,267878,481086,53763,101723,1076561,87967,396329,453703,964,83505,165,8850,45078,31689,46269,352277,14.1,48.8,17.7,30.5,5.4,83.4,11.6,9.5,12.3,8.2,36.8,42.1,0.1,7.8,0.0,0.8,4.2,2.94,6.2,62.2,0.5235,27.0263,0.0,0.0,0.0
0500000US13123,"Gilmer County, Georgia",13,123,10,1679,803,3065,12850,10529,1247,4712,32426,3989,27113,90,39,173,0,38,984,229,3125,11899,5.2,47.8,9.9,47.4,2.7,76.0,9.6,14.6,16.0,12.3,83.6,0.3,0.1,0.5,0.0,0.1,3.0,0.71,12.8,88.5,0.4229,81.0346,0.0,1.0,0.0
0500000US13125,"Glascock County, Georgia",13,125,0,2,0,3,1123,722,199,342,2932,93,2537,211,0,0,0,0,91,73,393,1000,0.1,0.0,0.1,47.9,1.6,60.5,19.2,12.0,12.6,3.2,86.5,7.2,0.0,0.0,0.0,0.0,3.1,2.49,19.2,85.7,0.3826,91.8563,0.0,0.0,0.0
0500000US13127,"Glynn County, Georgia",13,127,77,5499,2856,6989,29992,28747,4403,11248,85447,6637,52798,20553,102,1106,3,227,4021,1388,6111,32594,6.4,51.9,8.6,43.1,3.7,75.5,12.4,13.3,16.1,7.8,61.8,24.1,0.1,1.3,0.0,0.3,4.7,1.62,10.0,87.4,0.5018,62.7573,0.0,1.0,0.0
0500000US13129,"Gordon County, Georgia",13,129,8,4675,2560,8873,18058,21938,2182,9015,59100,9657,44775,1991,45,554,35,143,1900,546,7808,24710,7.9,54.8,15.9,38.7,3.7,79.6,10.2,15.4,12.0,16.3,75.8,3.4,0.1,0.9,0.1,0.2,3.2,0.92,19.3,91.1,0.442,81.4859,0.0,0.0,0.0
0500000US13131,"Grady County, Georgia",13,131,3,1481,1317,2887,8700,8862,2054,4693,26108,3484,14623,7530,57,17,0,35,362,177,3446,10476,5.7,88.9,11.8,42.8,3.7,79.3,20.3,18.1,20.3,13.3,56.0,28.8,0.2,0.1,0.0,0.1,1.4,0.68,19.5,95.2,0.4615,68.9028,1.0,1.0,1.0
0500000US13133,"Greene County, Georgia",13,133,0,1019,560,1447,8583,6089,590,2773,20109,1442,11913,5936,0,250,0,127,441,137,1795,6687,5.1,55.0,7.5,49.8,3.4,73.3,7.2,13.9,9.8,7.2,59.2,29.5,0.0,1.2,0.0,0.6,2.2,0.68,11.7,80.8,0.5628,64.25,0.0,0.0,0.0
0500000US13135,"Gwinnett County, Georgia",13,135,557,278504,140876,350622,237913,408151,25467,147756,979864,232470,300049,272310,1016,129422,267,5397,38933,5864,76820,372451,28.4,50.6,38.1,31.4,4.2,82.2,7.8,15.2,10.8,23.7,30.6,27.8,0.1,13.2,0.0,0.6,4.0,0.6,12.1,78.5,0.4316,41.1335,0.0,0.0,0.0
0500000US13137,"Habersham County, Georgia",13,137,7,4477,3285,7462,16964,17278,2250,6701,47793,7681,36032,1537,32,1103,13,79,1316,2415,5698,18207,9.4,73.4,16.5,44.0,2.7,82.3,13.4,14.5,14.1,16.1,75.4,3.2,0.1,2.3,0.0,0.2,2.8,5.05,17.4,88.8,0.4517,82.2251,0.0,0.0,0.0
0500000US13139,"Hall County, Georgia",13,139,94,35918,23967,58148,61357,86286,7051,34826,212705,61982,123233,14179,84,4687,0,899,7641,2479,27008,86154,16.9,66.7,29.1,36.4,3.5,83.7,9.6,16.5,11.8,29.1,57.9,6.7,0.0,2.2,0.0,0.4,3.6,1.17,19.0,84.5,0.4463,71.5788,0.0,0.0,1.0
0500000US13141,"Hancock County, Georgia",13,141,1,187,53,237,5450,1509,871,680,8650,59,2364,6026,0,54,0,0,147,1737,1601,1924,2.2,28.3,2.8,69.9,6.3,68.8,29.8,9.8,30.6,0.7,27.3,69.7,0.0,0.6,0.0,0.0,1.7,20.08,23.9,91.6,0.4944,32.1698,0.0,0.0,0.0
0500000US13143,"Haralson County, Georgia",13,143,10,465,172,668,9646,11355,1653,3429,31285,665,27835,1550,10,203,0,177,845,233,3298,12559,1.5,37.0,2.3,38.9,4.4,78.9,14.1,11.1,15.4,2.1,89.0,5.0,0.0,0.6,0.0,0.6,2.7,0.74,15.4,88.7,0.445,87.0142,0.0,0.0,0.0
0500000US13145,"Harris County, Georgia",13,145,12,767,178,1639,11860,12276,1317,2402,36086,1785,26781,5588,52,234,0,90,1556,482,1517,13840,2.1,23.2,4.8,40.4,5.9,76.2,10.1,6.8,9.0,4.9,74.2,15.5,0.1,0.6,0.0,0.2,4.3,1.34,6.0,86.6,0.4136,72.8448,0.0,1.0,0.0
0500000US13147,"Hart County, Georgia",13,147,5,998,714,1416,9880,9232,1146,2846,26939,1145,19907,4575,31,368,0,14,899,610,2886,10318,3.7,71.5,5.5,44.7,3.4,78.5,10.4,10.8,11.9,4.3,73.9,17.0,0.1,1.4,0.0,0.1,3.3,2.26,14.6,88.1,0.4588,77.2033,0.0,0.0,0.0
0500000US13149,"Heard County, Georgia",13,149,3,78,16,415,4426,3736,1092,1605,11773,328,9934,913,0,53,2,5,538,113,981,4205,0.7,20.5,3.7,46.8,4.3,77.6,25.3,13.8,17.9,2.8,84.4,7.8,0.0,0.5,0.0,0.0,4.6,0.96,12.1,91.3,0.4821,85.9098,0.0,0.0,0.0
0500000US13151,"Henry County, Georgia",13,151,96,22849,7312,27050,63476,96251,9110,24377,249960,20722,80914,128099,166,8331,215,1790,9723,981,11408,99365,9.1,32.0,11.5,32.4,6.2,77.9,10.5,9.8,9.2,8.3,32.4,51.2,0.1,3.3,0.1,0.7,3.9,0.39,7.0,82.0,0.3898,34.8606,0.0,0.0,0.0
0500000US13153,"Houston County, Georgia",13,153,91,11265,5262,13413,47968,52187,6588,16677,169649,12872,87220,54699,87,5075,226,897,8573,1711,8421,68439,6.6,46.7,8.4,36.4,5.1,69.0,10.3,10.2,11.1,7.6,51.4,32.2,0.1,3.0,0.1,0.5,5.1,1.01,7.5,87.5,0.4151,55.3157,0.0,0.0,0.0
0500000US13155,"Irwin County, Georgia",13,155,13,141,79,464,3353,3159,531,1760,9285,673,6158,2241,0,9,0,0,204,261,921,3696,1.5,56.0,5.3,44.4,4.0,78.5,14.8,19.5,22.4,7.2,66.3,24.1,0.0,0.1,0.0,0.0,2.2,2.81,14.8,93.0,0.4544,76.9231,0.0,0.0,0.0
0500000US13157,"Jackson County, Georgia",13,157,45,6155,2395,9177,22719,32662,2125,9770,84757,9201,64216,6438,11,1997,49,356,2489,649,6477,34884,7.3,38.9,11.5,34.4,3.4,78.3,7.5,11.6,7.3,10.9,75.8,7.6,0.0,2.4,0.1,0.4,2.9,0.77,11.3,84.8,0.3922,77.2538,0.0,0.0,0.0
0500000US13159,"Jasper County, Georgia",13,159,10,400,279,502,5119,5368,696,2034,15929,799,11808,2597,3,25,0,129,568,96,1140,6118,2.5,69.8,3.4,40.2,7.2,76.2,11.7,12.9,16.0,5.0,74.1,16.3,0.0,0.2,0.0,0.8,3.6,0.6,10.4,89.5,0.4667,78.9976,0.0,1.0,1.0
0500000US13161,"Jeff Davis County, Georgia",13,161,1,881,685,1861,5337,4685,940,3263,14924,2095,10059,1789,5,76,41,137,722,127,2189,5424,5.9,77.8,13.2,45.3,6.7,78.1,17.1,21.9,21.8,14.0,67.4,12.0,0.0,0.5,0.3,0.9,4.8,0.85,22.7,91.0,0.4848,84.0429,0.0,0.0,0.0
0500000US13163,"Jefferson County, Georgia",13,163,3,534,415,557,5392,4947,1281,2521,15341,547,6300,8091,3,6,0,149,245,507,1708,5856,3.5,77.7,3.8,43.8,5.8,76.0,22.3,17.0,16.9,3.6,41.1,52.7,0.0,0.0,0.0,1.0,1.6,3.3,16.3,94.0,0.4514,50.4489,0.0,0.0,0.0
0500000US13165,"Jenkins County, Georgia",13,165,0,251,205,600,4210,1934,686,1091,8711,802,4594,3234,5,0,0,0,76,1260,1309,2552,2.9,81.7,7.1,56.9,3.9,63.1,21.3,14.6,22.9,9.2,52.7,37.1,0.1,0.0,0.0,0.0,0.9,14.46,19.8,87.0,0.4667,65.0337,0.0,0.0,0.0
0500000US13167,"Johnson County, Georgia",13,167,0,68,50,132,4357,2134,804,1075,9190,162,5652,3016,26,0,0,16,318,1425,1589,2866,0.7,73.5,1.5,56.6,7.4,68.9,25.0,13.8,24.2,1.8,61.5,32.8,0.3,0.0,0.0,0.2,3.5,15.51,23.3,92.8,0.4736,73.1175,0.0,0.0,0.0
0500000US13169,"Jones County, Georgia",13,169,19,377,166,553,9053,10223,1599,2440,28673,628,19884,6979,11,45,0,98,1028,293,1613,11380,1.3,44.0,2.0,39.3,3.8,76.1,14.8,8.6,12.1,2.2,69.3,24.3,0.0,0.2,0.0,0.3,3.6,1.02,8.0,85.5,0.4283,68.8479,0.0,0.0,0.0
0500000US13171,"Lamar County, Georgia",13,171,2,522,209,336,7000,6644,961,2071,19571,661,13002,5304,10,140,0,6,448,1039,1387,7951,2.7,40.0,1.8,43.2,4.1,75.4,13.5,10.7,9.6,3.4,66.4,27.1,0.1,0.7,0.0,0.0,2.3,5.31,10.4,91.9,0.4128,72.7526,0.0,0.0,0.0
0500000US13173,"Lanier County, Georgia",13,173,0,493,370,764,3845,2866,669,1655,10221,758,6610,2471,0,121,0,104,157,387,821,3441,4.8,75.1,8.0,46.6,4.0,73.1,19.2,17.1,26.1,7.4,64.7,24.2,0.0,1.2,0.0,1.0,1.5,3.79,12.0,82.1,0.4853,72.9657,1.0,0.0,0.0
0500000US13175,"Laurens County, Georgia",13,175,18,1603,1116,1721,16687,16228,3814,5936,49798,1646,28017,18192,51,520,143,166,1063,860,4401,19379,3.2,69.6,3.7,42.9,5.2,77.1,20.5,12.1,22.6,3.3,56.3,36.5,0.1,1.0,0.3,0.3,2.1,1.73,13.1,94.1,0.5121,66.2042,0.0,0.0,0.0
0500000US13177,"Lee County, Georgia",13,177,19,1457,443,1705,9058,12270,1170,2667,33626,1131,22301,7980,0,847,46,75,1246,965,1687,14926,4.3,30.4,5.4,34.3,3.3,73.3,9.5,8.2,5.7,3.4,66.3,23.7,0.0,2.5,0.1,0.2,3.7,2.87,7.6,91.6,0.3786,71.5659,0.0,0.0,0.0
0500000US13179,"Liberty County, Georgia",13,179,21,4259,1658,7839,16714,17660,3845,6424,67397,8535,24612,27498,158,1159,355,409,4671,2543,2892,27401,6.3,38.9,12.8,33.3,7.9,73.7,16.0,10.8,15.3,12.7,36.5,40.8,0.2,1.7,0.5,0.6,6.9,3.77,7.4,89.0,0.4114,40.9979,0.0,0.0,0.0
0500000US13181,"Lincoln County, Georgia",13,181,0,233,160,142,3062,2340,349,953,7854,114,5360,2139,0,11,0,16,214,52,706,3058,3.0,68.7,1.9,46.5,2.8,69.8,11.6,12.3,17.0,1.5,68.2,27.2,0.0,0.1,0.0,0.2,2.7,0.66,12.1,91.9,0.4046,72.176,0.0,0.0,0.0
0500000US13183,"Long County, Georgia",13,183,9,927,508,1689,5789,4973,1123,1927,18374,2405,9741,4215,0,134,99,196,1584,252,1689,6695,5.0,54.8,10.0,41.7,6.8,70.6,18.2,11.0,17.3,13.1,53.0,22.9,0.0,0.7,0.5,1.1,8.6,1.37,14.6,89.4,0.3717,64.5833,0.0,0.0,0.0
0500000US13185,"Lowndes County, Georgia",13,185,22,4741,2450,7468,37106,38789,7456,16395,119965,8552,60746,44366,80,2088,49,201,3883,4543,7128,48218,4.0,51.7,6.7,39.6,5.1,76.8,16.2,14.3,19.2,7.1,50.6,37.0,0.1,1.7,0.0,0.2,3.2,3.79,9.9,90.2,0.4922,58.753,0.0,0.0,0.0
0500000US13187,"Lumpkin County, Georgia",13,187,13,1217,453,1979,12778,11977,1072,4011,34505,2011,30619,681,73,284,35,29,773,3170,2219,12913,3.5,37.2,6.0,43.4,5.7,77.2,9.2,11.8,14.1,5.8,88.7,2.0,0.2,0.8,0.1,0.1,2.2,9.19,10.3,83.7,0.4634,80.52,0.0,1.0,0.0
0500000US13189,"McDuffie County, Georgia",13,189,13,353,127,607,7802,7080,1389,2061,21718,800,11531,8704,0,68,0,0,615,227,1929,8250,1.6,36.0,3.0,45.5,1.9,77.3,17.0,9.6,20.3,3.7,53.1,40.1,0.0,0.3,0.0,0.0,2.8,1.05,12.9,90.4,0.4717,62.2758,0.0,0.0,0.0
0500000US13191,"McIntosh County, Georgia",13,191,6,92,13,252,4982,3192,1107,1049,11312,302,7151,3162,22,43,0,0,632,63,1486,3718,0.8,14.1,2.3,51.2,3.2,69.3,21.8,9.3,23.0,2.7,63.2,28.0,0.2,0.4,0.0,0.0,5.6,0.56,16.4,82.2,0.4941,64.0794,0.0,0.0,0.0
0500000US13193,"Macon County, Georgia",13,193,16,401,325,842,5785,3085,1121,2441,11864,561,3854,6933,26,191,0,76,223,1971,1977,3265,3.4,81.0,7.5,58.1,7.2,79.9,27.1,24.7,25.1,4.7,32.5,58.4,0.2,1.6,0.0,0.6,1.9,16.61,22.6,84.6,0.5512,40.8878,0.0,0.0,0.0
0500000US13195,"Madison County, Georgia",13,195,2,1348,764,1978,10350,11216,1372,4882,31528,2326,24544,2972,23,637,0,167,859,219,3588,12344,4.3,56.7,6.7,41.3,3.9,79.5,12.2,15.6,17.2,7.4,77.8,9.4,0.1,2.0,0.0,0.5,2.7,0.69,16.6,89.5,0.416,77.149,0.0,1.0,0.0
0500000US13197,"Marion County, Georgia",13,197,0,609,425,744,2835,2437,637,1277,7509,603,4309,2046,16,175,0,7,353,101,1181,2872,8.1,69.8,10.3,46.1,4.8,78.1,21.5,17.3,20.9,8.0,57.4,27.2,0.2,2.3,0.0,0.1,4.7,1.35,21.7,92.6,0.4748,64.844,0.0,0.0,0.0
0500000US13199,"Meriwether County, Georgia",13,199,7,217,25,271,7847,6912,1934,2574,20929,176,11892,8190,17,142,15,21,476,167,2551,7617,1.0,11.5,1.4,46.3,6.6,81.3,23.0,12.4,18.9,0.8,56.8,39.1,0.1,0.7,0.1,0.1,2.3,0.8,17.0,92.7,0.4358,62.5636,0.0,0.0,0.0
0500000US13201,"Miller County, Georgia",13,201,0,157,112,270,2108,1648,453,547,5850,194,3796,1648,18,52,11,56,75,169,655,2180,2.7,71.3,4.8,45.5,3.9,67.8,17.6,9.6,23.8,3.3,64.9,28.2,0.3,0.9,0.2,1.0,1.3,2.89,15.8,92.6,0.4668,75.0734,0.0,0.0,0.0
0500000US13205,"Mitchell County, Georgia",13,205,4,625,350,1301,8374,5856,2143,3490,21058,1098,9639,9483,37,3,0,214,584,1500,2455,7347,3.0,56.0,6.6,50.0,5.9,74.7,27.4,17.9,23.4,5.2,45.8,45.0,0.2,0.0,0.0,1.0,2.8,7.12,17.1,95.4,0.452,58.0151,0.0,0.0,0.0
0500000US13207,"Monroe County, Georgia",13,207,9,614,249,1106,9856,10749,627,2679,29664,853,21335,6565,45,356,0,23,487,1220,1827,12535,2.1,40.6,3.9,40.7,2.7,77.3,5.9,9.4,12.3,2.9,71.9,22.1,0.2,1.2,0.0,0.1,1.6,4.11,8.9,92.3,0.469,73.1699,0.0,0.0,1.0
0500000US13209,"Montgomery County, Georgia",13,209,3,246,136,551,3247,2546,563,1110,8640,646,5596,2019,12,53,0,6,308,838,771,3260,2.8,55.3,6.7,45.6,7.5,71.2,17.9,13.7,20.6,7.5,64.8,23.4,0.1,0.6,0.0,0.1,3.6,9.7,13.3,91.4,0.4848,76.3403,0.0,0.0,0.0
0500000US13211,"Morgan County, Georgia",13,211,19,614,290,742,7163,7226,914,2318,21078,797,15468,4326,0,155,0,0,332,191,1286,8481,2.9,47.2,3.7,41.3,2.4,72.8,11.3,11.1,8.8,3.8,73.4,20.5,0.0,0.7,0.0,0.0,1.6,0.91,8.6,89.2,0.4654,72.7487,0.0,1.0,0.0
0500000US13213,"Murray County, Georgia",13,213,17,2847,1721,5135,11992,16347,1878,5553,40562,6523,32304,257,13,148,124,119,1074,286,5800,17498,7.0,60.4,13.4,37.2,4.5,84.9,12.3,13.8,14.4,16.1,79.6,0.6,0.0,0.4,0.3,0.3,2.6,0.71,21.1,91.9,0.4374,85.6709,0.0,0.0,0.0
0500000US13215,"Muscogee County, Georgia",13,215,157,10399,4489,15766,62057,63420,13700,21545,203711,17357,74833,93972,91,5257,305,1226,10670,5937,14120,73605,5.1,43.2,8.3,39.2,6.3,75.5,16.8,11.1,19.0,8.5,36.7,46.1,0.0,2.6,0.1,0.6,5.2,2.91,10.5,83.1,0.4911,38.0366,0.0,0.0,0.0
0500000US13217,"Newton County, Georgia",13,217,57,8241,4223,7919,32470,41646,5614,13236,118152,8435,45832,55841,64,1791,0,292,5897,1466,7564,45974,7.0,51.2,7.1,35.4,6.6,75.3,13.6,11.3,12.3,7.1,38.8,47.3,0.1,1.5,0.0,0.2,5.0,1.24,9.8,84.1,0.4009,42.1551,0.0,0.0,0.0
0500000US13219,"Oconee County, Georgia",13,219,22,3094,1255,3705,11951,15859,424,2966,43551,2538,35764,1473,108,2043,0,64,1561,187,1035,17153,7.1,40.6,8.9,35.1,3.0,74.1,2.8,6.8,6.2,5.8,82.1,3.4,0.2,4.7,0.0,0.1,3.6,0.43,3.6,81.0,0.457,67.5193,0.0,1.0,0.0
0500000US13221,"Oglethorpe County, Georgia",13,221,7,592,407,925,4920,5006,653,1651,15509,1051,11335,2393,7,109,20,28,566,122,1291,6432,3.8,68.8,6.2,39.3,3.1,68.4,12.1,10.8,11.6,6.8,73.1,15.4,0.0,0.7,0.1,0.2,3.6,0.79,11.7,88.7,0.4486,70.9023,1.0,0.0,0.0
0500000US13223,"Paulding County, Georgia",13,223,51,14054,6358,17752,44914,72952,4821,17876,178909,15643,109161,41273,154,2627,196,621,9234,746,8933,73602,7.9,45.2,10.6,32.3,4.5,81.5,8.0,10.1,6.6,8.7,61.0,23.1,0.1,1.5,0.1,0.3,5.2,0.42,7.6,83.5,0.3589,61.7347,0.0,0.0,0.0
0500000US13225,"Peach County, Georgia",13,225,8,1338,801,1930,9002,9980,1989,3443,28560,2674,12260,11833,22,62,55,70,1584,1417,2031,10991,4.7,59.9,7.1,38.8,6.6,75.6,18.8,12.1,17.3,9.4,42.9,41.4,0.1,0.2,0.2,0.2,5.5,4.96,11.0,84.8,0.4503,52.8021,0.0,0.0,0.0
0500000US13227,"Pickens County, Georgia",13,227,26,979,558,1290,12205,12749,1306,4162,34951,1410,31982,205,70,115,20,45,1104,346,2636,13232,2.8,57.0,3.9,41.8,3.0,77.3,9.7,12.0,12.0,4.0,91.5,0.6,0.2,0.3,0.1,0.1,3.2,0.99,10.1,81.6,0.4301,82.6249,0.0,0.0,0.0
0500000US13229,"Pierce County, Georgia",13,229,7,345,283,554,6347,7226,883,2501,20202,1070,16575,2002,55,0,0,15,485,232,1619,8812,1.7,82.0,2.9,39.9,2.6,77.5,11.6,12.5,13.8,5.3,82.0,9.9,0.3,0.0,0.0,0.1,2.4,1.15,11.9,96.1,0.4743,88.6692,0.0,1.0,0.0
0500000US13231,"Pike County, Georgia",13,231,3,334,182,335,6295,6896,350,2604,19903,455,17140,1671,4,90,33,144,366,310,1470,8015,1.7,54.5,1.8,39.7,3.4,74.7,5.2,13.3,9.3,2.3,86.1,8.4,0.0,0.5,0.2,0.7,1.8,1.56,10.8,87.7,0.4213,86.5726,0.0,0.0,0.0
0500000US13233,"Polk County, Georgia",13,233,9,2686,2119,4951,14257,15013,2743,5180,43785,6087,30832,5206,9,301,0,325,1025,507,4547,16889,6.1,78.9,12.1,41.7,5.9,80.3,17.3,12.0,16.4,13.9,70.4,11.9,0.0,0.7,0.0,0.7,2.3,1.16,15.5,91.3,0.4361,80.0793,0.0,0.0,1.0
0500000US13235,"Pulaski County, Georgia",13,235,3,321,254,532,4777,2797,533,841,9939,565,6096,3043,3,84,0,0,148,1270,1170,3125,3.2,79.1,5.7,56.0,3.2,77.0,14.9,9.7,16.5,5.7,61.3,30.6,0.0,0.8,0.0,0.0,1.5,12.78,15.3,91.2,0.4812,70.0185,0.0,0.0,0.0
0500000US13237,"Putnam County, Georgia",13,237,8,1731,930,2470,8777,7532,1151,2327,22855,1648,14744,5029,0,454,68,60,852,175,2244,8348,7.6,53.7,11.2,45.8,3.7,75.8,11.0,10.3,17.6,7.2,64.5,22.0,0.0,2.0,0.3,0.3,3.7,0.77,13.4,85.8,0.5282,70.9482,0.0,0.0,0.0
0500000US13239,"Quitman County, Georgia",13,239,0,0,0,6,1177,521,242,334,2264,19,970,1189,0,0,0,0,86,0,319,531,0.0,-666666666.0,0.3,59.7,28.6,92.0,22.7,14.8,15.7,0.8,42.8,52.5,0.0,0.0,0.0,0.0,3.8,0.0,19.1,98.1,0.4732,57.5439,0.0,0.0,0.0
0500000US13241,"Rabun County, Georgia",13,241,4,1146,692,1440,7137,5828,550,2392,17312,1525,15008,134,0,152,0,16,477,257,1302,6161,6.6,60.4,8.7,48.0,1.3,76.4,7.2,13.9,13.1,8.8,86.7,0.8,0.0,0.9,0.0,0.1,2.8,1.48,9.7,81.5,0.5051,78.2021,0.0,0.0,0.0
0500000US13243,"Randolph County, Georgia",13,243,0,15,7,26,1994,1566,1059,484,6196,261,1659,4174,0,5,0,13,84,209,546,2128,0.2,46.7,0.5,43.1,10.9,68.2,39.4,8.0,30.0,4.2,26.8,67.4,0.0,0.1,0.0,0.2,1.4,3.37,13.3,94.1,0.5296,45.9197,0.0,0.0,0.0
0500000US13245,"Richmond County, Georgia",13,245,164,7808,3730,12878,61660,66839,16177,22953,206069,11922,64720,114839,106,3262,358,1221,9641,9268,16587,76548,3.8,47.8,6.7,37.6,8.5,76.3,21.1,11.8,20.0,5.8,31.4,55.7,0.1,1.6,0.2,0.6,4.7,4.5,12.2,83.6,0.4862,31.6734,0.0,0.0,0.0
0500000US13247,"Rockdale County, Georgia",13,247,39,10166,4191,10599,26689,36427,4187,12350,95281,10369,22840,54752,44,1502,0,700,5074,819,5573,37862,10.7,41.2,11.8,35.2,5.9,79.0,12.2,13.1,10.8,10.9,24.0,57.5,0.0,1.6,0.0,0.7,5.3,0.86,8.7,83.4,0.4286,25.9322,0.0,0.0,0.0
0500000US13249,"Schley County, Georgia",13,249,2,15,7,55,1567,1550,253,458,4513,65,3729,657,0,0,0,0,62,0,421,1590,0.3,46.7,1.3,44.1,7.6,84.6,15.4,10.1,13.9,1.4,82.6,14.6,0.0,0.0,0.0,0.0,1.4,0.0,13.6,86.8,0.4898,81.1367,0.0,0.0,0.0
0500000US13251,"Screven County, Georgia",13,251,4,180,99,287,5131,4675,674,1786,14130,375,7792,5517,3,0,0,0,443,282,1450,5323,1.3,55.0,2.2,44.7,4.6,77.4,13.7,12.9,17.2,2.7,55.1,39.0,0.0,0.0,0.0,0.0,3.1,2.0,13.9,90.9,0.4825,62.5,0.0,0.0,0.0
0500000US13253,"Seminole County, Georgia",13,253,27,77,61,180,3976,2433,802,1337,9156,284,5664,3063,14,43,0,0,88,104,802,3098,0.8,79.2,2.1,52.7,6.0,72.5,21.3,14.8,20.1,3.1,61.9,33.5,0.2,0.5,0.0,0.0,1.0,1.14,11.8,92.8,0.4831,70.1522,0.0,0.0,0.0
0500000US13255,"Spalding County, Georgia",13,255,31,2807,1491,4299,23677,23252,4900,9069,68892,4229,36779,24653,19,663,24,439,2086,920,6847,25408,4.1,53.1,6.7,43.3,7.3,80.9,18.5,13.3,18.9,6.1,53.4,35.8,0.0,1.0,0.0,0.6,3.0,1.34,14.5,90.3,0.5437,58.0665,0.0,0.0,0.0
0500000US13257,"Stephens County, Georgia",13,257,8,936,565,1382,9463,9155,1528,3908,27012,1068,21765,2197,0,284,19,0,1679,928,2779,10385,3.5,60.4,5.4,43.0,5.4,77.3,14.5,14.6,15.8,4.0,80.6,8.1,0.0,1.1,0.1,0.0,6.2,3.44,14.9,88.9,0.4388,81.1665,0.0,0.0,0.0
0500000US13259,"Stewart County, Georgia",13,259,0,201,113,256,2761,1165,597,881,4869,206,1234,3294,72,10,0,0,53,965,793,1440,4.1,56.2,5.4,63.5,5.5,77.8,33.7,22.6,26.4,4.2,25.3,67.7,1.5,0.2,0.0,0.0,1.1,19.82,20.0,98.2,0.5488,41.7653,0.0,0.0,0.0
0500000US13261,"Sumter County, Georgia",13,261,7,1244,738,1936,9894,9443,2406,3959,29061,1812,11185,14485,51,378,1,31,1118,1714,2821,10659,4.3,59.3,7.1,42.7,4.7,74.7,21.9,14.0,23.7,6.2,38.5,49.8,0.2,1.3,0.0,0.1,3.8,5.9,15.2,85.4,0.497,48.7094,0.0,0.0,0.0
0500000US13263,"Talbot County, Georgia",13,263,0,6,0,80,2607,1672,585,675,5742,36,2319,3083,1,4,0,36,263,29,764,1838,0.1,0.0,1.4,53.7,3.3,77.1,23.1,11.8,25.2,0.6,40.4,53.7,0.0,0.1,0.0,0.6,4.6,0.51,17.6,85.8,0.4964,43.8887,0.0,0.0,0.0
0500000US13265,"Taliaferro County, Georgia",13,265,0,21,8,51,648,381,152,164,1558,68,614,715,0,1,5,42,113,11,146,546,1.3,38.1,3.4,50.1,5.0,62.1,25.9,10.6,20.4,4.4,39.4,45.9,0.0,0.1,0.3,2.7,7.3,0.71,12.7,89.0,0.4069,42.4208,0.0,0.0,0.0
0500000US13267,"Tattnall County, Georgia",13,267,3,1245,815,2496,10610,6011,1694,2775,24208,2595,13874,6474,60,186,0,208,811,4280,2894,7739,5.1,65.5,10.8,53.1,6.7,69.4,22.2,13.9,23.4,10.7,57.3,26.7,0.2,0.8,0.0,0.9,3.4,17.68,17.2,90.3,0.4729,76.539,0.0,0.0,0.0
0500000US13269,"Taylor County, Georgia",13,269,2,112,61,183,3439,2055,1085,784,7786,77,4557,2944,31,23,0,0,154,243,1169,2370,1.4,54.5,2.5,53.3,2.6,69.9,34.1,10.3,32.1,1.0,58.5,37.8,0.4,0.3,0.0,0.0,2.0,3.12,20.5,90.0,0.5159,65.2938,0.0,0.0,0.0
0500000US13271,"Telfair County, Georgia",13,271,0,755,636,1436,6530,2689,935,1994,11831,1776,5716,4196,2,17,0,0,124,2220,1922,3179,6.4,84.2,12.7,64.5,5.2,79.2,27.9,20.7,24.1,15.0,48.3,35.5,0.0,0.1,0.0,0.0,1.0,18.76,22.1,94.8,0.5074,69.5301,0.0,0.0,0.0
0500000US13273,"Terrell County, Georgia",13,273,1,126,63,272,3488,2577,825,1245,8850,234,3245,5302,0,13,2,3,51,287,1236,2703,1.4,50.0,3.2,49.9,4.1,76.6,24.4,14.5,33.3,2.6,36.7,59.9,0.0,0.1,0.0,0.0,0.6,3.24,20.0,82.7,0.4805,47.8,0.0,0.0,0.0
0500000US13275,"Thomas County, Georgia",13,275,35,1227,631,2170,13607,16801,3820,5348,45777,1792,26092,15995,92,404,23,327,1052,569,3396,18874,2.7,51.4,5.0,37.6,5.6,79.1,20.4,11.8,17.9,3.9,57.0,34.9,0.2,0.9,0.1,0.7,2.3,1.24,10.9,90.7,0.458,61.9112,1.0,1.0,1.0
0500000US13277,"Tift County, Georgia",13,277,14,2438,1884,4833,14249,14414,2763,5914,41438,5472,21901,12240,47,539,1,100,1138,2032,3668,16035,5.9,77.3,12.5,44.0,2.8,82.1,17.7,14.5,20.8,13.2,52.9,29.5,0.1,1.3,0.0,0.2,2.7,4.9,13.5,91.4,0.487,67.6673,0.0,1.0,1.0
0500000US13279,"Toombs County, Georgia",13,279,30,1721,1416,2702,9009,8825,2337,4280,27102,3271,15593,6396,92,230,0,21,1499,559,2702,9855,6.4,82.3,10.7,43.3,4.4,78.4,22.5,16.0,22.5,12.1,57.5,23.6,0.3,0.8,0.0,0.1,5.5,2.06,15.5,90.7,0.4518,75.2199,0.0,0.0,0.0
0500000US13281,"Towns County, Georgia",13,281,5,252,164,322,6769,3277,445,1462,12913,421,11990,187,5,6,1,0,303,869,749,3559,2.0,65.1,2.6,58.6,4.6,71.8,7.5,11.5,13.3,3.3,92.9,1.4,0.0,0.0,0.0,0.0,2.3,6.73,7.6,79.2,0.5399,80.9572,0.0,0.0,0.0
0500000US13283,"Treutlen County, Georgia",13,283,2,81,67,107,2462,1808,504,775,6376,93,3952,1948,95,9,0,10,269,435,1096,2384,1.3,82.7,1.8,46.9,7.7,70.4,22.3,12.8,13.8,1.5,62.0,30.6,1.5,0.1,0.0,0.2,4.2,6.82,25.5,94.7,0.4329,72.0923,0.0,0.0,0.0
0500000US13285,"Troup County, Georgia",13,285,61,3186,2269,4181,20970,26039,5189,6570,70330,3315,37890,25301,51,1624,7,111,2031,1468,5171,27964,4.5,71.2,6.3,38.2,5.3,81.1,19.3,9.5,16.9,4.7,53.9,36.0,0.1,2.3,0.0,0.2,2.9,2.09,11.0,88.2,0.4921,61.9474,0.0,0.0,0.0
0500000US13287,"Turner County, Georgia",13,287,2,167,102,419,3183,2372,1071,1145,8939,429,4822,3258,8,0,0,13,409,304,1380,2759,1.9,61.1,5.1,45.7,12.2,71.7,32.5,13.2,20.3,4.8,53.9,36.4,0.1,0.0,0.0,0.1,4.6,3.4,23.4,84.6,0.4847,64.1012,1.0,1.0,1.0
0500000US13289,"Twiggs County, Georgia",13,289,0,105,88,211,3648,1896,631,1120,7803,88,4277,3075,33,76,0,38,216,116,1301,2520,1.3,83.8,2.8,55.0,3.8,66.1,21.8,14.6,18.2,1.1,54.8,39.4,0.4,1.0,0.0,0.5,2.8,1.49,21.8,89.3,0.5105,57.2038,0.0,0.0,0.0
0500000US13291,"Union County, Georgia",13,291,5,717,447,864,12545,8009,852,3525,26304,1000,24334,181,6,93,0,0,690,542,2443,8560,2.7,62.3,3.4,54.8,2.6,79.7,7.4,13.7,10.9,3.8,92.5,0.7,0.0,0.4,0.0,0.0,2.6,2.06,11.7,87.8,0.4818,80.9676,0.0,0.0,0.0
0500000US13293,"Upson County, Georgia",13,293,6,414,106,680,10143,9238,2400,3414,28029,744,18625,7228,23,67,72,7,1263,402,2775,10822,1.5,25.6,2.6,45.3,3.9,78.6,22.7,12.4,19.3,2.7,66.4,25.8,0.1,0.2,0.3,0.0,4.5,1.43,14.3,92.6,0.4951,69.7409,0.0,0.0,0.0
0500000US13295,"Walker County, Georgia",13,295,9,905,499,1539,23063,25055,3154,8446,68762,1967,61377,2032,186,299,12,96,2793,1638,6352,26888,1.3,55.1,2.4,41.3,3.9,79.7,12.0,12.6,13.3,2.9,89.3,3.0,0.3,0.4,0.0,0.1,4.1,2.38,13.0,87.5,0.4502,79.3555,0.0,0.0,1.0
0500000US13297,"Walton County, Georgia",13,297,59,6301,2231,7397,30269,38199,4106,10914,103313,6859,70150,19354,168,1389,69,789,4535,933,8613,40302,6.1,35.4,7.6,37.0,5.3,78.4,11.5,10.7,11.9,6.6,67.9,18.7,0.2,1.3,0.1,0.8,4.4,0.9,12.4,84.2,0.4261,72.6446,0.0,0.0,0.0
0500000US13299,"Ware County, Georgia",13,299,4,1315,1008,1715,13990,10088,2835,5672,35976,1828,22002,10691,48,462,19,147,779,2402,4141,12017,3.7,76.7,5.1,50.1,5.9,76.9,21.9,16.8,21.5,5.1,61.2,29.7,0.1,1.3,0.1,0.4,2.2,6.68,17.1,92.6,0.4491,71.4216,0.0,0.0,0.0
0500000US13301,"Warren County, Georgia",13,301,0,13,8,46,1910,1694,468,393,5170,58,2028,2895,0,7,0,0,182,84,885,1865,0.3,61.5,0.9,45.5,10.0,82.4,22.3,7.7,21.4,1.1,39.2,56.0,0.0,0.1,0.0,0.0,3.5,1.62,23.5,92.5,0.4393,47.5309,0.0,0.0,0.0
0500000US13303,"Washington County, Georgia",13,303,0,229,192,502,7695,5660,2157,2447,19849,428,8275,10549,5,107,0,38,447,1801,2216,6806,1.2,83.8,2.7,47.8,8.0,73.2,29.4,13.5,17.2,2.2,41.7,53.1,0.0,0.5,0.0,0.2,2.3,9.07,15.8,91.9,0.4663,50.8164,0.0,0.0,0.0
0500000US13305,"Wayne County, Georgia",13,305,8,1260,972,1729,11803,8720,2235,5813,30949,1937,21743,6036,24,402,12,26,769,1941,2789,10665,4.1,77.1,5.9,48.4,7.2,75.0,20.2,20.0,21.3,6.3,70.3,19.5,0.1,1.3,0.0,0.1,2.5,6.27,13.4,92.5,0.4401,79.7213,1.0,0.0,0.0
0500000US13307,"Webster County, Georgia",13,307,0,76,64,94,883,755,242,511,2381,105,922,1336,0,0,0,0,18,2,201,1038,3.2,84.2,4.0,42.8,4.2,66.8,28.7,21.5,22.3,4.4,38.7,56.1,0.0,0.0,0.0,0.0,0.8,0.08,11.2,94.4,0.4165,59.1317,0.0,0.0,0.0
0500000US13309,"Wheeler County, Georgia",13,309,0,85,40,283,3905,1986,380,1445,7335,319,4145,2711,27,0,0,1,132,1217,977,2232,1.2,47.1,4.0,61.1,5.0,84.3,23.5,23.6,32.7,4.3,56.5,37.0,0.4,0.0,0.0,0.0,1.8,16.59,20.9,95.1,0.4662,72.4077,0.0,0.0,0.0
0500000US13311,"White County, Georgia",13,311,4,713,332,1091,10628,9605,1045,3320,28810,1091,25611,538,34,165,0,271,1100,574,3126,10667,2.5,46.6,4.0,44.4,3.8,75.7,9.7,11.6,12.4,3.8,88.9,1.9,0.1,0.6,0.0,0.9,3.8,1.99,15.2,84.7,0.4453,84.0178,0.0,0.0,0.0
0500000US13313,"Whitfield County, Georgia",13,313,14,19131,11881,30632,29983,40223,4110,18593,103598,38573,57517,3473,7,1492,22,97,2417,1299,16536,44643,18.5,62.1,31.5,37.0,5.2,83.2,11.2,18.1,14.8,37.2,55.5,3.4,0.0,1.4,0.0,0.1,2.3,1.25,24.4,93.2,0.4511,71.9469,0.0,0.0,1.0
0500000US13315,"Wilcox County, Georgia",13,315,1,126,99,254,4503,1781,527,960,8798,331,5196,2825,4,0,14,19,409,1782,1355,2235,1.4,78.6,3.0,61.5,5.5,67.0,20.2,13.7,21.9,3.8,59.1,32.1,0.0,0.0,0.2,0.2,4.6,20.25,20.8,85.3,0.4592,74.4846,0.0,0.0,0.0
0500000US13317,"Wilkes County, Georgia",13,317,10,359,213,565,4002,2767,726,1444,9549,463,4925,3762,14,117,0,13,255,122,1251,3442,3.8,59.3,6.2,51.7,1.5,75.0,17.6,15.3,17.8,4.8,51.6,39.4,0.1,1.2,0.0,0.1,2.7,1.28,17.6,95.5,0.5167,58.2778,0.0,0.0,0.0
0500000US13319,"Wilkinson County, Georgia",13,319,3,144,83,140,3365,2815,530,868,8747,290,4867,3298,0,47,0,109,136,115,705,3215,1.6,57.6,1.7,47.6,4.8,79.9,15.3,10.0,21.6,3.3,55.6,37.7,0.0,0.5,0.0,1.2,1.6,1.31,11.6,93.0,0.4603,58.8427,0.0,0.0,0.0
0500000US13321,"Worth County, Georgia",13,321,12,353,121,610,7308,6417,1659,2539,20451,495,13539,5132,40,158,2,73,1012,169,2094,7398,1.7,34.3,3.2,44.8,6.9,76.5,21.4,12.5,24.0,2.4,66.2,25.1,0.2,0.8,0.0,0.4,4.9,0.83,14.5,88.9,0.4389,75.0994,0.0,0.0,0.0
0500000US15001,"Hawaii County, Hawaii",15,001,1,24284,12234,44199,73107,61196,13197,9261,205769,24003,61616,1590,336,41595,24128,1322,51179,2570,10199,71770,11.8,50.4,22.6,43.5,6.0,68.9,17.8,4.5,14.9,11.7,29.9,0.8,0.2,20.2,11.7,0.6,24.9,1.25,6.8,83.0,0.4804,34.7102,0.0,0.0,0.0
0500000US15003,"Honolulu County, Hawaii",15,003,0,195997,72363,245533,284540,325938,34575,30949,1001146,94340,171807,21973,948,416584,90659,3261,201574,34231,48490,383329,19.6,36.9,26.0,34.8,4.7,70.6,10.2,3.3,9.2,9.4,17.2,2.2,0.1,41.6,9.1,0.3,20.1,3.42,6.8,77.2,0.4413,38.2754,0.0,0.0,0.0
0500000US15005,"Kalawao County, Hawaii",15,005,0,3,0,8,18,27,3,3,67,9,13,0,12,12,10,0,11,21,13,29,4.5,0.0,11.9,26.9,0.0,55.1,7.5,4.5,22.7,13.4,19.4,0.0,17.9,17.9,14.9,0.0,16.4,31.34,19.4,59.2,0.2834,,0.0,0.0,0.0
0500000US15007,"Kauai County, Hawaii",15,007,1,10617,4667,12751,21344,26499,2680,2890,73731,7804,21155,576,64,22131,6985,311,14705,749,3699,30061,14.4,44.0,18.3,35.7,3.8,72.1,11.3,4.0,9.1,10.6,28.7,0.8,0.1,30.0,9.5,0.4,19.9,1.02,6.9,86.4,0.446,39.2596,0.0,0.0,0.0
0500000US15009,"Maui County, Hawaii",15,009,0,28100,12286,34319,48465,61053,5781,6756,164522,17435,47768,1368,172,45630,15810,560,35779,2582,8074,65224,17.1,43.7,22.0,36.2,5.5,76.2,10.4,4.1,9.2,10.6,29.0,0.8,0.1,27.7,9.6,0.3,21.7,1.57,6.8,83.6,0.4575,35.9674,0.0,0.0,0.0
0500000US16001,"Ada County, Idaho",16,001,23,32115,14749,45965,143232,209671,10389,32848,518935,50948,419728,6536,1316,14215,935,2751,22506,13700,17341,200539,6.2,45.9,9.3,34.2,3.1,78.7,5.1,6.4,8.3,9.8,80.9,1.3,0.3,2.7,0.2,0.5,4.3,2.64,4.8,76.4,0.4511,,0.0,0.0,0.0
0500000US16003,"Adams County, Idaho",16,003,0,22,17,61,2107,1118,82,559,4744,235,4128,9,96,0,2,0,274,68,260,1404,0.5,77.3,1.3,52.7,7.4,63.8,4.6,11.9,17.9,5.0,87.0,0.2,2.0,0.0,0.0,0.0,5.8,1.43,7.1,81.4,0.4683,,0.0,0.0,0.0
0500000US16005,"Bannock County, Idaho",16,005,29,3018,1617,5099,25723,31303,4916,5721,89454,8869,71852,734,1854,1350,232,934,3629,2733,3633,34543,3.4,53.6,6.1,36.9,4.3,74.5,14.6,6.5,12.3,9.9,80.3,0.8,2.1,1.5,0.3,1.0,4.1,3.06,6.3,83.7,0.4462,,0.0,0.0,0.0
0500000US16007,"Bear Lake County, Idaho",16,007,0,110,42,223,2128,1937,107,456,6650,254,6201,33,28,14,0,1,119,57,331,2405,1.7,38.2,3.6,42.3,2.6,68.6,4.7,6.9,7.0,3.8,93.2,0.5,0.4,0.2,0.0,0.0,1.8,0.86,7.6,87.6,0.4038,,0.0,0.0,0.0
0500000US16009,"Benewah County, Idaho",16,009,0,74,30,293,3783,3111,432,1437,10142,387,8482,55,726,1,0,27,464,87,892,3707,0.7,40.5,3.0,45.9,3.7,72.4,10.6,14.3,12.9,3.8,83.6,0.5,7.2,0.0,0.0,0.3,4.6,0.86,12.4,87.5,0.4423,,0.0,0.0,0.0
0500000US16011,"Bingham County, Idaho",16,011,0,2814,1542,6746,13712,16208,1665,4351,49664,8829,36595,96,2320,144,14,94,1572,517,3405,19461,5.7,54.8,14.6,36.8,5.4,73.0,10.3,8.9,11.7,17.8,73.7,0.2,4.7,0.3,0.0,0.2,3.2,1.04,11.1,89.7,0.4205,,0.0,1.0,0.0
0500000US16013,"Blaine County, Idaho",16,013,7,3444,1940,5657,6308,11780,425,2234,24951,5451,17943,83,37,147,1,96,1193,372,1544,10453,13.8,56.3,23.7,30.2,2.1,82.4,4.1,9.0,6.6,21.8,71.9,0.3,0.1,0.6,0.0,0.4,4.8,1.49,8.5,75.3,0.4844,,0.0,0.0,0.0
0500000US16015,"Boise County, Idaho",16,015,0,163,76,344,3346,2576,243,768,8273,422,6907,20,79,125,2,184,534,59,267,2623,2.0,46.6,4.3,46.8,3.4,70.4,6.8,9.3,7.7,5.1,83.5,0.2,1.0,1.5,0.0,2.2,6.5,0.71,4.1,73.0,0.3654,,0.0,0.0,0.0
0500000US16017,"Bonner County, Idaho",16,017,0,1122,547,1975,20424,15882,1302,5618,51049,2028,45446,177,201,279,33,482,2403,540,2953,16604,2.2,48.8,4.1,48.1,4.8,75.7,6.4,11.1,11.1,4.0,89.0,0.3,0.4,0.5,0.1,0.9,4.7,1.06,7.7,80.9,0.4828,,0.0,0.0,0.0
0500000US16019,"Bonneville County, Idaho",16,019,14,5248,3052,11623,33233,44969,4007,10810,129523,18769,103824,444,482,1109,184,458,4253,1568,6458,49003,4.1,58.2,9.7,34.9,4.6,76.4,9.1,8.4,9.8,14.5,80.2,0.3,0.4,0.9,0.1,0.4,3.3,1.21,8.1,84.6,0.4251,,0.0,1.0,0.0
0500000US16021,"Boundary County, Idaho",16,021,0,584,486,835,5272,3642,543,1829,13172,753,10731,43,200,272,0,163,1010,152,1277,4108,4.4,83.2,6.8,50.9,2.6,73.4,10.8,14.0,13.6,5.7,81.5,0.3,1.5,2.1,0.0,1.2,7.7,1.15,13.9,83.9,0.4558,,0.0,0.0,0.0
0500000US16023,"Butte County, Idaho",16,023,0,78,65,160,936,781,117,209,2684,173,2382,0,1,0,8,0,120,21,202,839,2.9,83.3,6.2,44.4,4.4,69.9,10.9,7.8,19.3,6.4,88.7,0.0,0.0,0.0,0.3,0.0,4.5,0.78,10.9,75.6,0.4158,,0.0,0.0,0.0
0500000US16025,"Camas County, Idaho",16,025,0,15,11,80,371,355,1,134,1124,157,853,0,8,0,0,42,64,0,103,339,1.3,73.3,7.7,43.7,0.0,74.3,0.3,11.9,5.9,14.0,75.9,0.0,0.7,0.0,0.0,3.7,5.7,0.0,13.0,76.5,0.4234,,0.0,0.0,0.0
0500000US16027,"Canyon County, Idaho",16,027,50,21890,12392,44833,67285,95023,7423,30542,250790,65197,168258,1692,667,2031,533,2262,10150,3835,19699,97808,8.7,56.6,19.2,35.2,3.7,79.8,8.6,12.3,10.5,26.0,67.1,0.7,0.3,0.8,0.2,0.9,4.0,1.53,12.3,83.5,0.3947,,0.0,0.0,0.0
0500000US16029,"Caribou County, Idaho",16,029,0,276,243,221,2067,2487,190,552,7162,406,6484,11,10,0,0,0,251,93,428,3031,3.9,88.0,3.3,37.7,1.9,74.3,7.7,7.8,9.2,5.7,90.5,0.2,0.1,0.0,0.0,0.0,3.5,1.3,9.1,92.1,0.3993,,0.0,1.0,0.0
0500000US16031,"Cassia County, Idaho",16,031,0,2619,1758,5232,6787,9482,779,2941,25483,7664,16401,118,44,67,4,347,838,421,2202,9932,10.3,67.1,22.3,36.3,2.4,81.6,9.2,11.7,12.4,30.1,64.4,0.5,0.2,0.3,0.0,1.4,3.3,1.65,14.6,87.7,0.4423,,0.0,0.0,0.0
0500000US16033,"Clark County, Idaho",16,033,0,164,129,210,245,236,12,144,849,244,536,0,1,0,0,59,9,31,129,313,19.3,78.7,27.7,38.9,2.1,62.6,4.3,17.1,11.7,28.7,63.1,0.0,0.1,0.0,0.0,6.9,1.1,3.65,25.6,84.4,0.3317,,0.0,0.0,0.0
0500000US16035,"Clearwater County, Idaho",16,035,0,186,131,228,4072,2460,305,927,9012,411,7891,20,135,87,1,48,419,745,576,2978,2.1,70.4,2.6,52.2,4.5,69.2,8.4,11.2,13.2,4.6,87.6,0.2,1.5,1.0,0.0,0.5,4.6,8.27,8.0,85.3,0.4324,,0.0,0.0,0.0
0500000US16037,"Custer County, Idaho",16,037,0,214,31,158,1995,1172,90,533,4470,201,3950,14,16,137,0,16,136,254,224,1290,4.8,14.5,3.6,51.0,2.0,62.5,4.6,12.1,15.8,4.5,88.4,0.3,0.4,3.1,0.0,0.4,3.0,5.68,6.1,69.4,0.4224,,0.0,0.0,0.0
0500000US16039,"Elmore County, Idaho",16,039,0,2715,1456,3842,8350,7285,858,2341,29321,5334,20370,827,140,776,112,228,1534,1215,2256,12240,9.3,53.6,14.2,36.4,6.0,68.2,7.8,9.1,10.5,18.2,69.5,2.8,0.5,2.6,0.4,0.8,5.2,4.14,12.0,89.9,0.4031,,0.0,0.0,0.0
0500000US16041,"Franklin County, Idaho",16,041,0,390,125,987,3940,5298,301,1267,15056,1119,13454,16,20,9,13,66,359,60,393,5751,2.6,32.1,7.1,35.3,2.4,75.2,6.1,8.4,7.9,7.4,89.4,0.1,0.1,0.1,0.1,0.4,2.4,0.4,4.3,82.8,0.4008,,1.0,0.0,0.0
0500000US16043,"Fremont County, Idaho",16,043,2,771,476,1197,4636,4406,409,1424,13943,1732,11533,45,72,15,9,257,280,529,870,5134,5.5,61.7,9.1,41.8,3.9,71.1,8.8,10.6,10.1,12.4,82.7,0.3,0.5,0.1,0.1,1.8,2.0,3.79,9.2,84.1,0.4293,,0.0,0.0,0.0
0500000US16045,"Gem County, Idaho",16,045,0,1270,755,2053,7438,6741,520,2258,20614,1992,17211,2,154,159,0,165,931,273,1535,7297,6.2,59.4,10.5,44.6,2.9,75.1,6.8,11.1,12.0,9.7,83.5,0.0,0.7,0.8,0.0,0.8,4.5,1.32,10.5,83.7,0.4253,,0.0,0.0,0.0
0500000US16047,"Gooding County, Idaho",16,047,0,2224,1408,4097,4572,5673,475,3017,15931,5016,10054,10,148,44,0,24,635,121,1987,6204,14.0,63.3,27.5,37.3,3.8,76.8,8.3,19.1,13.0,31.5,63.1,0.1,0.9,0.3,0.0,0.2,4.0,0.76,19.2,86.8,0.4301,,0.0,1.0,0.0
0500000US16049,"Idaho County, Idaho",16,049,0,358,129,614,7432,4510,311,2397,17432,689,15540,22,319,95,2,99,666,596,1047,5442,2.1,36.0,3.7,51.3,3.7,66.5,4.6,14.2,11.1,4.0,89.1,0.1,1.8,0.5,0.0,0.6,3.8,3.42,8.1,81.1,0.4225,,0.0,0.0,0.0
0500000US16051,"Jefferson County, Idaho",16,051,0,1385,767,3561,8069,11116,762,2559,33154,3638,28414,16,61,42,4,124,855,171,1316,13178,4.2,55.4,11.6,33.9,2.7,72.5,7.5,7.8,9.7,11.0,85.7,0.0,0.2,0.1,0.0,0.4,2.6,0.52,6.7,88.1,0.3748,,0.0,0.0,0.0
0500000US16053,"Jerome County, Idaho",16,053,5,4512,3484,8102,6566,9278,626,3688,25173,9873,14304,24,27,6,0,33,906,196,4106,10605,17.9,77.2,34.7,35.1,3.6,79.5,7.6,14.8,12.6,39.2,56.8,0.1,0.1,0.0,0.0,0.1,3.6,0.78,26.5,91.9,0.4109,,0.0,0.0,0.0
0500000US16055,"Kootenai County, Idaho",16,055,5,4108,1332,5565,57602,67827,4783,16919,181996,10298,155815,629,1175,1224,84,1452,11319,2007,6748,68533,2.3,32.4,3.2,39.5,3.3,79.7,6.7,9.4,9.0,5.7,85.6,0.3,0.6,0.7,0.0,0.8,6.2,1.1,5.3,81.8,0.4304,,0.0,1.0,1.0
0500000US16057,"Latah County, Idaho",16,057,0,1598,882,2212,13030,13454,880,3291,41049,2120,34673,401,190,843,76,225,2521,3888,854,14875,3.9,55.2,5.7,38.0,6.8,67.9,5.4,8.1,17.6,5.2,84.5,1.0,0.5,2.1,0.2,0.5,6.1,9.47,3.5,76.8,0.4759,,0.0,0.0,0.0
0500000US16059,"Lemhi County, Idaho",16,059,0,48,27,193,3295,2622,345,500,8249,324,7544,8,34,3,10,40,286,148,564,2782,0.6,56.3,2.4,47.2,2.0,73.5,10.0,6.1,12.8,3.9,91.5,0.1,0.4,0.0,0.1,0.5,3.5,1.79,9.2,80.6,0.4948,,0.0,0.0,0.0
0500000US16061,"Lewis County, Idaho",16,061,0,43,14,132,1547,859,155,408,3682,158,3008,42,48,37,0,33,356,87,231,1110,1.2,32.6,3.8,52.4,2.4,62.7,9.8,11.1,15.3,4.3,81.7,1.1,1.3,1.0,0.0,0.9,9.7,2.36,8.6,82.4,0.4706,,0.0,0.0,0.0
0500000US16063,"Lincoln County, Idaho",16,063,2,843,548,1394,1355,1895,111,631,5358,1735,3335,30,23,17,0,10,208,47,568,2381,15.7,65.0,27.8,32.6,4.9,71.1,6.0,11.9,10.5,32.4,62.2,0.6,0.4,0.3,0.0,0.2,3.9,0.88,16.0,89.8,0.3712,,0.0,0.0,0.0
0500000US16065,"Madison County, Idaho",16,065,0,2866,2370,4967,14169,21978,1266,2649,54618,5369,45595,542,132,816,157,470,1537,11489,506,19544,5.2,82.7,9.8,31.5,8.3,77.7,9.5,4.9,24.5,9.8,83.5,1.0,0.2,1.5,0.3,0.9,2.8,21.04,2.7,70.5,0.4942,,0.0,0.0,0.0
0500000US16067,"Minidoka County, Idaho",16,067,0,2620,1311,5327,5902,8254,900,2967,22208,8227,13055,22,277,55,0,51,521,82,2372,9642,11.8,50.0,25.7,35.2,3.4,78.5,11.1,13.4,14.5,37.0,58.8,0.1,1.2,0.2,0.0,0.2,2.3,0.37,17.0,93.0,0.4419,,0.0,0.0,0.0
0500000US16069,"Nez Perce County, Idaho",16,069,5,707,212,1031,14195,15029,1267,3237,42697,1885,36486,70,1787,368,79,208,1814,1268,1852,16921,1.7,30.0,2.5,40.9,2.6,75.7,7.3,7.7,12.2,4.4,85.5,0.2,4.2,0.9,0.2,0.5,4.2,2.97,6.2,87.1,0.4422,,0.0,0.0,0.0
0500000US16071,"Oneida County, Idaho",16,071,0,53,18,287,1366,1489,93,316,4768,212,4379,19,19,0,0,21,118,40,135,1857,1.1,34.0,6.4,37.5,1.4,66.4,4.8,6.7,10.8,4.4,91.8,0.4,0.4,0.0,0.0,0.4,2.5,0.84,4.3,83.3,0.4255,,0.0,0.0,0.0
0500000US16073,"Owyhee County, Idaho",16,073,0,1347,1041,2500,4218,4091,511,2705,12503,3103,8479,66,243,17,25,35,535,172,1830,4594,10.8,77.3,21.2,43.0,2.0,74.9,11.8,21.9,12.2,24.8,67.8,0.5,1.9,0.1,0.2,0.3,4.3,1.38,21.8,86.3,0.4076,,1.0,1.0,0.0
0500000US16075,"Payette County, Idaho",16,075,0,1371,730,2407,8564,8610,1516,1879,26771,4790,20204,30,78,196,0,337,1136,201,2509,10506,5.1,53.2,9.6,41.4,3.2,73.8,15.6,7.1,10.2,17.9,75.5,0.1,0.3,0.7,0.0,1.3,4.2,0.75,13.8,91.5,0.3909,,0.0,0.0,0.0
0500000US16077,"Power County, Idaho",16,077,1,1049,597,2369,2169,2526,250,1202,8133,2787,4917,36,71,0,0,3,319,76,628,2848,12.9,56.9,30.7,36.0,5.6,69.4,8.9,14.9,9.5,34.3,60.5,0.4,0.9,0.0,0.0,0.0,3.9,0.93,12.2,80.5,0.3834,,0.0,1.0,0.0
0500000US16079,"Shoshone County, Idaho",16,079,0,245,118,270,4938,4720,595,1257,13785,565,12232,142,118,47,38,24,619,247,1007,4895,1.8,48.2,2.1,44.1,5.3,79.6,10.3,9.2,13.1,4.1,88.7,1.0,0.9,0.3,0.3,0.2,4.5,1.79,10.1,84.5,0.3917,,0.0,0.0,0.0
0500000US16081,"Teton County, Idaho",16,081,0,1318,992,1832,2605,5573,143,1798,12425,2146,9858,0,82,10,0,0,329,17,661,5379,10.6,75.3,15.6,26.1,1.2,76.6,3.1,14.5,9.1,17.3,79.3,0.0,0.7,0.1,0.0,0.0,2.6,0.14,7.5,76.2,0.4229,,0.0,0.0,0.0
0500000US16083,"Twin Falls County, Idaho",16,083,40,7973,4152,13093,25429,35579,3320,9437,93734,16912,70557,766,254,1060,293,423,3469,1468,6540,39801,8.5,52.1,14.9,35.4,3.0,79.1,9.6,10.2,11.5,18.0,75.3,0.8,0.3,1.1,0.3,0.5,3.7,1.57,10.7,89.9,0.4422,,0.0,0.0,0.0
0500000US16085,"Valley County, Idaho",16,085,0,171,93,306,4975,3739,134,1081,12389,670,11167,5,9,25,15,110,388,217,856,3421,1.4,54.4,2.6,48.5,4.8,75.2,3.1,8.8,11.7,5.4,90.1,0.0,0.1,0.2,0.1,0.9,3.1,1.75,9.0,70.4,0.4861,,0.0,0.0,0.0
0500000US16087,"Washington County, Idaho",16,087,0,708,406,1436,4726,2769,467,985,11142,1843,8648,33,13,72,17,41,475,180,814,3301,6.4,57.3,13.6,52.3,5.2,68.0,11.1,9.0,15.3,16.5,77.6,0.3,0.1,0.6,0.2,0.4,4.3,1.62,10.4,83.1,0.481,,0.0,1.0,0.0
0500000US17001,"Adams County, Illinois",17,001,34,791,309,1458,18140,27329,3448,2816,64754,1350,58307,1826,47,435,9,120,2660,1875,2780,28142,1.2,39.1,2.4,34.8,3.9,83.9,12.4,4.4,12.8,2.1,90.0,2.8,0.1,0.7,0.0,0.2,4.1,2.9,6.2,87.8,0.4535,72.9113,0.0,0.0,0.0
0500000US17003,"Alexander County, Illinois",17,003,0,48,17,13,2002,1205,511,452,4875,33,3066,1604,0,21,0,0,151,123,439,1574,1.0,35.4,0.3,50.9,6.5,66.8,26.8,9.5,19.0,0.7,62.9,32.9,0.0,0.4,0.0,0.0,3.1,2.52,12.6,92.0,0.4803,59.0489,0.0,0.0,0.0
0500000US17005,"Bond County, Illinois",17,005,4,178,102,366,6708,5491,793,544,16716,336,14351,1023,174,107,0,19,706,2102,1132,5905,1.1,57.3,2.3,47.1,4.5,76.7,12.9,3.6,10.9,2.0,85.9,6.1,1.0,0.6,0.0,0.1,4.2,12.57,9.9,85.6,0.437,71.2301,0.0,0.0,0.0
0500000US17007,"Boone County, Illinois",17,007,14,6004,2915,10397,14541,21897,2781,2957,53230,13651,36170,1214,13,511,0,196,1475,297,4924,22312,11.3,48.6,20.6,34.2,7.4,84.6,14.3,5.6,9.9,25.6,68.0,2.3,0.0,1.0,0.0,0.4,2.8,0.56,13.8,88.5,0.4217,56.3696,0.0,0.0,0.0
0500000US17009,"Brown County, Illinois",17,009,0,100,59,425,3186,1778,247,94,6322,424,4686,1123,3,3,0,0,83,1935,1118,1881,1.6,59.0,7.0,58.6,3.1,81.3,12.1,2.1,9.2,6.7,74.1,17.8,0.0,0.0,0.0,0.0,1.3,30.61,23.3,88.5,0.4106,78.9409,0.0,0.0,0.0
0500000US17011,"Bureau County, Illinois",17,011,23,1113,490,2266,10014,12905,1889,1743,32866,3357,27807,193,11,284,0,97,1117,488,2010,14348,3.4,44.0,7.3,37.2,4.3,79.9,13.5,5.4,10.8,10.2,84.6,0.6,0.0,0.9,0.0,0.3,3.4,1.48,8.5,90.6,0.4216,61.1538,0.0,0.0,0.0
0500000US17013,"Calhoun County, Illinois",17,013,0,14,3,16,1609,1417,95,101,4330,36,4085,64,1,0,0,5,139,110,176,1485,0.3,21.4,0.4,44.9,3.2,74.1,7.7,2.4,6.3,0.8,94.3,1.5,0.0,0.0,0.0,0.1,3.2,2.54,5.7,79.7,0.3793,76.8284,0.0,0.0,0.0
0500000US17015,"Carroll County, Illinois",17,015,16,379,232,890,6566,5016,996,805,15576,820,13674,612,42,125,0,37,266,1623,1286,5669,2.4,61.2,6.0,49.5,3.1,77.5,15.1,5.8,14.2,5.3,87.8,3.9,0.3,0.8,0.0,0.2,1.7,10.42,11.1,88.7,0.4115,64.8214,0.0,0.0,0.0
0500000US17017,"Cass County, Illinois",17,017,6,1813,1413,2634,4162,4509,755,977,12784,2929,8934,508,9,117,70,53,164,147,1179,5065,14.2,77.9,22.1,41.5,4.2,80.2,14.7,7.7,11.1,22.9,69.9,4.0,0.1,0.9,0.5,0.4,1.3,1.15,13.6,91.9,0.4164,70.8262,0.0,0.0,0.0
0500000US17019,"Champaign County, Illinois",17,019,133,29647,20043,37588,68335,65787,7764,10690,208741,17249,130275,27965,120,23848,43,762,8479,15020,5937,71125,14.2,67.6,19.0,39.4,4.3,65.5,9.1,5.2,19.1,8.3,62.4,13.4,0.1,11.4,0.0,0.4,4.1,7.2,4.9,71.9,0.5147,36.7991,0.0,0.0,0.0
0500000US17021,"Christian County, Illinois",17,021,9,397,164,812,12227,11422,2076,1250,33538,1112,30528,718,11,247,13,99,810,1747,2233,13563,1.2,41.3,2.5,43.6,4.6,75.7,15.3,3.9,10.2,3.3,91.0,2.1,0.0,0.7,0.0,0.3,2.4,5.21,9.1,90.8,0.4435,72.5507,0.0,0.0,0.0
0500000US17023,"Clark County, Illinois",17,023,5,201,121,314,4724,5411,879,697,15266,285,14503,70,6,19,0,0,383,283,807,6497,1.3,60.2,2.2,38.7,3.7,75.1,13.4,4.7,9.1,1.9,95.0,0.5,0.0,0.1,0.0,0.0,2.5,1.85,7.5,92.4,0.4161,74.7014,0.0,0.0,0.0
0500000US17025,"Clay County, Illinois",17,025,0,31,15,142,4499,4354,983,660,13052,264,12377,38,15,28,0,27,303,367,853,5255,0.2,48.4,1.2,43.4,4.8,78.0,18.5,5.1,17.5,2.0,94.8,0.3,0.1,0.2,0.0,0.2,2.3,2.81,9.5,94.7,0.4569,82.8778,0.0,0.0,0.0
0500000US17027,"Clinton County, Illinois",17,027,11,868,511,1469,11171,14012,1311,1690,36954,1512,33295,1147,49,213,0,10,728,2147,2049,15028,2.3,58.9,4.2,37.2,3.4,77.1,9.0,4.8,7.4,4.1,90.1,3.1,0.1,0.6,0.0,0.0,2.0,5.81,7.8,83.9,0.4283,74.9194,0.0,0.0,0.0
0500000US17029,"Coles County, Illinois",17,029,23,1298,586,2273,15328,16991,3947,3262,46777,1809,41146,1666,14,514,3,183,1442,3812,2697,18421,2.8,45.1,5.1,39.1,6.1,76.1,19.0,7.1,18.7,3.9,88.0,3.6,0.0,1.1,0.0,0.4,3.1,8.15,8.9,85.4,0.4519,63.2631,0.0,0.0,0.0
0500000US17031,"Cook County, Illinois",17,031,1636,1127068,535104,1752607,1427420,2151363,329128,454597,5182090,1387163,2077522,1130881,3815,407859,1288,20578,152984,87901,416621,1588830,21.7,47.5,35.8,33.8,7.0,82.8,15.7,8.9,13.5,26.8,40.1,21.8,0.1,7.9,0.0,0.4,3.0,1.7,11.4,62.5,0.5043,28.0801,0.0,0.0,0.0
0500000US17033,"Crawford County, Illinois",17,033,6,219,56,490,6838,6244,1030,917,18511,491,16711,636,103,45,0,14,511,1295,1266,7435,1.2,25.6,2.8,44.7,3.0,76.3,13.7,5.3,12.1,2.7,90.3,3.4,0.6,0.2,0.0,0.1,2.8,7.0,9.5,91.6,0.4414,75.2882,0.0,0.0,0.0
0500000US17035,"Cumberland County, Illinois",17,035,1,18,7,64,2906,4121,385,538,10334,38,9816,18,0,4,0,0,458,135,428,4607,0.2,38.9,0.7,34.7,1.4,76.5,9.2,5.3,9.1,0.4,95.0,0.2,0.0,0.0,0.0,0.0,4.4,1.31,5.9,87.3,0.4014,80.2045,0.0,0.0,0.0
0500000US17037,"DeKalb County, Illinois",17,037,54,6483,3558,11462,25716,40090,5827,5124,100703,14647,71499,6810,179,2262,0,493,4813,4819,4712,42816,6.4,54.9,12.0,31.6,6.8,77.3,14.7,5.1,14.8,14.5,71.0,6.8,0.2,2.2,0.0,0.5,4.8,4.79,7.8,84.4,0.45,47.923,0.0,0.0,0.0
0500000US17039,"De Witt County, Illinois",17,039,4,279,95,398,4775,5847,863,491,15373,540,14255,155,35,30,0,0,358,224,665,6333,1.8,34.1,2.7,38.2,4.0,79.0,13.1,3.2,10.0,3.5,92.7,1.0,0.2,0.2,0.0,0.0,2.3,1.46,6.1,86.4,0.4032,71.2684,0.0,0.0,0.0
0500000US17041,"Douglas County, Illinois",17,041,6,824,476,3668,5411,7664,965,3002,19751,1672,17268,245,11,82,0,72,401,253,1666,8018,4.2,57.8,19.9,34.8,2.5,77.9,12.4,15.4,8.5,8.5,87.4,1.2,0.1,0.4,0.0,0.4,2.0,1.28,12.5,83.5,0.4028,72.2473,0.0,0.0,0.0
0500000US17043,"DuPage County, Illinois",17,043,562,190983,79616,259969,240306,412208,26030,47841,930024,149533,578175,45054,323,120470,205,3862,32402,13938,45564,341299,20.5,41.7,29.6,32.0,4.9,85.1,7.4,5.2,6.6,16.1,62.2,4.8,0.0,13.0,0.0,0.4,3.5,1.5,7.0,71.7,0.4587,41.8583,0.0,0.0,0.0
0500000US17045,"Edgar County, Illinois",17,045,11,171,87,330,5748,6033,1460,879,16535,252,15842,108,3,37,5,0,288,393,1320,6785,1.0,50.9,2.1,41.9,4.4,79.2,19.3,5.4,12.0,1.5,95.8,0.7,0.0,0.2,0.0,0.0,1.7,2.38,10.8,90.9,0.4221,75.2654,0.0,0.0,0.0
0500000US17047,"Edwards County, Illinois",17,047,0,50,29,121,1964,2247,457,362,6075,89,5755,6,0,15,0,5,205,17,347,2479,0.8,58.0,2.1,39.9,5.6,80.3,17.1,6.0,16.5,1.5,94.7,0.1,0.0,0.2,0.0,0.1,3.4,0.28,8.1,88.9,0.4348,84.9498,0.0,0.0,0.0
0500000US17049,"Effingham County, Illinois",17,049,24,563,309,1026,9302,14141,1696,1810,34522,955,32525,101,5,287,0,81,568,480,1664,14737,1.6,54.9,3.2,34.3,2.1,80.9,12.2,5.3,10.1,2.8,94.2,0.3,0.0,0.8,0.0,0.2,1.6,1.39,7.0,85.2,0.423,79.2496,0.0,0.0,0.0
0500000US17051,"Fayette County, Illinois",17,051,7,189,87,912,7869,6935,909,1492,21315,650,18815,692,54,33,12,0,1059,991,1916,8119,0.9,46.0,4.5,45.2,3.8,75.7,11.6,7.3,15.5,3.0,88.3,3.2,0.3,0.2,0.1,0.0,5.0,4.65,12.7,89.7,0.4489,81.7311,0.0,0.0,0.0
0500000US17053,"Ford County, Illinois",17,053,7,355,251,527,4083,4999,842,747,13406,707,11982,44,4,55,0,73,541,405,781,5490,2.6,70.7,4.2,38.1,5.5,79.6,14.4,5.7,12.4,5.3,89.4,0.3,0.0,0.4,0.0,0.5,4.0,3.02,8.4,87.9,0.4342,72.9132,0.0,0.0,0.0
0500000US17055,"Franklin County, Illinois",17,055,11,450,241,947,13279,12027,4171,2708,37323,756,35133,135,28,131,0,78,1062,457,2748,13720,1.2,53.6,2.7,44.0,7.7,77.1,25.8,7.3,17.5,2.0,94.1,0.4,0.1,0.4,0.0,0.2,2.8,1.22,10.4,89.7,0.4563,74.61,0.0,0.0,0.0
0500000US17057,"Fulton County, Illinois",17,057,11,391,232,774,12622,10265,2393,1136,33020,830,30295,928,100,100,0,63,704,2109,2265,12247,1.2,59.3,2.5,46.2,6.7,75.0,17.3,3.7,13.2,2.5,91.7,2.8,0.3,0.3,0.0,0.2,2.1,6.39,9.4,90.6,0.4316,60.8709,0.0,0.0,0.0
0500000US17059,"Gallatin County, Illinois",17,059,1,35,7,98,1741,1408,458,220,4819,57,4580,54,6,37,0,0,85,31,468,1888,0.7,20.0,2.1,44.1,9.2,70.3,21.8,4.6,13.6,1.2,95.0,1.1,0.1,0.8,0.0,0.0,1.8,0.64,13.2,96.8,0.4594,76.0079,0.0,0.0,0.0
0500000US17061,"Greene County, Illinois",17,061,3,25,3,155,3953,3982,689,474,11683,128,11196,88,16,61,0,11,183,209,729,4497,0.2,12.0,1.4,42.0,4.9,76.8,15.5,4.1,14.3,1.1,95.8,0.8,0.1,0.5,0.0,0.1,1.6,1.79,8.8,88.0,0.4457,77.9227,0.0,0.0,0.0
0500000US17063,"Grundy County, Illinois",17,063,33,2180,580,4253,13702,22483,2251,1792,53219,6368,43879,1213,29,301,0,134,1295,332,2209,23153,4.1,26.6,8.5,32.7,4.6,83.6,10.9,3.4,6.0,12.0,82.4,2.3,0.1,0.6,0.0,0.3,2.4,0.62,6.2,87.3,0.4036,63.9249,0.0,0.0,0.0
0500000US17065,"Hamilton County, Illinois",17,065,0,39,16,146,2614,2680,516,597,7916,57,7498,17,13,41,10,28,252,119,469,3269,0.5,41.0,1.9,41.3,5.1,75.9,15.2,7.6,12.1,0.7,94.7,0.2,0.2,0.5,0.1,0.4,3.2,1.5,8.3,95.8,0.4866,80.9615,0.0,0.0,0.0
0500000US17067,"Hancock County, Illinois",17,067,0,251,176,446,5797,5722,1010,979,17281,397,16246,128,10,62,15,18,405,277,800,6959,1.5,70.1,2.7,41.2,4.2,72.4,13.3,5.7,12.3,2.3,94.0,0.7,0.1,0.4,0.1,0.1,2.3,1.6,6.4,89.5,0.4426,73.9989,0.0,0.0,0.0
0500000US17069,"Hardin County, Illinois",17,069,0,10,0,9,1871,1016,286,130,3605,33,3451,49,0,0,0,9,63,126,234,1141,0.3,0.0,0.3,58.9,2.8,80.1,18.5,3.7,11.0,0.9,95.7,1.4,0.0,0.0,0.0,0.2,1.7,3.5,8.1,91.7,0.4061,80.27,0.0,0.0,0.0
0500000US17071,"Henderson County, Illinois",17,071,0,37,10,64,2335,1910,374,162,6193,76,5801,19,41,11,0,31,214,63,426,2402,0.6,27.0,1.1,45.2,7.8,73.1,13.8,2.6,13.9,1.2,93.7,0.3,0.7,0.2,0.0,0.5,3.5,1.02,9.1,94.6,0.3915,68.3891,0.0,0.0,0.0
0500000US17073,"Henry County, Illinois",17,073,15,837,310,2063,14980,17749,2696,1939,48643,3366,42305,480,5,254,3,291,1939,719,2659,20034,1.7,37.0,4.5,38.0,4.8,76.3,13.3,4.0,8.9,6.9,87.0,1.0,0.0,0.5,0.0,0.6,4.0,1.48,7.6,87.5,0.4261,61.2107,0.0,0.0,0.0
0500000US17075,"Iroquois County, Illinois",17,075,13,919,514,1498,8603,9792,1623,1570,26449,2187,23060,204,20,89,0,112,777,417,2037,10829,3.5,55.9,6.0,39.9,4.5,79.0,14.2,6.0,12.5,8.3,87.2,0.8,0.1,0.3,0.0,0.4,2.9,1.58,10.9,88.3,0.4341,77.8745,0.0,0.0,0.0
0500000US17077,"Jackson County, Illinois",17,077,25,3012,2019,4914,19186,15757,4243,3312,53064,2811,37830,7393,38,1970,11,542,2469,4121,2257,17661,5.7,67.0,9.8,43.4,7.5,68.2,18.5,6.3,21.0,5.3,71.3,13.9,0.1,3.7,0.0,1.0,4.7,7.77,7.1,81.1,0.4936,47.2468,0.0,0.0,0.0
0500000US17079,"Jasper County, Illinois",17,079,3,108,95,163,2431,3748,525,459,9180,123,8887,7,0,12,3,0,148,107,529,4195,1.2,88.0,1.9,33.0,4.2,79.4,14.0,5.0,11.1,1.3,96.8,0.1,0.0,0.1,0.0,0.0,1.6,1.17,8.2,89.5,0.4056,82.0092,0.0,0.0,0.0
0500000US17081,"Jefferson County, Illinois",17,081,3,680,310,1240,12051,13290,2537,2536,36550,1030,30570,2137,120,351,0,135,2207,1492,1973,14797,1.9,45.6,3.6,41.0,5.8,81.3,17.1,7.2,13.5,2.8,83.6,5.8,0.3,1.0,0.0,0.4,6.0,4.08,7.7,92.2,0.4335,73.1545,0.0,0.0,0.0
0500000US17083,"Jersey County, Illinois",17,083,0,220,144,358,6949,8236,945,1042,21274,340,20132,118,5,143,22,11,503,1059,877,8406,1.0,65.5,1.8,39.4,3.4,79.6,11.9,5.0,8.8,1.6,94.6,0.6,0.0,0.7,0.1,0.1,2.4,4.98,5.9,83.9,0.4248,74.2603,0.0,0.0,0.0
0500000US17085,"Jo Daviess County, Illinois",17,085,0,418,181,547,7398,8300,874,1013,21851,912,20080,166,24,114,11,70,474,257,1134,8556,1.9,43.3,2.6,40.4,3.6,79.0,8.4,4.7,7.8,4.2,91.9,0.8,0.1,0.5,0.1,0.3,2.2,1.18,6.8,82.5,0.4282,57.4835,0.0,0.0,0.0
0500000US17087,"Johnson County, Illinois",17,087,7,158,91,293,6460,3234,530,940,13376,597,10716,1039,0,33,0,33,958,1808,1389,4162,1.2,57.6,2.3,58.0,3.5,71.5,12.9,8.1,17.6,4.5,80.1,7.8,0.0,0.2,0.0,0.2,7.2,13.52,14.6,92.9,0.4358,78.6171,0.0,0.0,0.0
0500000US17089,"Kane County, Illinois",17,089,131,89039,46389,155130,125203,229945,20253,40060,517255,172723,279104,24561,324,20876,254,1937,17476,5455,43584,211148,17.2,52.1,31.8,30.5,4.8,84.9,11.0,7.8,7.9,33.4,54.0,4.7,0.1,4.0,0.0,0.4,3.4,1.05,12.6,79.6,0.4326,44.4049,0.0,0.0,0.0
0500000US17091,"Kankakee County, Illinois",17,091,56,6116,3060,10954,32884,41405,6532,5948,106635,13523,72459,15220,35,1048,0,364,3986,4815,6054,42418,5.7,50.0,10.9,38.4,4.9,82.6,15.9,5.7,12.2,12.7,68.0,14.3,0.0,1.0,0.0,0.3,3.7,4.52,8.4,86.6,0.4433,59.461,0.0,0.0,0.0
0500000US17093,"Kendall County, Illinois",17,093,30,15682,7570,28172,28695,60190,3907,5490,137675,30872,85403,10449,214,4839,0,533,5365,379,5336,59115,11.4,48.3,21.8,27.3,4.3,82.6,8.6,4.0,5.4,22.4,62.0,7.6,0.2,3.5,0.0,0.4,3.9,0.28,6.0,82.9,0.3615,48.1498,0.0,0.0,0.0
0500000US17095,"Knox County, Illinois",17,095,18,1562,1049,2407,17984,16930,3235,2345,49046,3161,39210,3910,16,617,7,175,1950,3969,3448,18253,3.2,67.2,5.2,44.7,5.1,80.1,15.4,5.0,14.6,6.4,79.9,8.0,0.0,1.3,0.0,0.4,4.0,8.09,10.1,88.0,0.4542,53.702,0.0,0.0,0.0
0500000US17097,"Lake County, Illinois",17,097,322,141715,68391,212518,180899,299509,24166,48085,714223,177631,401332,45196,512,61505,296,3941,23810,20160,44725,267796,19.8,48.3,31.4,31.8,5.2,83.8,9.4,6.9,8.3,24.9,56.2,6.3,0.1,8.6,0.0,0.6,3.3,2.82,9.4,74.2,0.4796,38.7253,0.0,0.0,0.0
0500000US17099,"LaSalle County, Illinois",17,099,53,4217,2155,8166,34333,41951,6729,4279,108714,12161,89301,2715,9,911,5,274,3338,3076,6302,45830,3.9,51.1,7.9,38.7,5.4,81.5,14.8,4.0,13.9,11.2,82.1,2.5,0.0,0.8,0.0,0.3,3.1,2.83,8.2,91.2,0.4442,58.4997,0.0,0.0,0.0
0500000US17101,"Lawrence County, Illinois",17,101,4,223,162,434,6149,4905,805,898,15031,323,12601,932,7,69,0,6,1093,1477,1426,5079,1.5,72.6,3.0,48.8,8.1,82.6,14.7,6.6,14.5,2.1,83.8,6.2,0.0,0.5,0.0,0.0,7.3,9.83,13.0,86.5,0.4286,77.1686,0.0,0.0,0.0
0500000US17103,"Lee County, Illinois",17,103,4,758,474,1479,12458,11789,2048,1183,33869,2564,28257,1795,10,243,0,27,973,2686,2207,13452,2.2,62.5,4.6,44.3,5.2,79.3,15.4,3.8,11.8,7.6,83.4,5.3,0.0,0.7,0.0,0.1,2.9,7.93,8.8,91.5,0.4348,60.0757,0.0,0.0,0.0
0500000US17105,"Livingston County, Illinois",17,105,8,862,368,1345,11477,12994,2146,1743,35565,2070,31191,1200,10,198,0,46,850,2028,2872,14320,2.4,42.7,4.0,39.9,3.5,77.7,14.7,5.2,10.5,5.8,87.7,3.4,0.0,0.6,0.0,0.1,2.4,5.7,11.4,87.6,0.4124,72.3307,0.0,0.0,0.0
0500000US17107,"Logan County, Illinois",17,107,0,405,210,794,10443,9492,2068,642,27713,966,23807,1483,18,130,4,18,1287,3356,1446,10389,1.5,51.9,3.0,45.2,4.0,78.0,18.4,2.6,13.1,3.5,85.9,5.4,0.1,0.5,0.0,0.1,4.6,12.11,7.3,86.8,0.4222,69.6991,0.0,0.0,0.0
0500000US17109,"McDonough County, Illinois",17,109,14,714,463,1216,8537,9405,1680,1957,26920,944,22930,1520,6,561,24,104,831,2671,962,10916,2.7,64.8,4.8,37.7,7.9,72.5,14.2,7.4,17.2,3.5,85.2,5.6,0.0,2.1,0.1,0.4,3.1,9.92,5.8,86.3,0.4662,58.3612,0.0,0.0,0.0
0500000US17111,"McHenry County, Illinois",17,111,100,31059,14302,47624,75982,137623,8679,14084,312591,50243,237822,4315,130,9441,36,729,9875,1868,13691,132091,9.9,46.0,16.1,30.3,4.7,82.7,7.4,4.5,6.2,16.1,76.1,1.4,0.0,3.0,0.0,0.2,3.2,0.6,6.3,80.6,0.4162,51.7201,0.0,0.0,0.0
0500000US17113,"McLean County, Illinois",17,113,102,13043,7848,15792,49019,70525,7245,7873,171556,11062,130803,14355,88,8906,54,600,5688,9285,4367,66000,7.6,60.2,9.7,35.2,3.1,80.5,10.3,4.6,12.9,6.4,76.2,8.4,0.1,5.2,0.0,0.3,3.3,5.41,4.1,76.9,0.4743,46.5662,0.0,0.0,0.0
0500000US17115,"Macon County, Illinois",17,115,123,2799,1476,3948,34037,36758,8595,4090,101849,2915,74651,16534,70,1564,43,417,5655,3016,4878,37829,2.7,52.7,4.1,41.9,6.8,83.5,19.8,4.1,15.0,2.9,73.3,16.2,0.1,1.5,0.0,0.4,5.6,2.96,6.9,87.6,0.4605,58.5827,0.0,0.0,0.0
0500000US17117,"Macoupin County, Illinois",17,117,3,400,191,574,15632,15909,2712,1783,44350,608,41461,654,43,130,6,100,1348,888,2747,17055,0.9,47.8,1.4,42.9,3.7,79.4,15.4,4.1,13.1,1.4,93.5,1.5,0.1,0.3,0.0,0.2,3.0,2.0,8.6,87.1,0.4311,68.5806,0.0,0.0,0.0
0500000US17119,"Madison County, Illinois",17,119,59,5835,2481,9096,80125,105415,15129,12283,264238,11399,216149,20255,329,2243,67,493,13303,5531,11340,106942,2.2,42.5,3.6,37.3,4.6,82.2,13.7,4.7,11.1,4.3,81.8,7.7,0.1,0.8,0.0,0.2,5.0,2.09,6.1,84.7,0.4409,55.5526,0.0,0.0,0.0
0500000US17121,"Marion County, Illinois",17,121,4,551,270,872,11692,12987,3073,2307,37000,812,32978,1071,36,257,1,283,1562,889,2382,14972,1.5,49.0,2.5,39.9,5.9,78.5,19.8,6.4,15.4,2.2,89.1,2.9,0.1,0.7,0.0,0.8,4.2,2.4,9.3,92.7,0.4345,74.0305,0.0,0.0,0.0
0500000US17123,"Marshall County, Illinois",17,123,8,124,72,326,4188,4129,687,395,11647,409,10724,47,8,10,2,16,431,276,722,4677,1.1,58.1,2.9,43.8,3.8,80.1,13.5,3.5,11.4,3.5,92.1,0.4,0.1,0.1,0.0,0.1,3.7,2.37,8.5,91.3,0.4106,67.227,0.0,0.0,0.0
0500000US17125,"Mason County, Illinois",17,125,0,116,22,269,4770,4073,898,484,12745,205,12000,66,27,52,0,0,395,228,648,4633,0.9,19.0,2.2,45.7,4.9,75.5,15.5,3.9,14.8,1.6,94.2,0.5,0.2,0.4,0.0,0.0,3.1,1.79,7.0,87.3,0.4243,70.0345,0.0,0.0,0.0
0500000US17127,"Massac County, Illinois",17,127,8,189,127,335,5089,4563,931,1066,13865,397,11960,891,0,39,0,42,536,255,932,5347,1.4,67.2,2.5,45.4,3.8,77.7,17.1,7.8,16.3,2.9,86.3,6.4,0.0,0.3,0.0,0.3,3.9,1.84,9.3,92.8,0.4213,73.9814,0.0,0.0,0.0
0500000US17129,"Menard County, Illinois",17,129,6,111,44,159,3976,3703,759,263,12095,204,11461,63,0,31,0,2,334,110,433,4826,0.9,39.6,1.4,40.7,3.5,66.1,14.5,2.2,10.1,1.7,94.8,0.5,0.0,0.3,0.0,0.0,2.8,0.91,5.0,86.8,0.4058,69.958,0.0,0.0,0.0
0500000US17131,"Mercer County, Illinois",17,131,0,166,54,413,4941,5885,652,709,15495,534,14426,93,14,56,0,4,368,168,682,6327,1.1,32.5,2.8,39.2,3.2,79.5,9.9,4.6,8.9,3.4,93.1,0.6,0.1,0.4,0.0,0.0,2.4,1.08,6.1,87.1,0.4141,62.485,0.0,0.0,0.0
0500000US17133,"Monroe County, Illinois",17,133,12,427,149,709,8941,15255,615,873,35036,683,33291,207,19,209,0,63,564,310,1004,16005,1.2,34.9,2.1,31.7,1.9,80.9,4.4,2.5,5.0,1.9,95.0,0.6,0.1,0.6,0.0,0.2,1.6,0.88,4.0,85.4,0.4032,67.2424,0.0,0.0,0.0
0500000US17135,"Montgomery County, Illinois",17,135,0,218,69,669,10937,8764,1747,1167,27942,609,25625,922,31,110,4,45,596,2273,2002,9847,0.8,31.7,2.5,47.5,4.7,76.3,15.4,4.5,12.6,2.2,91.7,3.3,0.1,0.4,0.0,0.2,2.1,8.13,9.8,86.8,0.4448,71.0293,0.0,0.0,0.0
0500000US17137,"Morgan County, Illinois",17,137,4,359,130,767,11899,11383,2124,1384,33021,967,28781,1605,32,270,19,22,1325,2385,2414,12752,1.1,36.2,2.4,43.4,5.4,77.7,16.2,4.4,13.4,2.9,87.2,4.9,0.1,0.8,0.1,0.1,4.0,7.22,10.5,87.8,0.4459,65.4562,0.0,0.0,0.0
0500000US17139,"Moultrie County, Illinois",17,139,3,105,54,1482,4508,5251,688,1999,14424,241,13713,150,0,8,0,8,304,350,1401,5522,0.7,51.4,10.9,39.8,2.2,79.5,11.8,14.1,9.2,1.7,95.1,1.0,0.0,0.1,0.0,0.1,2.1,2.43,14.4,84.4,0.4252,73.7745,0.0,0.0,0.0
0500000US17141,"Ogle County, Illinois",17,141,32,2334,1179,4202,15905,19025,2231,2107,51495,6144,42746,627,22,289,2,180,1485,557,3205,21086,4.5,50.5,8.6,38.4,5.0,78.6,10.7,4.1,8.4,11.9,83.0,1.2,0.0,0.6,0.0,0.3,2.9,1.08,8.9,88.9,0.4113,63.7622,0.0,0.0,0.0
0500000US17143,"Peoria County, Illinois",17,143,73,12815,7463,15001,53371,67735,13992,10225,179645,10799,118760,30988,103,8252,25,876,9842,5176,7960,68351,7.1,58.2,8.9,37.8,6.2,82.3,18.0,5.8,15.7,6.0,66.1,17.2,0.1,4.6,0.0,0.5,5.5,2.88,6.6,84.6,0.4853,46.6224,0.0,0.0,0.0
0500000US17145,"Perry County, Illinois",17,145,0,250,128,511,8747,5856,1494,629,20639,760,17530,1573,10,74,0,38,654,2524,2102,7101,1.2,51.2,2.6,51.0,4.6,73.3,19.0,3.5,16.9,3.7,84.9,7.6,0.0,0.4,0.0,0.2,3.2,12.23,14.1,92.0,0.4125,75.1406,0.0,0.0,0.0
0500000US17147,"Piatt County, Illinois",17,147,12,291,113,387,4718,6506,433,551,16695,271,15823,206,1,106,0,26,262,158,450,7636,1.7,38.8,2.4,35.0,2.8,76.5,6.3,3.3,6.1,1.6,94.8,1.2,0.0,0.6,0.0,0.2,1.6,0.95,3.8,90.3,0.4071,64.1986,0.0,0.0,0.0
0500000US17149,"Pike County, Illinois",17,149,14,124,90,300,4531,4591,951,808,14469,298,13698,87,1,41,54,5,285,343,877,6027,0.9,72.6,2.2,39.6,3.9,69.2,15.9,5.7,14.8,2.1,94.7,0.6,0.0,0.3,0.4,0.0,2.0,2.37,8.6,91.9,0.4331,81.0494,0.0,0.0,0.0
0500000US17151,"Pope County, Illinois",17,151,0,33,15,106,1895,956,126,111,3739,111,3317,179,28,1,0,0,103,150,217,1188,0.9,45.5,3.0,57.5,2.8,70.3,9.1,3.1,13.3,3.0,88.7,4.8,0.7,0.0,0.0,0.0,2.8,4.01,7.4,89.0,0.4318,79.6062,0.0,0.0,0.0
0500000US17153,"Pulaski County, Illinois",17,153,0,27,8,40,2391,1154,444,226,5015,52,3102,1683,0,8,0,4,166,189,426,1370,0.5,29.6,0.8,58.4,4.3,70.7,22.9,4.7,25.0,1.0,61.9,33.6,0.0,0.2,0.0,0.1,3.3,3.77,12.4,88.2,0.4395,66.4847,0.0,0.0,0.0
0500000US17155,"Putnam County, Illinois",17,155,7,101,12,205,1846,2135,205,166,5601,368,4960,19,2,42,0,30,180,6,241,2371,1.8,11.9,3.8,39.7,4.2,79.5,8.3,3.0,8.1,6.6,88.6,0.3,0.0,0.7,0.0,0.5,3.2,0.11,5.8,91.2,0.3954,60.4079,0.0,0.0,0.0
0500000US17157,"Randolph County, Illinois",17,157,0,736,628,895,11599,9211,1538,1463,30058,1147,25594,2459,31,169,22,57,579,3178,2829,11096,2.4,85.3,3.1,46.8,5.0,73.7,12.9,5.3,14.6,3.8,85.1,8.2,0.1,0.6,0.1,0.2,1.9,10.57,12.9,90.9,0.4079,74.1227,0.0,0.0,0.0
0500000US17159,"Richland County, Illinois",17,159,3,218,151,429,4816,5998,1014,934,15598,309,14565,48,9,85,2,140,440,316,931,6626,1.4,69.3,2.9,38.6,3.1,80.9,15.7,6.1,12.1,2.0,93.4,0.3,0.1,0.5,0.0,0.9,2.8,2.03,8.5,90.0,0.4228,75.9381,0.0,0.0,0.0
0500000US17161,"Rock Island County, Illinois",17,161,71,12394,6600,18590,44395,53865,9845,8505,142757,20305,96160,15568,92,3770,49,524,6289,5094,9142,55330,8.7,53.3,13.8,38.8,5.6,81.6,15.9,6.1,15.5,14.2,67.4,10.9,0.1,2.6,0.0,0.4,4.4,3.57,9.3,86.0,0.4413,44.2198,0.0,0.0,0.0
0500000US17163,"St. Clair County, Illinois",17,163,56,8330,3841,11906,74121,90960,16293,12650,253694,12858,149879,70203,382,4098,43,1391,14840,4823,11418,98397,3.3,46.1,5.0,36.6,6.0,77.9,16.2,5.1,13.6,5.1,59.1,27.7,0.2,1.6,0.0,0.5,5.8,1.9,6.5,83.5,0.452,45.0318,0.0,0.0,0.0
0500000US17165,"Saline County, Illinois",17,165,11,212,114,438,8612,6875,2622,1235,23213,502,21205,719,22,127,0,23,615,548,1741,8385,0.9,53.8,2.0,45.4,7.7,71.9,26.2,5.4,18.9,2.2,91.3,3.1,0.1,0.5,0.0,0.1,2.6,2.36,10.3,92.6,0.5251,73.8331,0.0,0.0,0.0
0500000US17167,"Sangamon County, Illinois",17,167,145,6961,3492,8761,60922,62211,13108,6901,194947,5721,150779,24441,98,4401,19,1015,8473,3948,8017,74359,3.6,50.2,4.8,38.8,5.4,68.6,15.5,3.6,13.1,2.9,77.3,12.5,0.1,2.3,0.0,0.5,4.3,2.03,5.9,82.7,0.4637,51.4051,0.0,0.0,0.0
0500000US17169,"Schuyler County, Illinois",17,169,2,88,9,204,2797,1907,318,693,6787,182,6124,254,0,44,0,0,183,876,385,2557,1.3,10.2,3.1,48.4,5.0,67.2,11.6,10.4,20.8,2.7,90.2,3.7,0.0,0.6,0.0,0.0,2.7,12.91,7.3,90.9,0.4274,72.3597,0.0,0.0,0.0
0500000US17171,"Scott County, Illinois",17,171,0,32,21,104,1807,1570,332,269,4937,80,4712,51,3,22,0,0,69,42,270,1855,0.6,65.6,2.2,44.6,2.7,71.9,16.2,5.5,11.5,1.6,95.4,1.0,0.1,0.4,0.0,0.0,1.4,0.85,7.6,86.6,0.458,80.0541,0.0,0.0,0.0
0500000US17173,"Shelby County, Illinois",17,173,8,217,71,368,6523,7733,1245,913,20720,254,19889,45,60,38,0,26,408,206,762,8916,1.0,32.7,1.9,38.6,3.0,76.9,14.0,4.4,9.2,1.2,96.0,0.2,0.3,0.2,0.0,0.1,2.0,0.99,5.1,89.9,0.3806,79.4087,0.0,0.0,0.0
0500000US17175,"Stark County, Illinois",17,175,0,125,83,177,1740,1935,264,300,5308,152,4815,66,5,45,0,0,225,118,274,2113,2.4,66.4,3.5,40.7,2.3,78.3,11.6,5.8,11.1,2.9,90.7,1.2,0.1,0.8,0.0,0.0,4.2,2.22,7.2,87.0,0.4482,71.8218,0.0,0.0,0.0
0500000US17177,"Stephenson County, Illinois",17,177,14,1125,617,1578,14035,16536,3291,2234,43768,2457,34544,3701,73,361,3,168,2461,776,2299,17534,2.6,54.8,3.8,39.4,4.3,80.5,17.0,5.2,13.9,5.6,78.9,8.5,0.2,0.8,0.0,0.4,5.6,1.77,7.4,85.6,0.42,58.8092,0.0,0.0,0.0
0500000US17179,"Tazewell County, Illinois",17,179,82,2101,850,2965,39621,52668,5605,6494,130290,3503,119731,2068,137,1283,22,239,3307,3026,5254,53390,1.6,40.5,2.4,37.7,3.6,83.6,10.4,5.1,9.0,2.7,91.9,1.6,0.1,1.0,0.0,0.2,2.5,2.32,5.7,86.2,0.426,62.4032,0.0,0.0,0.0
0500000US17181,"Union County, Illinois",17,181,3,502,247,904,6822,4844,1191,1060,16997,932,15208,161,6,102,15,1,572,872,1530,5952,3.0,49.2,5.6,49.1,3.9,71.4,17.3,6.4,20.2,5.5,89.5,0.9,0.0,0.6,0.1,0.0,3.4,5.13,12.5,88.6,0.4586,70.9579,0.0,0.0,0.0
0500000US17183,"Vermilion County, Illinois",17,183,23,1300,350,2634,25115,22453,5877,3401,72386,4038,55541,10614,39,639,5,121,1389,2883,4508,25749,1.8,26.9,3.9,43.7,6.1,74.1,19.5,4.9,17.7,5.6,76.7,14.7,0.1,0.9,0.0,0.2,1.9,3.98,9.0,85.9,0.4417,66.9295,0.0,0.0,0.0
0500000US17185,"Wabash County, Illinois",17,185,1,247,96,327,3960,4022,966,458,11119,239,10390,58,6,181,0,0,245,203,560,4283,2.2,38.9,3.1,44.0,4.4,83.5,20.4,4.2,16.7,2.1,93.4,0.5,0.1,1.6,0.0,0.0,2.2,1.83,7.2,90.6,0.4987,76.1577,0.0,0.0,0.0
0500000US17187,"Warren County, Illinois",17,187,0,1061,746,1878,5127,5964,1083,811,16447,1820,13342,437,19,395,24,57,353,1048,1387,6519,6.5,70.3,12.0,39.0,3.6,77.1,16.0,5.0,14.6,11.1,81.1,2.7,0.1,2.4,0.1,0.3,2.1,6.37,12.9,86.1,0.4299,61.4878,0.0,0.0,0.0
0500000US17189,"Washington County, Illinois",17,189,0,88,41,260,4102,5298,549,454,13627,217,12919,166,12,29,0,11,273,238,695,5909,0.6,46.6,2.0,36.7,4.3,78.2,9.5,3.4,7.5,1.6,94.8,1.2,0.1,0.2,0.0,0.1,2.0,1.75,7.1,89.2,0.4025,77.9159,0.0,0.0,0.0
0500000US17191,"Wayne County, Illinois",17,191,0,358,284,1019,5401,5385,961,1927,15973,330,15171,41,0,97,0,7,327,122,1164,6444,2.2,79.3,6.8,42.1,3.4,75.0,14.0,12.1,16.1,2.1,95.0,0.3,0.0,0.6,0.0,0.0,2.0,0.76,10.4,91.0,0.4615,84.8218,0.0,0.0,0.0
0500000US17193,"White County, Illinois",17,193,1,82,47,206,5141,4593,1061,653,13619,221,12972,78,2,35,0,13,298,343,1085,5065,0.6,57.3,1.6,46.3,4.0,80.2,18.7,4.9,16.4,1.6,95.2,0.6,0.0,0.3,0.0,0.1,2.2,2.52,11.1,90.3,0.4535,79.0434,0.0,0.0,0.0
0500000US17195,"Whiteside County, Illinois",17,195,20,1650,769,3751,16873,20821,3252,2726,54947,7319,44454,668,25,275,3,234,1969,1020,3137,22807,3.0,46.6,7.2,38.1,4.4,79.6,14.1,5.0,12.0,13.3,80.9,1.2,0.0,0.5,0.0,0.4,3.6,1.86,8.1,89.4,0.4389,56.3315,0.0,0.0,0.0
0500000US17197,"Will County, Illinois",17,197,300,94956,41146,148758,176775,303625,24658,36416,701462,138703,411061,81162,374,43981,48,2566,23567,8117,38704,287018,13.5,43.3,22.4,31.7,4.9,83.9,10.1,5.2,7.3,19.8,58.6,11.6,0.1,6.3,0.0,0.4,3.4,1.16,8.2,80.9,0.4157,48.1288,0.0,0.0,0.0
0500000US17199,"Williamson County, Illinois",17,199,51,1327,633,2087,22413,22078,4817,2994,66876,1947,58776,2864,112,935,0,84,2158,2127,3489,26482,2.0,47.7,3.3,41.2,5.0,73.1,16.6,4.6,13.8,2.9,87.9,4.3,0.2,1.4,0.0,0.1,3.2,3.18,7.2,89.3,0.4417,68.6041,0.0,0.0,0.0
0500000US17201,"Winnebago County, Illinois",17,201,242,25134,12974,40318,86747,107788,23722,17277,283292,44014,180624,32798,360,8178,82,837,16399,4249,21559,109443,8.9,51.6,15.2,38.5,7.3,84.0,20.4,6.2,15.6,15.5,63.8,11.6,0.1,2.9,0.0,0.3,5.8,1.5,11.2,87.0,0.4496,48.8327,0.0,0.0,0.0
0500000US17203,"Woodford County, Illinois",17,203,16,581,339,805,11145,15254,801,1965,38312,798,35806,232,31,217,0,94,1134,1008,1358,15630,1.5,58.3,2.2,36.8,3.5,82.8,5.5,5.2,7.0,2.1,93.5,0.6,0.1,0.6,0.0,0.2,3.0,2.63,5.2,85.9,0.4104,70.241,0.0,0.0,0.0
0500000US18001,"Adams County, Indiana",18,001,15,574,340,5294,10132,12770,816,7414,36227,1729,33566,115,17,136,0,26,638,547,2405,13466,1.6,59.2,16.0,38.8,2.8,82.3,6.6,20.7,11.2,4.8,92.7,0.3,0.0,0.4,0.0,0.1,1.8,1.51,11.1,88.1,0.4036,75.3831,0.0,0.0,0.0
0500000US18003,"Allen County, Indiana",18,003,78,30552,15526,45272,102662,165576,14273,32211,392378,35389,273822,41126,196,20772,185,1911,18977,5695,24963,165200,7.8,50.8,12.4,33.7,4.7,86.1,9.1,8.3,12.5,9.0,69.8,10.5,0.0,5.3,0.0,0.5,4.8,1.45,9.7,87.5,0.4491,55.333,0.0,0.0,0.0
0500000US18005,"Bartholomew County, Indiana",18,005,17,9326,6931,11405,22288,36411,2474,4518,83536,7710,64906,1534,45,6156,9,360,2816,1089,4509,34401,11.2,74.3,14.6,33.8,4.1,87.3,7.4,5.5,10.5,9.2,77.7,1.8,0.1,7.4,0.0,0.4,3.4,1.3,8.0,83.5,0.4462,62.6127,0.0,0.0,0.0
0500000US18007,"Benton County, Indiana",18,007,0,221,186,416,2670,3103,403,615,8735,638,7762,62,8,4,0,10,251,109,656,3407,2.5,84.2,5.1,39.2,3.9,77.9,11.7,7.1,13.9,7.3,88.9,0.7,0.1,0.0,0.0,0.1,2.9,1.25,11.1,87.6,0.4116,72.6606,0.0,0.0,0.0
0500000US18009,"Blackford County, Indiana",18,009,11,217,133,310,4138,4285,754,886,11950,283,11212,77,4,13,0,17,344,138,813,4480,1.8,61.3,2.7,42.8,3.7,80.5,14.6,7.5,16.2,2.4,93.8,0.6,0.0,0.1,0.0,0.1,2.9,1.15,9.7,88.2,0.4596,74.2017,0.0,0.0,0.0
0500000US18011,"Boone County, Indiana",18,011,40,3926,1549,5056,17612,32787,1067,3306,74718,3234,64419,2239,0,2659,14,65,2088,690,2528,30235,5.3,39.5,7.2,30.5,2.8,83.9,3.7,4.5,4.5,4.3,86.2,3.0,0.0,3.6,0.0,0.1,2.8,0.92,5.1,78.1,0.4719,56.9448,0.0,0.0,0.0
0500000US18013,"Brown County, Indiana",18,013,5,305,69,358,5456,6064,332,672,15606,304,14706,46,58,86,12,33,361,144,703,6465,2.0,22.6,2.4,40.8,2.2,78.4,4.9,4.3,7.8,1.9,94.2,0.3,0.4,0.6,0.1,0.2,2.3,0.92,5.8,84.4,0.4314,65.4573,0.0,0.0,0.0
0500000US18015,"Carroll County, Indiana",18,015,4,340,138,686,6046,8028,423,2487,20535,942,18990,53,5,27,0,15,503,120,1516,9294,1.7,40.6,3.5,36.4,3.1,78.5,5.2,12.2,8.8,4.6,92.5,0.3,0.0,0.1,0.0,0.1,2.4,0.58,10.4,91.4,0.4155,75.1524,0.0,0.0,0.0
0500000US18017,"Cass County, Indiana",18,017,8,3855,2257,5263,11906,14600,1420,2444,37680,7000,27910,442,19,522,0,200,1587,854,3743,15884,10.2,58.5,14.8,39.4,4.6,83.7,9.4,6.6,13.2,18.6,74.1,1.2,0.1,1.4,0.0,0.5,4.2,2.27,14.4,93.1,0.4061,72.3633,0.0,0.0,0.0
0500000US18019,"Clark County, Indiana",18,019,88,5185,3157,7335,34065,53408,3939,8254,124354,8547,98935,8710,13,1478,35,542,6094,1667,7739,52524,4.2,60.9,6.3,34.0,4.0,84.1,7.7,6.7,10.2,6.9,79.6,7.0,0.0,1.2,0.0,0.4,4.9,1.34,8.8,84.5,0.4143,59.2609,0.0,0.0,0.0
0500000US18021,"Clay County, Indiana",18,021,1,298,46,381,8349,10179,820,1573,26409,523,24829,139,4,114,5,41,754,408,1811,11298,1.1,15.4,1.5,39.6,3.2,82.7,7.8,6.0,11.7,2.0,94.0,0.5,0.0,0.4,0.0,0.2,2.9,1.54,9.8,93.0,0.496,77.5944,0.0,0.0,0.0
0500000US18023,"Clinton County, Indiana",18,023,5,2994,2398,3774,8816,13243,861,2501,32944,6415,25628,175,20,147,0,9,550,583,2797,14603,9.1,80.1,12.3,34.9,2.6,82.6,6.9,7.7,9.8,19.5,77.8,0.5,0.1,0.4,0.0,0.0,1.7,1.77,13.1,92.2,0.3803,73.1566,0.0,0.0,0.0
0500000US18025,"Crawford County, Indiana",18,025,3,25,6,246,4121,3581,536,729,10499,167,10004,24,8,2,0,2,292,111,1051,3775,0.2,24.0,2.5,48.2,3.5,83.6,11.7,7.0,22.9,1.6,95.3,0.2,0.1,0.0,0.0,0.0,2.8,1.06,13.9,90.1,0.4311,73.199,0.0,0.0,0.0
0500000US18027,"Daviess County, Indiana",18,027,0,1335,920,5973,9485,12116,1220,7281,33658,2193,29429,525,21,88,0,169,1233,607,4902,13060,4.0,68.9,19.4,38.3,1.5,80.6,10.3,21.9,11.7,6.5,87.4,1.6,0.1,0.3,0.0,0.5,3.7,1.8,23.4,88.1,0.4374,81.422,0.0,0.0,0.0
0500000US18029,"Dearborn County, Indiana",18,029,35,489,175,754,15547,21740,1571,2428,51094,795,48064,139,0,273,0,314,1509,527,2637,22061,1.0,35.8,1.6,37.5,1.9,85.5,7.7,4.8,7.6,1.6,94.1,0.3,0.0,0.5,0.0,0.6,3.0,1.03,7.3,87.9,0.4125,78.3609,0.0,0.0,0.0
0500000US18031,"Decatur County, Indiana",18,031,9,278,230,662,7153,11726,597,1020,26422,667,24597,103,3,22,0,132,898,479,1675,11262,1.1,82.7,2.7,34.3,2.7,88.0,5.6,3.9,10.2,2.5,93.1,0.4,0.0,0.1,0.0,0.5,3.4,1.81,9.2,86.3,0.435,78.3668,0.0,0.0,0.0
0500000US18033,"DeKalb County, Indiana",18,033,10,662,229,1034,11608,18883,1082,2834,43807,1347,40987,46,9,241,0,83,1094,489,2125,19986,1.5,34.6,2.5,33.6,4.5,86.4,6.3,6.5,9.5,3.1,93.6,0.1,0.0,0.6,0.0,0.2,2.5,1.12,7.1,92.3,0.4065,72.6405,0.0,0.0,0.0
0500000US18035,"Delaware County, Indiana",18,035,35,2791,1701,4293,37573,42920,6562,7542,112280,3657,94643,5818,149,1838,16,501,5658,7887,6720,45087,2.5,60.9,4.0,39.9,5.8,80.6,14.2,6.8,19.6,3.3,84.3,5.2,0.1,1.6,0.0,0.4,5.0,7.02,9.5,86.9,0.4458,56.9347,0.0,0.0,0.0
0500000US18037,"Dubois County, Indiana",18,037,26,2523,1619,3423,11437,19086,746,2216,43614,4372,37882,336,33,211,6,108,666,772,3162,20394,5.8,64.2,8.4,33.3,2.3,85.5,4.2,5.2,11.0,10.0,86.9,0.8,0.1,0.5,0.0,0.2,1.5,1.77,10.6,91.8,0.41,69.9356,0.0,0.0,0.0
0500000US18039,"Elkhart County, Indiana",18,039,93,20001,12570,44291,54877,84002,5087,29247,207132,41619,144748,9638,327,2011,53,1186,7550,2744,23375,86970,9.7,62.8,23.0,34.9,3.6,85.3,7.0,14.2,12.4,20.1,69.9,4.7,0.2,1.0,0.0,0.6,3.6,1.32,17.8,90.0,0.4367,65.4368,0.0,0.0,0.0
0500000US18041,"Fayette County, Indiana",18,041,2,366,175,444,8257,8793,1326,1449,23334,318,21873,316,33,17,0,6,771,391,2329,9359,1.6,47.8,2.0,43.4,3.4,84.5,14.1,6.3,17.9,1.4,93.7,1.4,0.1,0.1,0.0,0.0,3.3,1.68,14.2,92.1,0.4249,77.5056,0.0,0.0,0.0
0500000US18043,"Floyd County, Indiana",18,043,21,2204,1129,2643,23434,33159,2417,3699,80918,3453,69005,3846,12,1002,32,265,3303,1505,4015,32908,2.7,51.2,3.5,36.0,4.1,83.4,7.6,4.6,10.3,4.3,85.3,4.8,0.0,1.2,0.0,0.3,4.1,1.86,7.1,84.5,0.4399,56.8417,0.0,0.0,0.0
0500000US18045,"Fountain County, Indiana",18,045,0,209,94,447,4930,6364,610,1097,16617,501,15512,102,9,36,0,122,335,128,1039,7057,1.3,45.0,2.9,37.2,4.7,80.4,8.8,6.6,12.4,3.0,93.4,0.6,0.1,0.2,0.0,0.7,2.0,0.77,8.9,91.6,0.4144,79.0654,0.0,0.0,0.0
0500000US18047,"Franklin County, Indiana",18,047,0,301,84,615,7084,9700,420,1528,23020,270,22023,18,8,207,0,91,403,190,1598,9529,1.3,27.9,2.8,37.9,3.9,87.0,4.6,6.7,6.9,1.2,95.7,0.1,0.0,0.9,0.0,0.4,1.8,0.83,9.8,87.3,0.4168,81.519,0.0,0.0,0.0
0500000US18049,"Fulton County, Indiana",18,049,5,421,254,1050,6671,7120,996,1801,20312,1108,18189,100,12,22,0,283,598,155,1683,7930,2.1,60.3,5.5,41.3,6.8,80.7,12.4,8.9,15.3,5.5,89.5,0.5,0.1,0.1,0.0,1.4,2.9,0.76,11.9,91.5,0.4305,74.9153,0.0,0.0,0.0
0500000US18051,"Gibson County, Indiana",18,051,3,521,323,741,9912,13757,1096,1205,33000,767,29729,606,10,189,35,258,1406,696,2121,14308,1.6,62.0,2.4,37.9,2.3,86.8,8.2,3.7,10.8,2.3,90.1,1.8,0.0,0.6,0.1,0.8,4.3,2.11,9.4,91.9,0.4115,74.8129,0.0,0.0,0.0
0500000US18053,"Grant County, Indiana",18,053,25,1828,1119,2457,22347,23844,3698,4482,66295,3674,54778,3162,182,593,28,65,3813,5357,4671,24356,2.8,61.2,3.9,41.6,6.3,80.9,13.8,6.8,19.8,5.5,82.6,4.8,0.3,0.9,0.0,0.1,5.8,8.08,10.7,85.1,0.4483,69.8839,0.0,0.0,0.0
0500000US18055,"Greene County, Indiana",18,055,22,312,245,423,10471,10583,1404,2276,31021,649,29537,147,9,75,0,42,562,406,2354,12023,1.0,78.5,1.4,41.4,6.0,76.2,10.7,7.4,12.8,2.1,95.2,0.5,0.0,0.2,0.0,0.1,1.8,1.31,10.6,88.9,0.4454,76.0746,0.0,0.0,0.0
0500000US18057,"Hamilton County, Indiana",18,057,196,37556,18963,42820,81737,166896,3433,14790,365056,20577,287023,16123,104,25023,120,2072,14014,2205,6653,144778,10.3,50.5,12.5,28.8,2.8,85.4,2.5,4.1,4.4,5.6,78.6,4.4,0.0,6.9,0.0,0.6,3.8,0.6,2.7,74.9,0.4333,52.0101,0.0,0.0,1.0
0500000US18059,"Hancock County, Indiana",18,059,60,2744,1004,3202,21159,36525,1517,4603,84037,2952,74042,2960,49,929,22,286,2797,682,3396,35940,3.3,36.6,4.0,31.6,2.7,82.2,4.5,5.5,4.7,3.5,88.1,3.5,0.1,1.1,0.0,0.3,3.3,0.81,5.8,81.8,0.4051,65.8898,0.0,0.0,0.0
0500000US18061,"Harrison County, Indiana",18,061,9,618,348,911,12602,15323,935,1972,39859,961,37544,338,13,269,0,107,627,494,2269,16392,1.6,56.3,2.4,39.3,3.5,81.6,6.0,5.0,7.2,2.4,94.2,0.8,0.0,0.7,0.0,0.3,1.6,1.24,8.0,89.6,0.3948,72.5254,0.0,0.0,0.0
0500000US18063,"Hendricks County, Indiana",18,063,70,13398,5693,17819,45706,78502,2220,9298,183344,9546,141717,18273,176,6052,0,752,6828,5010,8312,78381,7.3,42.5,10.3,31.8,2.6,82.4,3.3,5.2,5.3,5.2,77.3,10.0,0.1,3.3,0.0,0.4,3.7,2.73,6.7,83.3,0.3924,59.8432,1.0,0.0,0.0
0500000US18065,"Henry County, Indiana",18,065,17,638,289,1080,18373,17052,1889,2604,48970,1113,45101,1099,32,238,0,99,1288,3177,3341,18048,1.3,45.3,2.3,45.7,3.7,81.4,10.1,5.7,13.6,2.3,92.1,2.2,0.1,0.5,0.0,0.2,2.6,6.49,9.5,87.7,0.4252,72.9616,0.0,0.0,0.0
0500000US18067,"Howard County, Indiana",18,067,18,1583,626,2582,27327,31163,4070,4696,83752,3438,69211,6131,12,1176,18,263,3503,1142,4766,32676,1.9,39.5,3.3,41.0,5.8,84.5,11.4,5.7,13.4,4.1,82.6,7.3,0.0,1.4,0.0,0.3,4.2,1.36,8.2,91.4,0.4407,66.7053,0.0,0.0,0.0
0500000US18069,"Huntington County, Indiana",18,069,18,547,350,939,11004,15570,1692,2006,36798,1164,34168,257,21,232,22,90,844,1411,1853,15742,1.5,64.0,2.7,36.9,3.5,85.9,11.0,5.5,9.9,3.2,92.9,0.7,0.1,0.6,0.1,0.2,2.3,3.83,7.3,88.9,0.4034,73.245,0.0,0.0,0.0
0500000US18071,"Jackson County, Indiana",18,071,19,4206,3595,5447,13103,18461,1571,3930,46660,6707,37101,269,0,1038,0,203,1342,712,3723,20193,9.0,85.5,12.5,36.4,2.6,82.8,8.7,8.5,12.3,14.4,79.5,0.6,0.0,2.2,0.0,0.4,2.9,1.53,12.1,92.0,0.4033,76.7825,0.0,0.0,0.0
0500000US18073,"Jasper County, Indiana",18,073,3,1353,908,1659,10484,12452,685,1803,33234,2526,28888,224,11,55,0,2,1528,478,1686,13388,4.1,67.1,5.3,39.9,4.9,82.9,5.4,5.5,8.4,7.6,86.9,0.7,0.0,0.2,0.0,0.0,4.6,1.44,7.3,92.2,0.4137,76.3427,0.0,1.0,0.0
0500000US18075,"Jay County, Indiana",18,075,0,220,145,1305,6346,7328,757,2153,20229,922,18768,67,12,11,0,0,449,262,1875,7426,1.1,65.9,6.9,40.6,4.4,82.5,9.7,10.8,14.4,4.6,92.8,0.3,0.1,0.1,0.0,0.0,2.2,1.3,14.0,86.7,0.4108,76.7247,0.0,0.0,0.0
0500000US18077,"Jefferson County, Indiana",18,077,10,459,316,1152,11518,11926,1274,2411,32998,1148,30012,343,60,270,11,251,903,2020,2332,13378,1.4,68.8,3.7,42.2,4.4,78.9,10.0,7.6,12.3,3.5,91.0,1.0,0.2,0.8,0.0,0.8,2.7,6.12,10.0,90.9,0.4223,67.1041,0.0,0.0,0.0
0500000US18079,"Jennings County, Indiana",18,079,4,426,287,898,8731,10746,873,2481,27562,957,25565,96,40,125,0,93,686,376,2348,11623,1.5,67.4,3.5,39.4,4.6,84.0,8.0,9.1,12.6,3.5,92.8,0.3,0.1,0.5,0.0,0.3,2.5,1.36,12.3,93.8,0.3743,78.5249,0.0,0.0,0.0
0500000US18081,"Johnson County, Indiana",18,081,92,9517,4374,12973,43394,70632,4075,7718,166315,7159,139520,5378,40,8486,44,454,5234,2852,8629,69923,5.7,46.0,8.3,33.2,3.0,83.6,6.5,4.7,7.4,4.3,83.9,3.2,0.0,5.1,0.0,0.3,3.1,1.71,7.7,83.5,0.4246,66.2812,0.0,0.0,0.0
0500000US18083,"Knox County, Indiana",18,083,19,686,430,1376,11161,14310,1963,2119,36007,1076,32206,604,13,310,4,49,1745,1689,2535,15720,1.9,62.7,4.0,38.6,3.1,83.3,12.9,6.0,13.7,3.0,89.4,1.7,0.0,0.9,0.0,0.1,4.8,4.69,10.5,93.0,0.4587,74.3614,0.0,0.0,0.0
0500000US18085,"Kosciusko County, Indiana",18,085,35,3913,2603,9675,22565,34689,1652,9370,80442,7818,68566,449,30,1119,0,213,2247,1576,6586,33558,4.9,66.5,12.8,35.3,2.8,86.1,5.2,11.7,9.8,9.7,85.2,0.6,0.0,1.4,0.0,0.3,2.8,1.96,12.1,86.4,0.4048,75.1175,0.0,0.0,0.0
0500000US18087,"LaGrange County, Indiana",18,087,7,946,515,17930,10377,15707,597,18052,40805,1845,38101,141,27,28,3,14,646,250,9875,13602,2.3,54.4,48.1,35.2,4.2,85.8,4.6,44.4,5.9,4.5,93.4,0.3,0.1,0.1,0.0,0.0,1.6,0.61,41.1,76.9,0.4143,77.543,0.0,0.0,0.0
0500000US18089,"Lake County, Indiana",18,089,93,36496,15709,71216,155045,193932,25127,32752,500379,104584,257039,113808,357,7887,73,2077,14554,5201,33748,195610,7.3,43.0,15.1,38.9,6.1,84.9,12.9,6.6,14.3,20.9,51.4,22.7,0.1,1.6,0.0,0.4,2.9,1.04,9.8,87.6,0.4556,46.4183,0.0,0.0,0.0
0500000US18091,"LaPorte County, Indiana",18,091,64,3823,2071,5967,39713,40859,4318,6158,111917,8498,85032,11546,74,693,7,539,5528,6878,7295,43058,3.4,54.2,5.6,43.8,4.8,84.1,9.9,5.9,13.6,7.6,76.0,10.3,0.1,0.6,0.0,0.5,4.9,6.15,9.2,90.4,0.4346,56.2026,0.0,0.0,0.0
0500000US18093,"Lawrence County, Indiana",18,093,13,546,198,780,14338,17163,1583,2720,45102,900,42097,92,10,250,13,323,1417,639,3241,19171,1.2,36.3,1.8,39.1,3.5,79.6,8.3,6.1,12.2,2.0,93.3,0.2,0.0,0.6,0.0,0.7,3.1,1.42,10.1,90.4,0.4257,74.5994,0.0,0.0,0.0
0500000US18095,"Madison County, Indiana",18,095,67,2718,1516,5958,42833,51283,7365,9529,131900,7102,108206,8020,166,865,9,407,7125,5027,8519,51575,2.1,55.8,4.8,39.9,5.9,84.6,13.8,7.4,13.4,5.4,82.0,6.1,0.1,0.7,0.0,0.3,5.4,3.81,9.2,86.9,0.4379,62.5103,0.0,0.0,0.0
0500000US18097,"Marion County, Indiana",18,097,433,122864,83162,165219,237552,415651,49932,84807,975809,134243,483262,264862,509,39230,224,5838,47641,16062,76356,397140,12.6,67.7,18.2,31.3,5.0,84.0,12.5,8.8,15.3,13.8,49.5,27.1,0.1,4.0,0.0,0.6,4.9,1.65,11.9,81.6,0.465,35.2661,0.0,0.0,0.0
0500000US18099,"Marshall County, Indiana",18,099,16,2338,1640,6644,13506,18877,1133,5888,46284,5506,39314,261,11,294,7,60,831,696,4520,19035,5.1,70.1,15.3,37.1,2.6,84.7,6.4,12.9,11.7,11.9,84.9,0.6,0.0,0.6,0.0,0.1,1.8,1.5,14.6,86.9,0.4177,70.7449,0.0,0.0,0.0
0500000US18101,"Martin County, Indiana",18,101,0,51,39,162,3101,3365,284,743,9830,142,9303,35,2,12,0,41,295,143,723,4239,0.5,76.5,1.7,38.8,2.4,71.1,7.3,7.7,16.3,1.4,94.6,0.4,0.0,0.1,0.0,0.4,3.0,1.45,10.5,89.5,0.4196,79.347,0.0,0.0,0.0
0500000US18103,"Miami County, Indiana",18,103,5,510,371,1157,13271,12175,1539,2302,35712,1327,31047,1338,89,228,85,146,1452,2415,2867,13580,1.4,72.7,3.4,45.3,6.6,81.5,11.6,6.9,15.1,3.7,86.9,3.7,0.2,0.6,0.2,0.4,4.1,6.76,11.4,92.5,0.4227,76.3397,0.0,0.0,0.0
0500000US18105,"Monroe County, Indiana",18,105,41,12059,7631,15452,46019,50765,3564,7422,140965,6736,113788,4864,44,9618,25,435,5455,14371,4325,51173,8.6,63.3,11.4,37.9,5.5,71.2,6.0,5.3,19.7,4.8,80.7,3.5,0.0,6.8,0.0,0.3,3.9,10.19,5.2,73.8,0.4988,35.4462,0.0,0.0,0.0
0500000US18107,"Montgomery County, Indiana",18,107,11,1261,758,2219,11077,15557,1442,3119,38312,2367,34097,332,3,209,1,271,1032,1239,2710,16281,3.3,60.1,6.2,36.1,3.3,82.0,9.2,8.2,10.5,6.2,89.0,0.9,0.0,0.5,0.0,0.7,2.7,3.23,10.4,88.4,0.418,73.1078,0.0,0.0,0.0
0500000US18109,"Morgan County, Indiana",18,109,20,915,482,1589,22722,28055,2209,3657,72659,1560,67931,576,11,363,0,243,1975,794,4939,29594,1.3,52.7,2.3,38.6,4.2,81.3,7.8,5.1,9.3,2.1,93.5,0.8,0.0,0.5,0.0,0.3,2.7,1.09,9.7,86.5,0.4267,76.2757,0.0,0.0,0.0
0500000US18111,"Newton County, Indiana",18,111,6,527,280,767,4579,5010,486,685,13922,1173,11920,147,10,72,0,38,562,164,989,5360,3.8,53.1,5.8,40.2,6.5,78.7,8.5,5.0,14.0,8.4,85.6,1.1,0.1,0.5,0.0,0.3,4.0,1.18,9.8,88.1,0.3856,77.7306,0.0,0.0,0.0
0500000US18113,"Noble County, Indiana",18,113,5,2872,1704,6974,13848,18890,923,5896,47495,5374,40397,156,17,268,109,119,1055,699,5377,20259,6.0,59.3,15.7,37.1,3.2,83.0,5.1,12.6,9.2,11.3,85.1,0.3,0.0,0.6,0.2,0.3,2.2,1.47,16.8,91.3,0.4015,74.9262,0.0,1.0,0.0
0500000US18115,"Ohio County, Indiana",18,115,0,94,15,183,2053,2431,90,352,5999,112,5687,5,7,64,0,3,121,47,269,2452,1.6,16.0,3.2,41.5,1.3,85.1,3.4,5.9,8.1,1.9,94.8,0.1,0.1,1.1,0.0,0.1,2.0,0.78,6.0,89.0,0.3873,77.0301,0.0,0.0,0.0
0500000US18117,"Orange County, Indiana",18,117,5,303,78,516,6109,7555,920,1435,19767,360,18441,230,1,89,0,30,616,276,1956,8384,1.5,25.7,2.8,38.6,3.1,80.4,11.5,7.4,13.4,1.8,93.3,1.2,0.0,0.5,0.0,0.2,3.1,1.4,14.2,91.1,0.4637,75.2414,0.0,0.0,0.0
0500000US18119,"Owen County, Indiana",18,119,2,173,40,453,7098,8445,838,1337,21604,333,20513,180,4,123,0,37,414,254,1944,8795,0.8,23.1,2.2,40.2,3.0,82.6,9.7,6.3,12.3,1.5,95.0,0.8,0.0,0.6,0.0,0.2,1.9,1.18,12.4,87.6,0.4273,74.5241,0.0,0.0,0.0
0500000US18121,"Parke County, Indiana",18,121,4,54,54,1014,6345,4916,781,2301,16406,125,15468,261,6,0,0,7,539,995,1968,5430,0.3,100.0,6.6,48.1,4.4,75.2,12.7,14.9,16.2,0.8,94.3,1.6,0.0,0.0,0.0,0.0,3.3,6.06,17.0,83.7,0.4187,77.5173,0.0,0.0,0.0
0500000US18123,"Perry County, Indiana",18,123,2,180,64,348,7039,7043,801,1029,19270,302,17834,414,27,112,0,22,559,1378,1157,7653,0.9,35.6,1.9,44.4,4.5,83.9,10.3,5.8,15.0,1.6,92.5,2.1,0.1,0.6,0.0,0.1,2.9,7.15,8.3,91.9,0.4335,64.0318,0.0,0.0,0.0
0500000US18125,"Pike County, Indiana",18,125,0,47,0,56,4028,4847,478,453,12154,138,11592,52,113,6,0,0,253,199,819,5224,0.4,0.0,0.5,40.6,3.2,85.4,9.5,3.8,10.7,1.1,95.4,0.4,0.9,0.0,0.0,0.0,2.1,1.64,9.5,93.6,0.4087,76.7183,0.0,0.0,0.0
0500000US18127,"Porter County, Indiana",18,127,81,7020,2806,12041,52852,72210,3825,8589,174818,20367,138257,7501,83,2533,11,654,5412,3442,7356,73226,4.0,40.0,7.3,37.1,4.7,84.8,5.6,5.0,9.6,11.7,79.1,4.3,0.0,1.4,0.0,0.4,3.1,1.97,6.0,87.6,0.4343,54.2657,0.0,0.0,0.0
0500000US18129,"Posey County, Indiana",18,129,10,287,66,291,7610,10050,735,807,25116,386,23413,165,20,85,0,326,721,303,1251,11092,1.1,23.0,1.2,37.6,1.8,81.1,7.0,3.2,10.1,1.5,93.2,0.7,0.1,0.3,0.0,1.3,2.9,1.21,7.0,90.8,0.4025,70.9354,0.0,0.0,0.0
0500000US18131,"Pulaski County, Indiana",18,131,2,307,204,370,3957,4685,401,865,12441,526,11355,28,7,46,9,6,464,178,998,5132,2.5,66.4,3.2,39.8,1.8,79.6,8.1,7.0,12.1,4.2,91.3,0.2,0.1,0.4,0.1,0.0,3.7,1.43,11.4,89.8,0.4214,75.8633,0.0,0.0,0.0
0500000US18133,"Putnam County, Indiana",18,133,10,887,454,1365,13526,14244,1150,1607,37280,839,33773,1226,33,489,0,104,816,4422,1888,13580,2.4,51.2,3.8,43.6,3.1,84.5,8.1,4.6,8.7,2.3,90.6,3.3,0.1,1.3,0.0,0.3,2.2,11.86,7.4,83.6,0.407,75.0926,0.0,0.0,0.0
0500000US18135,"Randolph County, Indiana",18,135,10,581,403,1148,8104,8944,1552,1722,24387,1287,22119,173,16,114,10,163,505,350,1556,9209,2.4,69.4,5.0,41.6,4.5,82.2,15.0,7.2,15.8,5.3,90.7,0.7,0.1,0.5,0.0,0.7,2.1,1.44,9.1,88.9,0.4329,75.8836,0.0,0.0,0.0
0500000US18137,"Ripley County, Indiana",18,137,1,355,137,479,8400,11660,845,1503,29095,577,27404,218,0,147,0,117,632,492,1864,12609,1.2,38.6,1.7,36.2,3.0,81.4,7.3,5.2,10.1,2.0,94.2,0.7,0.0,0.5,0.0,0.4,2.2,1.69,9.4,89.1,0.4367,80.0139,0.0,0.0,0.0
0500000US18139,"Rush County, Indiana",18,139,4,122,103,584,5181,6606,674,1250,16739,321,15803,106,0,0,0,61,448,148,1059,7138,0.7,84.4,3.7,38.6,4.3,83.7,10.0,7.5,11.9,1.9,94.4,0.6,0.0,0.0,0.0,0.4,2.7,0.88,9.0,92.2,0.3875,75.9143,0.0,1.0,0.0
0500000US18141,"St. Joseph County, Indiana",18,141,96,18705,11177,28514,79718,110898,10469,19137,273040,28786,188188,33512,229,7429,200,1220,13476,11850,15155,106321,6.9,59.8,11.1,36.7,5.2,85.2,9.8,7.1,14.2,10.5,68.9,12.3,0.1,2.7,0.1,0.4,4.9,4.34,8.5,83.2,0.4697,48.3519,0.0,0.0,0.0
0500000US18143,"Scott County, Indiana",18,143,2,317,223,464,7871,9043,1400,788,24526,644,22929,96,2,0,16,257,582,381,2519,9765,1.3,70.3,2.0,40.6,3.3,81.4,14.2,3.3,16.6,2.6,93.5,0.4,0.0,0.0,0.1,1.0,2.4,1.55,14.8,90.2,0.4319,74.9288,0.0,0.0,0.0
0500000US18145,"Shelby County, Indiana",18,145,23,1524,1033,2359,13276,18771,1486,2482,45265,2549,40646,626,2,455,0,34,953,820,2894,19010,3.4,67.8,5.5,36.6,3.6,84.8,8.1,5.6,13.0,5.6,89.8,1.4,0.0,1.0,0.0,0.1,2.1,1.81,9.1,87.7,0.4271,73.089,0.0,0.0,0.0
0500000US18147,"Spencer County, Indiana",18,147,16,432,243,667,6065,8131,540,927,19955,721,18591,113,8,49,0,78,395,328,977,9040,2.2,56.3,3.5,37.3,3.3,82.7,6.7,4.7,7.5,3.6,93.2,0.6,0.0,0.2,0.0,0.4,2.0,1.64,6.9,92.9,0.3936,70.5229,0.0,0.0,0.0
0500000US18149,"Starke County, Indiana",18,149,6,549,304,648,8402,8726,1121,1816,23365,1016,21267,126,12,77,0,35,832,97,2128,8861,2.3,55.4,3.0,44.9,3.4,87.7,12.5,7.8,13.4,4.3,91.0,0.5,0.1,0.3,0.0,0.1,3.6,0.42,13.0,91.9,0.3952,75.2911,0.0,0.0,0.0
0500000US18151,"Steuben County, Indiana",18,151,5,716,427,1162,11174,13673,999,1967,34726,1547,31732,228,4,232,7,199,777,1450,1802,14130,2.1,59.6,3.5,38.9,7.2,83.9,7.1,5.7,9.3,4.5,91.4,0.7,0.0,0.7,0.0,0.6,2.2,4.18,7.5,89.7,0.4453,70.1968,0.0,0.0,0.0
0500000US18153,"Sullivan County, Indiana",18,153,16,168,55,288,7849,7370,863,1271,20780,393,18788,620,12,80,0,121,766,2070,1677,8054,0.8,32.7,1.5,45.2,4.4,81.1,11.0,6.8,13.9,1.9,90.4,3.0,0.1,0.4,0.0,0.6,3.7,9.96,11.0,90.9,0.4442,75.4861,0.0,0.0,0.0
0500000US18155,"Switzerland County, Indiana",18,155,0,111,33,495,3241,3352,502,1277,9909,61,9370,27,17,30,0,23,381,97,1354,3911,1.1,29.7,5.3,41.5,4.2,76.6,13.0,13.0,12.6,0.6,94.6,0.3,0.2,0.3,0.0,0.2,3.8,0.98,19.8,90.5,0.389,77.9474,0.0,0.0,0.0
0500000US18157,"Tippecanoe County, Indiana",18,157,52,23294,16212,26048,58376,71302,5470,10016,189071,19548,135316,11660,109,15164,20,1012,6242,16429,8160,71777,12.3,69.6,14.6,37.6,3.3,76.3,7.2,5.3,19.2,10.3,71.6,6.2,0.1,8.0,0.0,0.5,3.3,8.69,7.7,79.6,0.4779,48.9986,0.0,0.0,0.0
0500000US18159,"Tipton County, Indiana",18,159,12,234,138,435,5129,5455,421,1268,15346,499,14241,168,9,46,0,44,339,225,1017,6232,1.5,59.0,3.0,40.7,2.3,74.6,6.7,8.4,11.2,3.3,92.8,1.1,0.1,0.3,0.0,0.3,2.2,1.47,9.2,87.9,0.3813,74.5486,0.0,0.0,0.0
0500000US18161,"Union County, Indiana",18,161,1,102,72,150,2036,2693,182,474,6985,178,6642,40,4,30,0,0,91,53,610,3269,1.5,70.6,2.3,35.5,4.3,76.2,6.2,6.8,8.5,2.5,95.1,0.6,0.1,0.4,0.0,0.0,1.3,0.76,12.2,93.1,0.417,77.2181,0.0,0.0,0.0
0500000US18163,"Vanderburgh County, Indiana",18,163,86,6285,3864,7709,53108,76446,8778,12187,180117,6830,144554,15182,119,2480,569,1203,9180,6150,10504,77223,3.5,61.5,4.5,36.5,4.2,86.3,11.2,6.9,14.3,3.8,80.3,8.4,0.1,1.4,0.3,0.7,5.1,3.41,8.5,88.5,0.4634,55.6073,0.0,0.0,0.0
0500000US18165,"Vermillion County, Indiana",18,165,4,118,94,223,5593,5342,757,659,15421,236,14701,104,16,21,2,4,337,201,753,5861,0.8,79.7,1.5,44.6,4.6,80.8,11.5,4.3,15.3,1.5,95.3,0.7,0.1,0.1,0.0,0.0,2.2,1.3,6.9,89.7,0.4079,71.3065,0.0,0.0,0.0
0500000US18167,"Vigo County, Indiana",18,167,42,3281,1825,4792,36847,37813,5726,8103,106109,3411,89082,6106,130,2202,53,409,4716,7459,6378,41403,3.1,55.6,4.8,42.4,5.7,80.4,13.5,7.9,19.2,3.2,84.0,5.8,0.1,2.1,0.0,0.4,4.4,7.03,9.3,89.5,0.4779,58.0193,0.0,0.0,0.0
0500000US18169,"Wabash County, Indiana",18,169,16,432,171,632,9926,11781,898,1440,30844,982,28441,284,21,130,0,83,903,1640,1827,12773,1.4,39.6,2.2,39.6,3.4,80.5,7.1,4.8,11.1,3.2,92.2,0.9,0.1,0.4,0.0,0.3,2.9,5.32,8.4,89.8,0.4194,74.6723,0.0,0.0,0.0
0500000US18171,"Warren County, Indiana",18,171,4,95,15,172,2427,3355,250,330,8464,123,7974,12,7,17,2,25,304,84,434,3823,1.1,15.8,2.1,35.4,4.4,79.3,7.4,3.9,11.0,1.5,94.2,0.1,0.1,0.2,0.0,0.3,3.6,0.99,7.1,91.8,0.3765,77.849,0.0,0.0,0.0
0500000US18173,"Warrick County, Indiana",18,173,16,2181,1003,1957,18741,26612,911,2256,65261,1630,58402,1136,69,1139,0,430,2455,932,2197,28107,3.3,46.0,3.2,36.0,3.1,82.4,3.6,3.5,7.0,2.5,89.5,1.7,0.1,1.7,0.0,0.7,3.8,1.43,4.9,88.2,0.4516,64.2861,0.0,0.0,0.0
0500000US18175,"Washington County, Indiana",18,175,2,192,101,485,8742,11163,1235,2186,28212,433,26879,97,3,37,0,99,664,328,2405,11877,0.7,52.6,1.8,38.6,3.2,83.2,11.0,7.8,14.4,1.5,95.3,0.3,0.0,0.1,0.0,0.4,2.4,1.16,12.2,90.7,0.4083,76.5464,0.0,0.0,0.0
0500000US18177,"Wayne County, Indiana",18,177,13,1732,1113,3667,22073,24055,4080,7050,66397,2630,56893,2504,18,602,4,396,3350,2051,5528,25530,2.6,64.3,5.9,41.5,5.4,81.8,15.1,10.8,17.9,4.0,85.7,3.8,0.0,0.9,0.0,0.6,5.0,3.09,12.2,89.2,0.4914,65.3297,0.0,0.0,0.0
0500000US18179,"Wells County, Indiana",18,179,12,533,400,840,7460,12468,666,1926,28420,1145,26201,283,2,64,30,25,670,527,1367,12869,1.9,75.0,3.1,33.5,2.6,86.7,5.8,6.9,7.2,4.0,92.2,1.0,0.0,0.2,0.1,0.1,2.4,1.85,7.1,90.9,0.4225,78.0014,0.0,0.0,0.0
0500000US18181,"White County, Indiana",18,181,5,1654,1188,1948,7581,9301,637,1771,24717,2657,21207,113,20,77,0,13,630,226,1609,10321,6.7,71.8,8.4,38.6,3.5,80.1,6.2,7.2,10.2,10.7,85.8,0.5,0.1,0.3,0.0,0.1,2.5,0.91,9.4,90.2,0.4107,71.3876,0.0,0.0,0.0
0500000US18183,"Whitley County, Indiana",18,183,4,341,78,750,9509,14946,906,2063,34618,964,31829,56,30,119,11,246,1363,354,1693,15439,1.0,22.9,2.3,34.4,3.3,85.3,6.5,6.0,9.9,2.8,91.9,0.2,0.1,0.3,0.0,0.7,3.9,1.02,7.0,89.3,0.3905,73.9684,0.0,0.0,0.0
0500000US19001,"Adair County, Iowa",19,001,0,122,48,126,2063,2702,318,390,7460,235,6942,107,0,23,5,45,103,167,268,3172,1.6,39.3,1.8,34.6,4.0,72.3,9.8,5.3,9.5,3.2,93.1,1.4,0.0,0.3,0.1,0.6,1.4,2.24,5.1,85.8,0.4601,71.0526,0.0,0.0,0.0
0500000US19003,"Adams County, Iowa",19,003,0,19,8,86,1173,1149,146,118,3622,63,3422,11,8,0,0,2,116,100,158,1434,0.5,42.1,2.5,40.0,3.9,68.1,9.5,3.3,9.1,1.7,94.5,0.3,0.2,0.0,0.0,0.1,3.2,2.76,6.1,87.7,0.5031,70.4598,0.0,0.0,0.0
0500000US19005,"Allamakee County, Iowa",19,005,1,1018,694,1676,3940,4877,494,971,14092,1289,12193,257,9,57,0,6,281,262,721,5679,7.2,68.2,12.7,35.5,2.5,70.0,8.3,7.0,10.1,9.1,86.5,1.8,0.1,0.4,0.0,0.0,2.0,1.86,7.4,83.0,0.4169,65.5466,0.0,0.0,0.0
0500000US19007,"Appanoose County, Iowa",19,007,3,160,104,777,4330,3967,689,1088,12184,249,11423,100,3,111,0,0,298,218,882,4534,1.3,65.0,6.8,43.8,3.9,74.2,13.3,9.0,17.5,2.0,93.8,0.8,0.0,0.9,0.0,0.0,2.4,1.79,10.2,86.7,0.4505,71.9816,0.0,0.0,0.0
0500000US19009,"Audubon County, Iowa",19,009,1,93,52,137,1717,1991,218,201,5599,140,5254,28,3,3,14,42,115,113,314,2335,1.7,55.9,2.6,38.2,1.3,72.7,8.4,3.7,11.8,2.5,93.8,0.5,0.1,0.1,0.3,0.8,2.1,2.02,7.7,85.9,0.4576,67.3767,0.0,0.0,0.0
0500000US19011,"Benton County, Iowa",19,011,0,216,73,558,7103,10327,491,770,25724,507,24293,104,22,60,0,29,709,339,858,11194,0.8,33.8,2.3,34.6,2.0,78.5,4.8,3.0,7.4,2.0,94.4,0.4,0.1,0.2,0.0,0.1,2.8,1.32,4.8,85.7,0.3972,65.4355,0.0,0.0,0.0
0500000US19013,"Black Hawk County, Iowa",19,013,4,8481,4663,10780,35077,55071,6077,6559,131049,6861,102297,11985,89,3516,964,263,5074,4883,5901,57221,6.5,55.0,8.8,33.3,4.6,82.3,11.1,5.1,14.9,5.2,78.1,9.1,0.1,2.7,0.7,0.2,3.9,3.73,7.1,86.9,0.4494,48.313,0.0,0.0,0.0
0500000US19015,"Boone County, Iowa",19,015,1,392,92,661,7355,10674,524,876,26668,783,24771,307,11,53,0,0,743,581,945,12273,1.5,23.5,2.6,33.7,1.5,74.9,4.8,3.3,6.2,2.9,92.9,1.2,0.0,0.2,0.0,0.0,2.8,2.18,4.9,86.6,0.3997,59.2719,0.0,0.0,0.0
0500000US19017,"Bremer County, Iowa",19,017,0,403,104,559,6857,10069,518,557,25204,528,23256,281,4,226,8,256,645,1497,634,10403,1.6,25.8,2.3,33.9,3.3,78.0,5.3,2.2,7.3,2.1,92.3,1.1,0.0,0.9,0.0,1.0,2.6,5.94,3.8,82.1,0.427,59.9673,0.0,0.0,0.0
0500000US19019,"Buchanan County, Iowa",19,019,0,261,186,766,5197,8415,544,1372,20694,400,19649,124,17,40,13,0,451,174,827,9248,1.3,71.3,4.0,32.1,2.8,78.6,6.6,6.7,8.6,1.9,95.0,0.6,0.1,0.2,0.1,0.0,2.2,0.84,5.9,87.7,0.3852,62.5461,0.0,0.0,0.0
0500000US19021,"Buena Vista County, Iowa",19,021,20,4416,2935,7046,4909,8533,754,1275,20753,6094,10808,679,18,1963,608,81,502,948,2435,9026,21.3,66.5,36.5,31.0,5.5,82.7,10.0,6.2,7.8,29.4,52.1,3.3,0.1,9.5,2.9,0.4,2.4,4.57,18.7,88.9,0.4217,65.3497,0.0,0.0,0.0
0500000US19023,"Butler County, Iowa",19,023,0,323,172,387,4224,5455,411,443,14268,249,13493,24,4,179,0,94,225,207,613,6293,2.3,53.3,2.9,36.5,3.1,76.7,7.0,3.2,9.2,1.7,94.6,0.2,0.0,1.3,0.0,0.7,1.6,1.45,6.1,90.6,0.3893,71.3898,0.0,0.0,0.0
0500000US19025,"Calhoun County, Iowa",19,025,0,96,74,261,3455,2999,378,402,9803,266,8954,158,17,22,0,37,349,689,496,3721,1.0,77.1,2.8,43.8,2.6,69.5,9.5,4.4,9.3,2.7,91.3,1.6,0.2,0.2,0.0,0.4,3.6,7.03,7.1,87.1,0.4521,72.4077,0.0,0.0,0.0
0500000US19027,"Carroll County, Iowa",19,027,0,323,168,386,5521,8203,522,571,20594,720,18932,97,6,39,0,63,737,497,674,9430,1.6,52.0,2.0,33.8,1.8,77.2,5.9,2.8,7.9,3.5,91.9,0.5,0.0,0.2,0.0,0.3,3.6,2.41,4.8,89.6,0.4365,69.7118,0.0,0.0,0.0
0500000US19029,"Cass County, Iowa",19,029,0,120,97,177,3849,5072,699,529,13096,357,12244,118,21,68,54,31,203,227,506,5538,0.9,80.8,1.4,36.5,1.4,76.8,12.0,4.1,14.3,2.7,93.5,0.9,0.2,0.5,0.4,0.2,1.6,1.73,5.5,84.6,0.465,68.6643,0.0,0.0,0.0
0500000US19031,"Cedar County, Iowa",19,031,0,164,70,294,5304,6878,497,753,18349,507,17095,77,13,96,10,42,509,271,565,7773,0.9,42.7,1.7,35.4,2.3,72.7,6.5,4.2,7.3,2.8,93.2,0.4,0.1,0.5,0.1,0.2,2.8,1.48,4.3,84.1,0.399,59.6694,0.0,0.0,0.0
0500000US19033,"Cerro Gordo County, Iowa",19,033,10,1095,639,1512,12853,17711,1760,1901,42632,2397,37619,813,71,499,267,16,950,1069,1606,18489,2.6,58.4,3.7,36.8,2.6,82.6,9.0,4.5,10.6,5.6,88.2,1.9,0.2,1.2,0.6,0.0,2.2,2.51,5.2,87.7,0.4561,54.5396,0.0,0.0,0.0
0500000US19035,"Cherokee County, Iowa",19,035,0,413,228,674,3140,4346,353,547,11600,621,10280,113,0,43,0,20,523,394,568,5045,3.6,55.2,6.1,33.8,2.5,72.5,7.0,4.8,12.1,5.4,88.6,1.0,0.0,0.4,0.0,0.2,4.5,3.4,6.8,85.7,0.4514,71.5937,0.0,0.0,0.0
0500000US19037,"Chickasaw County, Iowa",19,037,1,351,332,501,3128,4787,249,912,11807,545,10930,64,46,2,0,15,205,181,519,5231,3.0,94.6,4.5,33.3,1.6,77.8,5.0,7.8,8.8,4.6,92.6,0.5,0.4,0.0,0.0,0.1,1.7,1.53,6.3,86.8,0.4126,67.4526,0.0,0.0,0.0
0500000US19039,"Clarke County, Iowa",19,039,6,638,260,1002,2612,3620,469,467,9662,1624,7488,5,0,54,0,20,471,146,679,4068,6.6,40.8,11.2,35.2,4.2,78.5,11.5,4.9,9.7,16.8,77.5,0.1,0.0,0.6,0.0,0.2,4.9,1.51,10.7,89.7,0.4405,68.9807,0.0,0.0,0.0
0500000US19041,"Clay County, Iowa",19,041,0,409,291,492,4440,6458,683,900,16461,781,14994,45,24,124,0,17,476,314,764,7284,2.5,71.1,3.2,34.2,3.5,78.4,9.4,5.5,11.4,4.7,91.1,0.3,0.1,0.8,0.0,0.1,2.9,1.91,6.7,89.3,0.417,70.2404,0.0,0.0,0.0
0500000US19043,"Clayton County, Iowa",19,043,2,384,158,917,5308,6544,504,1406,17013,394,16154,108,8,56,0,7,286,301,907,6889,2.3,41.1,5.7,38.3,2.5,78.7,6.7,8.4,10.9,2.3,95.0,0.6,0.0,0.3,0.0,0.0,1.7,1.77,7.4,83.9,0.4279,66.1135,0.0,0.0,0.0
0500000US19045,"Clinton County, Iowa",19,045,15,936,301,1250,14393,17294,2491,2346,46268,1668,41188,1434,40,310,0,57,1571,707,2158,18810,2.0,32.2,2.9,38.9,3.4,79.5,12.8,5.1,13.2,3.6,89.0,3.1,0.1,0.7,0.0,0.1,3.4,1.53,6.7,88.1,0.4445,58.1204,0.0,0.0,0.0
0500000US19047,"Crawford County, Iowa",19,047,0,2850,1566,4118,4269,5885,666,1410,16277,5019,10106,142,9,357,0,11,633,428,1740,6999,17.5,54.9,27.0,33.7,3.8,72.7,10.5,8.8,14.8,30.8,62.1,0.9,0.1,2.2,0.0,0.1,3.9,2.63,16.4,87.9,0.4282,70.4164,0.0,0.0,0.0
0500000US19049,"Dallas County, Iowa",19,049,52,11214,5622,13335,20892,48496,2337,4229,107968,7453,87326,3187,25,5263,32,491,4191,639,3265,45082,10.4,50.1,13.2,25.5,2.3,81.4,5.5,3.9,6.3,6.9,80.9,3.0,0.0,4.9,0.0,0.5,3.9,0.59,4.6,76.7,0.44,51.1195,0.0,0.0,0.0
0500000US19051,"Davis County, Iowa",19,051,0,131,99,1885,2573,2886,215,2276,9157,223,8592,0,0,1,0,125,216,98,1094,3086,1.4,75.6,22.6,38.4,2.7,72.0,6.7,25.1,7.2,2.4,93.8,0.0,0.0,0.0,0.0,1.4,2.4,1.07,19.1,78.8,0.3981,76.2469,0.0,0.0,0.0
0500000US19053,"Decatur County, Iowa",19,053,0,146,111,384,2337,2677,297,584,7759,274,6997,100,16,56,1,48,267,575,490,3218,1.9,76.0,5.2,37.6,1.9,70.5,9.7,7.6,14.6,3.5,90.2,1.3,0.2,0.7,0.0,0.6,3.4,7.41,10.3,85.2,0.4289,72.2163,0.0,0.0,0.0
0500000US19055,"Delaware County, Iowa",19,055,1,57,54,391,4243,7186,630,568,17558,301,16514,13,24,0,0,56,650,231,767,8267,0.3,94.7,2.4,30.4,2.0,75.5,8.5,3.3,7.8,1.7,94.1,0.1,0.1,0.0,0.0,0.3,3.7,1.32,6.3,87.7,0.4399,68.3968,0.0,0.0,0.0
0500000US19057,"Des Moines County, Iowa",19,057,13,899,590,1127,11905,15236,1955,1477,38487,1415,32523,1819,89,464,1,67,2109,673,1690,16844,2.3,65.6,3.1,38.2,3.1,82.0,11.4,3.9,12.8,3.7,84.5,4.7,0.2,1.2,0.0,0.2,5.5,1.75,6.3,92.2,0.4383,56.3038,0.0,0.0,0.0
0500000US19059,"Dickinson County, Iowa",19,059,0,219,155,283,5323,7237,397,470,17990,513,16795,6,10,83,0,0,583,271,418,7915,1.2,70.8,1.7,35.5,3.0,77.3,4.5,2.6,7.6,2.9,93.4,0.0,0.1,0.5,0.0,0.0,3.2,1.51,3.1,85.7,0.4455,68.6898,0.0,0.0,0.0
0500000US19061,"Dubuque County, Iowa",19,061,34,3252,2074,4477,26417,43188,3275,3445,99030,3234,87398,2890,28,1326,802,126,3226,4163,4078,42266,3.3,63.8,4.8,33.2,3.7,84.4,8.0,3.5,9.7,3.3,88.3,2.9,0.0,1.3,0.8,0.1,3.3,4.2,6.1,83.9,0.4429,53.1956,0.0,0.0,0.0
0500000US19063,"Emmet County, Iowa",19,063,0,311,156,731,2706,4088,344,520,9262,942,7893,147,6,21,5,49,199,545,651,4355,3.4,50.2,8.2,34.7,1.7,81.8,8.5,5.8,9.9,10.2,85.2,1.6,0.1,0.2,0.1,0.5,2.1,5.88,9.9,87.3,0.4089,70.8342,0.0,0.0,0.0
0500000US19065,"Fayette County, Iowa",19,065,9,407,322,695,6166,7001,695,1059,19288,593,17555,153,65,177,1,27,717,735,931,7910,2.1,79.1,3.8,39.3,3.2,76.4,8.3,5.6,12.0,3.1,91.0,0.8,0.3,0.9,0.0,0.1,3.7,3.81,6.9,86.8,0.4497,63.7087,0.0,0.0,0.0
0500000US19067,"Floyd County, Iowa",19,067,0,369,20,493,4693,5694,540,543,15328,595,13594,207,2,247,10,2,671,269,530,6401,2.4,5.4,3.4,38.0,3.3,77.0,8.3,3.6,11.6,3.9,88.7,1.4,0.0,1.6,0.1,0.0,4.4,1.75,5.0,89.4,0.4327,61.5784,0.0,0.0,0.0
0500000US19069,"Franklin County, Iowa",19,069,0,844,702,1432,3073,3595,289,980,9956,1642,7987,67,7,36,0,38,179,199,646,4011,8.5,83.2,15.4,39.2,3.8,78.3,6.9,10.0,13.6,16.5,80.2,0.7,0.1,0.4,0.0,0.4,1.8,2.0,9.5,88.3,0.4561,69.3552,0.0,0.0,0.0
0500000US19071,"Fremont County, Iowa",19,071,1,106,67,143,2199,2073,329,224,6514,219,5955,23,5,10,0,0,302,114,326,2671,1.6,63.2,2.3,41.1,0.8,67.2,11.7,3.5,7.7,3.4,91.4,0.4,0.1,0.2,0.0,0.0,4.6,1.75,6.9,87.2,0.4649,71.0802,0.0,0.0,0.0
0500000US19073,"Greene County, Iowa",19,073,0,126,64,180,2839,2840,321,354,8688,307,8019,10,23,55,0,4,270,115,392,3714,1.5,50.8,2.2,40.3,2.3,69.0,8.2,4.1,9.8,3.5,92.3,0.1,0.3,0.6,0.0,0.0,3.1,1.32,6.4,90.6,0.4154,64.6337,0.0,0.0,0.0
0500000US19075,"Grundy County, Iowa",19,075,0,214,158,254,3370,4912,226,460,12384,219,11749,71,58,59,0,95,133,149,272,5458,1.7,73.8,2.2,34.3,2.0,77.8,4.4,3.8,6.5,1.8,94.9,0.6,0.5,0.5,0.0,0.8,1.1,1.2,3.1,87.8,0.3944,69.3974,0.0,0.0,0.0
0500000US19077,"Guthrie County, Iowa",19,077,0,201,134,220,3223,4038,365,333,10688,331,9880,60,12,50,27,58,270,141,317,4342,1.9,66.7,2.2,37.1,3.2,76.4,7.9,3.1,9.9,3.1,92.4,0.6,0.1,0.5,0.3,0.5,2.5,1.32,4.1,84.2,0.4336,67.3025,0.0,0.0,0.0
0500000US19079,"Hamilton County, Iowa",19,079,0,951,756,1504,4010,5711,517,843,14886,1510,12471,144,26,338,21,55,321,195,584,6597,6.4,79.5,10.7,34.1,4.8,77.8,8.0,5.7,7.4,10.1,83.8,1.0,0.2,2.3,0.1,0.4,2.2,1.31,5.6,90.6,0.4378,65.4717,0.0,0.0,0.0
0500000US19081,"Hancock County, Iowa",19,081,0,229,148,446,3196,4183,306,610,10671,635,9618,48,11,98,0,54,207,227,656,4590,2.1,64.6,4.4,36.8,1.9,77.7,6.5,5.8,12.2,6.0,90.1,0.4,0.1,0.9,0.0,0.5,1.9,2.13,8.6,87.5,0.4167,72.5205,0.0,0.0,0.0
0500000US19083,"Hardin County, Iowa",19,083,0,604,404,825,5270,6309,588,812,16639,911,14984,180,49,141,0,20,354,665,850,6807,3.6,66.9,5.2,38.1,4.3,77.0,8.4,5.0,9.7,5.5,90.1,1.1,0.3,0.8,0.0,0.1,2.1,4.0,7.0,84.4,0.4245,67.8145,0.0,0.0,0.0
0500000US19085,"Harrison County, Iowa",19,085,0,117,62,187,4062,5575,393,677,14632,328,13813,18,5,43,0,30,395,259,628,6273,0.8,53.0,1.4,34.8,2.3,75.2,6.5,4.7,7.1,2.2,94.4,0.1,0.0,0.3,0.0,0.2,2.7,1.77,6.2,86.5,0.3969,69.4448,0.0,0.0,0.0
0500000US19087,"Henry County, Iowa",19,087,0,409,218,831,6780,7276,689,881,20004,1109,17245,506,37,175,7,41,884,1649,1154,8498,2.0,53.3,4.4,41.4,1.5,76.9,9.0,4.7,12.0,5.5,86.2,2.5,0.2,0.9,0.0,0.2,4.4,8.24,8.3,90.6,0.4238,66.5667,0.0,0.0,0.0
0500000US19089,"Howard County, Iowa",19,089,0,219,118,853,2594,3663,245,944,9445,312,8782,79,11,31,0,32,198,183,474,3867,2.3,53.9,9.6,35.3,1.9,78.6,6.5,10.2,8.9,3.3,93.0,0.8,0.1,0.3,0.0,0.3,2.1,1.94,7.5,84.6,0.4254,64.6396,0.0,0.0,0.0
0500000US19091,"Humboldt County, Iowa",19,091,0,421,335,537,2712,3497,476,554,9591,551,8667,32,7,98,70,20,146,135,450,3961,4.4,79.6,6.0,35.9,5.0,76.0,11.3,5.8,12.9,5.7,90.4,0.3,0.1,1.0,0.7,0.2,1.5,1.41,6.8,86.6,0.4592,73.4177,0.0,0.0,0.0
0500000US19093,"Ida County, Iowa",19,093,0,177,119,294,1862,2665,232,399,6911,286,6324,21,0,46,0,17,217,154,259,3002,2.6,67.2,4.5,34.1,2.4,76.1,7.6,5.9,11.3,4.1,91.5,0.3,0.0,0.7,0.0,0.2,3.1,2.23,5.5,87.7,0.4365,75.4835,0.0,0.0,0.0
0500000US19095,"Iowa County, Iowa",19,095,0,166,72,413,4382,6378,450,528,16507,564,15270,54,10,40,0,127,442,337,520,7503,1.0,43.4,2.7,33.3,1.9,74.2,6.5,3.2,8.9,3.4,92.5,0.3,0.1,0.2,0.0,0.8,2.7,2.04,4.5,88.8,0.4127,62.5309,0.0,0.0,0.0
0500000US19097,"Jackson County, Iowa",19,097,0,154,108,523,5799,7450,865,1089,19390,306,18158,189,13,22,90,112,500,241,808,7787,0.8,70.1,2.9,37.2,5.1,80.2,10.5,5.7,9.7,1.6,93.6,1.0,0.1,0.1,0.5,0.6,2.6,1.24,5.8,86.7,0.4463,65.2042,0.0,0.0,0.0
0500000US19099,"Jasper County, Iowa",19,099,2,1053,870,1830,11587,14139,1105,1640,37954,1177,34444,583,21,264,65,19,1381,1898,1592,15188,2.8,82.6,5.1,37.9,5.7,79.1,7.4,4.5,8.3,3.1,90.8,1.5,0.1,0.7,0.2,0.1,3.6,5.0,6.0,86.1,0.4437,62.548,0.0,0.0,0.0
0500000US19101,"Jefferson County, Iowa",19,101,0,2215,1760,2379,5462,5752,899,1037,15705,644,12941,377,9,1285,0,54,395,1061,581,5329,14.1,79.5,15.9,41.0,8.0,79.4,12.9,6.7,15.2,4.1,82.4,2.4,0.1,8.2,0.0,0.3,2.5,6.76,4.9,74.0,0.4802,51.4904,0.0,0.0,0.0
0500000US19103,"Johnson County, Iowa",19,103,45,15372,8172,21832,39666,59040,3824,7304,156639,10554,117191,11930,116,8819,31,859,7139,8156,3507,60374,9.8,53.2,14.7,30.6,3.8,68.2,6.0,4.7,17.1,6.7,74.8,7.6,0.1,5.6,0.0,0.5,4.6,5.21,3.7,71.5,0.4985,29.9482,0.0,0.0,0.0
0500000US19105,"Jones County, Iowa",19,105,0,338,226,566,6941,7507,868,700,20896,543,19126,514,17,128,0,4,564,1189,728,8194,1.6,66.9,2.8,40.2,3.6,75.4,10.6,3.5,12.0,2.6,91.5,2.5,0.1,0.6,0.0,0.0,2.7,5.69,4.8,85.0,0.3906,61.6971,0.0,0.0,0.0
0500000US19107,"Keokuk County, Iowa",19,107,0,101,52,278,3133,3355,381,388,9924,233,9387,26,0,20,0,30,228,137,392,3831,1.0,51.5,3.0,39.3,4.5,72.7,9.4,4.0,12.1,2.3,94.6,0.3,0.0,0.2,0.0,0.3,2.3,1.38,5.6,86.2,0.4409,74.6623,0.0,0.0,0.0
0500000US19109,"Kossuth County, Iowa",19,109,0,498,384,666,4381,5475,304,539,14516,654,13315,103,5,60,8,24,347,305,504,6133,3.4,77.1,4.9,37.3,1.9,75.9,4.6,3.8,8.2,4.5,91.7,0.7,0.0,0.4,0.1,0.2,2.4,2.1,4.9,87.6,0.4179,70.8047,0.0,0.0,0.0
0500000US19111,"Lee County, Iowa",19,111,0,634,307,817,11242,11351,1939,1706,32893,1145,29696,786,20,185,21,46,994,1188,1776,13086,1.9,48.4,2.6,42.2,4.5,77.2,13.5,5.4,13.1,3.5,90.3,2.4,0.1,0.6,0.1,0.1,3.0,3.61,7.5,90.2,0.4465,62.2402,0.0,0.0,0.0
0500000US19113,"Linn County, Iowa",19,113,74,12841,5833,15393,59610,99989,7780,9315,230004,9482,189409,13514,143,5489,53,1013,10901,5005,7616,97240,5.6,45.4,7.1,32.3,3.5,82.8,8.1,4.1,9.4,4.1,82.4,5.9,0.1,2.4,0.0,0.4,4.7,2.18,4.8,81.9,0.4473,43.8279,0.0,0.0,0.0
0500000US19115,"Louisa County, Iowa",19,115,0,999,648,1542,3146,4228,581,511,10678,1754,8220,95,12,231,0,0,366,127,1078,4835,9.4,64.9,15.3,36.6,3.0,79.9,13.7,4.8,9.8,16.4,77.0,0.9,0.1,2.2,0.0,0.0,3.4,1.19,14.3,93.1,0.4027,69.2159,0.0,0.0,0.0
0500000US19117,"Lucas County, Iowa",19,117,0,354,222,604,2764,3088,367,689,8716,255,8192,25,1,73,0,0,170,94,503,3552,4.1,62.7,7.4,39.9,5.2,78.2,9.9,8.0,14.9,2.9,94.0,0.3,0.0,0.8,0.0,0.0,2.0,1.08,8.2,91.7,0.4331,72.7117,0.0,0.0,0.0
0500000US19119,"Lyon County, Iowa",19,119,0,239,137,300,2903,4493,144,482,12162,470,11356,43,13,59,4,1,216,179,364,5153,2.0,57.3,2.6,31.7,2.3,73.6,3.2,4.0,5.3,3.9,93.4,0.4,0.1,0.5,0.0,0.0,1.8,1.47,4.7,85.5,0.415,83.7213,0.0,0.0,0.0
0500000US19121,"Madison County, Iowa",19,121,3,301,55,628,4009,7296,408,818,16926,383,15953,125,0,76,8,12,369,164,391,6963,1.8,18.3,3.9,30.3,3.5,81.9,6.1,4.9,7.0,2.3,94.3,0.7,0.0,0.4,0.0,0.1,2.2,0.97,3.4,79.6,0.391,67.8462,0.0,0.0,0.0
0500000US19123,"Mahaska County, Iowa",19,123,0,492,248,722,6115,8708,1134,1020,22021,550,20161,247,5,229,65,20,744,781,958,9605,2.2,50.4,3.5,35.0,3.5,79.5,13.0,4.7,12.6,2.5,91.6,1.1,0.0,1.0,0.3,0.1,3.4,3.55,6.5,89.0,0.424,74.494,0.0,0.0,0.0
0500000US19125,"Marion County, Iowa",19,125,7,701,260,1049,9249,13876,1057,818,33642,773,31393,141,9,473,0,81,772,1688,1158,14081,2.1,37.1,3.3,34.5,2.2,80.8,7.9,2.5,8.2,2.3,93.3,0.4,0.0,1.4,0.0,0.2,2.3,5.02,5.2,84.3,0.4335,67.5907,1.0,0.0,0.0
0500000US19127,"Marshall County, Iowa",19,127,33,5856,3765,9365,10365,15775,1425,2275,40114,9875,26461,624,100,1631,0,144,1279,1225,3479,17475,14.6,64.3,24.8,33.3,4.3,79.2,9.2,5.8,11.2,24.6,66.0,1.6,0.2,4.1,0.0,0.4,3.2,3.05,13.1,89.4,0.3848,56.3886,0.0,0.0,0.0
0500000US19129,"Mills County, Iowa",19,129,0,172,47,264,4480,5240,350,390,14568,563,13503,59,16,66,0,19,342,393,351,5922,1.2,27.3,1.9,38.3,2.0,75.6,6.5,2.7,8.2,3.9,92.7,0.4,0.1,0.5,0.0,0.1,2.3,2.7,3.4,84.8,0.4137,68.0874,0.0,0.0,0.0
0500000US19131,"Mitchell County, Iowa",19,131,0,191,106,646,2815,4034,352,764,10575,257,10061,36,34,64,0,0,123,217,505,4241,1.8,55.5,6.5,33.6,1.2,73.4,7.7,7.4,9.5,2.4,95.1,0.3,0.3,0.6,0.0,0.0,1.2,2.05,6.9,78.1,0.4472,64.4582,0.0,0.0,0.0
0500000US19133,"Monona County, Iowa",19,133,5,57,4,190,2675,3033,340,324,8557,233,7944,21,37,0,0,1,321,192,455,3631,0.7,7.0,2.3,38.9,1.6,73.5,8.8,3.9,10.6,2.7,92.8,0.2,0.4,0.0,0.0,0.0,3.8,2.24,7.5,89.9,0.4132,71.3429,0.0,0.0,0.0
0500000US19135,"Monroe County, Iowa",19,135,0,56,22,279,2309,2587,241,260,7513,156,7121,90,11,35,3,17,80,160,238,3120,0.7,39.3,3.9,38.6,3.1,73.3,7.8,3.6,9.2,2.1,94.8,1.2,0.1,0.5,0.0,0.2,1.1,2.13,4.6,88.2,0.3825,74.1697,0.0,0.0,0.0
0500000US19137,"Montgomery County, Iowa",19,137,0,163,44,240,3452,3456,667,373,10214,82,9392,184,6,109,37,74,330,210,599,4055,1.6,27.0,2.5,42.1,2.6,74.6,14.5,3.7,15.3,0.8,92.0,1.8,0.1,1.1,0.4,0.7,3.2,2.06,8.3,88.0,0.4723,68.286,0.0,0.0,0.0
0500000US19139,"Muscatine County, Iowa",19,139,0,2901,1594,5644,11799,16784,2093,1792,42559,8005,31908,946,46,272,0,63,1319,708,2988,18686,6.8,54.9,14.1,35.0,3.2,79.7,12.1,4.3,13.7,18.8,75.0,2.2,0.1,0.6,0.0,0.1,3.1,1.66,10.3,89.6,0.4175,56.1163,0.0,0.0,0.0
0500000US19141,"O'Brien County, Iowa",19,141,0,627,431,995,3775,5705,450,421,14126,1074,12288,240,24,92,22,20,366,429,915,6183,4.4,68.7,7.6,34.3,1.0,79.8,7.7,3.0,13.3,7.6,87.0,1.7,0.2,0.7,0.2,0.1,2.6,3.04,9.5,89.1,0.3922,79.2443,0.0,0.0,0.0
0500000US19143,"Osceola County, Iowa",19,143,0,352,211,585,1682,2433,228,479,6100,647,5126,29,65,35,0,13,185,128,543,2602,5.8,59.9,10.2,34.7,3.4,79.7,8.7,8.0,16.0,10.6,84.0,0.5,1.1,0.6,0.0,0.2,3.0,2.1,12.6,87.3,0.4344,80.832,0.0,0.0,0.0
0500000US19145,"Page County, Iowa",19,145,0,282,106,364,5721,4874,798,677,15131,505,13662,259,59,83,2,40,521,1157,744,5657,1.9,37.6,2.5,45.7,5.0,75.4,12.8,4.8,13.8,3.3,90.3,1.7,0.4,0.5,0.0,0.3,3.4,7.65,6.6,88.7,0.4577,69.4568,0.0,0.0,0.0
0500000US19147,"Palo Alto County, Iowa",19,147,0,218,90,306,2329,3665,380,415,8863,311,8088,145,7,57,0,8,247,327,403,4011,2.5,41.3,3.7,32.8,2.2,78.7,10.0,4.8,11.6,3.5,91.3,1.6,0.1,0.6,0.0,0.1,2.8,3.69,6.7,87.7,0.4157,71.3345,0.0,0.0,0.0
0500000US19149,"Plymouth County, Iowa",19,149,3,959,538,1680,6271,10868,683,1350,25747,1653,22664,615,53,135,112,11,504,373,916,11799,3.7,56.1,6.9,31.1,2.2,80.4,6.6,5.3,6.9,6.4,88.0,2.4,0.2,0.5,0.4,0.0,2.0,1.45,5.2,88.3,0.4074,75.6958,0.0,0.0,0.0
0500000US19151,"Pocahontas County, Iowa",19,151,0,222,135,283,2198,2369,229,528,7046,412,6242,47,5,12,55,0,273,131,459,2917,3.2,60.8,4.3,39.0,5.4,72.8,7.6,7.6,10.3,5.8,88.6,0.7,0.1,0.2,0.8,0.0,3.9,1.86,9.4,91.2,0.3946,75.75,0.0,0.0,0.0
0500000US19153,"Polk County, Iowa",19,153,148,50787,27035,69157,112791,222345,20165,26186,503175,52317,368110,36704,300,24778,215,1453,19298,8759,25375,213904,10.1,53.2,14.7,28.6,4.4,82.8,9.8,5.3,10.3,10.4,73.2,7.3,0.1,4.9,0.0,0.3,3.8,1.74,7.5,80.8,0.4372,43.4926,0.0,0.0,0.0
0500000US19155,"Pottawattamie County, Iowa",19,155,24,3738,2109,6083,27270,37106,3693,4628,93424,8536,78988,1717,196,800,154,269,2764,2664,5982,38509,4.0,56.4,6.9,36.6,3.8,81.9,9.8,5.0,12.1,9.1,84.5,1.8,0.2,0.9,0.2,0.3,3.0,2.85,9.3,86.5,0.428,58.8281,0.0,0.0,0.0
0500000US19157,"Poweshiek County, Iowa",19,157,0,672,511,943,5876,7332,735,707,18545,657,16653,175,55,380,0,15,610,1653,627,6635,3.6,76.0,5.3,37.9,3.6,79.0,9.4,3.9,10.7,3.5,89.8,0.9,0.3,2.0,0.0,0.1,3.3,8.91,5.1,72.6,0.4464,57.1854,0.0,0.0,0.0
0500000US19159,"Ringgold County, Iowa",19,159,1,34,19,131,1360,1473,249,293,4645,100,4397,18,16,0,0,0,114,168,194,1854,0.7,55.9,3.0,36.6,3.3,65.3,13.1,6.6,8.8,2.2,94.7,0.4,0.3,0.0,0.0,0.0,2.5,3.62,6.0,82.0,0.4475,74.3268,0.0,0.0,0.0
0500000US19161,"Sac County, Iowa",19,161,0,228,156,329,2544,3800,321,457,9689,422,8899,44,8,35,17,27,237,168,501,4540,2.4,68.4,3.6,32.6,4.4,75.7,7.5,4.8,9.2,4.4,91.8,0.5,0.1,0.4,0.2,0.3,2.4,1.73,7.2,91.9,0.4128,74.5726,0.0,0.0,0.0
0500000US19163,"Scott County, Iowa",19,163,13,8384,3788,11449,47731,71052,7544,8968,174608,12902,134498,12341,177,4959,92,775,8864,3484,6997,73738,4.8,45.2,7.0,34.3,3.7,81.0,10.3,5.2,11.5,7.4,77.0,7.1,0.1,2.8,0.1,0.4,5.1,2.0,5.9,85.4,0.4523,50.7394,0.0,0.0,0.0
0500000US19165,"Shelby County, Iowa",19,165,0,192,139,301,3547,4217,356,270,11778,518,10751,37,12,56,0,48,356,221,381,4544,1.6,72.4,2.7,37.5,3.2,73.8,7.3,2.3,7.6,4.4,91.3,0.3,0.1,0.5,0.0,0.4,3.0,1.88,4.7,80.0,0.447,70.3041,0.0,0.0,0.0
0500000US19167,"Sioux County, Iowa",19,167,0,3092,1954,4193,8182,15385,360,2093,36212,5193,29982,214,32,197,6,122,466,2342,1959,15331,8.5,63.2,12.5,29.7,1.5,80.6,2.8,5.8,6.7,14.3,82.8,0.6,0.1,0.5,0.0,0.3,1.3,6.47,9.1,82.0,0.4094,83.9592,0.0,0.0,0.0
0500000US19169,"Story County, Iowa",19,169,33,8645,5604,10669,28604,36854,1780,4218,100466,5184,81361,2711,108,6641,72,340,4049,12665,1399,39989,8.6,64.8,11.1,33.2,4.8,67.4,4.6,4.2,18.2,5.2,81.0,2.7,0.1,6.6,0.1,0.3,4.0,12.61,2.6,75.2,0.469,43.4883,0.0,0.0,0.0
0500000US19171,"Tama County, Iowa",19,171,0,685,467,1785,5088,6110,647,1029,16868,1968,13220,154,897,116,6,12,495,355,977,7042,4.1,68.2,11.2,38.1,3.8,76.8,9.6,6.2,14.8,11.7,78.4,0.9,5.3,0.7,0.0,0.1,2.9,2.1,8.5,89.1,0.3968,61.9344,0.0,0.0,0.0
0500000US19173,"Taylor County, Iowa",19,173,0,187,113,386,1743,1989,252,201,5868,476,5215,10,1,0,0,39,127,106,303,2538,3.2,60.4,6.9,37.1,2.9,69.4,10.1,3.5,11.0,8.1,88.9,0.2,0.0,0.0,0.0,0.7,2.2,1.81,7.4,91.5,0.4206,76.7569,0.0,0.0,0.0
0500000US19175,"Union County, Iowa",19,175,10,220,178,486,4088,4166,890,986,11993,460,11018,93,1,106,0,22,293,303,696,4797,1.8,80.9,4.3,41.9,4.0,76.8,17.4,8.3,12.4,3.8,91.9,0.8,0.0,0.9,0.0,0.2,2.4,2.53,8.5,89.9,0.4194,66.9426,0.0,0.0,0.0
0500000US19177,"Van Buren County, Iowa",19,177,0,45,21,1020,2397,2150,232,1249,7241,128,6833,31,4,3,0,70,172,84,721,2463,0.6,46.7,15.1,41.8,4.1,67.1,8.0,17.4,15.1,1.8,94.4,0.4,0.1,0.0,0.0,1.0,2.4,1.16,14.3,81.2,0.4884,76.197,0.0,0.0,0.0
0500000US19179,"Wapello County, Iowa",19,179,4,3510,2201,5034,10652,13305,2148,2553,35362,4748,26750,1054,7,579,857,54,1313,880,2745,14467,9.9,62.7,15.1,38.1,4.3,80.6,15.3,7.3,15.8,13.4,75.6,3.0,0.0,1.6,2.4,0.2,3.7,2.49,11.4,90.5,0.4426,64.4962,0.0,0.0,0.0
0500000US19181,"Warren County, Iowa",19,181,17,823,365,1511,13397,22691,1270,1090,54409,2020,50017,358,31,407,8,61,1507,1603,1187,22648,1.5,44.3,2.9,31.3,3.4,80.2,6.1,2.0,5.1,3.7,91.9,0.7,0.1,0.7,0.0,0.1,2.8,2.95,3.3,81.2,0.394,58.8292,0.0,0.0,0.0
0500000US19183,"Washington County, Iowa",19,183,5,730,414,1630,5774,8206,728,1687,22561,1749,20008,236,0,87,4,30,447,346,1003,9841,3.2,56.7,7.7,32.5,2.2,70.0,8.1,7.6,8.2,7.8,88.7,1.0,0.0,0.4,0.0,0.1,2.0,1.53,6.5,85.7,0.4287,60.9869,0.0,0.0,0.0
0500000US19185,"Wayne County, Iowa",19,185,0,61,38,499,1946,2226,264,821,6532,77,6122,12,0,6,0,0,315,118,398,2533,0.9,62.3,8.2,38.7,2.9,74.5,10.3,12.8,10.1,1.2,93.7,0.2,0.0,0.1,0.0,0.0,4.8,1.81,9.1,86.8,0.4778,76.7236,0.0,0.0,0.0
0500000US19187,"Webster County, Iowa",19,187,1,1119,905,1714,11398,14602,1691,2216,36886,2439,30940,1201,38,437,0,95,1736,2832,1731,15812,3.0,80.9,4.9,37.7,4.8,81.7,11.0,6.3,12.9,6.6,83.9,3.3,0.1,1.2,0.0,0.3,4.7,7.68,7.0,90.2,0.4427,64.4874,0.0,0.0,0.0
0500000US19189,"Winnebago County, Iowa",19,189,0,372,262,640,3183,3976,466,588,10583,619,9415,211,19,140,0,18,161,574,390,4426,3.5,70.4,6.3,36.7,3.0,74.8,10.0,5.6,11.2,5.8,89.0,2.0,0.2,1.3,0.0,0.2,1.5,5.42,5.3,85.4,0.4418,64.1496,0.0,0.0,0.0
0500000US19191,"Winneshiek County, Iowa",19,191,0,514,410,862,5663,8165,256,522,19873,612,18533,81,73,107,1,24,442,1759,513,8145,2.6,79.8,4.6,34.0,2.3,75.9,3.1,2.7,8.4,3.1,93.3,0.4,0.4,0.5,0.0,0.1,2.2,8.85,3.8,76.8,0.4441,53.208,0.0,0.0,0.0
0500000US19193,"Woodbury County, Iowa",19,193,38,11228,6768,18352,26944,43491,5147,7656,106247,20316,71279,5179,1431,2486,775,225,4556,2831,8432,46955,10.6,60.3,18.5,32.8,4.1,82.4,12.6,7.3,14.0,19.1,67.1,4.9,1.3,2.3,0.7,0.2,4.3,2.66,12.4,90.7,0.4363,60.0481,0.0,0.0,0.0
0500000US19195,"Worth County, Iowa",19,195,0,65,48,205,1883,2943,212,506,7350,258,6857,59,9,33,0,0,134,76,341,3215,0.9,73.8,2.9,31.7,3.5,75.1,6.7,7.0,8.2,3.5,93.3,0.8,0.1,0.4,0.0,0.0,1.8,1.03,6.4,83.8,0.3981,62.9492,0.0,0.0,0.0
0500000US19197,"Wright County, Iowa",19,197,0,837,719,1731,3918,4316,511,737,12791,2547,9662,56,8,58,0,174,286,198,715,4987,6.5,85.9,14.5,39.9,1.8,74.4,9.5,5.8,16.8,19.9,75.5,0.4,0.1,0.5,0.0,1.4,2.2,1.55,8.3,87.1,0.4667,66.7533,0.0,0.0,0.0
0500000US20001,"Allen County, Kansas",20,001,5,401,284,295,3722,3897,467,1174,12483,533,11048,352,68,46,55,8,373,450,496,5049,3.2,70.8,2.5,37.3,7.9,67.5,9.3,9.5,9.9,4.3,88.5,2.8,0.5,0.4,0.4,0.1,3.0,3.6,5.9,87.8,0.3985,71.9464,0.0,0.0,0.0
0500000US20003,"Anderson County, Kansas",20,003,0,33,29,580,2273,2520,167,727,7834,142,7123,83,7,0,0,0,479,115,628,2984,0.4,87.9,8.0,38.0,4.1,70.8,5.2,9.4,11.0,1.8,90.9,1.1,0.1,0.0,0.0,0.0,6.1,1.47,12.0,85.9,0.3488,79.082,0.0,1.0,0.0
0500000US20005,"Atchison County, Kansas",20,005,1,338,174,619,4873,6287,626,1410,16208,608,14053,567,11,51,0,38,880,1761,546,6174,2.1,51.5,4.0,37.4,4.6,80.7,10.9,8.8,13.0,3.8,86.7,3.5,0.1,0.3,0.0,0.2,5.4,10.87,5.5,82.7,0.4414,67.6912,0.0,0.0,0.0
0500000US20007,"Barber County, Kansas",20,007,4,11,8,33,989,1291,52,291,4069,258,3608,3,92,0,0,7,101,52,115,2046,0.3,72.7,0.9,30.6,1.2,58.2,2.8,7.2,11.8,6.3,88.7,0.1,2.3,0.0,0.0,0.2,2.5,1.28,4.1,93.0,0.4339,85.4378,0.0,0.0,0.0
0500000US20009,"Barton County, Kansas",20,009,7,1243,729,2192,7319,8870,724,2769,25097,4183,19811,159,42,50,0,44,808,455,1621,10371,5.0,58.6,9.3,37.1,3.9,74.4,7.0,11.2,15.4,16.7,78.9,0.6,0.2,0.2,0.0,0.2,3.2,1.81,9.5,87.9,0.4443,77.6254,0.0,0.0,0.0
0500000US20011,"Bourbon County, Kansas",20,011,6,258,150,398,4291,4937,455,1173,14394,452,12787,245,12,116,0,37,745,372,864,5391,1.8,58.1,3.0,38.3,5.3,75.4,7.8,8.3,13.6,3.1,88.8,1.7,0.1,0.8,0.0,0.3,5.2,2.58,9.2,83.6,0.4106,76.126,0.0,0.0,0.0
0500000US20013,"Brown County, Kansas",20,013,1,108,56,172,2683,3109,439,941,9343,435,7616,148,584,24,2,92,442,130,363,3768,1.2,51.9,2.0,37.0,5.2,71.6,11.6,10.2,13.8,4.7,81.5,1.6,6.3,0.3,0.0,1.0,4.7,1.39,5.6,87.8,0.4594,72.945,1.0,1.0,1.0
0500000US20015,"Butler County, Kansas",20,015,31,2756,1686,3014,19569,24940,1641,3907,68287,3992,58532,1292,335,1132,82,167,2755,3102,2520,28677,4.0,61.2,4.7,36.5,3.4,76.9,6.5,6.0,8.5,5.8,85.7,1.9,0.5,1.7,0.1,0.2,4.0,4.54,5.5,88.4,0.4228,69.5682,0.0,0.0,0.0
0500000US20017,"Chase County, Kansas",20,017,4,106,55,135,927,841,64,177,2561,216,2210,27,4,14,0,0,90,143,148,971,4.1,51.9,5.6,44.1,0.9,72.3,5.6,7.3,8.4,8.4,86.3,1.1,0.2,0.5,0.0,0.0,3.5,5.58,7.8,85.1,0.472,74.5554,0.0,0.0,0.0
0500000US20019,"Chautauqua County, Kansas",20,019,5,27,8,56,1258,1045,190,378,3370,167,2701,28,119,3,0,77,275,85,237,1241,0.8,29.6,1.8,45.7,3.6,72.6,14.0,11.4,14.9,5.0,80.1,0.8,3.5,0.1,0.0,2.3,8.2,2.52,9.8,88.6,0.4601,85.0688,0.0,0.0,0.0
0500000US20021,"Cherokee County, Kansas",20,021,8,255,70,373,5960,7045,1035,2160,19151,566,16337,155,388,100,43,136,1426,218,1406,8268,1.3,27.5,2.1,39.2,3.3,78.8,13.1,11.4,14.1,3.0,85.3,0.8,2.0,0.5,0.2,0.7,7.4,1.14,10.6,92.9,0.4229,75.5306,0.0,0.0,0.0
0500000US20023,"Cheyenne County, Kansas",20,023,0,121,93,154,780,795,47,327,2628,246,2292,3,11,0,5,0,71,36,207,989,4.6,76.9,6.2,37.4,2.5,62.5,3.9,12.6,17.0,9.4,87.2,0.1,0.4,0.0,0.2,0.0,2.7,1.37,10.8,79.1,0.4713,83.3333,0.0,0.0,0.0
0500000US20025,"Clark County, Kansas",20,025,0,31,16,77,579,651,38,131,1974,106,1724,0,18,7,0,6,113,38,110,768,1.6,51.6,4.1,37.4,2.8,69.1,4.8,6.8,9.9,5.4,87.3,0.0,0.9,0.4,0.0,0.3,5.7,1.93,8.1,83.1,0.4219,85.503,0.0,0.0,0.0
0500000US20027,"Clay County, Kansas",20,027,0,74,58,160,2655,2057,252,443,8048,284,7247,193,38,45,0,3,238,209,372,3264,0.9,78.4,2.1,41.3,1.0,56.1,7.2,5.7,13.4,3.5,90.0,2.4,0.5,0.6,0.0,0.0,3.0,2.6,6.5,88.5,0.4309,76.5864,0.0,0.0,0.0
0500000US20029,"Cloud County, Kansas",20,029,3,136,113,249,2583,2933,190,689,8898,343,7947,71,44,8,97,12,376,512,289,3918,1.5,83.1,3.0,36.7,2.5,67.5,5.0,7.9,10.0,3.9,89.3,0.8,0.5,0.1,1.1,0.1,4.2,5.75,4.9,91.1,0.4014,79.5157,0.0,1.0,0.0
0500000US20031,"Coffey County, Kansas",20,031,2,97,23,415,2768,2723,306,898,8308,321,7587,51,8,75,0,16,250,154,461,3352,1.2,23.7,5.2,40.9,6.4,73.0,8.6,11.0,10.7,3.9,91.3,0.6,0.1,0.9,0.0,0.2,3.0,1.85,7.7,92.0,0.3961,77.0162,0.0,0.0,0.0
0500000US20033,"Comanche County, Kansas",20,033,0,14,11,38,533,555,62,125,1729,35,1637,7,0,0,0,0,50,55,51,767,0.8,78.6,2.3,37.5,1.7,63.6,7.5,7.5,9.2,2.0,94.7,0.4,0.0,0.0,0.0,0.0,2.9,3.18,4.0,89.4,0.3932,83.1808,0.0,0.0,0.0
0500000US20035,"Cowley County, Kansas",20,035,11,1570,806,2020,11541,10956,1556,2706,34411,4184,26447,820,420,532,97,79,1832,2217,2139,13709,4.6,51.3,6.2,42.2,3.9,72.2,11.6,8.1,14.3,12.2,76.9,2.4,1.2,1.5,0.3,0.2,5.3,6.44,9.4,91.7,0.4778,69.3077,0.0,1.0,0.0
0500000US20037,"Crawford County, Kansas",20,037,46,1468,979,2138,10946,14739,1886,4992,39008,2936,32530,585,192,655,88,98,1924,1642,1803,17274,3.8,66.7,5.8,34.9,4.1,75.2,11.9,13.0,20.6,7.5,83.4,1.5,0.5,1.7,0.2,0.3,4.9,4.21,7.7,90.2,0.4643,61.7363,0.0,0.0,0.0
0500000US20039,"Decatur County, Kansas",20,039,2,58,41,70,847,748,68,140,2726,130,2467,31,13,0,0,13,72,54,126,982,2.1,70.7,2.7,38.8,4.1,58.3,5.1,5.2,12.7,4.8,90.5,1.1,0.5,0.0,0.0,0.5,2.6,1.98,5.9,77.3,0.4175,83.8154,0.0,0.0,0.0
0500000US20041,"Dickinson County, Kansas",20,041,6,173,91,725,5569,6310,458,1610,18445,1050,16312,18,17,44,0,69,935,296,811,7747,0.9,52.6,4.1,37.9,2.8,72.0,5.7,8.9,8.1,5.7,88.4,0.1,0.1,0.2,0.0,0.4,5.1,1.6,6.2,89.1,0.4039,76.706,0.0,0.0,0.0
0500000US20043,"Doniphan County, Kansas",20,043,3,117,56,183,2331,2866,204,474,7503,260,6606,223,17,8,8,2,379,657,369,3182,1.6,47.9,2.6,38.1,1.6,77.1,7.5,6.4,9.6,3.5,88.0,3.0,0.2,0.1,0.1,0.0,5.1,8.76,7.4,86.9,0.4132,81.0456,0.0,0.0,0.0
0500000US20045,"Douglas County, Kansas",20,045,46,7248,4306,10117,31389,49116,2652,9775,120302,8640,91455,5014,1185,5198,14,609,8187,8666,3161,49823,6.0,59.4,8.8,31.0,4.2,73.5,5.3,8.2,14.7,7.2,76.0,4.2,1.0,4.3,0.0,0.5,6.8,7.2,4.4,75.9,0.4628,30.1907,0.0,0.0,0.0
0500000US20047,"Edwards County, Kansas",20,047,0,334,251,507,930,807,52,285,2779,633,2014,4,19,0,0,0,109,54,252,1067,12.0,75.1,19.4,41.7,6.8,66.8,4.5,10.5,18.9,22.8,72.5,0.1,0.7,0.0,0.0,0.0,3.9,1.94,12.8,89.7,0.4537,82.1119,0.0,0.0,0.0
0500000US20049,"Elk County, Kansas",20,049,1,24,9,52,935,638,73,182,2453,110,2144,2,16,6,0,24,151,12,162,831,1.0,37.5,2.2,47.4,2.0,62.9,7.3,7.4,10.4,4.5,87.4,0.1,0.7,0.2,0.0,1.0,6.2,0.49,9.3,83.9,0.3945,83.9312,0.0,0.0,0.0
0500000US20051,"Ellis County, Kansas",20,051,2,700,467,1709,6602,11564,736,2096,28920,2110,25118,367,51,452,11,14,797,1634,885,13810,2.4,66.7,6.2,28.0,3.2,70.3,6.0,7.3,18.3,7.3,86.9,1.3,0.2,1.6,0.0,0.0,2.8,5.65,5.1,85.1,0.489,72.1116,0.0,1.0,0.0
0500000US20053,"Ellsworth County, Kansas",20,053,3,103,70,156,2650,1830,164,197,6360,387,5330,216,10,29,0,10,378,1069,289,2315,1.6,68.0,2.6,49.2,2.6,68.7,6.7,3.7,10.4,6.1,83.8,3.4,0.2,0.5,0.0,0.2,5.9,16.81,5.8,87.9,0.4659,75.3445,0.0,0.0,0.0
0500000US20055,"Finney County, Kansas",20,055,2,9111,4998,16321,8690,14690,1503,4792,38084,20246,14093,1672,47,1470,26,15,515,724,6394,17247,23.9,54.9,46.5,30.8,4.1,78.5,11.4,12.7,11.1,53.2,37.0,4.4,0.1,3.9,0.1,0.0,1.4,1.9,28.2,93.6,0.3922,66.4626,0.0,1.0,0.0
0500000US20057,"Ford County, Kansas",20,057,13,8537,5893,14921,7381,13251,870,5356,34074,20130,12065,802,16,317,0,122,622,724,4757,15438,25.1,69.0,47.8,29.3,5.1,78.8,7.4,15.9,14.0,59.1,35.4,2.4,0.0,0.9,0.0,0.4,1.8,2.12,23.5,93.9,0.4006,68.2879,0.0,0.0,0.0
0500000US20059,"Franklin County, Kansas",20,059,4,530,298,814,7070,10487,594,2056,26106,1264,23210,278,144,160,33,42,975,638,1293,11028,2.0,56.2,3.3,33.9,3.0,78.7,5.7,7.9,8.7,4.8,88.9,1.1,0.6,0.6,0.1,0.2,3.7,2.44,7.3,84.8,0.3755,69.0353,0.0,1.0,0.0
0500000US20061,"Geary County, Kansas",20,061,26,2748,1081,4475,7228,8031,1297,2353,35815,6050,19661,5142,150,1008,373,139,3292,961,1377,14288,7.7,39.3,14.1,28.6,6.9,66.3,9.2,7.7,18.0,16.9,54.9,14.4,0.4,2.8,1.0,0.4,9.2,2.68,7.0,84.8,0.3884,57.7104,0.0,0.0,0.0
0500000US20063,"Gove County, Kansas",20,063,1,41,18,36,715,862,31,159,2799,47,2624,14,0,23,0,8,83,37,102,1157,1.5,43.9,1.4,32.9,2.6,60.8,2.7,5.8,5.1,1.7,93.7,0.5,0.0,0.8,0.0,0.3,3.0,1.32,5.4,82.8,0.4395,87.894,0.0,0.0,0.0
0500000US20065,"Graham County, Kansas",20,065,1,13,0,29,760,705,74,117,2389,94,2085,109,0,16,6,2,77,40,89,950,0.5,0.0,1.3,38.9,5.0,62.1,6.2,5.0,14.8,3.9,87.3,4.6,0.0,0.7,0.3,0.1,3.2,1.67,5.2,85.2,0.4248,81.9736,0.0,0.0,0.0
0500000US20067,"Grant County, Kansas",20,067,7,1809,1116,3017,1853,2862,34,1163,7229,3858,3183,13,48,9,0,3,115,53,997,3112,25.0,61.7,45.2,34.7,0.7,82.6,1.4,16.2,9.3,53.4,44.0,0.2,0.7,0.1,0.0,0.0,1.6,0.73,22.2,90.8,0.4029,80.7658,0.0,0.0,0.0
0500000US20069,"Gray County, Kansas",20,069,1,591,465,1004,1388,1956,46,648,5701,949,4529,0,4,36,0,12,171,85,760,2566,10.4,78.7,19.0,32.1,2.7,68.3,2.2,11.5,8.5,16.6,79.4,0.0,0.1,0.6,0.0,0.2,3.0,1.49,21.2,91.1,0.411,83.7665,0.0,0.0,0.0
0500000US20071,"Greeley County, Kansas",20,071,0,106,48,169,272,413,11,132,1304,220,1062,2,5,0,0,0,15,24,95,488,8.1,45.3,14.0,28.7,0.1,61.2,2.0,10.3,7.1,16.9,81.4,0.2,0.4,0.0,0.0,0.0,1.2,1.84,11.3,73.4,0.355,86.0034,0.0,0.0,0.0
0500000US20073,"Greenwood County, Kansas",20,073,0,38,28,131,2008,1900,324,527,5919,234,5380,44,75,0,0,6,180,89,299,2424,0.6,73.7,2.3,41.4,3.4,69.2,12.2,9.0,13.9,4.0,90.9,0.7,1.3,0.0,0.0,0.1,3.0,1.5,6.9,89.3,0.4969,79.7157,0.0,0.0,0.0
0500000US20075,"Hamilton County, Kansas",20,075,1,544,481,951,582,848,22,624,2471,1088,1341,1,0,0,0,0,41,11,281,937,22.0,88.4,41.5,33.7,3.1,76.4,2.9,25.4,7.0,44.0,54.3,0.0,0.0,0.0,0.0,0.0,1.7,0.45,20.1,85.4,0.4067,82.3313,0.0,0.0,0.0
0500000US20077,"Harper County, Kansas",20,077,0,105,93,133,1876,1741,217,451,5400,436,4647,45,15,15,0,17,225,185,333,1959,1.9,88.6,2.6,44.6,2.0,76.1,9.8,8.5,17.3,8.1,86.1,0.8,0.3,0.3,0.0,0.3,4.2,3.43,9.2,87.0,0.4511,81.0959,0.0,0.0,0.0
0500000US20079,"Harvey County, Kansas",20,079,7,1312,677,2564,9261,13086,785,2889,33756,4129,27409,477,60,380,0,89,1212,1293,1710,14343,3.9,51.6,8.0,34.6,4.8,78.7,5.7,8.7,8.2,12.2,81.2,1.4,0.2,1.1,0.0,0.3,3.6,3.83,7.4,87.6,0.3765,59.6233,0.0,0.0,0.0
0500000US20081,"Haskell County, Kansas",20,081,1,860,591,1178,1083,1183,38,626,3641,1126,2403,17,22,0,0,0,73,50,571,1369,23.6,68.7,35.0,38.9,3.6,72.1,2.7,17.4,11.2,30.9,66.0,0.5,0.6,0.0,0.0,0.0,2.0,1.37,24.7,85.5,0.3882,81.7684,0.0,1.0,0.0
0500000US20083,"Hodgeman County, Kansas",20,083,0,22,12,55,490,493,30,73,1652,76,1520,6,1,0,0,12,37,21,52,636,1.3,54.5,3.5,38.3,0.6,62.7,4.3,4.5,6.3,4.6,92.0,0.4,0.1,0.0,0.0,0.7,2.2,1.27,4.4,82.6,0.4058,84.5756,0.0,0.0,0.0
0500000US20085,"Jackson County, Kansas",20,085,0,432,378,621,3870,4504,348,949,13341,768,10887,98,693,64,9,35,787,201,563,5576,3.2,87.5,5.0,37.0,1.8,69.5,6.9,7.2,6.1,5.8,81.6,0.7,5.2,0.5,0.1,0.3,5.9,1.51,6.3,86.7,0.3883,70.3892,0.0,1.0,0.0
0500000US20087,"Jefferson County, Kansas",20,087,3,179,92,354,5269,6776,222,974,18349,648,16710,82,79,45,3,49,733,194,738,7904,1.0,51.4,2.0,35.2,2.4,71.9,3.0,5.4,5.6,3.5,91.1,0.4,0.4,0.2,0.0,0.3,4.0,1.06,5.6,85.5,0.3958,67.4323,0.0,0.0,0.0
0500000US20089,"Jewell County, Kansas",20,089,0,48,37,69,935,858,62,183,2916,83,2679,21,6,8,0,0,119,27,130,1202,1.6,77.1,2.5,39.9,1.3,61.7,4.7,6.3,10.6,2.8,91.9,0.7,0.2,0.3,0.0,0.0,4.1,0.93,6.0,88.2,0.4533,87.0394,0.0,1.0,0.0
0500000US20091,"Johnson County, Kansas",20,091,436,57261,27479,70907,139556,282834,5014,30003,620631,57813,472604,29831,600,32309,130,2477,24867,5984,14406,253395,9.2,48.0,12.1,28.3,3.2,82.9,2.0,4.9,5.4,9.3,76.1,4.8,0.1,5.2,0.0,0.4,4.0,0.96,3.4,75.4,0.4457,44.8679,0.0,0.0,0.0
0500000US20093,"Kearny County, Kansas",20,093,0,681,519,1165,1061,1043,78,437,3864,1377,2261,0,3,140,0,30,53,71,455,1452,17.6,76.2,32.4,37.0,2.2,59.0,5.5,11.5,4.5,35.6,58.5,0.0,0.1,3.6,0.0,0.8,1.4,1.84,18.1,83.2,0.3209,83.1668,0.0,0.0,0.0
0500000US20095,"Kingman County, Kansas",20,095,3,18,15,117,2163,2475,207,506,7186,294,6443,18,9,3,0,103,316,150,426,3173,0.3,83.3,1.7,37.6,2.2,70.4,6.5,7.2,10.3,4.1,89.7,0.3,0.1,0.0,0.0,1.4,4.4,2.09,8.5,92.0,0.4202,79.022,0.0,0.0,0.0
0500000US20097,"Kiowa County, Kansas",20,097,1,147,88,199,667,778,41,198,2422,110,2115,23,10,66,0,8,90,221,182,1002,6.1,59.9,8.8,34.4,2.2,62.6,4.3,8.4,5.9,4.5,87.3,0.9,0.4,2.7,0.0,0.3,3.7,9.12,11.2,81.8,0.4578,85.0045,0.0,0.0,0.0
0500000US20099,"Labette County, Kansas",20,099,5,203,85,973,6491,6126,755,1843,19869,1010,16522,633,135,2,0,245,1322,728,1387,7754,1.0,41.9,5.2,41.7,3.1,69.6,9.3,9.5,16.0,5.1,83.2,3.2,0.7,0.0,0.0,1.2,6.7,3.66,10.3,89.3,0.4308,68.2995,0.0,0.0,0.0
0500000US20101,"Lane County, Kansas",20,101,0,93,71,205,473,392,20,159,1461,235,1186,17,4,0,0,0,19,8,55,524,6.4,76.3,14.9,41.3,0.4,58.6,2.8,10.9,7.0,16.1,81.2,1.2,0.3,0.0,0.0,0.0,1.3,0.55,5.2,81.4,0.4502,84.1044,0.0,0.0,0.0
0500000US20103,"Leavenworth County, Kansas",20,103,22,2969,1504,4317,26114,23909,1698,4650,83123,6278,64298,5691,275,1108,227,337,4909,4995,3513,32007,3.6,50.7,5.5,39.8,4.1,68.1,5.6,6.1,8.8,7.6,77.4,6.8,0.3,1.3,0.3,0.4,5.9,6.01,6.2,85.5,0.4177,60.347,0.0,0.0,0.0
0500000US20105,"Lincoln County, Kansas",20,105,0,21,8,44,913,963,84,168,2923,133,2664,2,2,17,0,6,99,46,69,1228,0.7,38.1,1.6,37.9,2.4,66.0,6.6,5.8,11.3,4.6,91.1,0.1,0.1,0.6,0.0,0.2,3.4,1.57,3.3,85.1,0.4342,81.8182,0.0,0.0,0.0
0500000US20107,"Linn County, Kansas",20,107,0,38,23,142,3335,3214,360,956,9767,303,8884,138,20,24,11,33,354,49,407,3721,0.4,60.5,1.5,42.5,4.4,74.4,8.3,9.8,8.4,3.1,91.0,1.4,0.2,0.2,0.1,0.3,3.6,0.5,5.8,88.0,0.4436,81.5989,0.0,0.0,0.0
0500000US20109,"Logan County, Kansas",20,109,0,68,23,163,652,1104,98,248,2707,200,2374,0,25,17,0,0,91,26,122,1237,2.5,33.8,6.5,30.6,1.8,76.1,7.9,9.3,15.0,7.4,87.7,0.0,0.9,0.6,0.0,0.0,3.4,0.96,6.3,85.6,0.4492,84.7143,0.0,0.0,0.0
0500000US20111,"Lyon County, Kansas",20,111,2,3529,2360,5069,7983,13810,873,3658,32186,7780,21973,452,64,597,4,47,1269,1051,2083,14839,11.0,66.9,16.7,30.8,2.0,79.1,6.5,11.5,14.6,24.2,68.3,1.4,0.2,1.9,0.0,0.1,3.9,3.27,10.6,88.5,0.4088,56.2915,0.0,1.0,0.0
0500000US20113,"McPherson County, Kansas",20,113,14,847,545,1490,8197,12088,328,1821,30205,1689,26920,528,18,117,0,0,933,1957,1473,13443,2.8,64.3,5.2,33.6,1.8,76.3,2.7,6.2,9.5,5.6,89.1,1.7,0.1,0.4,0.0,0.0,3.1,6.48,7.3,86.2,0.4025,69.5973,0.0,0.0,0.0
0500000US20115,"Marion County, Kansas",20,115,0,123,65,242,3812,3815,290,779,11754,494,10687,107,54,45,2,31,334,745,638,4763,1.0,52.8,2.2,39.5,3.4,67.8,6.1,6.8,9.2,4.2,90.9,0.9,0.5,0.4,0.0,0.3,2.8,6.34,8.0,86.0,0.4395,73.4583,0.0,0.0,0.0
0500000US20117,"Marshall County, Kansas",20,117,0,75,38,290,2891,3485,160,505,9993,280,9322,71,31,33,0,21,235,224,518,4119,0.8,50.7,3.1,37.0,2.0,72.4,3.8,5.1,11.3,2.8,93.3,0.7,0.3,0.3,0.0,0.2,2.4,2.24,7.3,87.7,0.4324,73.3494,0.0,0.0,0.0
0500000US20119,"Meade County, Kansas",20,119,0,444,227,840,1174,1201,97,401,3903,950,2724,15,63,70,0,13,68,81,286,1542,11.4,51.1,23.2,39.1,1.5,66.8,6.5,10.5,11.0,24.3,69.8,0.4,1.6,1.8,0.0,0.3,1.7,2.08,11.3,86.6,0.5213,84.1888,0.0,0.0,0.0
0500000US20121,"Miami County, Kansas",20,121,0,335,170,942,9402,13824,312,2449,34938,1423,31401,418,47,51,0,27,1571,691,1375,14662,1.0,50.7,2.8,34.0,3.7,78.6,2.3,7.1,7.9,4.1,89.9,1.2,0.1,0.1,0.0,0.1,4.5,1.98,5.8,84.1,0.4096,68.7931,0.0,0.0,0.0
0500000US20123,"Mitchell County, Kansas",20,123,0,75,65,203,1808,2051,137,394,5779,187,5374,6,13,39,0,0,160,136,238,2328,1.3,86.7,3.7,39.0,0.1,72.8,5.1,7.0,12.2,3.2,93.0,0.1,0.2,0.7,0.0,0.0,2.8,2.35,6.0,84.1,0.4539,82.2194,0.0,0.0,0.0
0500000US20125,"Montgomery County, Kansas",20,125,13,887,593,1713,10543,10274,1510,3308,30940,2491,23667,1164,589,50,59,229,2691,909,1892,12027,2.9,66.9,5.9,42.8,4.4,76.5,11.7,10.8,15.9,8.1,76.5,3.8,1.9,0.2,0.2,0.7,8.7,2.94,9.1,91.5,0.4224,74.6483,0.0,0.0,0.0
0500000US20127,"Morris County, Kansas",20,127,0,111,63,152,1618,1706,100,362,5340,232,4805,2,0,37,0,5,259,81,232,2354,2.1,56.8,3.0,37.0,2.5,64.1,3.9,6.9,12.1,4.3,90.0,0.0,0.0,0.7,0.0,0.1,4.9,1.52,5.8,90.3,0.4386,72.3854,0.0,0.0,0.0
0500000US20129,"Morton County, Kansas",20,129,2,283,170,494,969,603,79,271,2611,628,1835,31,1,44,0,0,72,66,337,924,10.8,60.1,19.9,46.9,1.6,55.8,8.1,10.6,14.8,24.1,70.3,1.2,0.0,1.7,0.0,0.0,2.8,2.53,18.5,88.7,0.4421,85.7547,0.0,0.0,0.0
0500000US20131,"Nemaha County, Kansas",20,131,1,98,90,255,2831,3754,134,506,10160,265,9477,122,35,56,0,36,169,304,385,4279,1.0,91.8,2.7,36.6,1.5,77.9,3.3,5.1,9.3,2.6,93.3,1.2,0.3,0.6,0.0,0.4,1.7,2.99,5.8,89.9,0.4495,82.8292,0.0,0.0,0.0
0500000US20133,"Neosho County, Kansas",20,133,13,245,177,320,4671,5394,625,1609,15656,944,13774,242,17,84,0,17,578,467,754,6500,1.6,72.2,2.2,37.8,3.2,72.5,9.7,10.4,13.1,6.0,88.0,1.5,0.1,0.5,0.0,0.1,3.7,2.98,7.2,89.7,0.4379,73.1279,0.0,0.0,0.0
0500000US20135,"Ness County, Kansas",20,135,0,233,197,365,799,930,38,206,2653,395,2121,0,13,5,0,5,114,66,140,1275,8.8,84.5,14.2,34.9,0.8,63.0,3.3,8.0,11.2,14.9,79.9,0.0,0.5,0.2,0.0,0.2,4.3,2.49,7.6,87.6,0.465,88.4079,0.0,0.0,0.0
0500000US20137,"Norton County, Kansas",20,137,1,101,76,125,2380,1424,162,435,5359,315,4593,167,54,7,0,23,200,1011,195,1544,1.9,75.2,2.5,54.0,1.7,71.5,8.1,10.0,7.2,5.9,85.7,3.1,1.0,0.1,0.0,0.4,3.7,18.87,4.9,78.7,0.3789,82.9075,0.0,0.0,0.0
0500000US20139,"Osage County, Kansas",20,139,4,138,69,308,4753,5548,464,1266,15744,529,14497,44,43,23,0,53,555,184,691,6633,0.9,50.0,2.1,37.9,1.9,72.7,7.2,8.1,9.7,3.4,92.1,0.3,0.3,0.1,0.0,0.3,3.5,1.17,6.3,88.2,0.3807,72.6812,0.0,1.0,0.0
0500000US20141,"Osborne County, Kansas",20,141,0,54,35,59,1002,1192,129,177,3452,103,3169,12,8,17,0,19,124,110,152,1459,1.6,64.8,1.8,36.2,1.6,68.7,8.2,5.3,8.4,3.0,91.8,0.3,0.2,0.5,0.0,0.6,3.6,3.19,6.1,85.9,0.4104,83.2582,0.0,0.0,0.0
0500000US20143,"Ottawa County, Kansas",20,143,0,39,29,110,1643,2158,178,379,5819,194,5404,23,30,3,0,0,165,102,207,2480,0.7,74.4,2.0,35.9,2.9,75.9,7.4,6.6,10.4,3.3,92.9,0.4,0.5,0.1,0.0,0.0,2.8,1.75,5.1,87.6,0.4207,82.4176,0.0,0.0,0.0
0500000US20145,"Pawnee County, Kansas",20,145,4,47,6,110,2472,1698,60,580,6144,561,4908,454,53,0,0,0,168,884,618,2296,0.8,12.8,1.9,46.1,1.2,59.9,2.5,10.7,11.5,9.1,79.9,7.4,0.9,0.0,0.0,0.0,2.7,14.39,12.9,81.5,0.4663,74.8785,0.0,0.0,0.0
0500000US20147,"Phillips County, Kansas",20,147,0,90,42,113,1574,1491,141,340,4813,165,4408,36,27,19,0,4,154,69,204,1963,1.9,46.7,2.5,40.3,3.2,66.1,6.2,7.2,15.4,3.4,91.6,0.7,0.6,0.4,0.0,0.1,3.2,1.43,6.0,88.4,0.4162,85.7663,0.0,1.0,0.0
0500000US20149,"Pottawatomie County, Kansas",20,149,8,604,342,710,6762,8650,409,1206,26204,1590,22831,431,61,112,26,191,962,428,596,11156,2.3,56.6,2.9,34.5,2.1,69.4,4.4,4.7,6.7,6.1,87.1,1.6,0.2,0.4,0.1,0.7,3.7,1.63,3.6,89.6,0.3855,72.8251,0.0,1.0,0.0
0500000US20151,"Pratt County, Kansas",20,151,3,242,156,452,3016,3051,176,885,9127,788,7678,59,13,22,0,74,493,526,562,3654,2.7,64.5,5.2,41.0,3.6,73.0,5.1,9.9,12.3,8.6,84.1,0.6,0.1,0.2,0.0,0.8,5.4,5.76,9.5,88.6,0.4287,74.8163,0.0,0.0,0.0
0500000US20153,"Rawlins County, Kansas",20,153,0,86,45,143,663,858,109,160,2516,194,2227,0,29,20,0,0,46,36,88,1079,3.4,52.3,6.1,32.8,1.3,64.1,9.3,6.5,6.8,7.7,88.5,0.0,1.2,0.8,0.0,0.0,1.8,1.43,4.8,82.1,0.3739,85.1033,0.0,0.0,0.0
0500000US20155,"Reno County, Kansas",20,155,15,1382,886,3593,19386,22788,2127,5443,61553,6388,50500,1663,222,312,127,201,2140,3371,4071,25657,2.2,64.1,6.2,38.9,3.9,77.9,8.3,9.3,12.5,10.4,82.0,2.7,0.4,0.5,0.2,0.3,3.5,5.48,9.6,90.6,0.4267,66.2472,0.0,1.0,0.0
0500000US20157,"Republic County, Kansas",20,157,0,87,76,78,1408,1489,90,255,4646,179,4333,22,1,0,0,36,75,72,200,1927,1.9,87.4,1.8,38.8,1.8,68.1,4.5,5.6,10.6,3.9,93.3,0.5,0.0,0.0,0.0,0.8,1.6,1.55,6.2,89.5,0.4252,81.9075,0.0,0.0,0.0
0500000US20159,"Rice County, Kansas",20,159,0,460,234,837,2743,3454,269,723,9350,1305,7258,169,43,3,0,15,557,585,552,3887,4.9,50.9,9.5,36.7,4.4,76.5,7.2,7.9,7.7,14.0,77.6,1.8,0.5,0.0,0.0,0.2,6.0,6.26,9.1,86.8,0.428,77.4836,0.0,1.0,0.0
0500000US20161,"Riley County, Kansas",20,161,10,4813,3125,5977,17544,22449,1843,4512,71946,7205,52983,4569,151,2951,91,463,3533,10562,1117,30702,6.7,64.9,8.7,28.5,3.8,62.7,6.7,7.0,19.9,10.0,73.6,6.4,0.2,4.1,0.1,0.6,4.9,14.68,3.0,73.3,0.482,47.8345,0.0,0.0,0.0
0500000US20163,"Rooks County, Kansas",20,163,0,44,23,58,1536,1611,77,293,4813,156,4399,92,9,33,0,11,113,222,207,2106,0.9,52.3,1.3,39.0,2.0,68.4,3.6,6.4,5.5,3.2,91.4,1.9,0.2,0.7,0.0,0.2,2.3,4.61,5.8,90.4,0.3679,84.9645,0.0,1.0,0.0
0500000US20165,"Rush County, Kansas",20,165,0,32,22,139,878,1012,88,207,2947,191,2575,11,16,0,0,0,154,74,214,1231,1.1,68.8,5.0,36.5,3.6,68.7,6.3,7.2,11.1,6.5,87.4,0.4,0.5,0.0,0.0,0.0,5.2,2.51,10.0,87.6,0.5437,81.8804,0.0,1.0,0.0
0500000US20167,"Russell County, Kansas",20,167,0,111,83,85,1715,2766,471,454,6679,277,5981,24,13,24,0,7,353,111,274,3209,1.7,74.8,1.3,31.8,1.8,76.5,15.2,6.9,14.7,4.1,89.5,0.4,0.2,0.4,0.0,0.1,5.3,1.66,5.8,89.5,0.445,79.7334,0.0,0.0,0.0
0500000US20169,"Saline County, Kansas",20,169,40,2481,1552,3774,14150,20738,1995,5949,53668,6843,41758,1822,58,915,5,59,2208,1550,2417,23493,4.6,62.6,7.5,33.0,4.8,76.1,8.9,11.2,11.9,12.8,77.8,3.4,0.1,1.7,0.0,0.1,4.1,2.89,6.6,87.9,0.4664,64.8799,0.0,1.0,0.0
0500000US20171,"Scott County, Kansas",20,171,0,407,227,857,1338,2036,205,320,5027,1096,3775,0,62,0,0,0,94,89,336,2438,8.1,55.8,17.9,33.0,2.7,77.2,9.0,6.5,6.5,21.8,75.1,0.0,1.2,0.0,0.0,0.0,1.9,1.77,10.3,94.6,0.4006,86.3232,0.0,0.0,0.0
0500000US20173,"Sedgwick County, Kansas",20,173,401,45286,24384,75244,141399,206730,19278,56356,528226,87159,342872,40074,2284,22093,380,2694,30670,9097,36353,223332,8.6,53.8,15.2,34.3,5.0,81.5,9.3,10.8,13.9,16.5,64.9,7.6,0.4,4.2,0.1,0.5,5.8,1.72,10.5,88.4,0.4621,56.0901,0.0,1.0,0.0
0500000US20175,"Seward County, Kansas",20,175,6,6290,3489,12077,4892,7990,711,2669,21486,14486,5392,624,34,513,0,8,429,362,3543,9081,29.3,55.5,61.4,31.6,4.9,79.5,9.8,12.5,12.2,67.4,25.1,2.9,0.2,2.4,0.0,0.0,2.0,1.68,28.1,92.7,0.401,68.6309,0.0,0.0,0.0
0500000US20177,"Shawnee County, Kansas",20,177,115,7286,4614,11963,54492,61421,6756,15090,178025,24637,126385,11731,639,2355,148,988,11142,5085,8203,70958,4.1,63.3,7.1,38.4,4.1,73.4,9.0,8.6,12.7,13.8,71.0,6.6,0.4,1.3,0.1,0.6,6.3,2.86,6.7,85.9,0.4402,48.7674,1.0,0.0,0.0
0500000US20179,"Sheridan County, Kansas",20,179,4,65,55,97,599,709,40,183,2426,143,2214,1,7,1,0,0,60,29,68,902,2.7,84.6,4.2,31.6,0.7,55.1,4.1,7.6,8.9,5.9,91.3,0.0,0.3,0.0,0.0,0.0,2.5,1.2,4.1,70.8,0.4741,89.512,0.0,0.0,0.0
0500000US20181,"Sherman County, Kansas",20,181,0,135,49,574,1508,2210,85,633,5858,761,4853,103,0,7,0,0,134,407,355,2496,2.3,36.3,10.4,32.3,0.6,70.2,3.5,10.9,10.2,13.0,82.8,1.8,0.0,0.1,0.0,0.0,2.3,6.95,9.4,80.6,0.4621,83.3398,0.0,0.0,0.0
0500000US20183,"Smith County, Kansas",20,183,0,29,28,41,1139,1128,89,232,3552,94,3313,8,12,8,0,11,106,61,114,1527,0.8,96.6,1.2,39.1,0.6,64.0,5.6,6.6,7.3,2.6,93.3,0.2,0.3,0.2,0.0,0.3,3.0,1.72,4.4,88.2,0.4248,83.4995,0.0,0.0,0.0
0500000US20185,"Stafford County, Kansas",20,185,4,186,156,215,1110,1269,52,267,3978,533,3226,7,13,0,0,13,186,111,193,1711,4.7,83.9,5.7,35.6,2.5,64.7,3.3,6.9,10.5,13.4,81.1,0.2,0.3,0.0,0.0,0.3,4.7,2.79,7.0,88.7,0.4168,81.0896,0.0,0.0,0.0
0500000US20187,"Stanton County, Kansas",20,187,0,690,565,808,625,684,42,518,2038,929,932,2,116,8,0,0,51,30,285,865,33.9,81.9,41.7,37.8,1.8,67.7,4.9,25.8,1.5,45.6,45.7,0.1,5.7,0.4,0.0,0.0,2.5,1.47,20.7,87.2,0.5002,80.8735,0.0,0.0,0.0
0500000US20189,"Stevens County, Kansas",20,189,2,684,533,1333,1462,1627,11,719,5162,2018,2951,6,1,12,0,0,174,100,822,2126,13.3,77.9,27.3,38.1,3.1,70.6,0.6,14.2,14.2,39.1,57.2,0.1,0.0,0.2,0.0,0.0,3.4,1.94,24.9,93.0,0.4122,86.921,0.0,0.0,0.0
0500000US20191,"Sumner County, Kansas",20,191,9,294,141,389,7125,7375,887,1919,22353,1366,19335,246,107,85,0,164,1050,347,809,8819,1.3,48.0,1.8,40.3,5.9,74.7,9.9,8.7,10.6,6.1,86.5,1.1,0.5,0.4,0.0,0.7,4.7,1.55,5.3,90.7,0.4242,74.0355,0.0,0.0,0.0
0500000US20193,"Thomas County, Kansas",20,193,5,327,288,413,1767,3259,119,810,7885,662,6830,31,1,11,0,17,333,416,232,3775,4.1,88.1,5.6,28.6,0.6,74.2,3.8,10.4,6.5,8.4,86.6,0.4,0.0,0.1,0.0,0.2,4.2,5.28,4.7,86.8,0.4479,82.0688,0.0,0.0,0.0
0500000US20195,"Trego County, Kansas",20,195,0,11,11,15,775,969,73,116,2777,31,2643,0,14,19,0,26,44,51,78,1262,0.4,100.0,0.6,34.0,1.0,64.9,5.3,4.3,5.5,1.1,95.2,0.0,0.5,0.7,0.0,0.9,1.6,1.84,3.7,85.8,0.4105,84.6251,0.0,0.0,0.0
0500000US20197,"Wabaunsee County, Kansas",20,197,4,85,24,164,2113,2285,124,871,7009,335,6281,17,1,28,0,34,313,140,231,2722,1.2,28.2,2.5,37.7,4.4,68.4,4.6,12.6,8.5,4.8,89.6,0.2,0.0,0.4,0.0,0.5,4.5,2.0,4.8,83.6,0.3849,73.4098,0.0,1.0,0.0
0500000US20199,"Wallace County, Kansas",20,199,1,51,22,72,433,450,43,61,1417,105,1245,12,2,8,0,0,45,19,68,567,3.6,43.1,5.5,39.0,1.3,67.5,7.2,4.4,12.3,7.4,87.9,0.8,0.1,0.6,0.0,0.0,3.2,1.34,6.9,86.7,0.4483,91.7112,0.0,0.0,0.0
0500000US20201,"Washington County, Kansas",20,201,0,156,118,286,1582,1910,128,293,5533,269,4974,8,20,22,0,56,184,123,192,2340,2.8,75.6,5.6,36.5,1.1,70.1,5.4,5.4,9.3,4.9,89.9,0.1,0.4,0.4,0.0,1.0,3.3,2.22,5.0,86.4,0.4336,83.8148,0.0,0.0,0.0
0500000US20203,"Wichita County, Kansas",20,203,1,157,97,281,593,614,47,155,2091,575,1444,4,8,0,0,2,58,22,233,711,7.5,61.8,15.1,39.8,0.8,68.9,5.7,7.5,16.5,27.5,69.1,0.2,0.4,0.0,0.0,0.1,2.8,1.05,16.7,80.3,0.4754,86.0465,0.0,0.0,0.0
0500000US20205,"Wilson County, Kansas",20,205,1,157,83,209,2613,2652,352,605,8505,327,7686,13,65,2,0,14,398,176,576,3560,1.8,52.9,2.6,39.4,3.0,67.9,10.0,7.2,15.5,3.8,90.4,0.2,0.8,0.0,0.0,0.2,4.7,2.07,9.7,92.1,0.4301,80.322,0.0,0.0,0.0
0500000US20207,"Woodson County, Kansas",20,207,1,13,5,28,1160,852,93,233,3109,90,2843,6,7,0,0,2,161,42,216,1135,0.4,38.5,0.9,45.8,1.6,63.0,7.4,7.6,12.4,2.9,91.4,0.2,0.2,0.0,0.0,0.1,5.2,1.35,9.4,87.4,0.4369,80.0133,0.0,0.0,0.0
0500000US20209,"Wyandotte County, Kansas",20,209,147,30083,20403,49439,42434,63779,7381,28274,167654,57135,61036,30308,459,8739,344,1025,8608,1487,19090,67547,17.9,67.8,31.8,33.5,5.7,80.5,12.0,17.0,15.8,34.1,36.4,18.1,0.3,5.2,0.2,0.6,5.1,0.89,18.0,86.5,0.4251,37.2851,0.0,0.0,0.0
0500000US21001,"Adair County, Kentucky",21,001,0,705,556,731,7123,5839,1208,1407,19089,671,17255,395,3,45,54,3,663,1200,2012,6380,3.7,78.9,4.0,45.2,6.8,72.5,16.9,7.5,18.4,3.5,90.4,2.1,0.0,0.2,0.3,0.0,3.5,6.29,15.7,81.7,0.4725,85.1683,0.0,0.0,0.0
0500000US21003,"Allen County, Kentucky",21,003,7,275,143,1178,6859,7269,1131,1601,21293,620,19733,84,32,3,0,79,742,172,1882,8204,1.3,52.0,5.9,40.6,6.9,77.9,14.1,7.6,13.5,2.9,92.7,0.4,0.2,0.0,0.0,0.4,3.5,0.81,12.7,90.5,0.4349,83.075,0.0,0.0,0.0
0500000US21005,"Anderson County, Kentucky",21,005,3,398,261,696,7731,8409,724,1084,24353,639,22361,523,0,82,0,69,679,91,1616,10004,1.6,65.6,3.0,39.7,2.2,73.4,7.5,4.5,11.5,2.6,91.8,2.1,0.0,0.3,0.0,0.3,2.8,0.37,9.5,88.3,0.3973,73.6922,0.0,0.0,0.0
0500000US21007,"Ballard County, Kentucky",21,007,2,90,57,236,2866,2617,381,363,7654,119,6968,275,0,10,0,0,282,113,340,3221,1.2,63.3,3.2,45.3,1.6,77.0,11.9,4.8,15.0,1.6,91.0,3.6,0.0,0.1,0.0,0.0,3.7,1.48,6.1,94.8,0.4354,81.4824,0.0,0.0,0.0
0500000US21009,"Barren County, Kentucky",21,009,16,1238,763,2509,16091,14939,2931,3774,44938,1991,39283,1697,18,416,0,241,1292,616,4080,16318,2.8,61.6,6.0,45.3,4.1,80.2,16.3,8.5,19.4,4.4,87.4,3.8,0.0,0.9,0.0,0.5,2.9,1.37,13.1,89.3,0.4791,75.8459,0.0,0.0,0.0
0500000US21011,"Bath County, Kentucky",21,011,0,35,19,833,4597,4000,919,1373,12851,235,12162,90,0,5,0,17,342,86,1501,4632,0.3,54.3,7.0,46.2,2.5,76.8,19.6,10.8,25.3,1.8,94.6,0.7,0.0,0.0,0.0,0.1,2.7,0.67,17.5,91.6,0.5405,74.9861,0.0,0.0,0.0
0500000US21013,"Bell County, Kentucky",21,013,0,98,32,113,10996,5515,2440,1221,23509,114,21769,705,27,61,0,80,753,549,3350,6292,0.4,32.7,0.5,57.6,10.1,75.9,24.5,5.3,28.8,0.5,92.6,3.0,0.1,0.3,0.0,0.3,3.2,2.34,20.1,89.0,0.5103,83.8437,0.0,0.0,0.0
0500000US21015,"Boone County, Kentucky",21,015,23,8743,4877,11570,34549,60015,3329,7054,139841,8264,115066,6112,56,3371,423,611,5938,1288,6063,58855,6.3,55.8,8.8,32.1,3.1,84.8,6.5,5.1,6.3,5.9,82.3,4.4,0.0,2.4,0.3,0.4,4.2,0.92,6.6,84.3,0.419,67.7089,0.0,0.0,0.0
0500000US21017,"Bourbon County, Kentucky",21,017,6,795,592,1194,6691,7331,1213,702,20240,1569,16877,1001,0,26,0,81,686,116,1679,7660,3.9,74.5,6.3,41.4,4.2,80.8,14.9,3.5,14.2,7.8,83.4,4.9,0.0,0.1,0.0,0.4,3.4,0.57,12.1,85.4,0.4636,65.8907,0.0,0.0,0.0
0500000US21019,"Boyd County, Kentucky",21,019,18,630,414,921,18377,15485,3341,2005,47911,873,44178,1097,44,172,8,24,1515,1993,3483,17108,1.3,65.7,2.0,47.1,6.4,80.4,17.3,4.4,16.9,1.8,92.2,2.3,0.1,0.4,0.0,0.1,3.2,4.16,10.2,90.3,0.4582,68.5552,0.0,0.0,0.0
0500000US21021,"Boyle County, Kentucky",21,021,14,770,477,1001,11081,10382,1433,1832,30941,1457,25586,2154,0,246,6,185,1307,3074,1754,10932,2.5,61.9,3.4,44.3,5.8,79.6,11.9,6.3,15.6,4.7,82.7,7.0,0.0,0.8,0.0,0.6,4.2,9.94,8.4,85.1,0.4572,63.7236,0.0,0.0,0.0
0500000US21023,"Bracken County, Kentucky",21,023,0,51,34,72,2832,3141,587,396,8444,125,7982,54,84,7,0,0,192,29,637,3453,0.6,66.7,0.9,41.7,4.8,83.1,17.4,4.7,19.5,1.5,94.5,0.6,1.0,0.1,0.0,0.0,2.3,0.34,10.8,94.5,0.4421,81.8444,1.0,0.0,0.0
0500000US21025,"Breathitt County, Kentucky",21,025,0,43,31,85,6192,2988,1885,419,13276,149,12741,76,23,40,0,0,247,274,1886,3682,0.3,72.1,0.7,57.2,9.3,71.2,34.5,3.2,33.1,1.1,96.0,0.6,0.2,0.3,0.0,0.0,1.9,2.06,19.7,88.7,0.4906,78.936,0.0,0.0,0.0
0500000US21027,"Breckinridge County, Kentucky",21,027,1,126,18,662,7934,6665,1314,1444,20881,350,19367,389,0,0,14,102,659,333,2040,7560,0.6,14.3,3.4,47.3,4.5,79.0,16.3,7.0,21.4,1.7,92.7,1.9,0.0,0.0,0.1,0.5,3.2,1.59,14.1,91.2,0.4707,78.4435,0.0,0.0,0.0
0500000US21029,"Bullitt County, Kentucky",21,029,21,1983,1063,2505,24355,35050,2308,2338,84027,2769,76272,1091,17,599,0,323,2956,213,5941,36877,2.4,53.6,3.1,35.5,4.3,82.7,7.3,2.8,9.7,3.3,90.8,1.3,0.0,0.7,0.0,0.4,3.5,0.25,9.9,88.7,0.4031,74.7506,1.0,0.0,0.0
0500000US21031,"Butler County, Kentucky",21,031,0,265,229,1154,4732,3845,806,1440,12393,656,11391,2,0,31,0,0,313,176,1639,4482,2.1,86.4,9.9,47.8,4.4,77.9,17.6,11.8,20.5,5.3,91.9,0.0,0.0,0.3,0.0,0.0,2.5,1.42,18.9,91.5,0.4207,82.5341,1.0,1.0,1.0
0500000US21033,"Caldwell County, Kentucky",21,033,0,152,122,277,4418,3932,701,1023,12618,186,11321,755,0,0,4,40,312,212,775,4978,1.2,80.3,2.3,44.0,4.4,73.3,14.0,8.2,15.1,1.5,89.7,6.0,0.0,0.0,0.0,0.3,2.5,1.68,8.8,93.9,0.4279,78.5391,0.0,0.0,0.0
0500000US21035,"Calloway County, Kentucky",21,035,5,1527,860,1615,13580,13468,1432,2856,38224,1406,33204,1518,34,705,93,212,1052,2970,2113,15084,4.0,56.3,4.4,42.2,4.4,75.9,9.4,7.5,17.2,3.7,86.9,4.0,0.1,1.8,0.2,0.6,2.8,7.77,8.9,86.8,0.468,68.0968,0.0,0.0,0.0
0500000US21037,"Campbell County, Kentucky",21,037,21,2559,1690,3576,25974,40657,2445,4561,93426,2449,84359,2631,11,869,0,372,2735,2427,4013,37715,2.7,66.0,4.0,34.0,4.0,84.0,6.2,4.9,11.1,2.6,90.3,2.8,0.0,0.9,0.0,0.4,2.9,2.6,6.1,78.9,0.4765,58.8613,0.0,0.0,0.0
0500000US21039,"Carlisle County, Kentucky",21,039,0,51,50,91,1602,1693,232,288,4762,153,4285,71,6,4,9,3,231,55,268,1942,1.1,98.0,2.0,42.6,3.7,82.3,12.4,6.1,15.1,3.2,90.0,1.5,0.1,0.1,0.2,0.1,4.9,1.15,8.2,94.0,0.45,83.6015,1.0,0.0,0.0
0500000US21041,"Carroll County, Kentucky",21,041,4,301,253,684,3752,3462,704,1141,10954,826,9380,242,0,0,0,70,436,308,1179,3860,2.7,84.1,6.7,44.4,6.1,78.5,16.9,10.7,23.1,7.5,85.6,2.2,0.0,0.0,0.0,0.6,4.0,2.81,16.4,90.0,0.4604,74.882,1.0,1.0,0.0
0500000US21043,"Carter County, Kentucky",21,043,0,284,242,309,10771,7140,2118,1861,26341,227,25069,74,6,70,0,24,871,576,2867,8619,1.1,85.2,1.2,51.2,5.3,73.4,19.6,7.1,19.2,0.9,95.2,0.3,0.0,0.3,0.0,0.1,3.3,2.19,15.8,91.9,0.4563,78.629,0.0,0.0,0.0
0500000US21045,"Casey County, Kentucky",21,045,0,284,181,932,6344,3908,959,2030,15914,546,14838,60,5,11,0,31,423,443,2384,4730,1.8,63.7,6.3,50.1,8.9,68.0,14.8,13.0,21.7,3.4,93.2,0.4,0.0,0.1,0.0,0.2,2.7,2.78,21.4,85.4,0.4867,87.7966,0.0,0.0,0.0
0500000US21047,"Christian County, Kentucky",21,047,29,2482,1206,6843,20572,18786,3269,6511,72069,6267,46013,13180,73,893,303,293,5047,4637,5096,26304,3.4,48.6,10.5,38.7,6.3,77.2,12.7,10.2,17.1,8.7,63.8,18.3,0.1,1.2,0.4,0.4,7.0,6.43,12.3,86.1,0.4365,66.1345,0.0,0.0,0.0
0500000US21049,"Clark County, Kentucky",21,049,18,609,187,1180,12340,13661,2030,1591,37192,1534,32778,1034,106,275,0,24,1441,512,2858,13942,1.6,30.7,3.4,41.4,4.4,81.8,13.5,4.3,14.6,4.1,88.1,2.8,0.3,0.7,0.0,0.1,3.9,1.38,10.9,86.1,0.4844,66.8158,0.0,0.0,0.0
0500000US21051,"Clay County, Kentucky",21,051,0,171,145,312,9352,4279,2528,968,19921,421,18179,769,14,14,0,23,501,1559,3792,5425,0.9,84.8,1.7,57.4,9.3,67.9,34.7,5.2,32.4,2.1,91.3,3.9,0.1,0.1,0.0,0.1,2.5,7.83,26.2,87.3,0.4715,89.5171,1.0,0.0,0.0
0500000US21053,"Clinton County, Kentucky",21,053,0,120,91,193,3156,2989,962,675,9202,315,8563,8,50,33,0,9,224,138,1438,3761,1.3,75.8,2.2,42.2,5.0,72.7,25.0,7.4,17.5,3.4,93.1,0.1,0.5,0.4,0.0,0.1,2.4,1.5,21.9,92.2,0.4277,87.623,1.0,0.0,0.0
0500000US21055,"Crittenden County, Kentucky",21,055,0,38,34,603,3578,2698,377,911,8979,158,8423,33,14,27,0,47,277,210,982,2984,0.4,89.5,7.1,50.4,3.4,79.2,10.6,10.4,17.7,1.8,93.8,0.4,0.2,0.3,0.0,0.5,3.1,2.34,15.6,91.1,0.4558,83.5162,0.0,0.0,0.0
0500000US21057,"Cumberland County, Kentucky",21,057,0,70,38,290,2432,1654,725,731,5948,120,5500,90,39,16,0,0,183,85,746,1969,1.2,54.3,5.2,51.7,4.0,75.9,27.6,12.5,24.8,2.0,92.5,1.5,0.7,0.3,0.0,0.0,3.1,1.43,17.4,94.6,0.4527,84.8925,0.0,0.0,0.0
0500000US21059,"Daviess County, Kentucky",21,059,20,3996,2668,5956,30872,39799,4761,5615,103648,4412,87989,4183,146,2173,26,768,3951,2500,5641,43040,3.9,66.8,6.1,38.0,4.5,82.9,11.4,5.5,14.7,4.3,84.9,4.0,0.1,2.1,0.0,0.7,3.8,2.41,8.1,91.3,0.467,65.1952,1.0,1.0,0.0
0500000US21061,"Edmonson County, Kentucky",21,061,0,173,104,399,5187,3903,670,924,12355,211,11318,82,10,77,0,109,548,197,1475,4114,1.4,60.1,3.4,50.2,7.7,82.2,13.1,7.5,15.3,1.7,91.6,0.7,0.1,0.6,0.0,0.9,4.4,1.59,15.9,89.6,0.4485,80.8068,0.0,0.0,0.0
0500000US21063,"Elliott County, Kentucky",21,063,0,9,6,48,4004,1454,638,502,7307,124,6761,251,15,0,0,11,145,1015,1162,1807,0.1,66.7,0.7,64.5,6.5,70.5,26.1,8.0,25.1,1.7,92.5,3.4,0.2,0.0,0.0,0.2,2.0,13.89,21.2,92.1,0.4478,80.213,0.0,0.0,0.0
0500000US21065,"Estill County, Kentucky",21,065,0,260,161,261,6075,3675,1540,882,14035,132,13472,10,5,140,0,0,276,101,2167,4249,1.9,61.9,2.0,52.4,7.0,71.7,25.8,6.3,20.7,0.9,96.0,0.1,0.0,1.0,0.0,0.0,2.0,0.72,21.4,85.9,0.4457,80.938,0.0,0.0,0.0
0500000US21067,"Fayette County, Kentucky",21,067,147,38570,24828,48609,83274,133875,11918,23036,323725,30824,216082,46573,131,14064,33,893,15125,12636,16662,136936,11.9,64.4,15.9,31.6,4.9,78.0,8.5,7.2,14.9,9.5,66.7,14.4,0.0,4.3,0.0,0.3,4.7,3.9,7.9,81.8,0.4921,39.8423,0.0,0.0,0.0
0500000US21069,"Fleming County, Kentucky",21,069,1,215,51,531,5662,4682,1192,1004,15323,259,14453,143,0,120,0,35,313,104,1600,5331,1.4,23.7,3.7,46.5,7.5,77.7,20.3,6.6,21.2,1.7,94.3,0.9,0.0,0.8,0.0,0.2,2.0,0.68,15.3,91.0,0.4422,79.6857,0.0,0.0,0.0
0500000US21071,"Floyd County, Kentucky",21,071,0,191,116,518,15994,8686,3538,1787,35224,329,33588,195,17,134,8,51,902,858,4617,10361,0.5,60.7,1.6,56.4,7.7,76.2,24.1,5.2,28.0,0.9,95.4,0.6,0.0,0.4,0.0,0.1,2.6,2.44,18.5,93.5,0.4892,78.7503,0.0,0.0,0.0
0500000US21073,"Franklin County, Kentucky",21,073,14,2075,1294,3060,15889,15683,3000,2757,51842,2281,41758,4769,31,922,100,40,1941,1805,2629,20095,4.0,62.4,6.2,37.6,5.9,63.4,13.2,5.4,13.6,4.4,80.5,9.2,0.1,1.8,0.2,0.1,3.7,3.48,7.2,83.0,0.452,51.4148,0.0,0.0,0.0
0500000US21075,"Fulton County, Kentucky",21,075,0,65,8,207,2905,1877,584,326,6409,213,4390,1527,22,0,37,35,185,480,632,1916,1.0,12.3,3.4,55.9,3.3,85.4,22.9,5.5,22.6,3.3,68.5,23.8,0.3,0.0,0.6,0.5,2.9,7.49,14.1,89.8,0.4437,69.5105,1.0,0.0,0.0
0500000US21077,"Gallatin County, Kentucky",21,077,0,200,134,374,2699,3428,405,729,8769,478,7689,237,1,41,0,71,252,123,924,3711,2.3,67.0,4.5,38.7,4.6,84.2,12.4,8.4,13.8,5.5,87.7,2.7,0.0,0.5,0.0,0.8,2.9,1.4,15.4,93.5,0.4397,79.372,0.0,0.0,0.0
0500000US21079,"Garrard County, Kentucky",21,079,2,343,273,686,6458,5515,830,1322,17568,524,16096,415,30,9,0,128,366,113,1762,6328,2.0,79.6,4.1,45.3,5.1,74.7,12.4,7.6,15.9,3.0,91.6,2.4,0.2,0.1,0.0,0.7,2.1,0.64,14.1,87.1,0.4286,79.4662,0.0,0.0,0.0
0500000US21081,"Grant County, Kentucky",21,081,0,342,130,688,7020,9865,1128,1530,25418,824,23433,218,17,146,23,16,741,282,1684,10306,1.3,38.0,2.9,35.9,4.9,82.9,12.2,6.1,11.7,3.2,92.2,0.9,0.1,0.6,0.1,0.1,2.9,1.11,10.2,88.9,0.4034,81.7159,0.0,0.0,0.0
0500000US21083,"Graves County, Kentucky",21,083,1,1034,502,2083,12576,12385,2096,2762,36630,2983,30713,1525,20,164,0,109,1116,510,2662,13639,2.8,48.5,6.1,43.7,3.4,79.3,14.8,7.6,19.9,8.1,83.8,4.2,0.1,0.4,0.0,0.3,3.0,1.39,10.7,89.3,0.495,80.2135,0.0,0.0,0.0
0500000US21085,"Grayson County, Kentucky",21,085,3,255,158,977,9690,8166,1292,2085,26707,430,25242,218,10,105,0,49,653,578,2696,9670,1.0,62.0,3.9,45.6,6.6,75.7,12.8,8.0,20.1,1.6,94.5,0.8,0.0,0.4,0.0,0.2,2.4,2.16,14.7,91.4,0.4823,80.2811,1.0,1.0,1.0
0500000US21087,"Green County, Kentucky",21,087,0,58,18,283,4193,3443,871,827,11369,259,10604,146,8,0,0,0,352,152,1042,4089,0.5,31.0,2.6,45.8,7.2,74.8,19.7,7.4,20.4,2.3,93.3,1.3,0.1,0.0,0.0,0.0,3.1,1.34,12.6,91.4,0.4732,85.9314,0.0,0.0,0.0
0500000US21089,"Greenup County, Kentucky",21,089,17,326,154,654,14606,10885,2045,1927,35501,420,33664,255,29,211,0,9,913,495,2692,12297,0.9,47.2,1.9,50.2,6.8,80.6,13.9,5.5,15.4,1.2,94.8,0.7,0.1,0.6,0.0,0.0,2.6,1.39,10.5,91.7,0.4727,74.6,0.0,0.0,0.0
0500000US21091,"Hancock County, Kentucky",21,091,0,31,19,61,2984,3240,537,371,9034,74,8498,114,1,7,0,76,264,107,734,3744,0.3,61.3,0.7,41.9,4.4,82.0,14.8,4.1,16.2,0.8,94.1,1.3,0.0,0.1,0.0,0.8,2.9,1.18,11.9,95.5,0.405,72.847,0.0,0.0,0.0
0500000US21093,"Hardin County, Kentucky",21,093,62,4853,2135,7106,32248,36953,4385,6202,111942,7273,83323,11930,177,2437,88,329,6385,2874,5659,43870,4.3,44.0,6.8,36.9,6.6,76.7,9.8,5.8,13.1,6.5,74.4,10.7,0.2,2.2,0.1,0.3,5.7,2.57,7.6,86.1,0.4639,63.791,0.0,0.0,0.0
0500000US21095,"Harlan County, Kentucky",21,095,0,99,28,242,11866,5599,2839,1250,25772,135,24205,328,56,58,10,48,932,577,3289,6906,0.4,28.3,1.0,58.3,9.5,73.0,26.5,4.9,27.4,0.5,93.9,1.3,0.2,0.2,0.0,0.2,3.6,2.24,18.3,91.7,0.4634,87.6877,0.0,0.0,0.0
0500000US21097,"Harrison County, Kentucky",21,097,1,241,91,469,6341,6165,1157,608,19140,446,17854,334,9,16,0,20,461,298,1243,7676,1.3,37.8,2.6,41.6,3.2,71.5,15.9,3.2,17.1,2.3,93.3,1.7,0.0,0.1,0.0,0.1,2.4,1.56,9.3,91.3,0.4609,73.6194,0.0,0.0,0.0
0500000US21099,"Hart County, Kentucky",21,099,0,177,60,1535,7150,6313,1380,2267,19603,412,17690,577,46,105,0,114,659,261,2501,6938,0.9,33.9,8.4,46.9,3.8,80.9,18.7,11.7,19.3,2.1,90.2,2.9,0.2,0.5,0.0,0.6,3.4,1.33,18.8,91.4,0.4506,79.5695,0.0,0.0,0.0
0500000US21101,"Henderson County, Kentucky",21,101,15,555,298,1323,15343,16360,2851,2059,44280,1495,37203,3585,6,202,84,51,1654,917,3197,17457,1.3,53.7,3.2,43.1,2.5,82.9,15.4,4.7,14.6,3.4,84.0,8.1,0.0,0.5,0.2,0.1,3.7,2.07,10.3,89.8,0.4383,63.9577,0.0,0.0,0.0
0500000US21103,"Henry County, Kentucky",21,103,4,362,227,584,5489,5489,720,952,15856,651,14208,421,6,78,0,25,467,95,1445,6082,2.3,62.7,3.9,43.1,5.0,79.7,11.7,6.0,16.4,4.1,89.6,2.7,0.0,0.5,0.0,0.2,2.9,0.6,13.2,89.2,0.4493,75.4645,0.0,0.0,0.0
0500000US21105,"Hickman County, Kentucky",21,105,0,53,11,64,1712,1596,331,371,4439,116,3800,362,2,12,0,6,141,125,481,1607,1.2,20.8,1.5,45.4,3.1,80.0,19.1,8.6,20.5,2.6,85.6,8.2,0.0,0.3,0.0,0.1,3.2,2.82,14.4,81.1,0.4511,80.0387,1.0,0.0,0.0
0500000US21107,"Hopkins County, Kentucky",21,107,0,920,665,1115,16755,14408,2544,2165,45119,1249,39220,2595,61,264,0,11,1719,923,3672,16883,2.0,72.3,2.6,46.3,6.2,79.3,13.8,4.9,20.0,2.8,86.9,5.8,0.1,0.6,0.0,0.0,3.8,2.05,11.7,94.9,0.4397,74.7967,0.0,0.0,0.0
0500000US21109,"Jackson County, Kentucky",21,109,0,53,31,50,5534,3458,1565,688,13086,142,12587,21,19,6,0,0,311,151,2257,3881,0.4,58.5,0.4,53.6,4.0,75.2,30.6,5.3,19.5,1.1,96.2,0.2,0.1,0.0,0.0,0.0,2.4,1.15,24.9,87.9,0.438,90.2932,1.0,0.0,0.0
0500000US21111,"Jefferson County, Kentucky",21,111,391,78086,46313,94642,216838,326539,36575,44205,783022,67277,485189,160926,817,24557,248,3354,40654,14295,47478,308905,10.0,59.3,12.9,34.5,5.2,84.0,11.0,5.7,14.3,8.6,62.0,20.6,0.1,3.1,0.0,0.4,5.2,1.83,8.7,80.8,0.4811,40.8233,0.0,0.0,0.0
0500000US21113,"Jessamine County, Kentucky",21,113,19,3039,1832,3675,16496,19638,1858,3769,54588,2740,46646,2210,15,963,21,222,1771,1427,3529,21663,5.6,60.3,7.2,38.3,3.1,76.4,9.3,6.9,11.3,5.0,85.5,4.0,0.0,1.8,0.0,0.4,3.2,2.61,9.6,86.3,0.5163,66.9065,0.0,0.0,0.0
0500000US21115,"Johnson County, Kentucky",21,115,2,338,136,328,9431,5441,2284,1402,22334,110,20981,123,30,312,3,0,775,498,2729,6965,1.5,40.2,1.5,52.7,4.2,67.2,25.3,6.4,22.8,0.5,93.9,0.6,0.1,1.4,0.0,0.0,3.5,2.23,17.3,91.1,0.4781,84.7017,0.0,0.0,0.0
0500000US21117,"Kenton County, Kentucky",21,117,24,7075,4434,8814,43045,75878,4818,7929,171288,8330,145928,6716,92,1917,203,522,7580,1793,8291,71966,4.1,62.7,5.5,31.6,4.3,85.4,7.2,4.7,11.8,4.9,85.2,3.9,0.1,1.1,0.1,0.3,4.4,1.05,7.1,82.1,0.4576,59.8458,0.0,1.0,1.0
0500000US21119,"Knott County, Kentucky",21,119,0,126,39,144,6636,3222,1289,330,13830,80,13376,157,14,25,0,4,174,482,2622,3709,0.9,31.0,1.1,57.7,9.3,73.2,23.3,2.4,23.3,0.6,96.7,1.1,0.1,0.2,0.0,0.0,1.3,3.49,27.1,87.6,0.45,78.8273,0.0,0.0,0.0
0500000US21121,"Knox County, Kentucky",21,121,0,202,107,327,13787,7017,3730,2535,29865,389,28380,312,0,57,0,3,724,774,4688,7789,0.7,53.0,1.2,58.5,8.1,78.0,31.9,8.6,36.9,1.3,95.0,1.0,0.0,0.2,0.0,0.0,2.4,2.59,23.1,88.9,0.5246,84.965,0.0,0.0,0.0
0500000US21123,"Larue County, Kentucky",21,123,0,233,138,494,5411,5230,789,624,15107,502,13659,313,7,3,0,82,541,251,1423,5864,1.5,59.2,3.5,44.5,1.5,79.0,13.2,4.2,17.9,3.3,90.4,2.1,0.0,0.0,0.0,0.5,3.6,1.66,13.4,90.0,0.4022,79.5289,0.0,0.0,0.0
0500000US21125,"Laurel County, Kentucky",21,125,2,700,264,806,22915,22331,4245,4820,62983,1061,59725,352,71,195,92,48,1439,1288,6804,23293,1.1,37.7,1.4,45.3,3.5,83.7,17.7,7.8,20.5,1.7,94.8,0.6,0.1,0.3,0.1,0.1,2.3,2.04,15.5,88.8,0.4419,84.326,1.0,0.0,0.0
0500000US21127,"Lawrence County, Kentucky",21,127,0,295,0,291,6827,3744,1621,810,16077,59,15538,13,1,214,0,0,252,137,2053,4843,1.8,0.0,1.9,53.3,7.7,67.8,25.6,5.1,21.8,0.4,96.6,0.1,0.0,1.3,0.0,0.0,1.6,0.85,18.3,91.9,0.4749,83.1153,0.0,0.0,0.0
0500000US21129,"Lee County, Kentucky",21,129,0,55,34,105,3564,1689,745,357,7339,83,6857,223,0,0,0,14,162,1103,1370,2085,0.7,61.8,1.5,58.6,4.7,70.3,28.7,5.7,27.4,1.1,93.4,3.0,0.0,0.0,0.0,0.2,2.2,15.03,24.9,88.5,0.4591,82.7881,0.0,0.0,0.0
0500000US21131,"Leslie County, Kentucky",21,131,0,10,1,28,4776,2555,1232,228,10079,11,9727,20,0,10,0,0,311,359,1452,3061,0.1,10.0,0.3,57.8,3.8,76.1,29.1,2.3,30.3,0.1,96.5,0.2,0.0,0.1,0.0,0.0,3.1,3.56,20.1,95.9,0.4684,89.6947,0.0,0.0,0.0
0500000US21133,"Letcher County, Kentucky",21,133,0,137,58,204,9558,4143,2331,704,20808,160,20089,128,8,40,0,66,317,346,2628,5773,0.7,42.3,1.0,56.9,6.2,61.1,27.5,3.4,24.4,0.8,96.5,0.6,0.0,0.2,0.0,0.3,1.5,1.66,17.6,86.7,0.4295,81.2241,1.0,0.0,0.0
0500000US21135,"Lewis County, Kentucky",21,135,0,88,16,75,5332,3430,1146,720,12965,15,12559,70,0,22,33,23,243,139,1790,3944,0.7,18.2,0.6,51.7,6.0,73.3,22.8,5.6,22.0,0.1,96.9,0.5,0.0,0.2,0.3,0.2,1.9,1.07,19.6,87.0,0.4698,87.3449,0.0,0.0,0.0
0500000US21137,"Lincoln County, Kentucky",21,137,3,177,1,643,8973,6577,1777,1884,24504,523,22605,495,1,23,0,211,646,199,2879,8221,0.7,0.6,2.8,46.9,6.5,69.3,18.3,7.8,16.3,2.1,92.3,2.0,0.0,0.1,0.0,0.9,2.6,0.81,17.2,89.3,0.4605,80.0526,0.0,0.0,0.0
0500000US21139,"Livingston County, Kentucky",21,139,0,39,0,93,3308,2785,449,396,8903,226,8382,7,5,11,0,0,272,78,558,3245,0.4,0.0,1.1,45.9,4.2,74.6,12.5,4.5,19.3,2.5,94.1,0.1,0.1,0.1,0.0,0.0,3.1,0.88,8.8,87.2,0.4242,80.8729,0.0,0.0,0.0
0500000US21141,"Logan County, Kentucky",21,141,6,234,172,961,9603,9510,1506,2260,27986,996,24476,1253,57,92,0,76,1036,368,2560,10488,0.8,73.5,3.7,43.8,5.7,81.8,13.7,8.2,16.8,3.6,87.5,4.5,0.2,0.3,0.0,0.3,3.7,1.31,13.3,93.2,0.4304,76.8923,0.0,0.0,0.0
0500000US21143,"Lyon County, Kentucky",21,143,0,100,72,120,4543,2391,403,450,8900,194,7774,602,36,48,0,21,225,1575,790,2895,1.1,72.0,1.4,57.5,2.9,73.4,11.8,6.1,9.5,2.2,87.3,6.8,0.4,0.5,0.0,0.2,2.5,17.7,11.1,90.1,0.4516,76.1166,1.0,0.0,0.0
0500000US21145,"McCracken County, Kentucky",21,145,38,1417,570,1947,22620,25187,2750,3947,67564,2314,54818,6586,86,583,72,244,2861,1240,3286,26588,2.1,40.2,3.1,41.4,3.2,81.4,10.0,5.9,15.2,3.4,81.1,9.7,0.1,0.9,0.1,0.4,4.2,1.84,6.9,87.7,0.4959,66.8263,1.0,0.0,0.0
0500000US21147,"McCreary County, Kentucky",21,147,0,145,63,295,8774,3257,1954,1235,16867,375,14975,1027,17,9,13,11,440,1839,2692,3965,0.9,43.4,1.9,64.6,4.2,70.8,33.3,8.1,38.9,2.2,88.8,6.1,0.1,0.1,0.1,0.1,2.6,10.9,22.6,88.5,0.4899,89.0373,0.0,0.0,0.0
0500000US21149,"McLean County, Kentucky",21,149,0,50,20,234,3286,3060,374,351,9114,203,8576,48,0,28,0,22,237,85,527,3463,0.5,40.0,2.7,44.7,5.6,79.9,10.3,3.9,9.5,2.2,94.1,0.5,0.0,0.3,0.0,0.2,2.6,0.93,8.3,91.8,0.43,77.2119,0.0,0.0,0.0
0500000US21151,"Madison County, Kentucky",21,151,18,2336,1250,3442,28489,35535,4958,5328,95769,3388,83926,3773,51,903,15,277,3436,5648,5286,38949,2.4,53.5,3.8,36.6,5.1,75.9,13.4,5.6,15.1,3.5,87.6,3.9,0.1,0.9,0.0,0.3,3.6,5.9,8.8,85.3,0.436,64.464,0.0,0.0,0.0
0500000US21153,"Magoffin County, Kentucky",21,153,1,54,35,127,5798,2111,1759,351,11348,104,11035,12,23,27,0,0,147,118,2210,2635,0.5,64.8,1.2,63.3,9.0,69.1,37.2,3.1,38.2,0.9,97.2,0.1,0.2,0.2,0.0,0.0,1.3,1.04,27.6,90.2,0.4949,81.3045,0.0,0.0,0.0
0500000US21155,"Marion County, Kentucky",21,155,1,524,377,681,6661,6877,1183,594,19749,723,17065,1493,4,125,0,0,339,848,1749,7852,2.7,71.9,3.7,42.7,4.2,80.4,15.3,3.1,17.0,3.7,86.4,7.6,0.0,0.6,0.0,0.0,1.7,4.29,12.8,95.0,0.4317,71.1162,0.0,0.0,0.0
0500000US21157,"Marshall County, Kentucky",21,157,0,293,86,419,11524,10771,1224,2527,31743,622,30284,187,53,128,4,0,465,541,1993,12180,0.9,29.4,1.4,44.1,4.5,77.2,9.3,8.1,12.3,2.0,95.4,0.6,0.2,0.4,0.0,0.0,1.5,1.7,8.6,88.5,0.429,77.7014,1.0,0.0,0.0
0500000US21159,"Martin County, Kentucky",21,159,0,80,49,149,6151,2313,1125,151,11027,189,9337,859,40,0,45,0,557,1418,2041,2668,0.7,61.3,1.4,67.1,5.5,81.9,29.2,1.6,33.2,1.7,84.7,7.8,0.4,0.0,0.4,0.0,5.1,12.86,25.2,95.4,0.5715,91.4637,0.0,0.0,0.0
0500000US21161,"Mason County, Kentucky",21,161,2,254,72,368,6030,5819,1467,729,16956,402,14739,997,19,158,0,12,629,244,1635,6339,1.5,28.3,2.3,44.4,4.9,81.4,20.6,4.4,18.8,2.4,86.9,5.9,0.1,0.9,0.0,0.1,3.7,1.44,13.7,88.7,0.4995,71.1429,0.0,0.0,0.0
0500000US21163,"Meade County, Kentucky",21,163,0,419,198,742,8781,11171,1261,1485,30158,1280,26533,1002,28,194,114,9,998,221,1902,12525,1.4,47.3,2.6,36.2,4.8,78.7,11.5,5.1,12.2,4.2,88.0,3.3,0.1,0.6,0.4,0.0,3.3,0.73,9.0,88.1,0.4091,75.2673,0.0,0.0,0.0
0500000US21165,"Menifee County, Kentucky",21,165,0,32,0,124,2833,1509,578,386,6230,177,5951,9,0,0,0,0,93,104,860,1798,0.5,0.0,2.1,55.5,7.9,72.3,23.3,6.3,26.9,2.8,95.5,0.1,0.0,0.0,0.0,0.0,1.5,1.67,19.4,88.7,0.4748,77.8081,0.0,0.0,0.0
0500000US21167,"Mercer County, Kentucky",21,167,0,660,523,660,7626,8451,1004,1147,23028,779,20716,722,13,43,0,39,716,220,1279,9177,2.9,79.2,3.1,41.0,4.4,81.2,10.9,5.0,10.7,3.4,90.0,3.1,0.1,0.2,0.0,0.2,3.1,0.96,8.0,88.3,0.415,74.4747,0.0,0.0,0.0
0500000US21169,"Metcalfe County, Kentucky",21,169,0,139,130,220,3834,3482,800,667,10425,288,9744,261,10,0,0,0,122,104,962,3687,1.3,93.5,2.2,46.4,4.9,82.6,19.5,6.4,27.5,2.8,93.5,2.5,0.1,0.0,0.0,0.0,1.2,1.0,13.3,90.4,0.4423,81.8607,0.0,0.0,0.0
0500000US21171,"Monroe County, Kentucky",21,171,1,197,97,329,3635,3640,720,668,11269,522,10286,204,8,0,0,0,249,127,1120,4553,1.7,49.2,3.1,41.2,4.0,73.2,15.5,6.0,22.1,4.6,91.3,1.8,0.1,0.0,0.0,0.0,2.2,1.13,14.5,92.8,0.4428,88.15,0.0,0.0,0.0
0500000US21173,"Montgomery County, Kentucky",21,173,6,347,239,1123,9487,10645,1816,2017,28395,983,26006,382,85,133,0,68,738,353,2623,11101,1.2,68.9,4.2,41.9,4.0,84.1,16.5,7.2,15.4,3.5,91.6,1.3,0.3,0.5,0.0,0.2,2.6,1.24,13.5,90.6,0.4401,72.5528,1.0,0.0,0.0
0500000US21175,"Morgan County, Kentucky",21,175,0,255,184,133,6808,3042,907,984,14053,506,12532,698,0,73,0,0,244,1687,1967,4111,1.8,72.2,1.0,58.9,3.1,66.0,18.6,8.0,17.1,3.6,89.2,5.0,0.0,0.5,0.0,0.0,1.7,12.0,19.1,91.2,0.4943,81.0162,0.0,0.0,0.0
0500000US21177,"Muhlenberg County, Kentucky",21,177,2,541,178,592,12073,9516,1948,1406,30591,626,28119,618,22,318,2,9,877,1305,3431,10963,1.8,32.9,2.0,48.3,5.7,78.3,16.1,4.8,18.4,2.0,91.9,2.0,0.1,1.0,0.0,0.0,2.9,4.27,15.7,93.1,0.4737,76.6214,0.0,0.0,0.0
0500000US21179,"Nelson County, Kentucky",21,179,14,1300,865,1441,13962,19007,1866,2387,47606,1397,42424,2472,16,229,0,29,1039,554,2535,20804,2.7,66.5,3.2,36.8,3.3,82.2,9.7,5.1,10.8,2.9,89.1,5.2,0.0,0.5,0.0,0.1,2.2,1.16,7.7,91.0,0.4315,70.2433,0.0,0.0,0.0
0500000US21181,"Nicholas County, Kentucky",21,181,0,33,1,73,2717,2453,430,270,7708,80,7362,91,0,0,0,0,175,89,638,2929,0.4,3.0,1.0,44.7,6.1,77.6,15.5,3.5,17.6,1.0,95.5,1.2,0.0,0.0,0.0,0.0,2.3,1.15,12.3,94.3,0.3964,73.8475,0.0,0.0,0.0
0500000US21183,"Ohio County, Kentucky",21,183,0,503,301,1030,8561,7852,1223,1233,23735,1131,21819,139,43,39,0,81,483,283,2575,8859,2.1,59.8,4.6,45.3,5.0,80.0,13.4,5.3,12.5,4.8,91.9,0.6,0.2,0.2,0.0,0.3,2.0,1.19,15.9,94.4,0.4268,79.3545,0.0,0.0,0.0
0500000US21185,"Oldham County, Kentucky",21,185,9,2927,1094,3957,19385,28092,774,2102,69257,3466,59255,1999,35,1134,0,561,2807,3920,2550,26552,4.2,37.4,6.0,35.7,3.5,83.7,3.4,3.2,4.3,5.0,85.6,2.9,0.1,1.6,0.0,0.8,4.1,5.66,5.5,79.9,0.4503,60.2591,0.0,1.0,1.0
0500000US21187,"Owen County, Kentucky",21,187,0,173,122,348,3832,3734,496,721,11330,292,10620,33,11,5,0,35,334,97,1065,4104,1.5,70.5,3.2,42.0,7.0,75.8,11.7,6.4,18.3,2.6,93.7,0.3,0.1,0.0,0.0,0.3,2.9,0.86,13.5,86.4,0.4136,80.6182,0.0,0.0,0.0
0500000US21189,"Owsley County, Kentucky",21,189,0,0,0,5,2009,712,593,186,3971,3,3791,0,0,7,0,0,170,79,876,926,0.0,-666666666.0,0.1,60.8,12.6,62.8,37.8,4.8,36.1,0.1,95.5,0.0,0.0,0.2,0.0,0.0,4.3,1.99,29.6,85.3,0.5624,88.3632,0.0,0.0,0.0
0500000US21191,"Pendleton County, Kentucky",21,191,0,157,56,152,4791,5283,839,954,14723,237,13587,60,8,35,4,60,732,256,1566,5574,1.1,35.7,1.1,41.1,4.5,80.7,15.4,6.5,15.9,1.6,92.3,0.4,0.1,0.2,0.0,0.4,5.0,1.74,15.4,86.7,0.4322,81.058,1.0,0.0,0.0
0500000US21193,"Perry County, Kentucky",21,193,0,255,143,701,11485,7424,3168,638,27499,67,25765,470,34,165,71,7,920,709,3769,8480,0.9,56.1,2.7,52.5,5.8,76.0,28.6,2.4,26.8,0.2,93.7,1.7,0.1,0.6,0.3,0.0,3.3,2.58,19.6,89.1,0.5575,79.1934,0.0,0.0,0.0
0500000US21195,"Pike County, Kentucky",21,195,0,488,321,787,26355,14741,4957,2292,56727,712,53274,353,14,324,0,24,2026,1364,7123,17335,0.9,65.8,1.5,56.5,5.2,76.6,20.4,4.1,24.4,1.3,93.9,0.6,0.0,0.6,0.0,0.0,3.6,2.4,17.5,91.5,0.4997,82.1879,0.0,0.0,0.0
0500000US21197,"Powell County, Kentucky",21,197,0,94,6,193,5011,3190,1100,717,13038,214,12201,264,19,0,0,87,253,363,1584,4402,0.7,6.4,1.6,49.8,5.8,66.9,23.0,5.7,22.5,1.6,93.6,2.0,0.1,0.0,0.0,0.7,1.9,2.78,18.0,94.8,0.4672,76.3433,0.0,0.0,0.0
0500000US21199,"Pulaski County, Kentucky",21,199,4,1256,557,1414,25258,20390,3994,3976,65897,2040,60802,549,54,535,0,94,1823,1057,6392,23492,1.9,44.3,2.3,47.6,4.9,77.1,15.2,6.1,19.7,3.1,92.3,0.8,0.1,0.8,0.0,0.1,2.8,1.6,13.7,91.5,0.474,82.0892,0.0,0.0,0.0
0500000US21201,"Robertson County, Kentucky",21,201,0,15,6,0,915,497,148,89,2283,18,2096,82,4,0,0,0,83,58,291,746,0.7,40.0,0.0,53.1,3.8,64.0,18.3,4.0,21.1,0.8,91.8,3.6,0.2,0.0,0.0,0.0,3.6,2.54,18.5,96.7,0.487,79.9825,0.0,0.0,0.0
0500000US21203,"Rockcastle County, Kentucky",21,203,0,60,20,193,6755,4452,1434,1076,16163,204,15409,97,5,13,23,68,344,323,1913,5127,0.4,33.3,1.3,51.4,4.6,73.1,21.9,6.8,25.6,1.3,95.3,0.6,0.0,0.1,0.1,0.4,2.1,2.0,16.6,86.9,0.4823,85.9011,1.0,0.0,1.0
0500000US21205,"Rowan County, Kentucky",21,205,7,268,134,434,8937,7808,1610,1471,24578,588,22983,338,23,196,0,1,449,3018,1828,8778,1.1,50.0,1.9,43.6,4.1,70.9,16.8,6.1,24.2,2.4,93.5,1.4,0.1,0.8,0.0,0.0,1.8,12.28,12.7,83.0,0.5101,63.0406,1.0,0.0,0.0
0500000US21207,"Russell County, Kentucky",21,207,0,357,293,750,6616,5904,1341,1371,18221,842,16679,203,3,50,13,0,431,213,2292,6623,2.0,82.1,4.4,45.8,6.4,80.6,17.7,7.6,23.1,4.6,91.5,1.1,0.0,0.3,0.1,0.0,2.4,1.17,18.2,92.3,0.4959,85.7079,0.0,0.0,0.0
0500000US21209,"Scott County, Kentucky",21,209,11,1722,793,2670,14945,24060,1955,2919,59536,3463,50090,2817,16,568,13,163,2406,1172,2289,25786,2.9,46.1,4.8,32.1,4.3,79.8,8.6,4.9,10.6,5.8,84.1,4.7,0.0,1.0,0.0,0.3,4.0,1.97,5.8,87.3,0.4133,62.9749,1.0,0.0,0.0
0500000US21211,"Shelby County, Kentucky",21,211,23,3219,2302,4547,14769,18817,1567,2635,49096,5399,38121,1817,75,463,0,169,3052,1486,3491,20094,6.6,71.5,9.8,37.3,4.2,79.2,8.5,5.5,9.7,11.0,77.6,3.7,0.2,0.9,0.0,0.3,6.2,3.03,10.2,85.9,0.4366,66.4338,0.0,0.0,0.0
0500000US21213,"Simpson County, Kentucky",21,213,1,351,244,611,6211,6977,955,1627,19972,726,16757,1381,18,30,0,0,1060,379,1236,8361,1.8,69.5,3.2,39.3,3.6,75.5,11.9,8.3,15.5,3.6,83.9,6.9,0.1,0.2,0.0,0.0,5.3,1.9,9.1,92.4,0.4414,71.2511,0.0,0.0,0.0
0500000US21215,"Spencer County, Kentucky",21,215,1,143,73,302,5885,7990,481,778,20193,539,18687,156,15,108,0,53,635,94,993,8078,0.7,51.0,1.6,36.3,5.0,81.5,6.6,3.9,9.8,2.7,92.5,0.8,0.1,0.5,0.0,0.3,3.1,0.47,7.0,84.7,0.3945,77.7613,0.0,0.0,0.0
0500000US21217,"Taylor County, Kentucky",21,217,8,347,209,976,8282,10062,1550,1009,26397,810,23158,1226,6,258,0,0,939,1272,2020,9992,1.3,60.2,3.9,39.5,5.1,84.2,15.1,3.9,17.5,3.1,87.7,4.6,0.0,1.0,0.0,0.0,3.6,4.82,11.7,86.0,0.4282,77.669,0.0,0.0,0.0
0500000US21219,"Todd County, Kentucky",21,219,0,321,258,1498,4084,3426,600,2517,12469,666,10425,835,4,23,1,145,370,171,1434,4248,2.6,80.4,13.0,43.0,3.2,65.4,13.2,20.4,20.9,5.3,83.6,6.7,0.0,0.2,0.0,1.2,3.0,1.37,17.6,83.1,0.4966,78.4233,0.0,0.0,0.0
0500000US21221,"Trigg County, Kentucky",21,221,0,183,135,1046,5585,4026,663,1707,14315,387,12356,604,0,23,0,26,919,92,1181,4807,1.3,73.8,7.7,48.5,4.2,71.4,10.9,12.0,20.6,2.7,86.3,4.2,0.0,0.2,0.0,0.2,6.4,0.64,11.6,86.5,0.4446,75.542,0.0,0.0,0.0
0500000US21223,"Trimble County, Kentucky",21,223,0,91,35,121,2956,2890,364,439,8550,254,7879,97,9,24,0,64,223,41,761,3307,1.1,38.5,1.5,42.2,6.2,76.2,10.8,5.2,13.3,3.0,92.2,1.1,0.1,0.3,0.0,0.7,2.6,0.48,12.4,89.3,0.4679,77.2652,0.0,0.0,0.0
0500000US21225,"Union County, Kentucky",21,225,1,86,31,164,5242,4681,523,766,13260,232,11688,915,0,18,5,46,356,788,822,5095,0.6,36.0,1.3,47.5,2.7,83.0,10.1,5.8,18.4,1.7,88.1,6.9,0.0,0.1,0.0,0.3,2.7,5.94,8.7,91.0,0.4476,78.5408,1.0,0.0,0.0
0500000US21227,"Warren County, Kentucky",21,227,16,14600,9164,20170,37593,56267,7118,10975,140918,10010,103930,12803,86,7094,880,180,5935,5619,10005,59735,10.4,62.8,15.3,33.9,4.4,80.3,12.8,7.9,17.0,7.1,73.8,9.1,0.1,5.0,0.6,0.1,4.2,3.99,11.6,87.7,0.4796,61.2786,0.0,0.0,0.0
0500000US21229,"Washington County, Kentucky",21,229,0,101,60,603,4031,4193,785,1324,12140,19,10614,563,0,71,0,0,873,358,958,4845,0.8,59.4,5.3,41.5,3.4,76.5,16.2,11.0,12.7,0.2,87.4,4.6,0.0,0.6,0.0,0.0,7.2,2.95,11.2,89.5,0.445,74.4362,0.0,0.0,0.0
0500000US21231,"Wayne County, Kentucky",21,231,0,342,111,676,8258,5485,1638,1004,19602,882,17919,239,63,6,0,0,493,262,2709,6171,1.7,32.5,3.6,51.4,5.8,74.7,20.3,5.2,24.8,4.5,91.4,1.2,0.3,0.0,0.0,0.0,2.5,1.34,19.1,86.5,0.4746,82.4802,0.0,0.0,0.0
0500000US21233,"Webster County, Kentucky",21,233,0,562,481,748,4583,4121,535,608,12842,912,11120,522,3,4,27,5,249,403,1205,4780,4.4,85.6,6.2,45.6,4.1,78.5,10.9,4.8,13.5,7.1,86.6,4.1,0.0,0.0,0.2,0.0,1.9,3.14,13.8,93.3,0.4116,78.0958,0.0,0.0,0.0
0500000US21235,"Whitley County, Kentucky",21,235,0,283,183,294,13617,10500,2670,2260,36920,776,34846,389,17,96,0,52,744,1727,3637,11823,0.8,64.7,0.9,48.2,5.4,75.9,19.7,6.2,26.3,2.1,94.4,1.1,0.0,0.3,0.0,0.1,2.0,4.68,15.7,86.8,0.4797,84.1592,0.0,0.0,0.0
0500000US21237,"Wolfe County, Kentucky",21,237,0,102,102,118,3289,953,976,184,6443,102,6126,10,5,0,0,27,173,124,1350,1454,1.6,100.0,2.0,63.5,13.1,58.1,36.5,2.9,37.7,1.6,95.1,0.2,0.1,0.0,0.0,0.4,2.7,1.92,29.9,91.5,0.4185,74.2024,0.0,0.0,0.0
0500000US21239,"Woodford County, Kentucky",21,239,11,1845,1447,1939,7716,10284,922,1496,27279,2134,23028,1024,10,121,0,113,849,564,1703,11467,6.8,78.4,7.5,35.1,2.5,74.8,8.5,5.6,10.5,7.8,84.4,3.8,0.0,0.4,0.0,0.4,3.1,2.07,8.9,83.4,0.44,56.1529,0.0,0.0,0.0
0500000US22001,"Acadia Parish, Louisiana",22,001,1,691,371,3956,19748,17539,5390,3584,56955,1904,43427,9110,31,103,5,63,2312,718,6874,20117,1.2,53.7,7.4,44.8,7.7,78.2,24.4,6.4,25.0,3.3,76.2,16.0,0.1,0.2,0.0,0.1,4.1,1.26,18.3,90.6,0.4929,81.5232,0.0,0.0,0.0
0500000US22003,"Allen Parish, Louisiana",22,003,0,1342,1209,2177,9483,5566,2080,1372,22477,1353,14425,4653,246,163,0,57,1580,3343,3016,6857,6.0,90.1,10.3,52.6,9.8,72.2,26.5,7.2,23.1,6.0,64.2,20.7,1.1,0.7,0.0,0.3,7.0,14.87,19.3,89.5,0.459,80.0251,0.0,0.0,0.0
0500000US22005,"Ascension Parish, Louisiana",22,005,12,6401,3814,10063,31368,51752,5793,8056,130314,10961,82760,29771,206,1336,7,575,4698,824,9146,57462,4.9,59.6,8.3,31.5,4.4,79.6,12.2,6.2,10.3,8.4,63.5,22.8,0.2,1.0,0.0,0.4,3.6,0.63,10.7,89.5,0.4207,66.139,0.0,0.0,0.0
0500000US22007,"Assumption Parish, Louisiana",22,007,1,491,230,1828,7635,7135,1755,1756,20484,872,13093,5664,143,186,0,27,499,164,2956,8023,2.4,46.8,9.4,45.1,4.8,80.9,19.9,8.6,15.3,4.3,63.9,27.7,0.7,0.9,0.0,0.1,2.4,0.8,20.1,93.1,0.4839,67.165,0.0,0.0,0.0
0500000US22009,"Avoyelles Parish, Louisiana",22,009,0,534,328,3168,15414,10139,4032,2643,38905,1562,24401,10646,211,253,0,26,1806,2768,6150,12358,1.4,61.4,8.7,50.3,6.9,72.0,27.9,7.3,27.8,4.0,62.7,27.4,0.5,0.7,0.0,0.1,4.6,7.11,23.3,88.5,0.5041,70.9547,0.0,0.0,0.0
0500000US22011,"Beauregard Parish, Louisiana",22,011,4,399,144,1149,12524,11314,2411,2991,36676,1438,28967,3963,55,251,16,239,1747,1007,3031,13640,1.1,36.1,3.4,44.0,6.8,77.9,17.5,8.5,14.3,3.9,79.0,10.8,0.1,0.7,0.0,0.7,4.8,2.75,12.4,93.6,0.4295,85.0699,1.0,0.0,0.0
0500000US22013,"Bienville Parish, Louisiana",22,013,1,43,20,190,5405,3116,1274,1060,12638,288,6760,5098,30,27,0,47,388,319,1146,4004,0.3,46.5,1.6,53.2,6.3,70.4,22.9,8.6,29.2,2.3,53.5,40.3,0.2,0.2,0.0,0.4,3.1,2.52,13.0,90.8,0.5417,58.5038,0.0,0.0,0.0
0500000US22015,"Bossier Parish, Louisiana",22,015,99,5609,3117,9653,38410,42595,5389,11777,129789,10784,79969,30531,186,2068,23,597,5631,2483,7877,52371,4.3,55.6,7.9,38.0,5.9,77.6,10.6,9.5,15.9,8.3,61.6,23.5,0.1,1.6,0.0,0.5,4.3,1.91,9.1,89.8,0.4621,71.0388,0.0,0.0,1.0
0500000US22017,"Caddo Parish, Louisiana",22,017,32,5542,2848,7843,78734,72030,20674,16748,230004,8793,96881,112006,533,2810,173,565,8243,5338,19018,82905,2.4,51.4,3.6,43.1,8.7,76.3,21.6,7.4,22.4,3.8,42.1,48.7,0.2,1.2,0.1,0.2,3.6,2.32,12.1,89.1,0.523,46.9604,0.0,0.0,0.0
0500000US22019,"Calcasieu Parish, Louisiana",22,019,50,7435,4520,12561,62804,73090,12201,15522,207088,11101,133998,48283,250,3033,50,1465,8908,2687,14055,83255,3.6,60.8,6.5,39.0,5.4,79.0,15.7,7.6,17.4,5.4,64.7,23.3,0.1,1.5,0.0,0.7,4.3,1.3,10.2,91.0,0.4826,69.0435,0.0,1.0,0.0
0500000US22021,"Caldwell Parish, Louisiana",22,021,7,78,36,382,3872,2638,873,548,9500,111,7152,1835,1,0,0,17,384,306,1281,2970,0.8,46.2,4.2,50.7,10.1,78.1,23.5,6.0,29.8,1.2,75.3,19.3,0.0,0.0,0.0,0.2,4.0,3.22,18.9,90.1,0.4894,85.9252,0.0,0.0,0.0
0500000US22023,"Cameron Parish, Louisiana",22,023,0,19,15,265,1689,1714,173,119,5015,26,4304,166,79,0,0,1,439,27,280,2153,0.4,78.9,5.7,43.0,2.1,78.3,8.6,2.4,7.4,0.5,85.8,3.3,1.6,0.0,0.0,0.0,8.8,0.54,7.8,99.2,0.3921,92.8019,0.0,0.0,0.0
0500000US22025,"Catahoula Parish, Louisiana",22,025,0,38,8,136,3824,1691,617,515,8583,50,5378,2941,13,12,0,19,170,1013,1351,2292,0.4,21.1,1.7,55.3,8.9,60.2,19.3,6.8,24.3,0.6,62.7,34.3,0.2,0.1,0.0,0.2,2.0,11.8,22.3,82.4,0.4331,74.931,0.0,0.0,0.0
0500000US22027,"Claiborne Parish, Louisiana",22,027,0,108,25,120,7335,2818,1743,439,13833,85,6146,6952,8,15,7,0,620,1881,2257,3705,0.8,23.1,0.9,63.7,5.1,71.3,33.8,3.7,32.0,0.6,44.4,50.3,0.1,0.1,0.1,0.0,4.5,13.6,22.0,95.3,0.5311,60.5571,0.0,0.0,0.0
0500000US22029,"Concordia Parish, Louisiana",22,029,0,360,340,601,7719,4154,1821,1671,18174,516,10084,7083,60,33,0,9,389,1062,2018,5337,2.0,94.4,3.5,53.5,11.7,70.2,26.9,9.8,31.8,2.8,55.5,39.0,0.3,0.2,0.0,0.0,2.1,5.84,16.8,92.4,0.5244,64.1393,0.0,0.0,0.0
0500000US22031,"De Soto Parish, Louisiana",22,031,9,296,181,520,10211,8345,2114,1382,27026,863,15889,9308,102,94,0,48,722,233,2586,9609,1.1,61.1,2.0,47.4,6.0,78.6,20.1,5.2,21.5,3.2,58.8,34.4,0.4,0.3,0.0,0.2,2.7,0.86,14.1,91.8,0.489,67.268,0.0,0.0,0.0
0500000US22033,"East Baton Rouge Parish, Louisiana",22,033,223,32007,20168,39649,133997,159396,28210,36944,452938,31085,188450,197264,426,14934,40,2477,18262,15179,26043,179462,7.1,63.0,9.3,37.0,7.7,75.8,15.9,8.2,19.6,6.9,41.6,43.6,0.1,3.3,0.0,0.5,4.0,3.35,9.2,87.3,0.5179,43.39,0.0,0.0,0.0
0500000US22035,"East Carroll Parish, Louisiana",22,035,0,35,0,259,3601,1321,775,214,7072,163,1992,4382,51,0,0,18,466,1766,1338,1815,0.5,0.0,3.7,60.5,13.9,65.2,29.6,4.0,35.2,2.3,28.2,62.0,0.7,0.0,0.0,0.3,6.6,24.97,27.5,90.6,0.5128,40.3729,0.0,0.0,0.0
0500000US22037,"East Feliciana Parish, Louisiana",22,037,12,88,59,361,9007,4684,929,800,19271,391,10476,7639,57,39,31,0,638,2992,2193,6205,0.5,67.0,2.0,55.3,5.9,68.7,14.5,4.8,16.2,2.0,54.4,39.6,0.3,0.2,0.2,0.0,3.3,15.53,15.2,91.9,0.4797,60.5208,0.0,0.0,0.0
0500000US22039,"Evangeline Parish, Louisiana",22,039,0,905,861,4843,11967,8884,3917,2634,32060,1586,20685,8168,43,125,0,341,1112,1237,4811,10086,2.8,95.1,16.2,48.0,9.8,76.0,31.2,8.5,24.3,4.9,64.5,25.5,0.1,0.4,0.0,1.1,3.5,3.86,23.2,89.8,0.4825,73.9489,0.0,0.0,0.0
0500000US22041,"Franklin Parish, Louisiana",22,041,1,56,12,455,7398,4999,1845,1428,19408,325,12684,5431,9,32,0,0,927,1051,2518,5888,0.3,21.4,2.5,49.3,8.2,71.7,24.5,7.7,24.1,1.7,65.4,28.0,0.0,0.2,0.0,0.0,4.8,5.42,19.3,86.9,0.4839,74.1532,0.0,0.0,0.0
0500000US22043,"Grant Parish, Louisiana",22,043,0,810,702,1225,9509,5527,1377,1354,22095,1389,16337,3304,239,185,0,7,634,3110,2666,7727,3.7,86.7,5.9,52.8,3.7,67.9,18.5,7.1,17.0,6.3,73.9,15.0,1.1,0.8,0.0,0.0,2.9,14.08,16.9,94.8,0.4299,87.8798,0.0,0.0,0.0
0500000US22045,"Iberia Parish, Louisiana",22,045,15,1773,702,5217,22566,22226,6394,4470,68599,3837,38443,21285,178,1727,6,344,2779,797,7722,24185,2.6,39.6,8.2,42.9,7.3,79.7,23.8,6.6,22.8,5.6,56.0,31.0,0.3,2.5,0.0,0.5,4.1,1.16,17.0,88.9,0.4941,66.5201,0.0,0.0,0.0
0500000US22047,"Iberville Parish, Louisiana",22,047,4,1026,901,1369,11967,8345,2381,2198,29815,1546,13720,12889,59,6,36,187,1372,2689,3657,10689,3.4,87.8,4.9,48.6,6.1,70.8,21.1,8.1,19.9,5.2,46.0,43.2,0.2,0.0,0.1,0.6,4.6,9.02,17.2,91.3,0.4741,49.6027,0.0,0.0,0.0
0500000US22049,"Jackson Parish, Louisiana",22,049,1,493,405,589,6502,3745,848,1085,14884,522,9786,3515,58,57,9,152,785,824,1586,4784,3.3,82.2,4.2,53.5,7.4,71.7,15.2,7.7,22.3,3.5,65.7,23.6,0.4,0.4,0.1,1.0,5.3,5.54,15.1,92.1,0.447,73.2217,0.0,0.0,0.0
0500000US22051,"Jefferson Parish, Louisiana",22,051,196,62771,37064,86345,126136,162957,24876,48775,430920,81368,203428,108244,558,17986,100,3174,16062,3223,41323,174751,14.6,59.0,21.4,36.6,6.2,79.8,14.1,11.4,16.6,18.9,47.2,25.1,0.1,4.2,0.0,0.7,3.7,0.75,13.7,87.4,0.4887,55.4474,0.0,0.0,0.0
0500000US22053,"Jefferson Davis Parish, Louisiana",22,053,0,258,100,1835,11123,9882,2449,1823,31924,806,24629,4629,89,61,0,181,1529,487,3267,11856,0.8,38.8,6.1,45.0,4.7,76.2,20.3,5.8,14.6,2.5,77.1,14.5,0.3,0.2,0.0,0.6,4.8,1.53,15.3,92.9,0.4416,79.9415,0.0,0.0,0.0
0500000US22055,"Lafayette Parish, Louisiana",22,055,117,12880,8164,22231,67201,92725,12598,21335,247997,16679,153138,62888,208,4786,133,1249,8916,3225,16514,102501,5.2,63.4,9.6,34.6,5.1,77.2,12.5,8.7,17.1,6.7,61.7,25.4,0.1,1.9,0.1,0.5,3.6,1.3,9.8,85.9,0.5014,64.8209,1.0,1.0,0.0
0500000US22057,"Lafourche Parish, Louisiana",22,057,33,2234,1437,7879,33226,33098,6431,5412,96252,5678,71395,12287,2208,568,2,304,3810,2435,10838,37391,2.3,64.3,8.7,43.2,4.2,79.1,17.0,5.7,17.0,5.9,74.2,12.8,2.3,0.6,0.0,0.3,4.0,2.53,16.5,91.0,0.4619,80.4318,0.0,1.0,0.0
0500000US22059,"LaSalle Parish, Louisiana",22,059,0,131,116,810,5246,4662,842,502,14789,1350,11137,1702,2,142,78,0,378,1026,1723,5333,0.9,88.5,6.0,44.9,4.9,76.1,16.7,3.6,16.0,9.1,75.3,11.5,0.0,1.0,0.5,0.0,2.6,6.94,17.1,88.2,0.44,90.9819,0.0,0.0,0.0
0500000US22061,"Lincoln Parish, Louisiana",22,061,23,1521,735,2048,19418,13179,4411,2567,48174,1778,25404,17767,298,622,33,236,2036,4686,2590,16261,3.2,48.3,4.5,48.9,3.8,67.6,23.9,5.4,31.2,3.7,52.7,36.9,0.6,1.3,0.1,0.5,4.2,9.73,9.8,85.2,0.5393,61.9486,0.0,0.0,0.0
0500000US22063,"Livingston Parish, Louisiana",22,063,32,5985,4618,7339,43468,52206,6983,12688,148115,9830,118750,13216,144,1030,1,709,4435,1079,11229,61680,4.0,77.2,5.3,37.9,4.2,76.9,13.0,8.6,12.9,6.6,80.2,8.9,0.1,0.7,0.0,0.5,3.0,0.73,11.5,91.5,0.4042,83.6054,1.0,0.0,0.0
0500000US22065,"Madison Parish, Louisiana",22,065,0,83,75,193,4031,2221,929,734,9513,245,3101,5887,24,0,0,0,256,1238,1367,2700,0.9,90.4,2.2,55.9,5.5,73.8,30.4,8.8,34.5,2.6,32.6,61.9,0.3,0.0,0.0,0.0,2.7,13.01,21.8,92.6,0.5151,46.2425,0.0,0.0,0.0
0500000US22067,"Morehouse Parish, Louisiana",22,067,0,180,115,370,9474,6941,2932,1318,24551,419,11580,11870,17,49,22,100,494,846,2742,8210,0.7,63.9,1.6,48.4,9.4,75.7,30.0,5.6,29.3,1.7,47.2,48.3,0.1,0.2,0.1,0.4,2.0,3.45,16.3,91.9,0.5182,59.0373,0.0,0.0,0.0
0500000US22069,"Natchitoches Parish, Louisiana",22,069,0,574,285,1220,13726,10514,2833,2431,36693,1438,18522,14440,345,240,2,352,1354,2379,2713,13484,1.6,49.7,3.5,46.8,5.6,71.6,19.5,6.7,25.4,3.9,50.5,39.4,0.9,0.7,0.0,1.0,3.7,6.48,12.4,92.2,0.5098,60.5053,0.0,0.0,0.0
0500000US22071,"Orleans Parish, Louisiana",22,071,84,24640,12577,35696,120587,132661,28835,29700,371853,30425,111770,200368,486,10356,45,3552,14851,14275,27579,118604,6.6,51.0,10.2,39.3,7.5,77.8,18.5,8.1,22.6,8.2,30.1,53.9,0.1,2.8,0.0,1.0,4.0,3.84,10.4,70.7,0.5527,15.1568,0.0,0.0,0.0
0500000US22073,"Ouachita Parish, Louisiana",22,073,17,3419,2016,5958,49670,53672,12151,11519,158480,5878,87714,58950,131,1775,17,314,3701,4810,12136,60338,2.2,59.0,4.0,40.1,6.5,77.5,19.8,7.4,23.2,3.7,55.3,37.2,0.1,1.1,0.0,0.2,2.3,3.04,11.6,88.1,0.5179,63.3311,1.0,1.0,0.0
0500000US22075,"Plaquemines Parish, Louisiana",22,075,0,1354,640,2255,6469,7551,1215,1407,22803,2227,13419,4650,254,797,0,33,1423,690,1901,9583,5.9,47.3,10.5,36.1,4.2,73.4,14.8,6.5,12.9,9.8,58.8,20.4,1.1,3.5,0.0,0.1,6.2,3.03,12.4,90.7,0.4132,68.4062,1.0,1.0,0.0
0500000US22077,"Pointe Coupee Parish, Louisiana",22,077,3,227,87,633,7113,6163,1004,1418,20217,715,12075,6584,74,29,0,13,727,138,2302,7453,1.1,38.3,3.3,43.8,7.0,72.8,12.0,7.1,16.5,3.5,59.7,32.6,0.4,0.1,0.0,0.1,3.6,0.68,16.1,91.8,0.4597,63.2584,0.0,0.0,0.0
0500000US22079,"Rapides Parish, Louisiana",22,079,11,3576,2146,5958,41234,39832,9348,10067,127527,5386,75793,39187,515,1432,6,483,4725,3834,10268,46651,2.8,60.0,5.0,41.5,5.1,73.0,19.1,8.1,19.9,4.2,59.4,30.7,0.4,1.1,0.0,0.4,3.7,3.01,12.1,86.9,0.4801,67.7423,0.0,0.0,0.0
0500000US22081,"Red River Parish, Louisiana",22,081,0,91,0,39,3060,2193,776,585,7443,138,4128,2998,0,0,0,2,177,191,880,2636,1.2,0.0,0.6,51.3,3.6,78.2,25.0,8.1,25.8,1.9,55.5,40.3,0.0,0.0,0.0,0.0,2.4,2.57,17.5,95.6,0.4709,62.7383,0.0,0.0,0.0
0500000US22083,"Richland Parish, Louisiana",22,083,4,114,32,357,7578,5464,1778,1279,19822,455,11938,7068,19,12,6,0,324,1117,2621,6502,0.6,28.1,1.9,48.5,8.9,74.6,24.6,6.8,24.0,2.3,60.2,35.7,0.1,0.1,0.0,0.0,1.6,5.64,19.5,90.6,0.487,69.1178,0.0,0.0,0.0
0500000US22085,"Sabine Parish, Louisiana",22,085,1,183,100,620,9199,5671,1936,1564,21977,777,14598,3210,1523,86,0,153,1630,390,2166,6928,0.8,54.6,3.0,52.5,6.6,73.1,22.0,7.2,23.7,3.5,66.4,14.6,6.9,0.4,0.0,0.7,7.4,1.77,14.3,90.6,0.4941,84.6903,0.0,0.0,0.0
0500000US22087,"St. Bernard Parish, Louisiana",22,087,10,2519,1758,4151,13855,14644,4072,3431,44419,6167,24666,10495,297,859,21,61,1853,231,5202,16116,5.7,69.8,10.0,40.4,7.6,77.6,25.1,7.8,23.0,13.9,55.5,23.6,0.7,1.9,0.0,0.1,4.2,0.52,17.8,87.4,0.4802,63.8041,0.0,0.0,1.0
0500000US22089,"St. Charles Parish, Louisiana",22,089,22,2492,1540,4363,14459,18754,1920,3582,51396,4229,32125,11356,486,429,8,506,2257,474,3762,21101,4.8,61.8,9.0,35.8,6.7,77.6,10.3,7.0,11.7,8.2,62.5,22.1,0.9,0.8,0.0,1.0,4.4,0.92,10.8,88.6,0.4196,65.3663,0.0,1.0,0.0
0500000US22091,"St. Helena Parish, Louisiana",22,091,0,61,25,186,4240,2762,1281,724,10858,94,4841,5501,70,39,0,0,313,118,1376,3177,0.6,41.0,1.8,48.1,17.6,73.1,30.7,6.7,32.4,0.9,44.6,50.7,0.6,0.4,0.0,0.0,2.9,1.09,17.7,88.0,0.4991,48.8077,0.0,0.0,0.0
0500000US22093,"St. James Parish, Louisiana",22,093,2,347,127,413,6765,7094,1060,915,19528,382,9624,9263,24,8,12,0,215,157,1679,7644,1.8,36.6,2.2,42.9,4.1,82.3,14.1,4.7,11.1,2.0,49.3,47.4,0.1,0.0,0.1,0.0,1.1,0.8,12.2,92.5,0.4732,50.0636,0.0,0.0,0.0
0500000US22095,"St. John the Baptist Parish, Louisiana",22,095,23,2173,1107,3056,12965,13004,3057,2697,40743,3646,12036,23150,59,362,1,136,1353,355,3962,15030,5.3,50.9,8.0,40.0,10.9,75.0,20.2,6.7,14.4,8.9,29.5,56.8,0.1,0.9,0.0,0.3,3.3,0.87,14.5,90.8,0.4259,34.8276,0.0,0.0,0.0
0500000US22097,"St. Landry Parish, Louisiana",22,097,1,1326,786,6194,29448,25011,6975,5769,81670,2510,42539,32454,54,473,210,724,2706,1162,9895,26704,1.6,59.3,8.1,47.2,6.3,81.4,21.7,7.2,26.8,3.1,52.1,39.7,0.1,0.6,0.3,0.9,3.3,1.42,18.6,89.0,0.4943,58.8829,0.0,0.0,0.0
0500000US22099,"St. Martin Parish, Louisiana",22,099,8,940,678,5115,16984,17390,3987,3109,51353,1873,32398,14690,78,390,48,176,1700,269,5892,19884,1.8,72.1,10.6,41.9,4.0,77.5,20.4,6.1,15.3,3.6,63.1,28.6,0.2,0.8,0.1,0.3,3.3,0.52,16.8,89.5,0.4651,69.8472,0.0,0.0,0.0
0500000US22101,"St. Mary Parish, Louisiana",22,101,16,2369,1543,4471,17112,15612,4204,3991,47828,4705,25540,13765,705,466,7,130,2510,727,6410,17427,5.0,65.1,10.0,45.8,5.4,81.6,22.8,8.5,20.8,9.8,53.4,28.8,1.5,1.0,0.0,0.3,5.2,1.52,19.7,92.3,0.4733,65.4209,0.0,0.0,0.0
0500000US22103,"St. Tammany Parish, Louisiana",22,103,83,12228,6594,17979,80105,99789,9460,18323,272421,22407,197214,32750,581,3643,924,2235,12667,2568,15082,106150,4.5,53.9,7.0,37.1,4.8,78.0,9.0,6.8,11.4,8.2,72.4,12.0,0.2,1.3,0.3,0.8,4.6,0.94,8.0,84.3,0.4592,71.0899,0.0,0.0,0.0
0500000US22105,"Tangipahoa Parish, Louisiana",22,105,38,3528,2352,6786,43607,45431,11015,9870,136738,7924,82693,39995,89,1072,48,424,4493,4068,14658,52139,2.6,66.7,5.3,40.7,6.0,76.1,21.2,7.3,19.2,5.8,60.5,29.2,0.1,0.8,0.0,0.3,3.3,2.98,16.3,89.5,0.4831,68.0531,0.0,0.0,0.0
0500000US22107,"Tensas Parish, Louisiana",22,107,0,36,36,48,2039,643,502,205,3935,43,1625,2124,0,40,0,0,103,261,552,899,0.9,100.0,1.3,64.6,11.4,64.9,31.8,5.6,34.4,1.1,41.3,54.0,0.0,1.0,0.0,0.0,2.6,6.63,19.5,91.6,0.4616,51.3628,0.0,0.0,0.0
0500000US22109,"Terrebonne Parish, Louisiana",22,109,33,3438,2427,9120,34010,38324,6875,8166,106186,7696,67699,19434,4827,1161,13,283,5073,1210,11302,42504,3.2,70.6,9.2,41.1,4.7,82.7,16.3,7.8,16.0,7.2,63.8,18.3,4.5,1.1,0.0,0.3,4.8,1.14,15.9,93.7,0.465,75.2898,0.0,0.0,0.0
0500000US22111,"Union Parish, Louisiana",22,111,0,695,454,950,8528,6442,1733,2009,20821,1216,14357,4888,9,47,0,9,295,527,1833,7302,3.3,65.3,4.8,50.7,5.1,82.2,20.4,9.9,29.4,5.8,69.0,23.5,0.0,0.2,0.0,0.0,1.4,2.53,12.5,93.7,0.4863,78.0525,0.0,0.0,0.0
0500000US22113,"Vermilion Parish, Louisiana",22,113,4,1733,962,5535,19034,19371,3893,4213,57123,2574,43351,7320,65,1119,266,168,2260,656,6035,20852,3.0,55.5,10.3,42.9,5.2,81.1,17.9,7.5,20.2,4.5,75.9,12.8,0.1,2.0,0.5,0.3,4.0,1.15,15.9,89.7,0.466,81.3879,0.0,0.0,0.0
0500000US22115,"Vernon Parish, Louisiana",22,115,6,1532,563,3330,14460,11282,2677,2815,47117,4446,32964,5769,333,749,177,129,2550,1514,3286,18353,3.3,36.7,7.7,39.8,5.7,71.1,14.6,6.8,19.0,9.4,70.0,12.2,0.7,1.6,0.4,0.3,5.4,3.21,11.0,89.2,0.4428,83.4355,0.0,0.0,0.0
0500000US22117,"Washington Parish, Louisiana",22,117,14,293,134,1096,17912,12083,4989,2685,45120,1508,28197,12101,224,37,132,151,2770,1776,4838,13357,0.6,45.7,2.6,50.2,9.9,75.5,28.2,6.2,24.3,3.3,62.5,26.8,0.5,0.1,0.3,0.3,6.1,3.94,15.7,85.9,0.4903,69.6072,0.0,0.0,0.0
0500000US22119,"Webster Parish, Louisiana",22,119,3,363,174,618,14575,10302,3870,1819,35820,841,21946,12003,120,97,38,23,752,1021,3479,11884,1.0,47.9,1.8,50.7,5.1,76.8,27.0,5.2,23.1,2.3,61.3,33.5,0.3,0.3,0.1,0.1,2.1,2.85,14.0,89.5,0.4974,67.6643,0.0,0.0,0.0
0500000US22121,"West Baton Rouge Parish, Louisiana",22,121,12,416,287,1178,7840,9383,1360,1287,27974,1279,14608,11424,7,148,0,21,487,737,1957,11974,1.5,69.0,4.5,36.0,7.0,72.5,12.4,4.7,12.9,4.6,52.2,40.8,0.0,0.5,0.0,0.1,1.7,2.63,10.0,93.4,0.4226,55.1243,0.0,0.0,0.0
0500000US22123,"West Carroll Parish, Louisiana",22,123,0,75,60,388,3682,2950,887,549,9464,353,7525,1387,21,23,6,19,130,194,1217,3326,0.8,80.0,4.3,48.3,5.7,79.4,23.0,5.9,16.2,3.7,79.5,14.7,0.2,0.2,0.1,0.2,1.4,2.05,18.3,92.0,0.4537,86.5957,0.0,0.0,0.0
0500000US22125,"West Feliciana Parish, Louisiana",22,125,2,242,135,562,7370,4203,571,606,15327,626,7686,6570,71,44,0,96,234,4411,1910,4886,1.6,55.8,3.8,56.2,4.1,76.2,14.2,5.5,11.8,4.1,50.1,42.9,0.5,0.3,0.0,0.6,1.5,28.78,16.8,91.9,0.4511,65.2963,0.0,0.0,0.0
0500000US22127,"Winn Parish, Louisiana",22,127,0,931,903,964,5816,3616,879,785,13467,1054,8179,3573,2,244,4,36,375,1512,1682,4238,6.9,97.0,7.5,53.2,5.2,74.4,18.4,6.5,24.3,7.8,60.7,26.5,0.0,1.8,0.0,0.3,2.8,11.23,17.3,88.4,0.4883,76.7514,0.0,0.0,0.0
0500000US23001,"Androscoggin County, Maine",23,001,17,6351,3696,11329,33723,45918,7885,6596,113423,2495,98855,6280,20,1326,9,328,4110,4190,5420,44985,5.6,58.2,10.5,36.3,4.3,81.4,16.8,5.9,14.4,2.2,87.2,5.5,0.0,1.2,0.0,0.3,3.6,3.69,6.9,81.4,0.433,52.0077,0.0,0.0,0.0
0500000US23003,"Aroostook County, Maine",23,003,0,2756,1079,8982,25417,21125,6192,5269,67058,1148,62059,488,769,232,62,73,2227,1866,4478,25020,4.1,39.2,14.0,45.3,5.3,72.7,20.7,8.0,14.4,1.7,92.5,0.7,1.1,0.3,0.1,0.1,3.3,2.78,8.9,87.4,0.4646,62.3959,0.0,0.0,0.0
0500000US23005,"Cumberland County, Maine",23,005,10,20646,10492,22314,84099,138218,9897,14192,308827,8682,264256,10499,338,6787,107,1180,16978,9754,7306,117808,6.7,50.8,7.6,32.3,3.1,81.4,7.5,4.7,7.3,2.8,85.6,3.4,0.1,2.2,0.0,0.4,5.5,3.16,3.2,70.5,0.4595,31.1249,0.0,0.0,0.0
0500000US23007,"Franklin County, Maine",23,007,0,812,328,994,11222,10059,1949,2382,30413,513,28304,246,50,189,0,113,998,1250,1288,10755,2.7,40.4,3.4,43.3,4.6,71.7,15.4,7.9,12.2,1.7,93.1,0.8,0.2,0.6,0.0,0.4,3.3,4.11,5.9,79.2,0.4559,53.0332,0.0,0.0,0.0
0500000US23009,"Hancock County, Maine",23,009,1,1889,900,1764,19435,20280,2142,5345,56460,1050,52282,537,237,542,0,211,1601,1665,1907,21605,3.3,47.6,3.3,40.0,4.6,73.3,8.4,9.6,9.9,1.9,92.6,1.0,0.4,1.0,0.0,0.4,2.8,2.95,4.4,80.1,0.4575,42.8958,0.0,0.0,0.0
0500000US23011,"Kennebec County, Maine",23,011,2,3096,1358,5842,42070,45260,7402,7229,126808,2861,116399,1080,196,1129,1,455,4687,4402,4715,48403,2.4,43.9,4.8,39.9,3.9,74.4,13.6,5.8,11.6,2.3,91.8,0.9,0.2,0.9,0.0,0.4,3.7,3.47,5.2,80.5,0.4316,50.2003,0.0,0.0,0.0
0500000US23013,"Knox County, Maine",23,013,0,1283,527,1674,14755,14394,1572,2183,41003,768,38223,116,51,202,5,92,1546,1807,1648,14896,3.1,41.1,4.2,41.9,3.9,73.5,8.5,5.5,8.2,1.9,93.2,0.3,0.1,0.5,0.0,0.2,3.8,4.41,5.2,78.2,0.4474,39.6323,0.0,0.0,0.0
0500000US23015,"Lincoln County, Maine",23,015,0,786,319,1131,13419,12529,1303,2350,36099,512,33603,293,99,238,1,27,1326,776,1406,13767,2.2,40.6,3.3,43.4,2.9,74.0,7.9,6.6,7.9,1.4,93.1,0.8,0.3,0.7,0.0,0.1,3.7,2.15,5.0,82.8,0.4432,43.3654,0.0,0.0,0.0
0500000US23017,"Oxford County, Maine",23,017,0,838,375,1188,21969,20624,3793,5040,59255,1002,54617,194,114,386,0,258,2684,901,3339,22084,1.4,44.7,2.1,43.6,4.3,75.9,15.7,8.6,13.8,1.7,92.2,0.3,0.2,0.7,0.0,0.4,4.5,1.52,7.4,83.2,0.4588,55.5883,0.0,0.0,0.0
0500000US23019,"Penobscot County, Maine",23,019,1,5190,2572,7213,52996,58917,10162,9658,154710,3223,141000,1704,1051,1641,82,813,5196,7342,5834,61030,3.4,49.6,4.9,40.4,3.6,78.2,15.6,6.3,14.1,2.1,91.1,1.1,0.7,1.1,0.1,0.5,3.4,4.75,5.2,82.9,0.4528,54.4807,0.0,0.0,0.0
0500000US23021,"Piscataquis County, Maine",23,021,0,397,251,425,6884,5985,1504,1713,17263,320,16011,164,20,143,0,30,575,350,1164,6365,2.3,63.2,2.6,46.1,3.6,77.4,17.9,10.1,15.5,1.9,92.7,1.0,0.1,0.8,0.0,0.2,3.3,2.03,8.6,83.5,0.4517,63.5669,0.0,0.0,0.0
0500000US23023,"Sagadahoc County, Maine",23,023,0,928,280,1004,11833,14338,1432,1966,37285,754,34291,187,14,249,0,133,1657,341,1221,14455,2.5,30.2,2.8,37.3,4.6,75.7,8.7,5.3,10.0,2.0,92.0,0.5,0.0,0.7,0.0,0.4,4.4,0.91,4.3,78.8,0.4364,40.5504,0.0,0.0,0.0
0500000US23025,"Somerset County, Maine",23,025,0,755,319,1093,18935,17692,4101,3783,50959,787,47820,249,71,192,11,90,1739,801,2589,19142,1.5,42.3,2.2,44.3,3.5,77.0,17.7,7.5,14.2,1.5,93.8,0.5,0.1,0.4,0.0,0.2,3.4,1.57,6.8,84.9,0.4465,62.6771,0.0,0.0,0.0
0500000US23027,"Waldo County, Maine",23,027,0,940,416,1676,14218,13939,2180,3663,40192,651,37315,157,73,184,0,224,1588,812,1932,14794,2.3,44.3,4.4,41.9,3.7,73.7,12.5,9.2,12.0,1.6,92.8,0.4,0.2,0.5,0.0,0.6,4.0,2.02,6.4,79.8,0.4331,47.0155,0.0,0.0,0.0
0500000US23029,"Washington County, Maine",23,029,0,1152,408,1663,12355,8579,2663,2811,31331,796,27440,234,1391,104,21,65,1280,1039,2083,10618,3.7,35.4,5.6,47.1,6.3,66.1,18.8,9.1,17.1,2.5,87.6,0.7,4.4,0.3,0.1,0.2,4.1,3.32,8.9,84.7,0.4594,60.9609,0.0,0.0,0.0
0500000US23031,"York County, Maine",23,031,8,8629,3614,11751,63932,88391,7364,10376,216731,4704,195330,2418,252,2310,56,962,10699,3445,7482,89132,4.0,41.9,5.7,35.0,3.4,77.5,8.1,4.8,7.7,2.2,90.1,1.1,0.1,1.1,0.0,0.4,4.9,1.59,4.6,79.4,0.4272,43.8082,0.0,0.0,0.0
0500000US24001,"Allegany County, Maryland",24,001,2,1387,619,2046,28383,19298,5751,2371,67452,1328,57908,4594,116,708,28,349,2421,6523,4562,22837,2.1,44.6,3.2,50.2,5.0,72.1,21.0,3.8,16.9,2.0,85.9,6.8,0.2,1.0,0.0,0.5,3.6,9.67,9.6,87.0,0.4389,68.8957,0.0,0.0,0.0
0500000US24003,"Anne Arundel County, Maryland",24,003,201,59948,25092,78074,146462,221471,14710,27369,598166,62581,368792,105567,584,25044,317,3149,32132,13252,26469,243056,10.0,41.9,13.9,30.6,3.7,72.2,6.5,4.7,5.6,10.5,61.7,17.6,0.1,4.2,0.1,0.5,5.4,2.22,6.4,76.8,0.4179,41.3683,0.0,0.0,0.0
0500000US24005,"Baltimore County, Maryland",24,005,66,112231,44646,126573,235203,327381,37563,45873,850796,66062,435113,256262,942,51965,210,5344,34898,19562,48774,325709,13.2,39.8,15.8,34.2,4.9,76.3,11.3,5.4,9.8,7.8,51.1,30.1,0.1,6.1,0.0,0.6,4.1,2.3,8.3,77.3,0.458,36.2205,0.0,0.0,0.0
0500000US24009,"Calvert County, Maryland",24,009,12,3805,1000,5233,25110,31349,1696,2830,94313,4863,69426,11267,93,1804,35,554,6271,537,3297,38006,4.0,26.3,5.9,33.4,2.7,65.8,5.1,3.0,3.9,5.2,73.6,11.9,0.1,1.9,0.0,0.6,6.6,0.57,5.1,78.5,0.3825,54.1806,0.0,0.0,0.0
0500000US24011,"Caroline County, Maryland",24,011,2,2058,1517,2686,9761,12176,2202,2438,33669,3122,24419,4227,4,249,7,153,1488,581,3734,14001,6.1,73.7,8.5,36.6,5.7,76.3,17.6,7.3,12.2,9.3,72.5,12.6,0.0,0.7,0.0,0.5,4.4,1.73,16.2,89.2,0.4253,67.6852,0.0,0.0,0.0
0500000US24013,"Carroll County, Maryland",24,013,8,9577,4069,11424,45919,68633,3352,5011,175321,8923,148104,7035,109,4195,11,1314,5630,4101,5770,73415,5.5,42.5,6.9,32.4,3.5,74.6,5.2,2.9,5.2,5.1,84.5,4.0,0.1,2.4,0.0,0.7,3.2,2.34,4.7,80.6,0.4029,60.6648,0.0,0.0,0.0
0500000US24015,"Cecil County, Maryland",24,015,13,4120,1697,6878,31919,37466,5452,3739,104960,5852,84359,7478,83,1284,40,656,5208,1712,5997,41091,3.9,41.2,6.9,37.7,5.5,75.2,13.4,3.6,10.8,5.6,80.4,7.1,0.1,1.2,0.0,0.6,5.0,1.63,8.2,83.8,0.418,64.112,0.0,0.0,0.0
0500000US24017,"Charles County, Maryland",24,017,5,14513,5805,16424,41064,53402,5885,7767,170527,13500,54588,82452,420,5653,141,1234,12539,1423,6337,69200,8.5,40.0,10.2,30.4,4.8,60.9,9.7,4.6,6.9,7.9,32.0,48.4,0.2,3.3,0.1,0.7,7.4,0.83,5.5,78.7,0.3883,28.3885,0.0,0.0,0.0
0500000US24019,"Dorchester County, Maryland",24,019,0,1468,867,1894,11029,10614,2849,1798,32754,1996,19895,8115,0,381,6,257,2104,477,3224,12970,4.5,59.1,6.1,41.3,5.7,71.9,21.0,5.5,17.1,6.1,60.7,24.8,0.0,1.2,0.0,0.8,6.4,1.46,13.7,89.0,0.4697,55.9862,0.0,0.0,0.0
0500000US24021,"Frederick County, Maryland",24,021,49,39477,15976,47698,68517,112603,7732,13357,287048,36962,188615,28907,254,16825,98,909,14478,4716,12957,113254,13.8,40.5,17.7,30.1,3.3,74.0,7.4,4.7,6.0,12.9,65.7,10.1,0.1,5.9,0.0,0.3,5.0,1.64,6.6,74.7,0.3983,44.0403,0.0,0.0,0.0
0500000US24023,"Garrett County, Maryland",24,023,0,397,181,893,10091,9735,1903,1753,28615,393,27112,175,58,137,1,172,567,690,2105,10959,1.4,45.6,3.3,41.8,4.4,72.5,15.1,6.2,11.2,1.4,94.7,0.6,0.2,0.5,0.0,0.6,2.0,2.41,9.8,83.4,0.4929,75.6598,0.0,1.0,0.0
0500000US24025,"Harford County, Maryland",24,025,24,15692,5194,21506,68897,100266,7558,9272,263757,15290,188826,37254,185,7897,138,1736,12431,1817,9042,111089,5.9,33.1,8.6,32.5,3.8,73.6,7.4,3.6,7.1,5.8,71.6,14.1,0.1,3.0,0.1,0.7,4.7,0.69,4.9,82.0,0.408,55.3335,0.0,0.0,0.0
0500000US24027,"Howard County, Maryland",24,027,27,76729,26162,90056,81316,126510,6828,14018,336328,29135,154383,66160,266,64689,129,2267,19299,2745,11572,123299,22.8,34.1,28.3,30.6,3.5,72.0,5.6,4.2,5.2,8.7,45.9,19.7,0.1,19.2,0.0,0.7,5.7,0.82,5.0,70.3,0.4136,27.1132,0.0,0.0,0.0
0500000US24029,"Kent County, Maryland",24,029,0,710,239,936,6717,7477,1046,1151,19346,1126,14686,2704,2,242,1,64,521,1592,999,7227,3.7,33.7,5.0,39.9,3.0,76.8,12.3,6.1,9.7,5.8,75.9,14.0,0.0,1.3,0.0,0.3,2.7,8.23,7.1,76.5,0.4527,49.973,0.0,0.0,0.0
0500000US24031,"Montgomery County, Maryland",24,031,35,358223,151867,431596,257831,401746,28972,73432,1065949,223958,420862,194756,1153,163089,380,10685,51066,8624,64055,333534,33.6,42.4,43.0,30.2,4.9,71.5,7.4,7.0,7.5,21.0,39.5,18.3,0.1,15.3,0.0,1.0,4.8,0.81,8.7,60.4,0.4691,21.6935,0.0,0.0,0.0
0500000US24033,"Prince George's County, Maryland",24,033,85,242379,136637,277006,234739,340494,42353,108313,959754,216088,103961,558157,1435,37126,247,6490,36250,19219,88628,342768,25.3,56.4,30.7,30.4,6.4,68.4,12.2,11.4,10.8,22.5,10.8,58.2,0.1,3.9,0.0,0.7,3.8,2.0,13.4,69.9,0.4165,11.1403,0.0,0.0,0.0
0500000US24035,"Queen Anne's County, Maryland",24,035,1,2625,1493,2816,13660,20169,1440,2922,51825,2958,42759,2842,8,525,0,347,2386,381,2420,22399,5.1,56.9,5.7,32.4,3.8,73.7,7.2,5.7,6.4,5.7,82.5,5.5,0.0,1.0,0.0,0.7,4.6,0.74,6.5,83.0,0.4274,62.4478,0.0,0.0,0.0
0500000US24037,"St. Mary's County, Maryland",24,037,3,4942,2053,7935,28616,35572,4752,4313,115126,7072,80916,16751,73,2989,6,569,6750,2674,5648,46020,4.3,41.5,7.3,31.5,3.6,62.2,11.2,3.9,8.0,6.1,70.3,14.6,0.1,2.6,0.0,0.5,5.9,2.32,7.3,77.9,0.4087,56.9631,0.0,0.0,0.0
0500000US24039,"Somerset County, Maryland",24,039,0,1266,801,1529,11378,5415,2076,772,24822,1144,12613,9559,60,185,0,106,1155,4972,2318,7554,5.1,63.3,6.5,54.0,7.5,60.3,24.9,3.6,16.4,4.6,50.8,38.5,0.2,0.7,0.0,0.4,4.7,20.03,13.3,86.0,0.4515,57.2655,0.0,0.0,0.0
0500000US24041,"Talbot County, Maryland",24,041,3,3023,1705,3603,13869,12782,1692,1479,37917,3650,27999,4628,54,528,19,90,949,445,2274,13352,8.0,56.4,9.9,43.6,4.3,74.5,10.3,3.9,9.3,9.6,73.8,12.2,0.1,1.4,0.1,0.2,2.5,1.17,7.9,79.3,0.5061,48.7297,0.0,0.0,0.0
0500000US24043,"Washington County, Maryland",24,043,29,10265,5111,13776,50770,54472,9180,9313,155709,12297,114121,17838,113,2531,80,422,8307,7420,12425,58949,6.6,49.8,9.4,40.4,4.2,76.3,15.3,6.3,12.4,7.9,73.3,11.5,0.1,1.6,0.1,0.3,5.3,4.77,11.4,83.4,0.4396,60.0747,0.0,1.0,0.0
0500000US24045,"Wicomico County, Maryland",24,045,37,9913,5254,13724,28263,39347,6951,6923,104914,7463,60794,27761,29,2553,20,583,5711,4119,6136,45516,9.4,53.0,13.9,33.7,5.9,75.2,17.2,6.7,13.9,7.1,57.9,26.5,0.0,2.4,0.0,0.6,5.4,3.93,9.2,88.3,0.4468,51.2982,0.0,0.0,0.0
0500000US24047,"Worcester County, Maryland",24,047,7,2525,1244,3251,18807,18011,2385,2669,53700,2165,41791,6455,21,743,29,374,2122,740,2455,20433,4.7,49.3,6.3,41.2,6.7,72.3,9.9,5.0,9.9,4.0,77.8,12.0,0.0,1.4,0.1,0.7,4.0,1.38,6.0,83.3,0.4861,59.7062,0.0,0.0,0.0
0500000US24510,"Baltimore city, Maryland",24,510,40,53397,28777,64450,171585,207444,59197,33620,573243,47018,148914,335489,881,14688,131,3556,22566,20879,49494,169320,9.3,53.9,12.0,36.8,6.5,75.5,23.2,5.9,19.7,8.2,26.0,58.5,0.2,2.6,0.0,0.6,3.9,3.64,12.3,62.6,0.508,12.1272,0.0,0.0,0.0
0500000US25001,"Barnstable County, Massachusetts",25,001,12,22931,10459,24171,84992,86888,9959,6089,231668,8561,197297,6441,770,3402,0,3083,12114,2959,6913,86895,9.9,45.6,10.8,41.7,5.0,77.5,9.4,2.7,7.7,3.7,85.2,2.8,0.3,1.5,0.0,1.3,5.2,1.28,3.8,79.1,0.4787,38.6134,0.0,0.0,0.0
0500000US25003,"Berkshire County, Massachusetts",25,003,2,7974,3847,10138,44024,49508,9512,2138,129430,7591,109712,3310,151,2458,13,574,5621,6144,5668,48724,6.2,48.2,8.1,39.5,5.4,77.5,16.5,1.7,11.4,5.9,84.8,2.6,0.1,1.9,0.0,0.4,4.3,4.75,5.9,78.3,0.4938,28.8392,0.0,0.0,0.0
0500000US25005,"Bristol County, Massachusetts",25,005,73,79338,32541,120118,166045,241227,46290,18962,582270,59389,438495,23490,423,14126,31,10162,36154,14487,54902,240155,13.6,41.0,21.7,34.8,5.5,82.1,19.8,3.3,11.3,10.2,75.3,4.0,0.1,2.4,0.0,1.7,6.2,2.49,13.3,83.6,0.4576,48.269,0.0,0.0,0.0
0500000US25007,"Dukes County, Massachusetts",25,007,0,2899,1741,2831,5853,7895,503,447,20933,682,16741,574,217,309,0,600,1810,260,779,7575,13.8,60.1,14.1,32.7,6.6,70.1,6.6,2.1,4.4,3.3,80.0,2.7,1.0,1.5,0.0,2.9,8.6,1.24,4.7,68.7,0.5535,22.4834,0.0,0.0,0.0
0500000US25009,"Essex County, Massachusetts",25,009,62,155445,68815,220452,216074,349190,51931,22449,813054,195593,524651,28297,292,28724,174,6542,28781,17288,56876,311003,19.1,44.3,28.7,32.5,5.1,82.1,16.6,2.8,9.4,24.1,64.5,3.5,0.0,3.5,0.0,0.8,3.5,2.13,9.9,74.9,0.4819,38.6551,0.0,0.0,0.0
0500000US25011,"Franklin County, Massachusetts",25,011,0,3541,1706,4610,22821,25223,5377,1480,70944,3839,62047,897,23,1436,21,388,2293,1614,3019,28009,5.0,48.2,6.7,37.6,5.4,70.4,17.0,2.1,12.1,5.4,87.5,1.3,0.0,2.0,0.0,0.5,3.2,2.28,5.5,79.3,0.4361,29.4168,0.0,0.0,0.0
0500000US25013,"Hampden County, Massachusetts",25,013,55,43693,17381,112134,150965,166577,47108,13969,462815,125188,274463,35228,205,11580,23,1788,14340,13368,41022,175642,9.4,39.8,25.6,39.9,6.0,78.2,25.5,3.0,16.3,27.0,59.3,7.6,0.0,2.5,0.0,0.4,3.1,2.89,12.8,83.9,0.4704,44.3299,0.0,0.0,0.0
0500000US25015,"Hampshire County, Massachusetts",25,015,8,13680,6247,20211,54921,59451,7776,2815,162028,11964,130171,4019,94,8547,16,636,6581,23177,4605,55865,8.4,45.7,12.9,38.5,5.0,71.6,12.5,1.7,11.3,7.4,80.3,2.5,0.1,5.3,0.0,0.4,4.1,14.3,4.6,69.7,0.4709,27.4504,0.0,0.0,0.0
0500000US25017,"Middlesex County, Massachusetts",25,017,195,378142,187136,452436,409153,757715,59014,38355,1638365,151761,1066504,77245,878,222642,553,23283,95499,59416,78596,538190,23.1,49.5,29.1,30.1,4.4,83.7,9.3,2.4,7.7,9.3,65.1,4.7,0.1,13.6,0.0,1.4,5.8,3.63,6.8,60.5,0.4747,28.8548,0.0,0.0,0.0
0500000US25019,"Nantucket County, Massachusetts",25,019,0,2290,1071,2582,3378,5857,524,1130,14483,2467,9879,1361,8,251,0,127,390,259,720,5981,15.8,46.8,18.7,28.2,4.3,71.4,10.0,7.8,3.2,17.0,68.2,9.4,0.1,1.7,0.0,0.9,2.7,1.79,6.8,73.9,0.4719,30.5001,0.0,0.0,0.0
0500000US25021,"Norfolk County, Massachusetts",25,021,130,141142,57615,161436,184807,327011,26578,13511,730082,42383,501825,51987,412,90340,132,8098,34905,18298,28767,244235,19.3,40.8,23.3,30.8,4.9,83.0,9.4,1.9,6.7,5.8,68.7,7.1,0.1,12.4,0.0,1.1,4.8,2.51,5.6,63.4,0.4841,34.2859,0.0,0.0,0.0
0500000US25023,"Plymouth County, Massachusetts",25,023,37,59846,23657,74579,146086,220668,25764,13266,535075,26184,407191,41606,353,8959,206,14453,36123,11146,26359,210711,11.2,39.5,14.7,33.3,5.1,79.6,12.7,2.5,7.1,4.9,76.1,7.8,0.1,1.7,0.0,2.7,6.8,2.08,6.9,77.5,0.4625,44.4955,0.0,0.0,0.0
0500000US25025,"Suffolk County, Massachusetts",25,025,42,234039,115780,289687,203458,370695,64342,24175,785121,182283,342378,134542,979,71965,317,8387,44270,48448,68832,178037,29.8,49.5,38.8,30.2,6.3,84.4,19.7,3.1,16.2,23.2,43.6,17.1,0.1,9.2,0.0,1.1,5.6,6.17,12.5,41.5,0.5251,22.2198,0.0,0.0,0.0
0500000US25027,"Worcester County, Massachusetts",25,027,77,126246,59703,183715,238463,361894,53441,21623,867788,118968,610037,41254,600,46129,180,9555,41065,28212,53571,342293,14.5,47.3,22.3,33.5,5.3,81.0,15.9,2.5,10.3,13.7,70.3,4.8,0.1,5.3,0.0,1.1,4.7,3.25,8.8,78.3,0.4525,43.6749,0.0,0.0,0.0
0500000US26001,"Alcona County, Michigan",26,001,0,208,41,179,5312,2822,664,404,10397,176,9676,68,28,52,0,47,350,99,614,3162,2.0,19.7,1.8,57.3,4.5,74.5,12.5,3.9,12.3,1.7,93.1,0.7,0.3,0.5,0.0,0.5,3.4,0.95,7.1,85.5,0.4367,70.2526,0.0,0.0,0.0
0500000US26003,"Alger County, Michigan",26,003,0,93,52,234,4509,2174,388,331,8762,154,7128,670,202,23,0,65,520,1022,419,2466,1.1,55.9,2.8,58.7,6.8,73.5,11.0,4.3,10.4,1.8,81.4,7.6,2.3,0.3,0.0,0.7,5.9,11.66,6.1,84.9,0.4042,59.2621,0.0,0.0,0.0
0500000US26005,"Allegan County, Michigan",26,005,13,4234,2396,8138,37003,49355,3532,5830,121456,9856,102766,1439,216,806,28,666,5679,1169,6401,49805,3.5,56.6,7.1,38.2,3.0,85.0,7.8,4.8,8.4,8.1,84.6,1.2,0.2,0.7,0.0,0.5,4.7,0.96,7.6,87.0,0.4151,62.8621,0.0,0.0,0.0
0500000US26007,"Alpena County, Michigan",26,007,0,349,171,687,11164,10201,2178,1471,28880,477,26675,291,15,53,0,142,1227,606,1616,10088,1.2,49.0,2.5,46.1,6.2,83.5,16.7,5.2,18.0,1.7,92.4,1.0,0.1,0.2,0.0,0.5,4.2,2.1,7.4,84.5,0.4678,63.7135,0.0,0.0,0.0
0500000US26009,"Antrim County, Michigan",26,009,4,391,218,437,9326,8467,1107,1381,24127,525,22303,120,119,74,0,206,780,208,985,8658,1.6,55.8,1.9,45.4,3.9,78.5,10.0,5.8,9.9,2.2,92.4,0.5,0.5,0.3,0.0,0.9,3.2,0.86,5.3,82.1,0.4343,61.251,0.0,0.0,0.0
0500000US26011,"Arenac County, Michigan",26,011,0,127,61,365,6033,5002,1055,899,15077,336,14017,104,57,21,0,15,527,180,1339,5305,0.8,48.0,2.5,47.6,6.0,80.3,16.1,6.0,11.7,2.2,93.0,0.7,0.4,0.1,0.0,0.1,3.5,1.19,11.8,87.0,0.4039,69.6549,0.0,0.0,0.0
0500000US26013,"Baraga County, Michigan",26,013,0,58,13,180,3970,2095,555,274,8191,143,5895,513,967,65,11,9,588,1001,511,2605,0.7,22.4,2.3,56.5,5.1,72.4,16.2,3.8,15.2,1.7,72.0,6.3,11.8,0.8,0.1,0.1,7.2,12.22,8.2,91.0,0.4354,64.1505,0.0,0.0,0.0
0500000US26015,"Barry County, Michigan",26,015,7,1737,1125,2918,20921,24606,2296,3308,63409,2337,58217,214,89,379,46,163,1964,412,2982,24687,2.7,64.8,4.9,40.7,4.3,84.6,9.4,5.2,8.4,3.7,91.8,0.3,0.1,0.6,0.1,0.3,3.1,0.65,6.6,86.3,0.4468,66.4078,0.0,0.0,0.0
0500000US26017,"Bay County, Michigan",26,017,1,1288,430,2305,34723,40982,6120,4523,103008,6117,90838,1067,113,525,60,482,3806,1119,6075,42213,1.3,33.4,2.3,40.7,4.3,84.6,13.6,4.4,13.2,5.9,88.2,1.0,0.1,0.5,0.1,0.5,3.7,1.09,8.1,88.7,0.4342,56.7218,0.0,0.0,0.0
0500000US26019,"Benzie County, Michigan",26,019,0,254,108,347,7121,6350,605,1006,18310,457,16728,118,164,99,0,162,582,304,825,6877,1.4,42.5,2.0,45.8,3.1,78.0,7.8,5.6,9.7,2.5,91.4,0.6,0.9,0.5,0.0,0.9,3.2,1.66,5.9,85.6,0.4486,53.6743,0.0,0.0,0.0
0500000US26021,"Berrien County, Michigan",26,021,39,8375,4316,11421,49992,58833,9057,9716,153288,9697,111455,20019,262,2760,33,1045,8017,3095,8381,57979,5.5,51.5,7.9,40.1,6.2,83.9,14.2,6.4,15.1,6.3,72.7,13.1,0.2,1.8,0.0,0.7,5.2,2.02,7.7,84.7,0.4748,53.2324,0.0,1.0,0.0
0500000US26023,"Branch County, Michigan",26,023,4,1779,1067,4953,14994,16144,2161,4257,45300,3071,39155,757,65,202,0,201,1849,1779,3543,17205,3.9,60.0,11.7,41.9,5.7,82.2,12.8,9.8,16.4,6.8,86.4,1.7,0.1,0.4,0.0,0.4,4.1,3.93,11.4,89.7,0.421,70.4064,0.0,0.0,0.0
0500000US26025,"Calhoun County, Michigan",26,025,33,5502,3005,8654,43290,48489,7175,7690,133778,7914,100683,12835,338,3460,43,491,8014,3692,7916,51304,4.1,54.6,6.9,40.4,6.4,81.5,13.5,5.8,13.9,5.9,75.3,9.6,0.3,2.6,0.0,0.4,6.0,2.76,8.6,88.1,0.4441,56.355,0.0,1.0,0.0
0500000US26027,"Cass County, Michigan",26,027,9,1375,638,2109,17489,19774,2720,3520,51520,2329,43299,2058,364,399,10,404,2657,474,3704,20303,2.7,46.4,4.3,41.2,5.0,83.5,12.8,6.9,11.9,4.5,84.0,4.0,0.7,0.8,0.0,0.8,5.2,0.92,10.0,87.3,0.4628,66.3952,0.0,0.0,0.0
0500000US26029,"Charlevoix County, Michigan",26,029,0,467,139,750,9365,10022,983,1597,26108,530,24099,130,187,176,0,94,892,318,978,10232,1.8,29.8,3.0,42.2,3.4,81.3,8.0,6.2,8.7,2.0,92.3,0.5,0.7,0.7,0.0,0.4,3.4,1.22,4.9,84.0,0.4609,57.6581,0.0,0.0,0.0
0500000US26031,"Cheboygan County, Michigan",26,031,0,576,172,756,10872,8510,1405,1508,25865,440,23010,238,580,141,3,62,1391,267,1798,9266,2.2,29.9,3.0,48.6,6.1,78.9,12.6,5.9,12.4,1.7,89.0,0.9,2.2,0.5,0.0,0.2,5.4,1.03,8.9,87.4,0.4512,64.8663,0.0,0.0,0.0
0500000US26033,"Chippewa County, Michigan",26,033,0,1055,467,1622,14319,10300,1846,1868,36295,825,24418,2025,4782,262,11,257,3715,4411,1902,12976,2.9,44.3,4.7,46.9,5.2,67.7,13.1,5.7,14.0,2.3,67.3,5.6,13.2,0.7,0.0,0.7,10.2,12.15,7.4,86.1,0.423,61.2524,0.0,0.0,0.0
0500000US26035,"Clare County, Michigan",26,035,0,266,116,1647,13908,8584,2380,3165,31218,715,28981,294,111,102,1,64,950,374,2632,8873,0.9,43.6,5.5,53.8,9.5,79.6,19.0,10.2,21.6,2.3,92.8,0.9,0.4,0.3,0.0,0.2,3.0,1.2,11.3,84.1,0.4614,68.0935,0.0,0.0,0.0
0500000US26037,"Clinton County, Michigan",26,037,0,2187,939,3432,23240,28878,2082,2318,79626,4147,69548,1460,125,1226,7,410,2703,824,2637,31887,2.7,42.9,4.5,36.1,3.8,73.0,6.6,2.9,9.7,5.2,87.3,1.8,0.2,1.5,0.0,0.5,3.4,1.03,4.7,81.3,0.4296,53.517,0.0,0.0,0.0
0500000US26039,"Crawford County, Michigan",26,039,0,208,86,202,5689,3881,922,671,13369,326,12232,53,32,111,0,62,553,166,897,4333,1.6,41.3,1.6,50.2,8.2,75.4,14.8,5.1,14.7,2.4,91.5,0.4,0.2,0.8,0.0,0.5,4.1,1.24,8.7,86.1,0.4018,66.2223,1.0,0.0,0.0
0500000US26041,"Delta County, Michigan",26,041,0,354,159,537,15018,11770,1974,1757,36813,560,33107,69,560,176,1,85,2255,721,1930,13437,1.0,44.9,1.5,48.8,4.2,78.1,12.4,4.8,12.7,1.5,89.9,0.2,1.5,0.5,0.0,0.2,6.1,1.96,7.1,90.6,0.4744,64.5012,0.0,0.0,0.0
0500000US26043,"Dickinson County, Michigan",26,043,3,421,190,743,9091,9805,994,945,25954,511,23956,90,108,75,36,144,1034,364,680,10049,1.6,45.1,3.0,42.5,3.6,82.6,8.3,3.7,10.5,2.0,92.3,0.3,0.4,0.3,0.1,0.6,4.0,1.4,3.6,85.6,0.4244,67.4242,0.0,0.0,0.0
0500000US26045,"Eaton County, Michigan",26,045,23,4551,2050,6746,32532,41648,4579,4739,109130,6891,87084,7352,237,2413,29,609,4515,1923,4550,43340,4.2,45.0,6.5,36.4,4.5,77.0,10.1,4.4,8.3,6.3,79.8,6.7,0.2,2.2,0.0,0.6,4.1,1.76,5.8,81.3,0.4064,50.7637,0.0,0.0,0.0
0500000US26047,"Emmet County, Michigan",26,047,3,511,186,1004,11335,12888,1118,2167,34125,714,30396,153,503,169,10,197,1983,417,938,13805,1.5,36.4,3.1,39.4,3.2,76.8,7.4,6.4,8.5,2.1,89.1,0.4,1.5,0.5,0.0,0.6,5.8,1.22,3.7,83.6,0.4727,54.549,0.0,0.0,0.0
0500000US26049,"Genesee County, Michigan",26,049,223,11496,4424,14800,134391,146016,31470,19417,403305,17176,282456,77056,847,4361,56,1952,19401,5024,23518,149830,2.9,38.5,3.9,41.5,8.1,83.8,18.8,4.8,16.4,4.3,70.0,19.1,0.2,1.1,0.0,0.5,4.8,1.25,8.4,87.6,0.4602,47.1644,0.0,0.0,0.0
0500000US26051,"Gladwin County, Michigan",26,051,0,316,105,933,11314,7918,1822,2064,25693,575,23816,81,106,111,2,73,929,226,2110,8096,1.2,33.2,3.8,52.6,6.8,83.6,16.2,8.1,14.9,2.2,92.7,0.3,0.4,0.4,0.0,0.3,3.6,0.88,10.9,86.6,0.4337,69.7895,0.0,0.0,0.0
0500000US26053,"Gogebic County, Michigan",26,053,1,168,57,401,5723,4604,1301,717,14319,291,12954,59,346,86,30,16,537,310,447,5316,1.2,33.9,2.9,46.8,6.5,75.6,18.6,5.1,14.4,2.0,90.5,0.4,2.4,0.6,0.2,0.1,3.8,2.16,4.0,88.5,0.4788,57.9024,0.0,0.0,0.0
0500000US26055,"Grand Traverse County, Michigan",26,055,29,1946,648,2239,28601,40471,3009,4084,96166,3242,87013,789,408,655,4,142,3913,1898,3052,38491,2.0,33.3,2.4,36.0,3.8,82.8,7.5,4.3,9.6,3.4,90.5,0.8,0.4,0.7,0.0,0.1,4.1,1.97,4.3,79.8,0.4376,50.0589,0.0,0.0,0.0
0500000US26057,"Gratiot County, Michigan",26,057,0,555,345,1603,16231,13914,2229,1565,41385,3171,34329,2387,104,169,0,128,1097,5930,2369,14707,1.3,62.2,4.1,47.3,4.2,80.2,15.1,4.2,14.0,7.7,83.0,5.8,0.3,0.4,0.0,0.3,2.7,14.33,8.3,86.6,0.4404,64.9637,0.0,0.0,0.0
0500000US26059,"Hillsdale County, Michigan",26,059,0,663,289,1472,15908,16380,2152,2916,45654,1283,42051,313,20,117,0,209,1661,1545,2816,16995,1.5,43.6,3.4,43.0,4.4,81.1,12.0,6.4,14.4,2.8,92.1,0.7,0.0,0.3,0.0,0.5,3.6,3.38,8.9,85.8,0.4307,75.0403,0.0,0.0,0.0
0500000US26061,"Houghton County, Michigan",26,061,0,2006,1412,2326,13144,12804,1383,1890,37693,697,34270,416,172,1084,3,327,724,4387,1217,12359,5.3,70.4,6.5,42.2,5.7,76.0,9.7,5.1,16.5,1.8,90.9,1.1,0.5,2.9,0.0,0.9,1.9,11.64,5.5,73.8,0.4644,57.7114,0.0,0.0,0.0
0500000US26063,"Huron County, Michigan",26,063,0,514,270,978,11503,10865,1593,1472,31113,886,29021,106,50,180,16,145,709,524,1730,11807,1.7,52.5,3.3,44.5,4.1,78.9,11.3,4.8,12.6,2.8,93.3,0.3,0.2,0.6,0.1,0.5,2.3,1.68,7.5,87.2,0.4426,69.7137,0.0,0.0,0.0
0500000US26065,"Ingham County, Michigan",26,065,77,26570,14635,36078,84080,104668,14161,13880,283913,24806,188967,31296,674,17609,43,2253,18265,17916,11170,102718,9.4,55.1,13.4,35.8,6.2,74.0,12.1,4.9,16.7,8.7,66.6,11.0,0.2,6.2,0.0,0.8,6.4,6.31,6.3,74.1,0.4726,34.1416,0.0,0.0,0.0
0500000US26067,"Ionia County, Michigan",26,067,3,918,440,1592,22255,25292,3177,3321,66574,3539,56781,2212,336,304,14,223,3165,3391,4226,26652,1.4,47.9,2.5,40.8,3.9,81.8,13.6,5.2,10.6,5.3,85.3,3.3,0.5,0.5,0.0,0.3,4.8,5.09,9.0,87.2,0.4158,65.1921,0.0,0.0,0.0
0500000US26069,"Iosco County, Michigan",26,069,0,517,155,713,11253,8030,1739,1158,25347,719,23131,232,38,198,0,102,927,273,1911,8310,2.0,30.0,3.0,52.1,6.5,83.1,14.8,4.6,17.7,2.8,91.3,0.9,0.1,0.8,0.0,0.4,3.7,1.08,9.8,87.7,0.4711,64.5541,0.0,0.0,0.0
0500000US26071,"Iron County, Michigan",26,071,0,105,45,379,5106,3460,735,571,11667,268,10576,110,99,69,0,111,434,314,475,3623,0.9,42.9,3.4,52.1,5.4,77.9,13.3,5.0,17.0,2.3,90.6,0.9,0.8,0.6,0.0,1.0,3.7,2.69,5.3,83.1,0.4557,64.0529,0.0,0.0,0.0
0500000US26073,"Isabella County, Michigan",26,073,0,2116,1465,4009,20511,24149,2830,4965,64565,3281,53579,1574,1633,1061,14,249,3174,5213,2945,25586,3.3,69.2,6.5,37.6,6.4,76.0,11.4,7.8,21.9,5.1,83.0,2.4,2.5,1.6,0.0,0.4,4.9,8.07,8.1,83.6,0.4612,52.9269,0.0,0.0,0.0
0500000US26075,"Jackson County, Michigan",26,075,58,3474,1932,5278,56335,56629,8556,7469,160060,6542,131179,11768,314,1220,47,412,8578,9207,8583,59792,2.2,55.6,3.5,43.2,5.5,81.1,13.7,4.9,11.6,4.1,82.0,7.4,0.2,0.8,0.0,0.3,5.4,5.75,7.6,86.8,0.4453,59.884,0.0,1.0,0.0
0500000US26077,"Kalamazoo County, Michigan",26,077,115,15204,7769,19721,72798,111134,12009,12323,262375,15483,195720,28246,325,7427,41,875,14258,7854,8879,107693,5.8,51.1,7.9,34.3,5.5,84.5,11.2,4.7,12.7,5.9,74.6,10.8,0.1,2.8,0.0,0.3,5.4,2.99,5.3,82.9,0.4734,40.2656,0.0,0.0,0.0
0500000US26079,"Kalkaska County, Michigan",26,079,0,264,77,462,6665,6477,1216,1106,18239,417,16841,148,38,91,0,23,681,202,1273,7094,1.4,29.2,2.7,44.5,3.8,81.5,15.6,6.1,12.2,2.3,92.3,0.8,0.2,0.5,0.0,0.1,3.7,1.11,9.5,90.6,0.4065,70.6826,0.0,0.0,0.0
0500000US26081,"Kent County, Michigan",26,081,176,59120,32961,81766,164100,301182,26393,31772,663150,77304,467038,62581,1086,21201,88,3665,30187,11814,34360,275916,8.9,55.8,13.1,31.2,4.2,87.0,10.3,4.8,10.1,11.7,70.4,9.4,0.2,3.2,0.0,0.6,4.6,1.78,7.7,81.0,0.4485,46.4367,0.0,0.0,0.0
0500000US26083,"Keweenaw County, Michigan",26,083,0,33,8,61,1016,606,84,186,2133,42,1977,0,3,0,0,43,68,16,68,577,1.5,24.2,3.0,54.9,2.2,74.1,7.4,8.7,15.2,2.0,92.7,0.0,0.1,0.0,0.0,2.0,3.2,0.75,3.9,72.0,0.494,55.6176,0.0,0.0,0.0
0500000US26085,"Lake County, Michigan",26,085,0,123,51,559,6041,3674,989,896,12563,1163,9490,984,105,38,0,97,686,293,1389,3849,1.0,41.5,4.6,55.3,7.4,81.2,19.1,7.3,20.5,9.3,75.5,7.8,0.8,0.3,0.0,0.8,5.5,2.33,14.3,86.6,0.4292,65.4085,0.0,0.0,0.0
0500000US26087,"Lapeer County, Michigan",26,087,3,2085,1149,3551,29859,34808,3968,4164,88837,4476,79679,866,80,259,0,377,3100,1592,4991,35966,2.3,55.1,4.2,40.6,5.1,84.1,11.4,4.8,9.7,5.0,89.7,1.0,0.1,0.3,0.0,0.4,3.5,1.79,7.7,88.9,0.4218,69.2617,0.0,0.0,0.0
0500000US26089,"Leelanau County, Michigan",26,089,0,422,124,949,9708,7256,457,728,22734,982,20233,133,467,106,2,84,727,316,519,7556,1.9,29.4,4.3,49.3,3.4,75.4,4.7,3.2,6.5,4.3,89.0,0.6,2.1,0.5,0.0,0.4,3.2,1.39,2.9,80.5,0.4688,45.434,0.0,0.0,0.0
0500000US26091,"Lenawee County, Michigan",26,091,20,2128,1004,4451,33844,36273,4316,4804,98415,8797,83433,2248,102,326,32,250,3227,4721,5973,37848,2.2,47.2,4.8,41.9,4.7,81.0,11.1,5.0,10.7,8.9,84.8,2.3,0.1,0.3,0.0,0.3,3.3,4.8,8.6,86.8,0.4108,60.8241,0.0,0.0,0.0
0500000US26093,"Livingston County, Michigan",26,093,29,5904,1708,6461,58294,84111,3663,5276,195833,5783,180928,1100,304,1776,84,670,5188,1263,5074,79904,3.0,28.9,3.5,36.1,3.4,84.7,4.8,2.7,5.1,3.0,92.4,0.6,0.2,0.9,0.0,0.3,2.6,0.64,3.6,81.5,0.4165,61.3199,0.0,0.0,0.0
0500000US26095,"Luce County, Michigan",26,095,0,89,36,203,3184,1491,353,276,6271,124,4792,516,402,8,0,0,429,1044,348,1742,1.4,40.4,3.4,58.8,9.9,74.3,14.4,5.2,16.7,2.0,76.4,8.2,6.4,0.1,0.0,0.0,6.8,16.65,7.4,87.6,0.4046,72.6968,0.0,0.0,0.0
0500000US26097,"Mackinac County, Michigan",26,097,0,651,557,778,4618,3113,617,1117,10957,247,7791,524,1497,67,2,12,817,378,681,3206,5.9,85.6,7.4,48.6,8.0,69.7,11.9,10.3,16.1,2.3,71.1,4.8,13.7,0.6,0.0,0.1,7.5,3.45,7.8,72.3,0.4472,61.8403,0.0,0.0,0.0
0500000US26099,"Macomb County, Michigan",26,099,218,103301,29735,129996,260834,370298,45824,42414,879853,27877,651976,111724,1167,44440,500,3208,38961,7628,58058,354700,11.7,28.8,15.6,36.2,5.7,85.5,12.8,4.9,10.4,3.2,74.1,12.7,0.1,5.1,0.1,0.4,4.4,0.87,9.2,83.8,0.43,55.9086,0.0,0.0,0.0
0500000US26101,"Manistee County, Michigan",26,101,3,395,157,819,10858,7847,1275,1153,25350,904,22151,817,307,100,14,44,1013,1464,1521,8403,1.6,39.7,3.4,50.2,6.4,77.9,12.1,4.8,12.7,3.6,87.4,3.2,1.2,0.4,0.1,0.2,4.0,5.78,7.8,85.4,0.4465,57.1877,0.0,0.0,0.0
0500000US26103,"Marquette County, Michigan",26,103,3,1429,485,1680,22904,25089,2701,2240,67112,1414,60876,904,602,327,7,142,2840,4163,1922,27059,2.1,33.9,2.6,40.4,4.6,77.9,9.6,3.4,14.0,2.1,90.7,1.3,0.9,0.5,0.0,0.2,4.2,6.2,4.3,86.0,0.428,44.7563,0.0,0.0,0.0
0500000US26105,"Mason County, Michigan",26,105,3,484,278,931,10989,9754,1646,1520,29207,1420,26097,279,110,139,0,80,1082,399,1263,10458,1.7,57.4,3.3,45.5,4.5,77.5,12.9,5.2,14.1,4.9,89.4,1.0,0.4,0.5,0.0,0.3,3.7,1.37,5.9,84.0,0.4436,59.9535,0.0,0.0,0.0
0500000US26107,"Mecosta County, Michigan",26,107,2,837,455,2409,15632,13908,2402,3206,41242,1217,36950,882,212,299,4,62,1616,2240,2342,14754,2.0,54.4,6.1,45.6,4.0,77.6,14.4,7.8,19.9,3.0,89.6,2.1,0.5,0.7,0.0,0.2,3.9,5.43,8.6,84.8,0.4164,64.2314,0.0,0.0,0.0
0500000US26109,"Menominee County, Michigan",26,109,0,366,172,630,8992,8412,1045,942,23247,564,21176,89,459,90,0,31,838,355,1254,8809,1.6,47.0,2.8,45.5,4.2,81.6,10.1,4.1,12.2,2.4,91.1,0.4,2.0,0.4,0.0,0.1,3.6,1.53,7.2,86.7,0.4335,66.2098,0.0,0.0,0.0
0500000US26111,"Midland County, Michigan",26,111,2,2677,901,3066,27651,32686,4097,3507,83757,2882,74685,1022,145,1804,13,318,2888,1240,2676,32335,3.2,33.7,3.9,40.5,4.4,84.2,11.7,4.2,10.7,3.4,89.2,1.2,0.2,2.2,0.0,0.4,3.4,1.48,4.5,85.4,0.4624,56.8001,0.0,0.0,0.0
0500000US26113,"Missaukee County, Michigan",26,113,0,250,136,491,5176,5425,762,1264,15207,521,13751,43,24,65,0,37,766,172,965,5875,1.6,54.4,3.4,42.3,6.7,82.3,12.9,8.4,11.3,3.4,90.4,0.3,0.2,0.4,0.0,0.2,5.0,1.13,8.9,90.0,0.4366,77.2072,0.0,0.0,0.0
0500000US26115,"Monroe County, Michigan",26,115,40,3645,1615,5180,51552,59950,6310,5264,155505,6830,137566,3349,74,583,25,651,6427,1387,8999,62383,2.3,44.3,3.5,40.5,5.1,83.6,10.0,3.4,10.5,4.4,88.5,2.2,0.0,0.4,0.0,0.4,4.1,0.89,8.1,88.5,0.4232,62.8366,0.0,0.0,0.0
0500000US26117,"Montcalm County, Michigan",26,117,0,1553,1081,3034,24198,24245,3130,5819,67816,3033,58991,2158,153,149,0,366,2966,2739,5562,26191,2.3,69.6,4.7,43.9,5.0,82.5,12.8,8.9,12.6,4.5,87.0,3.2,0.2,0.2,0.0,0.5,4.4,4.04,11.5,90.3,0.3997,68.7215,0.0,0.0,0.0
0500000US26119,"Montmorency County, Michigan",26,119,0,172,63,241,4801,2567,829,573,9516,165,8847,66,31,61,0,8,338,90,696,2811,1.8,36.6,2.6,58.1,5.3,78.2,16.8,6.1,18.2,1.7,93.0,0.7,0.3,0.6,0.0,0.1,3.6,0.95,9.1,87.6,0.4351,71.9606,0.0,0.0,0.0
0500000US26121,"Muskegon County, Michigan",26,121,59,3366,1590,6591,57159,65215,13107,7775,175961,11010,131900,21109,778,998,89,281,9796,5691,9629,69215,1.9,47.2,4.0,40.5,6.4,83.0,19.4,4.5,14.1,6.3,75.0,12.0,0.4,0.6,0.1,0.2,5.6,3.23,7.9,90.3,0.4303,50.1497,0.0,0.0,0.0
0500000US26123,"Newaygo County, Michigan",26,123,0,1065,534,2504,18297,18189,3271,3146,50792,3175,44293,400,144,213,45,458,2064,618,3842,18993,2.1,50.1,5.2,44.4,4.4,83.2,16.6,6.2,12.8,6.3,87.2,0.8,0.3,0.4,0.1,0.9,4.1,1.22,10.6,88.3,0.4104,70.6483,0.0,0.0,0.0
0500000US26125,"Oakland County, Michigan",26,125,478,170690,78304,193783,355123,570070,40881,48728,1279825,64409,873178,162467,1301,109425,384,7020,61641,12554,45222,502531,13.3,45.9,16.0,33.7,4.8,85.9,7.7,3.8,7.7,5.0,68.2,12.7,0.1,8.5,0.0,0.5,4.8,0.98,4.9,77.2,0.4672,43.7471,0.0,0.0,0.0
0500000US26127,"Oceana County, Michigan",26,127,3,1116,784,2925,9651,8983,1661,2003,26915,4181,21408,273,122,38,1,41,851,626,1870,10040,4.1,70.3,11.4,44.1,6.5,78.5,15.9,7.5,13.6,15.5,79.5,1.0,0.5,0.1,0.0,0.2,3.2,2.33,9.7,89.1,0.4365,64.2031,0.0,0.0,0.0
0500000US26129,"Ogemaw County, Michigan",26,129,0,392,139,404,9273,6435,1712,1238,20885,470,19326,101,40,160,2,51,735,273,1485,6763,1.9,35.5,2.0,52.5,6.2,81.7,18.3,6.0,16.7,2.3,92.5,0.5,0.2,0.8,0.0,0.2,3.5,1.31,9.3,87.6,0.4336,70.3454,0.0,0.0,0.0
0500000US26131,"Ontonagon County, Michigan",26,131,0,64,6,131,3018,1423,356,317,5850,105,5402,30,22,24,0,21,246,68,269,1687,1.1,9.4,2.3,57.1,5.3,66.2,11.3,5.5,12.5,1.8,92.3,0.5,0.4,0.4,0.0,0.4,4.2,1.16,5.5,80.6,0.4209,64.5405,0.0,0.0,0.0
0500000US26133,"Osceola County, Michigan",26,133,0,199,88,940,8725,7260,1411,2130,23227,494,21270,256,65,97,1,181,863,411,1617,8280,0.9,44.2,4.3,46.7,6.4,78.1,15.1,9.3,15.8,2.1,91.6,1.1,0.3,0.4,0.0,0.8,3.7,1.77,9.8,89.7,0.4302,73.1113,0.0,0.0,0.0
0500000US26135,"Oscoda County, Michigan",26,135,0,79,30,573,3908,2184,616,1089,8425,177,7841,36,28,16,0,9,318,46,892,2230,0.9,38.0,7.2,55.8,8.0,76.8,16.3,13.0,17.2,2.1,93.1,0.4,0.3,0.2,0.0,0.1,3.8,0.55,14.1,80.0,0.4183,71.5716,0.0,0.0,0.0
0500000US26137,"Otsego County, Michigan",26,137,2,410,211,584,7744,9786,1174,1444,25584,521,23780,167,70,157,0,38,851,366,1022,10793,1.6,51.5,2.4,36.9,4.0,77.2,10.5,5.7,8.0,2.0,92.9,0.7,0.3,0.6,0.0,0.1,3.3,1.43,5.5,87.6,0.4232,66.9526,0.0,0.0,0.0
0500000US26139,"Ottawa County, Michigan",26,139,62,15269,7405,22964,79674,132133,6724,9737,301203,30924,246196,4580,305,8124,45,1263,9766,10473,10718,130628,5.1,48.5,8.1,33.1,3.5,85.1,6.0,3.3,8.3,10.3,81.7,1.5,0.1,2.7,0.0,0.4,3.2,3.48,5.6,85.5,0.4278,59.4559,0.0,0.0,0.0
0500000US26141,"Presque Isle County, Michigan",26,141,0,147,38,518,6178,3868,705,685,13209,213,12447,30,20,30,0,23,446,172,797,4035,1.1,25.9,4.1,54.1,6.5,78.8,10.6,5.2,14.0,1.6,94.2,0.2,0.2,0.2,0.0,0.2,3.4,1.3,7.6,83.9,0.4385,63.6925,0.0,0.0,0.0
0500000US26143,"Roscommon County, Michigan",26,143,0,309,136,331,11986,6288,1946,1143,23737,483,21940,160,48,28,0,36,1042,235,1575,7102,1.3,44.0,1.4,57.7,4.7,75.2,16.8,4.9,15.5,2.0,92.4,0.7,0.2,0.1,0.0,0.2,4.4,0.99,8.2,86.5,0.4681,65.8576,1.0,0.0,0.0
0500000US26145,"Saginaw County, Michigan",26,145,52,4512,1902,8122,65674,68412,15255,8290,188665,17381,127944,34099,244,2219,61,359,6358,6284,10966,69509,2.4,42.2,4.6,42.8,6.4,83.4,19.6,4.5,18.2,9.2,67.8,18.1,0.1,1.2,0.0,0.2,3.4,3.33,8.4,86.4,0.4684,50.9524,0.0,0.0,0.0
0500000US26147,"St. Clair County, Michigan",26,147,51,3240,1303,3868,51766,61911,8995,7733,160221,5905,143658,3395,178,785,15,521,5764,1454,9226,65765,2.0,40.2,2.5,39.2,5.7,81.8,13.3,4.9,11.3,3.7,89.7,2.1,0.1,0.5,0.0,0.3,3.6,0.91,8.0,88.7,0.4284,66.5917,0.0,0.0,0.0
0500000US26149,"St. Joseph County, Michigan",26,149,12,2477,1629,7162,18435,23613,3501,6137,60969,5739,50933,1262,24,397,16,278,2320,646,5518,23858,4.1,65.8,12.5,38.5,5.9,85.3,14.8,10.1,11.4,9.4,83.5,2.1,0.0,0.7,0.0,0.5,3.8,1.06,13.3,88.3,0.4063,66.206,0.0,0.0,0.0
0500000US26151,"Sanilac County, Michigan",26,151,0,563,209,1859,14988,13360,2213,3127,40462,1732,37185,157,28,115,2,125,1118,520,2722,14571,1.4,37.1,4.8,45.2,6.0,78.3,12.6,7.8,15.3,4.3,91.9,0.4,0.1,0.3,0.0,0.3,2.8,1.29,9.4,87.2,0.4323,73.1822,0.0,0.0,0.0
0500000US26153,"Schoolcraft County, Michigan",26,153,0,84,55,238,3424,2404,458,411,8128,135,6637,38,593,19,0,6,700,155,530,2875,1.0,65.5,3.1,49.8,6.2,74.2,11.8,5.1,14.1,1.7,81.7,0.5,7.3,0.2,0.0,0.1,8.6,1.91,8.5,89.5,0.4582,65.2511,0.0,0.0,0.0
0500000US26155,"Shiawassee County, Michigan",26,155,0,781,270,1277,22429,26086,4206,2732,67991,2144,63015,289,94,274,0,237,1938,630,3531,27970,1.1,34.6,2.0,40.1,4.0,81.2,15.0,4.0,12.0,3.2,92.7,0.4,0.1,0.4,0.0,0.3,2.9,0.93,7.3,88.5,0.4187,60.7546,0.0,0.0,0.0
0500000US26157,"Tuscola County, Michigan",26,157,0,453,175,1122,19918,18505,3061,2394,52980,2001,48487,546,94,188,6,78,1580,835,2854,20275,0.9,38.6,2.2,45.5,6.0,82.5,14.2,4.6,12.8,3.8,91.5,1.0,0.2,0.4,0.0,0.1,3.0,1.58,7.4,92.3,0.4061,70.8533,0.0,0.0,0.0
0500000US26159,"Van Buren County, Michigan",26,159,7,3518,2030,7218,25001,27898,4180,5286,75795,9498,59271,2689,327,400,6,305,3299,1045,5519,28803,4.6,57.7,10.1,41.4,4.2,82.4,13.7,7.0,14.3,12.5,78.2,3.5,0.4,0.5,0.0,0.4,4.4,1.38,10.4,86.5,0.4375,56.8559,0.0,0.0,0.0
0500000US26161,"Washtenaw County, Michigan",26,161,36,48262,24223,55329,114962,140431,12830,12098,369822,21403,248370,41665,588,34078,77,2090,21551,19237,9468,120863,13.1,50.2,15.7,37.0,4.6,75.1,8.5,3.3,14.2,5.8,67.2,11.3,0.2,9.2,0.0,0.6,5.8,5.2,4.0,66.2,0.4871,26.5611,0.0,0.0,0.0
0500000US26163,"Wayne County, Michigan",26,163,1080,182414,70173,272262,572459,637875,161357,98765,1772259,121653,849427,648007,2670,64744,430,8796,76532,19079,144518,593224,10.3,38.5,16.4,40.8,8.7,84.3,23.0,5.6,20.8,6.9,47.9,36.6,0.2,3.7,0.0,0.5,4.3,1.08,12.0,80.4,0.4931,33.7181,0.0,0.0,0.0
0500000US26165,"Wexford County, Michigan",26,165,0,609,260,1097,12052,11870,2308,2252,34077,923,30946,376,74,218,4,9,1527,589,2386,12531,1.8,42.7,3.4,44.3,5.3,82.9,16.9,6.7,13.9,2.7,90.8,1.1,0.2,0.6,0.0,0.0,4.5,1.73,10.0,88.7,0.4351,66.5845,0.0,0.0,0.0
0500000US27001,"Aitkin County, Minnesota",27,001,3,147,45,281,7235,4784,646,829,16056,244,14857,103,225,38,8,108,473,246,681,5101,0.9,30.6,1.8,52.0,5.8,76.2,8.9,5.2,13.1,1.5,92.5,0.6,1.4,0.2,0.0,0.7,2.9,1.53,5.4,83.2,0.4375,64.5319,0.0,0.0,0.0
0500000US27003,"Anoka County, Minnesota",27,003,128,37805,12085,49772,88911,163413,9849,16778,370349,21612,275846,32639,1331,20673,74,1062,17112,3387,14335,152932,10.2,32.0,14.3,30.3,4.3,83.6,7.2,4.6,7.0,5.8,74.5,8.8,0.4,5.6,0.0,0.3,4.6,0.91,5.6,79.8,0.388,50.8236,0.0,0.0,0.0
0500000US27005,"Becker County, Minnesota",27,005,8,408,183,1006,11017,12262,1668,2009,35343,702,30011,258,1644,173,17,186,2352,507,1679,13731,1.2,44.9,3.0,39.1,4.3,74.7,11.6,5.8,12.9,2.0,84.9,0.7,4.7,0.5,0.0,0.5,6.7,1.43,6.8,84.9,0.4797,65.6619,0.0,0.0,0.0
0500000US27007,"Beltrami County, Minnesota",27,007,14,669,308,2061,13666,14847,2447,3552,46512,1187,32581,391,8717,270,28,309,3029,1946,2237,18474,1.4,46.0,4.7,37.5,4.7,68.5,13.5,7.8,16.1,2.6,70.0,0.8,18.7,0.6,0.1,0.7,6.5,4.18,7.7,87.0,0.444,51.8533,0.0,0.0,0.0
0500000US27009,"Benton County, Minnesota",27,009,2,1452,806,2139,8890,17718,1432,1405,41593,1460,35763,2292,44,417,10,152,1455,900,2039,18916,3.5,55.5,5.5,27.6,3.9,79.3,8.6,3.4,9.9,3.5,86.0,5.5,0.1,1.0,0.0,0.4,3.5,2.16,7.4,85.7,0.4057,66.8594,0.0,0.0,0.0
0500000US27011,"Big Stone County, Minnesota",27,011,0,91,48,185,1761,1698,203,175,5127,137,4799,14,12,34,0,16,115,217,226,1833,1.8,52.7,3.8,42.9,1.8,73.9,9.5,3.5,12.9,2.7,93.6,0.3,0.2,0.7,0.0,0.3,2.2,4.23,6.1,83.8,0.4629,63.5977,0.0,0.0,0.0
0500000US27013,"Blue Earth County, Minnesota",27,013,5,3741,1618,5126,17686,31034,2416,2966,69871,3369,58955,3337,106,1596,0,135,2373,4391,2162,31846,5.4,43.3,7.7,30.7,4.9,81.6,8.8,4.3,15.7,4.8,84.4,4.8,0.2,2.3,0.0,0.2,3.4,6.28,5.3,86.1,0.4333,49.3963,0.0,0.0,0.0
0500000US27015,"Brown County, Minnesota",27,015,0,747,289,1209,7117,10397,717,1165,25800,1327,23586,241,48,125,4,120,349,1168,1283,11280,2.9,38.7,5.0,34.4,2.9,78.8,6.5,4.6,8.5,5.1,91.4,0.9,0.2,0.5,0.0,0.5,1.4,4.53,7.2,86.6,0.4083,66.3927,0.0,0.0,0.0
0500000US27017,"Carlton County, Minnesota",27,017,0,670,414,1263,12069,12420,1036,1559,36518,711,31722,789,1137,196,10,150,1803,2880,1678,14242,1.8,61.8,3.6,40.7,4.8,74.6,7.4,4.5,11.9,1.9,86.9,2.2,3.1,0.5,0.0,0.4,4.9,7.89,6.4,86.7,0.4201,50.1321,0.0,0.0,0.0
0500000US27019,"Carver County, Minnesota",27,019,4,6148,2613,8323,22979,52367,1504,2357,110041,5624,94065,1791,150,3666,46,382,4317,993,2210,44128,5.6,42.5,8.0,26.8,3.1,86.1,3.7,2.1,4.4,5.1,85.5,1.6,0.1,3.3,0.0,0.3,3.9,0.9,3.0,73.4,0.4224,51.4546,0.0,0.0,0.0
0500000US27021,"Cass County, Minnesota",27,021,1,443,113,853,11485,9731,1491,2130,30992,565,25028,109,2711,150,25,178,2226,405,1299,10677,1.4,25.5,2.9,44.9,6.6,73.8,11.6,6.9,12.8,1.8,80.8,0.4,8.7,0.5,0.1,0.6,7.2,1.31,5.7,82.9,0.4456,65.8937,1.0,0.0,0.0
0500000US27023,"Chippewa County, Minnesota",27,023,1,833,689,1188,3589,4178,504,879,12377,1307,10165,66,173,175,307,32,152,383,701,5054,6.7,82.7,10.1,36.9,4.4,71.2,9.8,7.3,14.5,10.6,82.1,0.5,1.4,1.4,2.5,0.3,1.2,3.09,8.3,89.4,0.433,66.081,0.0,0.0,0.0
0500000US27025,"Chisago County, Minnesota",27,025,25,1427,644,2276,15878,24350,1123,2420,57991,1644,52073,681,228,1157,20,281,1907,1720,1670,24065,2.5,45.1,4.2,33.9,4.1,82.2,5.3,4.3,6.0,2.8,89.8,1.2,0.4,2.0,0.0,0.5,3.3,2.97,4.1,83.2,0.3884,64.7369,0.0,0.0,0.0
0500000US27027,"Clay County, Minnesota",27,027,8,2781,1256,4257,15264,27229,2625,2593,66059,3290,55133,3014,473,1035,30,151,2933,3097,1910,27668,4.2,45.2,6.9,29.7,4.1,78.8,9.9,4.0,13.3,5.0,83.5,4.6,0.7,1.6,0.0,0.2,4.4,4.69,4.7,81.9,0.4432,48.5642,0.0,0.0,0.0
0500000US27029,"Clearwater County, Minnesota",27,029,0,92,20,636,2841,2625,438,1050,8616,81,7203,14,584,69,4,28,633,128,680,3043,1.1,21.7,7.9,42.3,7.7,73.4,13.1,12.4,12.6,0.9,83.6,0.2,6.8,0.8,0.0,0.3,7.3,1.49,11.6,86.9,0.4398,74.2626,0.0,0.0,0.0
0500000US27031,"Cook County, Minnesota",27,031,0,198,125,282,1883,2015,112,292,5635,176,4713,76,344,32,3,18,273,70,156,1976,3.5,63.1,5.2,38.4,2.2,68.3,4.1,5.2,10.2,3.1,83.6,1.3,6.1,0.6,0.1,0.3,4.8,1.24,3.4,69.2,0.4123,31.2022,0.0,0.0,0.0
0500000US27033,"Cottonwood County, Minnesota",27,033,0,796,481,1104,3160,4086,437,659,11458,1298,9172,190,40,435,85,17,221,374,422,4400,6.9,60.4,10.3,35.7,2.8,73.8,9.4,5.9,15.0,11.3,80.0,1.7,0.3,3.8,0.7,0.1,1.9,3.26,5.5,82.1,0.4301,69.4222,0.0,0.0,0.0
0500000US27035,"Crow Wing County, Minnesota",27,035,4,874,319,1281,22496,24490,2552,3459,67686,1089,63105,315,446,260,3,369,2099,1250,2682,25741,1.3,36.5,2.0,40.4,5.5,78.3,8.7,5.2,9.9,1.6,93.2,0.5,0.7,0.4,0.0,0.5,3.1,1.85,5.4,83.0,0.4366,64.7288,1.0,1.0,0.0
0500000US27037,"Dakota County, Minnesota",27,037,64,45213,18377,59048,101836,198383,8479,18558,445771,38684,324220,34141,754,23061,125,2374,22412,3393,14732,177562,10.1,40.6,14.1,29.0,3.6,82.7,4.9,4.2,5.8,8.7,72.7,7.7,0.2,5.2,0.0,0.5,5.0,0.76,4.8,75.1,0.4141,42.3375,0.0,0.0,0.0
0500000US27039,"Dodge County, Minnesota",27,039,0,608,394,1198,4860,8744,490,1148,21045,1136,18805,233,21,110,0,102,638,162,646,9247,2.9,64.8,6.1,29.5,3.3,78.1,6.1,5.5,7.0,5.4,89.4,1.1,0.1,0.5,0.0,0.5,3.0,0.77,4.6,83.4,0.3826,64.843,0.0,0.0,0.0
0500000US27041,"Douglas County, Minnesota",27,041,9,577,168,927,11850,15299,1043,1563,39575,897,37086,215,81,213,71,137,875,764,1148,16452,1.5,29.1,2.5,37.0,2.9,78.2,6.0,4.0,9.0,2.3,93.7,0.5,0.2,0.5,0.2,0.3,2.2,1.93,4.0,84.9,0.4416,66.6215,0.0,0.0,0.0
0500000US27043,"Faribault County, Minnesota",27,043,0,266,202,684,4125,5169,612,788,13914,1128,12244,86,20,86,0,59,291,267,788,5612,1.9,75.9,5.2,36.7,3.4,75.1,10.1,5.8,10.4,8.1,88.0,0.6,0.1,0.6,0.0,0.4,2.1,1.92,8.0,84.2,0.4319,67.6073,0.0,0.0,0.0
0500000US27045,"Fillmore County, Minnesota",27,045,0,345,188,1002,5546,8390,582,1513,21414,421,20195,108,17,153,0,82,438,455,984,8798,1.6,54.5,5.0,33.0,2.7,76.8,6.7,7.2,8.4,2.0,94.3,0.5,0.1,0.7,0.0,0.4,2.0,2.12,6.7,82.2,0.4073,61.6714,0.0,0.0,0.0
0500000US27047,"Freeborn County, Minnesota",27,047,0,1294,523,2495,9554,11208,1220,1984,30623,3302,24948,459,28,1086,38,77,685,544,1869,12419,4.2,40.4,8.6,38.6,4.6,77.4,9.5,6.6,10.6,10.8,81.5,1.5,0.1,3.5,0.1,0.3,2.2,1.78,8.6,87.2,0.4573,59.8839,0.0,1.0,0.0
0500000US27049,"Goodhue County, Minnesota",27,049,1,1229,858,1647,13719,19462,1491,2787,47943,1964,42695,732,383,321,0,352,1496,1064,2252,20159,2.6,69.8,3.6,35.5,3.6,80.9,7.6,5.9,9.3,4.1,89.1,1.5,0.8,0.7,0.0,0.7,3.1,2.22,6.6,85.1,0.4345,57.1225,0.0,0.0,0.0
0500000US27051,"Grant County, Minnesota",27,051,0,98,46,288,1909,2089,207,312,6127,164,5644,37,23,4,0,33,222,88,222,2293,1.6,46.9,5.0,39.0,2.8,72.1,8.3,5.1,11.6,2.7,92.1,0.6,0.4,0.1,0.0,0.5,3.6,1.44,5.1,80.0,0.4685,63.9571,0.0,0.0,0.0
0500000US27053,"Hennepin County, Minnesota",27,053,472,173253,72927,217535,295705,582663,43784,56653,1269496,99318,827112,168864,4938,89468,187,9968,69641,28620,52630,453925,13.6,42.1,18.2,28.8,4.5,83.5,8.1,4.5,10.0,7.8,65.2,13.3,0.4,7.0,0.0,0.8,5.5,2.25,5.9,66.2,0.4819,27.3884,0.0,0.0,0.0
0500000US27055,"Houston County, Minnesota",27,055,0,406,57,628,5314,7755,279,596,18653,289,17432,50,27,166,0,26,663,271,620,7822,2.2,14.0,3.5,35.2,1.6,80.5,3.4,3.2,6.6,1.5,93.5,0.3,0.1,0.9,0.0,0.1,3.6,1.45,4.6,82.6,0.4372,57.2891,0.0,0.0,0.0
0500000US27057,"Hubbard County, Minnesota",27,057,1,339,112,600,7668,7267,917,1195,21831,575,19591,112,403,87,0,165,898,271,924,8022,1.6,33.0,2.9,42.7,4.4,73.9,10.2,5.5,10.8,2.6,89.7,0.5,1.8,0.4,0.0,0.8,4.1,1.24,5.8,82.8,0.4569,64.6912,0.0,0.0,0.0
0500000US27059,"Isanti County, Minnesota",27,059,0,1031,416,1184,11147,17528,1098,1909,42596,1102,38656,370,165,822,4,86,1391,359,2010,17944,2.4,40.3,2.9,32.9,4.1,80.5,6.7,4.5,7.5,2.6,90.8,0.9,0.4,1.9,0.0,0.2,3.3,0.84,6.8,83.8,0.3856,69.554,0.0,0.0,0.0
0500000US27061,"Itasca County, Minnesota",27,061,14,417,227,834,16714,15284,1980,2134,45275,691,40042,355,1161,182,32,143,2669,1150,1602,16361,0.9,54.4,1.9,44.8,5.9,78.9,10.7,4.8,12.2,1.5,88.4,0.8,2.6,0.4,0.1,0.3,5.9,2.54,4.8,86.4,0.439,59.1021,1.0,0.0,0.0
0500000US27063,"Jackson County, Minnesota",27,063,0,306,113,458,2749,3844,227,294,9933,484,8923,48,0,131,0,15,332,142,364,4315,3.1,36.9,4.9,34.2,2.4,74.5,5.2,3.0,8.6,4.9,89.8,0.5,0.0,1.3,0.0,0.2,3.3,1.43,5.1,84.7,0.4399,69.9681,0.0,0.0,0.0
0500000US27065,"Kanabec County, Minnesota",27,065,0,182,70,317,5311,6050,624,739,16390,296,15188,106,73,88,14,41,584,297,1078,6419,1.1,38.5,2.0,39.8,4.6,79.0,9.5,4.6,10.0,1.8,92.7,0.6,0.4,0.5,0.1,0.3,3.6,1.81,9.2,85.9,0.41,70.2669,0.0,0.0,0.0
0500000US27067,"Kandiyohi County, Minnesota",27,067,5,4312,2744,5876,11844,17389,1852,2759,44079,6484,33254,2267,166,592,67,120,1129,1296,2590,18879,9.8,63.6,14.3,34.2,3.6,79.3,10.5,6.4,9.1,14.7,75.4,5.1,0.4,1.3,0.2,0.3,2.6,2.94,8.7,87.9,0.4153,64.4848,0.0,1.0,0.0
0500000US27069,"Kittson County, Minnesota",27,069,0,96,36,183,1311,1362,90,97,4084,105,3800,7,11,15,0,6,140,202,120,1578,2.4,37.5,4.7,39.3,5.0,70.9,5.1,2.5,9.1,2.6,93.0,0.2,0.3,0.4,0.0,0.1,3.4,4.95,4.1,83.2,0.4147,61.4,0.0,0.0,0.0
0500000US27071,"Koochiching County, Minnesota",27,071,0,359,122,195,4300,4011,847,658,11833,182,10555,35,246,81,0,18,716,326,477,4272,3.0,34.0,1.7,43.0,4.8,73.8,14.4,5.7,10.9,1.5,89.2,0.3,2.1,0.7,0.0,0.2,6.1,2.76,5.3,80.7,0.4336,61.9237,0.0,0.0,0.0
0500000US27073,"Lac qui Parle County, Minnesota",27,073,0,124,78,211,2159,2146,256,249,6682,230,6189,23,11,42,0,5,182,165,232,2495,1.9,62.9,3.3,39.9,2.0,67.4,8.8,3.8,8.1,3.4,92.6,0.3,0.2,0.6,0.0,0.1,2.7,2.47,4.8,80.0,0.4681,65.0651,0.0,0.0,0.0
0500000US27075,"Lake County, Minnesota",27,075,0,141,43,153,4091,3665,426,523,10879,164,10262,26,46,54,1,4,322,259,429,3913,1.3,30.5,1.5,45.0,2.6,75.4,8.6,4.9,8.6,1.5,94.3,0.2,0.4,0.5,0.0,0.0,3.0,2.38,5.2,82.5,0.4017,46.9514,0.0,0.0,0.0
0500000US27077,"Lake of the Woods County, Minnesota",27,077,0,58,43,43,1050,1416,54,133,3821,60,3350,11,76,7,0,6,311,44,92,1780,1.5,74.1,1.2,33.2,1.5,68.1,3.0,3.5,6.4,1.6,87.7,0.3,2.0,0.2,0.0,0.2,8.1,1.15,3.2,87.3,0.4118,72.859,0.0,0.0,0.0
0500000US27079,"Le Sueur County, Minnesota",27,079,2,951,722,1608,7392,11914,861,1241,29113,2009,25920,219,67,139,0,69,690,380,1102,12954,3.3,75.9,5.8,31.7,4.2,78.1,7.4,4.3,6.4,6.9,89.0,0.8,0.2,0.5,0.0,0.2,2.4,1.31,5.4,86.2,0.409,65.8481,0.0,0.0,0.0
0500000US27081,"Lincoln County, Minnesota",27,081,0,73,41,155,1733,1806,171,299,5603,147,5255,6,6,42,12,1,134,187,231,2112,1.3,56.2,2.9,38.4,2.7,66.6,7.0,5.5,11.9,2.6,93.8,0.1,0.1,0.7,0.2,0.0,2.4,3.34,5.8,79.0,0.4614,67.6971,0.0,0.0,0.0
0500000US27083,"Lyon County, Minnesota",27,083,0,1562,850,2673,6361,9777,950,1546,25503,2014,20632,672,83,1148,0,164,790,888,1251,10141,6.1,54.4,11.2,32.5,3.2,76.7,9.4,6.1,12.2,7.9,80.9,2.6,0.3,4.5,0.0,0.6,3.1,3.48,7.6,80.2,0.4532,64.6651,0.0,0.0,0.0
0500000US27085,"McLeod County, Minnesota",27,085,0,1469,721,2221,9719,16475,1184,1816,36798,2796,32462,210,14,219,32,129,936,697,1629,16245,4.0,49.1,6.4,32.6,3.3,85.0,7.8,5.0,8.7,7.6,88.2,0.6,0.0,0.6,0.1,0.4,2.5,1.89,6.3,85.6,0.4264,67.8994,0.0,0.0,0.0
0500000US27087,"Mahnomen County, Minnesota",27,087,1,56,19,577,1613,1138,403,631,5358,218,2380,5,1802,25,4,27,897,74,387,1643,1.0,33.9,11.7,41.6,9.8,55.7,21.4,11.9,18.3,4.1,44.4,0.1,33.6,0.5,0.1,0.5,16.7,1.38,11.9,83.7,0.4328,53.3669,0.0,0.0,0.0
0500000US27089,"Marshall County, Minnesota",27,089,0,182,97,353,2639,3097,246,408,8909,431,8104,33,21,30,0,40,250,123,443,3521,2.0,53.3,4.2,37.3,3.5,72.3,6.5,4.6,8.3,4.8,91.0,0.4,0.2,0.3,0.0,0.4,2.8,1.38,7.0,84.5,0.3876,75.0149,0.0,0.0,0.0
0500000US27091,"Martin County, Minnesota",27,091,0,489,316,1065,5839,7562,1091,806,19780,1421,17437,169,17,101,0,224,411,380,676,8007,2.5,64.6,5.7,37.1,4.2,79.8,12.3,4.1,13.1,7.2,88.2,0.9,0.1,0.5,0.0,1.1,2.1,1.92,4.8,86.1,0.4546,68.9329,0.0,0.0,0.0
0500000US27093,"Meeker County, Minnesota",27,093,0,248,124,668,6571,9505,788,1540,23468,1042,21649,72,16,66,0,73,550,409,1005,10239,1.1,50.0,3.0,35.2,3.2,81.2,8.4,6.6,9.1,4.4,92.2,0.3,0.1,0.3,0.0,0.3,2.3,1.74,6.2,88.7,0.4109,70.4323,0.0,0.0,0.0
0500000US27095,"Mille Lacs County, Minnesota",27,095,7,387,194,886,7698,10523,1170,1312,27125,625,23861,120,1149,257,7,124,982,461,1583,11340,1.4,50.1,3.5,35.7,4.0,79.2,11.0,4.9,10.4,2.3,88.0,0.4,4.2,0.9,0.0,0.5,3.6,1.7,8.4,86.3,0.4163,69.5853,1.0,0.0,0.0
0500000US27097,"Morrison County, Minnesota",27,097,0,301,105,705,10263,12499,1162,1330,34249,658,32293,163,76,124,0,104,831,614,1727,13981,0.9,34.9,2.2,37.6,4.0,76.9,8.3,3.9,11.0,1.9,94.3,0.5,0.2,0.4,0.0,0.3,2.4,1.79,7.2,87.5,0.4354,77.123,0.0,0.0,0.0
0500000US27099,"Mower County, Minnesota",27,099,0,4916,2718,7023,11445,15554,1671,2823,40343,5494,29266,1376,34,2511,218,292,1152,778,3049,16608,12.2,55.3,18.6,36.4,3.9,80.9,10.6,7.1,10.4,13.6,72.5,3.4,0.1,6.2,0.5,0.7,2.9,1.93,11.4,87.1,0.4197,54.2833,0.0,0.0,0.0
0500000US27101,"Murray County, Minnesota",27,101,0,258,142,515,2470,2849,222,405,8097,420,7213,58,9,73,0,80,244,109,467,3338,3.2,55.0,6.7,37.5,2.7,71.0,6.2,5.0,9.3,5.2,89.1,0.7,0.1,0.9,0.0,1.0,3.0,1.35,8.1,84.2,0.4168,70.1615,0.0,0.0,0.0
0500000US27103,"Nicollet County, Minnesota",27,103,0,1575,721,2323,8805,14839,785,1170,34411,1871,29416,1562,93,566,0,122,781,3259,1218,14114,4.6,45.8,7.1,31.6,2.2,79.7,6.0,3.4,8.0,5.4,85.5,4.5,0.3,1.6,0.0,0.4,2.3,9.47,5.5,77.7,0.4625,49.1322,0.0,0.0,0.0
0500000US27105,"Nobles County, Minnesota",27,105,0,4704,2979,6981,5999,7525,689,2725,22041,7594,11515,1023,70,934,0,60,845,549,2803,8560,21.3,63.3,34.6,36.9,3.2,75.7,9.0,12.5,14.0,34.5,52.2,4.6,0.3,4.2,0.0,0.3,3.8,2.49,20.5,87.5,0.4292,66.9607,0.0,0.0,0.0
0500000US27107,"Norman County, Minnesota",27,107,0,153,101,287,1867,2139,294,405,6367,352,5524,34,109,21,0,26,301,128,281,2547,2.4,66.0,4.8,36.9,5.3,70.6,10.9,6.5,10.1,5.5,86.8,0.5,1.7,0.3,0.0,0.4,4.7,2.01,6.3,84.9,0.397,59.5932,0.0,0.0,0.0
0500000US27109,"Olmsted County, Minnesota",27,109,3,18147,6931,21928,39156,73944,4550,5879,164498,9814,123872,12352,193,10472,0,718,7077,3121,5505,65280,11.0,38.2,14.2,30.2,3.6,84.7,6.8,3.6,7.5,6.0,75.3,7.5,0.1,6.4,0.0,0.4,4.3,1.9,4.9,76.2,0.4639,43.4066,0.0,0.0,0.0
0500000US27111,"Otter Tail County, Minnesota",27,111,0,1822,853,2608,19147,21873,1628,3317,60475,2397,54701,644,123,346,19,242,2003,1313,2419,23456,3.0,46.8,4.6,39.2,4.8,77.4,6.5,5.6,8.7,4.0,90.5,1.1,0.2,0.6,0.0,0.4,3.3,2.17,5.6,84.2,0.4329,66.0823,0.0,0.0,0.0
0500000US27113,"Pennington County, Minnesota",27,113,0,503,192,764,3517,6527,449,655,13791,678,12113,87,50,211,8,64,580,300,500,6233,3.6,38.2,5.8,31.0,2.9,86.0,7.2,4.8,10.5,4.9,87.8,0.6,0.4,1.5,0.1,0.5,4.2,2.18,5.2,84.2,0.413,64.4357,0.0,0.0,0.0
0500000US27115,"Pine County, Minnesota",27,115,8,514,240,993,10804,9849,1344,1420,29640,838,25846,669,638,336,0,81,1232,1475,1865,11231,1.7,46.7,3.5,43.5,5.6,74.3,10.9,5.0,11.1,2.8,87.2,2.3,2.2,1.1,0.0,0.3,4.2,4.98,8.5,86.5,0.4184,66.6667,0.0,0.0,0.0
0500000US27117,"Pipestone County, Minnesota",27,117,0,543,414,557,2376,3458,429,485,9284,799,7806,109,81,102,0,23,364,188,492,3848,5.8,76.2,6.5,33.5,3.2,75.8,10.8,5.3,10.5,8.6,84.1,1.2,0.9,1.1,0.0,0.2,3.9,2.02,7.9,85.6,0.4331,73.1238,0.0,0.0,0.0
0500000US27119,"Polk County, Minnesota",27,119,0,642,292,1726,8152,11422,1230,1750,30705,2122,25806,604,198,247,2,283,1443,1307,1292,12789,2.1,45.5,6.0,33.7,3.6,74.2,10.0,5.8,11.9,6.9,84.0,2.0,0.6,0.8,0.0,0.9,4.7,4.26,6.2,85.0,0.4337,65.9057,0.0,0.0,0.0
0500000US27121,"Pope County, Minnesota",27,121,0,120,38,287,3470,4397,354,342,11418,236,10693,69,13,77,0,38,292,181,357,4641,1.1,31.7,2.7,37.3,1.3,76.8,7.1,3.0,9.4,2.1,93.7,0.6,0.1,0.7,0.0,0.3,2.6,1.59,4.3,82.0,0.4317,64.7963,0.0,0.0,0.0
0500000US27123,"Ramsey County, Minnesota",27,123,70,84569,31076,118538,136311,229512,25313,29787,542945,45588,314435,65894,1862,81334,154,2718,30960,16879,30480,194669,15.6,36.7,23.3,31.6,4.9,81.7,11.4,5.5,12.3,8.4,57.9,12.1,0.3,15.0,0.0,0.5,5.7,3.11,8.3,70.8,0.4654,27.0781,0.0,0.0,0.0
0500000US27125,"Red Lake County, Minnesota",27,125,0,34,14,73,1041,1621,89,89,3915,141,3558,19,68,14,0,0,115,27,130,1665,0.9,41.2,2.0,33.9,1.1,80.8,5.3,2.3,7.2,3.6,90.9,0.5,1.7,0.4,0.0,0.0,2.9,0.69,4.8,84.1,0.3838,67.344,0.0,0.0,0.0
0500000US27127,"Redwood County, Minnesota",27,127,0,363,106,743,4738,5314,617,893,15350,641,13056,98,539,407,7,32,570,370,680,5811,2.4,29.2,5.2,39.4,2.6,74.7,9.8,5.9,13.3,4.2,85.1,0.6,3.5,2.7,0.0,0.2,3.7,2.41,6.5,82.7,0.4411,70.8023,0.0,0.0,0.0
0500000US27129,"Renville County, Minnesota",27,129,0,474,258,985,4237,5481,520,671,14558,1489,12362,124,107,97,0,31,348,380,851,5975,3.3,54.4,7.2,36.8,2.5,77.4,8.6,4.7,11.0,10.2,84.9,0.9,0.7,0.7,0.0,0.2,2.4,2.61,8.4,85.8,0.4199,69.6203,0.0,0.0,0.0
0500000US27131,"Rice County, Minnesota",27,131,10,5875,3747,8791,19640,27532,1847,3619,67917,7105,52405,4577,178,1545,26,172,1909,7949,3206,25541,8.7,63.8,13.7,35.7,4.6,81.6,7.9,5.5,10.2,10.5,77.2,6.7,0.3,2.3,0.0,0.3,2.8,11.7,7.3,77.2,0.4276,50.1593,0.0,0.0,0.0
0500000US27133,"Rock County, Minnesota",27,133,0,173,110,336,2362,3694,280,440,9621,384,8791,14,48,43,0,9,332,262,430,4243,1.8,63.6,3.7,31.2,2.6,72.8,6.9,4.7,10.6,4.0,91.4,0.1,0.5,0.4,0.0,0.1,3.5,2.72,6.6,84.6,0.4319,68.6767,0.0,0.0,0.0
0500000US27135,"Roseau County, Minnesota",27,135,0,509,162,656,4090,6385,345,626,15302,305,13523,119,149,395,0,42,769,205,666,6381,3.3,31.8,4.5,33.8,3.7,82.7,5.5,4.1,12.2,2.0,88.4,0.8,1.0,2.6,0.0,0.3,5.0,1.34,6.3,85.0,0.4294,73.8793,0.0,0.0,0.0
0500000US27137,"St. Louis County, Minnesota",27,137,18,3857,1604,6159,65134,77596,8885,8107,200123,3896,179093,3258,2902,2060,11,675,8228,8157,6806,78330,1.9,41.6,3.2,38.8,4.6,79.5,10.2,4.1,13.2,1.9,89.5,1.6,1.5,1.0,0.0,0.3,4.1,4.08,4.9,81.7,0.4608,42.0682,0.0,0.0,0.0
0500000US27139,"Scott County, Minnesota",27,139,33,15830,5417,20358,30195,72925,2463,5659,154557,9930,116868,9477,896,9803,14,415,7154,1477,5518,65705,10.2,34.2,14.0,25.2,3.5,84.3,4.5,3.7,4.6,6.4,75.6,6.1,0.6,6.3,0.0,0.3,4.6,0.96,5.4,77.3,0.4116,53.0691,0.0,0.0,0.0
0500000US27141,"Sherburne County, Minnesota",27,141,28,4525,1788,5572,21215,45504,1780,3828,100560,3400,86314,4060,211,1680,7,625,4263,1886,3719,45385,4.5,39.5,5.9,27.3,3.0,83.1,5.0,3.9,5.1,3.4,85.8,4.0,0.2,1.7,0.0,0.6,4.2,1.88,5.6,83.9,0.3883,66.4096,0.0,0.0,1.0
0500000US27143,"Sibley County, Minnesota",27,143,0,626,461,1164,4027,6209,490,641,15005,1390,13052,174,28,61,10,23,267,179,637,6424,4.2,73.6,8.2,33.4,3.8,80.5,8.3,4.3,9.0,9.3,87.0,1.2,0.2,0.4,0.1,0.2,1.8,1.19,6.0,85.0,0.4112,70.4463,0.0,0.0,0.0
0500000US27145,"Stearns County, Minnesota",27,145,9,12644,6100,18118,38546,69666,5807,7867,160865,7700,129075,14498,120,3109,77,319,5967,7566,7453,68840,7.9,48.2,12.0,30.3,4.1,82.1,9.5,4.9,12.9,4.8,80.2,9.0,0.1,1.9,0.0,0.2,3.7,4.7,7.5,82.6,0.4376,62.2541,0.0,0.0,0.0
0500000US27147,"Steele County, Minnesota",27,147,12,1618,791,2368,10021,15137,1159,1311,37439,3326,31246,1219,38,275,0,124,1211,561,1622,16037,4.3,48.9,6.7,33.9,3.4,80.4,7.7,3.5,8.3,8.9,83.5,3.3,0.1,0.7,0.0,0.3,3.2,1.5,6.3,86.9,0.4145,61.0483,0.0,0.0,0.0
0500000US27149,"Stevens County, Minnesota",27,149,0,780,647,1155,2702,3754,382,550,9739,1152,7885,98,124,175,42,18,245,559,443,4060,8.0,82.9,12.7,34.5,2.0,74.8,9.8,5.7,11.1,11.8,81.0,1.0,1.3,1.8,0.4,0.2,2.5,5.74,7.5,82.8,0.4895,62.5219,0.0,0.0,0.0
0500000US27151,"Swift County, Minnesota",27,151,0,296,273,511,3147,3179,505,771,9748,701,8381,69,187,0,111,11,288,244,410,3619,3.0,92.2,5.6,40.3,4.4,71.6,12.3,8.1,12.0,7.2,86.0,0.7,1.9,0.0,1.1,0.1,3.0,2.5,6.1,83.3,0.438,66.0863,0.0,0.0,0.0
0500000US27153,"Todd County, Minnesota",27,153,0,1206,625,2994,7865,8784,743,2415,25575,2499,21524,139,55,70,53,87,1148,391,1809,9083,4.7,51.8,12.5,39.4,4.1,76.0,7.3,9.5,11.5,9.8,84.2,0.5,0.2,0.3,0.2,0.3,4.5,1.53,10.2,80.3,0.4142,75.7545,0.0,0.0,0.0
0500000US27155,"Traverse County, Minnesota",27,155,0,77,54,233,1048,913,222,59,3243,199,2729,20,116,4,0,14,161,113,128,1077,2.4,70.1,7.7,40.5,4.5,62.1,16.9,1.9,11.3,6.1,84.2,0.6,3.6,0.1,0.0,0.4,5.0,3.48,5.7,76.3,0.4619,64.6504,0.0,0.0,0.0
0500000US27157,"Wabasha County, Minnesota",27,157,4,394,162,545,6047,8688,507,805,21565,742,20111,82,28,145,42,37,378,286,763,9150,1.8,41.1,2.7,34.6,2.2,77.9,5.5,3.8,7.1,3.4,93.3,0.4,0.1,0.7,0.2,0.2,1.8,1.33,4.9,82.9,0.4175,63.0913,0.0,0.0,0.0
0500000US27159,"Wadena County, Minnesota",27,159,0,161,54,338,4124,4922,868,760,14256,345,12277,243,28,44,0,17,1302,412,702,5460,1.1,33.5,2.6,37.6,5.5,77.1,14.3,5.5,12.5,2.4,86.1,1.7,0.2,0.3,0.0,0.1,9.1,2.89,7.4,86.9,0.4201,74.9099,0.0,0.0,0.0
0500000US27161,"Waseca County, Minnesota",27,161,0,542,253,1020,5528,7487,658,641,18885,1380,16464,191,99,346,0,32,373,1003,850,8264,2.9,46.7,5.7,36.6,2.5,80.2,8.8,3.6,7.5,7.3,87.2,1.0,0.5,1.8,0.0,0.2,2.0,5.31,6.5,89.6,0.4009,65.1776,0.0,0.0,0.0
0500000US27163,"Washington County, Minnesota",27,163,76,23594,7626,32477,69286,117349,4312,9609,276238,14552,213144,15141,576,21270,107,1317,10131,3365,7446,104320,8.5,32.3,12.5,31.7,3.4,81.6,4.1,3.5,5.1,5.3,77.2,5.5,0.2,7.7,0.0,0.5,3.7,1.22,3.9,73.8,0.426,44.3982,0.0,0.0,0.0
0500000US27165,"Watonwan County, Minnesota",27,165,0,1455,1000,2565,3169,3998,399,1188,11205,3401,7581,4,6,36,0,48,129,160,1017,4223,13.0,68.7,24.8,36.9,5.3,77.8,9.4,10.7,13.2,30.4,67.7,0.0,0.1,0.3,0.0,0.4,1.2,1.43,13.8,84.1,0.439,62.5786,0.0,0.0,0.0
0500000US27167,"Wilkin County, Minnesota",27,167,0,150,102,134,1867,2216,281,253,6371,254,5759,27,32,2,0,90,207,131,292,2505,2.4,68.0,2.2,37.1,4.8,73.5,10.6,4.0,14.1,4.0,90.4,0.4,0.5,0.0,0.0,1.4,3.2,2.06,6.6,84.8,0.409,68.297,0.0,0.0,0.0
0500000US27169,"Winona County, Minnesota",27,169,8,1487,760,2328,13230,23166,1397,2538,49779,1930,44238,958,105,1089,3,54,1402,3271,1852,22438,3.0,51.1,4.9,31.6,2.3,82.9,6.9,5.2,14.8,3.9,88.9,1.9,0.2,2.2,0.0,0.1,2.8,6.57,5.9,82.0,0.4507,51.4012,0.0,0.0,0.0
0500000US27171,"Wright County, Minnesota",27,171,4,6654,2593,8280,30726,67069,2362,6456,148269,5389,130548,3438,267,2682,0,482,5463,1127,5294,65263,4.5,39.0,6.0,27.2,2.7,83.7,4.4,4.4,5.2,3.6,88.0,2.3,0.2,1.8,0.0,0.3,3.7,0.76,5.4,82.7,0.3901,63.5388,0.0,0.0,0.0
0500000US27173,"Yellow Medicine County, Minnesota",27,173,1,238,183,432,2661,3663,301,364,9451,517,8222,79,210,12,5,29,377,215,477,3911,2.5,76.9,4.8,35.4,3.5,78.2,7.4,3.9,8.6,5.5,87.0,0.8,2.2,0.1,0.1,0.3,4.0,2.27,7.2,85.7,0.4245,69.0943,0.0,0.0,0.0
0500000US28001,"Adams County, Mississippi",28,001,0,1477,1391,1766,12481,7989,1893,3060,28803,1012,10699,16144,14,65,0,323,546,1773,2967,9623,5.1,94.2,6.5,52.7,6.4,76.2,16.5,11.3,27.0,3.5,37.1,56.0,0.0,0.2,0.0,1.1,1.9,6.16,14.6,94.0,0.5181,42.5973,0.0,0.0,0.0
0500000US28003,"Alcorn County, Mississippi",28,003,0,992,724,1187,12127,11109,2323,3670,34289,1308,27314,3486,29,162,53,36,1901,687,3590,13538,2.9,73.0,3.7,43.8,4.6,75.2,16.1,10.9,15.8,3.8,79.7,10.2,0.1,0.5,0.2,0.1,5.5,2.0,15.0,93.1,0.4516,83.7546,0.0,0.0,0.0
0500000US28005,"Amite County, Mississippi",28,005,2,59,29,80,6036,2676,889,1422,12565,10,7364,5033,26,3,0,0,129,105,1205,3585,0.5,49.2,0.7,59.1,5.8,67.9,15.2,11.4,27.6,0.1,58.6,40.1,0.2,0.0,0.0,0.0,1.0,0.84,13.2,92.1,0.4684,65.796,0.0,0.0,0.0
0500000US28007,"Attala County, Mississippi",28,007,0,26,3,194,5629,5587,1035,1463,17526,377,9073,7741,5,44,0,0,286,337,1365,7105,0.1,11.5,1.2,41.1,5.4,73.8,15.6,8.5,18.0,2.2,51.8,44.2,0.0,0.3,0.0,0.0,1.6,1.92,11.8,94.3,0.5128,61.3138,0.0,0.0,0.0
0500000US28009,"Benton County, Mississippi",28,009,0,417,306,422,2818,2590,530,684,7589,183,4584,2615,7,25,0,6,169,89,1005,3060,5.5,73.4,5.9,45.7,3.1,79.7,17.2,9.1,21.5,2.4,60.4,34.5,0.1,0.3,0.0,0.1,2.2,1.17,18.4,95.4,0.4444,65.3351,0.0,0.0,0.0
0500000US28011,"Bolivar County, Mississippi",28,011,1,504,250,824,11763,7500,3094,3215,29534,787,9160,18671,12,282,0,81,541,1551,2906,9789,1.7,49.6,3.0,50.8,7.1,71.0,26.0,11.2,32.6,2.7,31.0,63.2,0.0,1.0,0.0,0.3,1.8,5.25,15.1,95.9,0.5399,37.7863,0.0,0.0,0.0
0500000US28013,"Calhoun County, Mississippi",28,013,0,389,257,494,4884,4102,736,1508,12922,814,8230,3412,0,11,0,86,369,309,1995,4953,3.0,66.1,4.0,46.8,4.7,78.2,13.1,12.0,20.4,6.3,63.7,26.4,0.0,0.1,0.0,0.7,2.9,2.39,22.0,95.2,0.4597,73.6327,0.0,0.0,0.0
0500000US28015,"Carroll County, Mississippi",28,015,0,146,71,110,4292,2773,719,885,9686,0,6049,3335,0,75,0,15,212,437,1242,3312,1.5,48.6,1.2,51.3,1.6,69.1,16.9,9.6,17.9,0.0,62.5,34.4,0.0,0.8,0.0,0.2,2.2,4.51,16.6,86.8,0.4342,71.8136,0.0,0.0,0.0
0500000US28017,"Chickasaw County, Mississippi",28,017,0,119,54,296,6321,5121,987,1818,16915,189,8363,8074,7,61,0,0,221,463,2202,5725,0.7,45.4,1.9,47.6,4.9,77.3,14.8,11.0,23.5,1.1,49.4,47.7,0.0,0.4,0.0,0.0,1.3,2.74,19.5,89.4,0.4716,56.3865,0.0,0.0,0.0
0500000US28019,"Choctaw County, Mississippi",28,019,0,56,28,119,3187,2255,472,844,8118,154,5436,2255,13,75,0,20,165,225,758,2879,0.7,50.0,1.5,48.2,9.8,73.6,13.6,10.6,18.4,1.9,67.0,27.8,0.2,0.9,0.0,0.2,2.0,2.77,13.2,95.7,0.4158,74.0617,0.0,0.0,0.0
0500000US28021,"Claiborne County, Mississippi",28,021,0,62,46,79,4241,1751,712,1280,8582,25,948,7374,10,12,0,5,208,1064,988,2108,0.7,74.2,1.0,61.4,6.9,71.1,23.7,15.1,30.7,0.3,11.0,85.9,0.1,0.1,0.0,0.1,2.4,12.4,19.2,90.0,0.5522,15.7583,0.0,0.0,0.0
0500000US28023,"Clarke County, Mississippi",28,023,0,126,19,274,5975,4628,952,2015,15314,166,9609,4777,66,26,0,0,670,126,1203,5178,0.8,15.1,1.9,48.1,7.0,78.1,16.0,13.3,17.4,1.1,62.7,31.2,0.4,0.2,0.0,0.0,4.4,0.82,11.3,90.9,0.4825,67.2698,0.0,0.0,0.0
0500000US28025,"Clay County, Mississippi",28,025,0,68,10,81,6588,5922,1638,1654,18383,36,6773,11058,0,20,0,0,496,305,2164,6951,0.4,14.7,0.5,44.8,7.2,78.8,21.0,9.1,20.9,0.2,36.8,60.2,0.0,0.1,0.0,0.0,2.7,1.66,17.2,94.1,0.4936,44.3524,1.0,0.0,0.0
0500000US28027,"Coahoma County, Mississippi",28,027,1,367,347,510,7104,5245,2262,2442,20540,636,3881,15292,135,53,0,0,543,585,2239,6640,1.8,94.6,2.7,45.9,9.9,69.4,26.9,12.0,35.5,3.1,18.9,74.4,0.7,0.3,0.0,0.0,2.6,2.85,17.2,89.7,0.4958,29.5729,0.0,0.0,0.0
0500000US28029,"Copiah County, Mississippi",28,029,1,615,334,985,11115,8407,1811,3559,27855,1287,12008,14080,12,82,0,167,219,1063,2422,9999,2.2,54.3,3.8,49.5,5.8,78.6,18.0,12.9,23.0,4.6,43.1,50.5,0.0,0.3,0.0,0.6,0.8,3.82,12.9,94.5,0.5418,52.5847,0.0,0.0,0.0
0500000US28031,"Covington County, Mississippi",28,031,0,206,183,416,6632,5730,1309,1713,18148,471,10776,6313,5,44,54,23,462,285,2074,6395,1.1,88.8,2.5,46.8,3.5,78.8,17.9,9.6,19.8,2.6,59.4,34.8,0.0,0.2,0.3,0.1,2.5,1.57,17.0,89.2,0.488,66.2341,0.0,0.0,0.0
0500000US28033,"DeSoto County, Mississippi",28,033,84,7688,3897,11146,48933,77776,5309,15833,191301,11068,107858,62410,106,2575,0,958,6326,792,10544,86288,4.0,50.7,6.2,32.8,3.2,80.4,7.5,8.3,9.7,5.8,56.4,32.6,0.1,1.3,0.0,0.5,3.3,0.41,8.3,90.4,0.4104,60.7774,0.0,0.0,0.0
0500000US28035,"Forrest County, Mississippi",28,035,6,2366,1573,2882,23372,27697,5016,8590,78272,3428,43656,27783,50,691,165,142,2357,4379,3917,31679,3.0,66.5,3.9,37.4,6.7,76.3,16.6,11.1,21.0,4.4,55.8,35.5,0.1,0.9,0.2,0.2,3.0,5.59,8.2,88.7,0.505,58.2414,0.0,0.0,0.0
0500000US28037,"Franklin County, Mississippi",28,037,0,23,19,16,3175,2274,314,688,7622,81,4758,2670,0,2,0,13,98,84,650,2614,0.3,82.6,0.2,52.1,4.0,81.0,10.2,9.1,25.4,1.1,62.4,35.0,0.0,0.0,0.0,0.2,1.3,1.1,12.3,93.3,0.5102,69.6262,0.0,0.0,0.0
0500000US28039,"George County, Mississippi",28,039,1,177,158,432,9299,7130,1025,3074,25170,786,21414,1811,28,33,0,185,913,612,2081,8329,0.7,89.3,1.9,48.5,7.5,78.3,11.0,12.5,18.3,3.1,85.1,7.2,0.1,0.1,0.0,0.7,3.6,2.43,12.6,92.9,0.4474,89.0595,0.0,0.0,0.0
0500000US28041,"Greene County, Mississippi",28,041,0,123,96,204,7307,2510,564,1603,13615,198,9652,3241,164,4,0,0,356,3300,1564,3127,0.9,78.0,1.6,64.5,11.9,70.9,13.7,15.5,18.3,1.5,70.9,23.8,1.2,0.0,0.0,0.0,2.6,24.24,15.5,90.9,0.446,84.5459,0.0,0.0,0.0
0500000US28043,"Grenada County, Mississippi",28,043,3,191,185,573,7179,6670,992,2221,21217,102,10678,9489,7,0,0,146,795,271,1858,8456,0.9,96.9,2.9,42.9,4.9,73.4,11.7,10.6,24.6,0.5,50.3,44.7,0.0,0.0,0.0,0.7,3.7,1.28,13.0,94.6,0.5,57.864,0.0,0.0,0.0
0500000US28045,"Hancock County, Mississippi",28,045,17,1139,512,1674,16290,15644,2125,4241,46167,1943,38523,3288,146,449,0,313,1505,326,3905,17825,2.5,45.0,3.8,42.5,5.0,75.5,10.5,9.3,13.8,4.2,83.4,7.1,0.3,1.0,0.0,0.7,3.3,0.71,11.4,86.3,0.481,78.791,0.0,0.0,0.0
0500000US28047,"Harrison County, Mississippi",28,047,40,9817,4668,14514,66041,65216,12489,26562,210891,14638,128273,49235,248,5202,61,757,12477,4475,15179,81188,4.7,47.6,7.3,39.5,7.1,73.8,15.0,13.1,17.1,6.9,60.8,23.3,0.1,2.5,0.0,0.4,5.9,2.12,10.6,87.7,0.4586,63.8766,0.0,1.0,1.0
0500000US28049,"Hinds County, Mississippi",28,049,32,4334,2982,7041,69971,68208,13226,27901,218533,4690,50098,156710,365,1833,11,482,4344,8860,16239,82525,2.0,68.8,3.4,40.4,7.5,71.7,14.8,12.9,22.7,2.1,22.9,71.7,0.2,0.8,0.0,0.2,2.0,4.05,11.3,88.7,0.4892,26.2766,0.0,0.0,0.0
0500000US28051,"Holmes County, Mississippi",28,051,0,62,23,100,7057,3759,2032,1730,16191,64,2368,13116,19,46,3,0,575,855,1698,4653,0.4,37.1,0.7,55.3,9.5,72.7,33.0,10.9,36.4,0.4,14.6,81.0,0.1,0.3,0.0,0.0,3.6,5.28,16.2,91.3,0.5859,18.4695,0.0,0.0,0.0
0500000US28053,"Humphreys County, Mississippi",28,053,0,27,14,120,2899,1749,823,751,7395,31,1497,5780,0,14,0,0,73,75,905,2376,0.4,51.9,1.7,49.6,12.5,67.8,28.4,10.3,27.0,0.4,20.2,78.2,0.0,0.2,0.0,0.0,1.0,1.01,18.6,94.5,0.5408,28.5467,0.0,0.0,0.0
0500000US28055,"Issaquena County, Mississippi",28,055,0,4,0,20,714,137,84,77,928,16,315,577,0,4,0,0,16,314,227,183,0.4,0.0,2.2,78.5,5.1,73.7,24.0,12.4,16.2,1.7,33.9,62.2,0.0,0.4,0.0,0.0,1.7,33.84,28.2,98.4,0.4513,47.5884,0.0,0.0,0.0
0500000US28057,"Itawamba County, Mississippi",28,057,0,183,55,238,8183,8726,702,2131,24036,446,21189,1240,19,111,13,115,903,1022,2167,9824,0.8,30.1,1.0,41.8,5.1,80.8,7.3,9.0,15.5,1.9,88.2,5.2,0.1,0.5,0.1,0.5,3.8,4.25,13.5,93.2,0.5214,89.662,0.0,0.0,0.0
0500000US28059,"Jackson County, Mississippi",28,059,7,4722,1848,9336,46071,47765,5291,16405,145249,11070,95941,27386,625,3049,17,899,6262,1149,11117,58095,3.3,39.1,6.8,39.7,6.7,74.5,9.2,11.5,13.8,7.6,66.1,18.9,0.4,2.1,0.0,0.6,4.3,0.79,11.0,91.0,0.4625,69.4066,0.0,0.0,0.0
0500000US28061,"Jasper County, Mississippi",28,061,0,100,82,39,6064,5074,1059,1355,16059,126,7140,8355,0,41,0,0,397,87,1016,5875,0.6,82.0,0.3,47.5,6.2,80.9,15.9,8.5,19.4,0.8,44.5,52.0,0.0,0.3,0.0,0.0,2.5,0.54,9.2,94.3,0.4537,52.1926,0.0,0.0,0.0
0500000US28063,"Jefferson County, Mississippi",28,063,0,13,13,90,3282,1663,533,720,7068,143,929,5857,5,35,0,0,99,362,883,2316,0.2,100.0,1.3,56.8,1.8,67.8,21.4,10.7,32.5,2.0,13.1,82.9,0.1,0.5,0.0,0.0,1.4,5.12,18.2,95.3,0.4878,16.3989,0.0,0.0,0.0
0500000US28065,"Jefferson Davis County, Mississippi",28,065,0,13,12,102,4242,3391,976,1218,11117,80,4202,6613,5,3,0,0,214,119,1083,4097,0.1,92.3,1.0,46.5,9.6,77.6,21.9,11.1,28.7,0.7,37.8,59.5,0.0,0.0,0.0,0.0,1.9,1.07,13.5,94.3,0.461,42.804,0.0,0.0,0.0
0500000US28067,"Jones County, Mississippi",28,067,0,1899,1498,3344,23070,20865,3556,7851,66472,4177,41781,18768,120,256,0,69,1301,1620,5540,25495,2.9,78.9,5.4,44.4,4.0,75.4,14.2,11.9,18.7,6.3,62.9,28.2,0.2,0.4,0.0,0.1,2.0,2.44,12.7,93.0,0.4855,73.0139,0.0,0.0,0.0
0500000US28069,"Kemper County, Mississippi",28,069,0,44,8,249,3480,2405,425,1299,8729,106,2900,5187,240,0,0,0,296,753,937,3183,0.5,18.2,3.0,47.6,10.8,70.3,13.2,15.4,24.8,1.2,33.2,59.4,2.7,0.0,0.0,0.0,3.4,8.63,15.7,94.3,0.4649,41.3852,0.0,0.0,0.0
0500000US28071,"Lafayette County, Mississippi",28,071,5,1921,1256,2311,21912,17773,997,5365,58327,2151,39956,13164,58,1292,0,125,1581,6032,2550,22244,3.3,65.4,4.2,44.9,2.1,67.6,5.2,9.3,18.5,3.7,68.5,22.6,0.1,2.2,0.0,0.2,2.7,10.34,7.5,86.1,0.5232,60.0197,0.0,0.0,0.0
0500000US28073,"Lamar County, Mississippi",28,073,5,1611,1006,2392,18540,23270,2447,7237,65713,2419,46410,14289,47,611,0,256,1681,287,3554,27866,2.5,62.4,3.9,35.8,4.8,74.4,9.6,11.1,14.7,3.7,70.6,21.7,0.1,0.9,0.0,0.4,2.6,0.44,8.0,90.6,0.4693,73.7461,0.0,0.0,0.0
0500000US28075,"Lauderdale County, Mississippi",28,075,9,1258,718,2583,24774,21343,5270,6571,71504,1823,35996,29158,205,521,19,481,3301,2859,6543,26757,1.8,57.1,3.8,43.7,5.8,73.1,18.4,9.6,26.3,2.5,50.3,40.8,0.3,0.7,0.0,0.7,4.6,4.0,13.4,90.2,0.4879,60.1562,0.0,1.0,0.0
0500000US28077,"Lawrence County, Mississippi",28,077,0,9,0,233,4759,3216,830,1450,11786,251,7480,3737,45,37,0,0,236,42,1286,3920,0.1,0.0,2.1,51.4,9.2,79.0,18.8,12.4,23.7,2.1,63.5,31.7,0.4,0.3,0.0,0.0,2.0,0.36,16.3,97.2,0.5141,67.9498,0.0,0.0,0.0
0500000US28079,"Leake County, Mississippi",28,079,0,578,514,1993,8152,6284,968,3231,21319,1403,9831,8303,1266,22,0,17,477,397,2583,7223,2.7,88.9,10.0,48.1,6.2,76.7,13.1,15.5,20.5,6.6,46.1,38.9,5.9,0.1,0.0,0.1,2.2,1.86,18.4,88.4,0.4606,61.3723,1.0,0.0,0.0
0500000US28081,"Lee County, Mississippi",28,081,18,1994,1405,3359,24517,31333,3382,8913,83034,2933,51855,24831,17,823,234,313,2028,1090,6859,35378,2.4,70.5,4.3,37.7,5.1,82.0,10.4,10.9,14.6,3.5,62.5,29.9,0.0,1.0,0.3,0.4,2.4,1.31,12.4,93.1,0.4624,68.8749,0.0,0.0,0.0
0500000US28083,"Leflore County, Mississippi",28,083,0,371,145,702,9321,7271,2866,3440,27141,874,5662,20177,29,62,0,92,245,1065,3101,8944,1.4,39.1,2.8,45.4,11.6,73.8,28.1,13.0,31.5,3.2,20.9,74.3,0.1,0.2,0.0,0.3,0.9,3.92,18.2,92.4,0.528,30.294,0.0,0.0,0.0
0500000US28085,"Lincoln County, Mississippi",28,085,0,279,116,339,13220,11532,1552,4273,34877,455,23355,10469,29,168,8,18,375,533,3084,12953,0.8,41.6,1.0,47.5,3.2,81.9,11.8,12.4,21.2,1.3,67.0,30.0,0.1,0.5,0.0,0.1,1.1,1.53,12.8,94.0,0.4712,72.3453,0.0,0.0,0.0
0500000US28087,"Lowndes County, Mississippi",28,087,4,1381,736,1602,19426,17530,3020,5882,57838,1329,28359,25189,139,589,0,441,1792,1483,4120,22391,2.4,53.3,3.0,42.7,6.3,75.2,13.1,10.5,17.3,2.3,49.0,43.6,0.2,1.0,0.0,0.8,3.1,2.56,10.7,93.0,0.4763,53.5782,0.0,0.0,0.0
0500000US28089,"Madison County, Mississippi",28,089,69,4932,2823,7268,31058,42012,3154,9185,111647,4320,60206,41423,58,3347,46,415,1832,2006,5812,47930,4.4,57.2,6.9,35.3,3.7,76.8,7.2,8.3,11.2,3.9,53.9,37.1,0.1,3.0,0.0,0.4,1.6,1.8,7.7,88.9,0.4963,58.0381,0.0,0.0,0.0
0500000US28091,"Marion County, Mississippi",28,091,0,340,115,448,8809,7968,1188,3181,24193,449,15341,7559,58,76,13,136,561,673,2812,8768,1.4,33.8,2.0,45.9,7.5,82.9,13.0,13.5,19.7,1.9,63.4,31.2,0.2,0.3,0.1,0.6,2.3,2.78,16.8,93.2,0.4562,70.379,0.0,0.0,0.0
0500000US28093,"Marshall County, Mississippi",28,093,0,952,645,1736,12548,12162,1829,3866,33979,1748,15992,14538,59,51,31,220,1340,1738,4417,13496,2.8,67.8,5.4,45.3,4.4,83.9,13.9,11.8,23.0,5.1,47.1,42.8,0.2,0.2,0.1,0.6,3.9,5.11,18.6,95.3,0.4687,53.2403,0.0,0.0,0.0
0500000US28095,"Monroe County, Mississippi",28,095,0,307,172,594,12202,11232,1821,3248,33747,535,22368,10024,10,107,16,36,651,509,3658,12578,0.9,56.0,1.9,45.2,6.3,81.2,13.1,9.8,18.0,1.6,66.3,29.7,0.0,0.3,0.0,0.1,1.9,1.51,15.5,92.4,0.4577,67.5898,0.0,0.0,1.0
0500000US28097,"Montgomery County, Mississippi",28,097,0,18,17,58,3820,2627,831,968,9602,21,4985,4283,0,1,0,26,286,115,1090,3394,0.2,94.4,0.6,48.9,4.7,69.3,20.1,10.2,25.2,0.2,51.9,44.6,0.0,0.0,0.0,0.3,3.0,1.2,16.2,89.3,0.5246,60.0814,0.0,0.0,0.0
0500000US28099,"Neshoba County, Mississippi",28,099,0,266,130,2505,9483,8046,1666,3374,28932,238,16601,6143,4555,190,0,323,882,454,2801,10466,0.9,48.9,9.4,42.9,7.5,69.0,16.2,11.9,23.1,0.8,57.4,21.2,15.7,0.7,0.0,1.1,3.0,1.57,15.2,91.8,0.4527,75.076,1.0,0.0,0.0
0500000US28101,"Newton County, Mississippi",28,101,0,300,113,1136,8322,5772,903,2529,21093,404,12594,6659,671,111,0,195,459,864,1932,7474,1.4,37.7,5.8,49.3,4.7,71.8,11.7,12.2,24.7,1.9,59.7,31.6,3.2,0.5,0.0,0.9,2.2,4.1,14.2,93.0,0.4948,71.2324,1.0,0.0,1.0
0500000US28103,"Noxubee County, Mississippi",28,103,0,61,47,239,4043,2869,1235,1553,10025,38,2552,7374,14,8,0,2,37,188,1562,3198,0.6,77.0,2.6,51.9,8.6,83.7,31.3,15.8,26.3,0.4,25.5,73.6,0.1,0.1,0.0,0.0,0.4,1.88,23.5,94.8,0.5437,25.871,0.0,0.0,0.0
0500000US28105,"Oktibbeha County, Mississippi",28,105,7,2518,1738,2345,18821,14751,2571,3606,51771,1253,28309,18305,81,1652,18,66,2087,5814,2342,19720,4.9,69.0,4.8,43.0,5.8,62.9,11.8,7.0,25.5,2.4,54.7,35.4,0.2,3.2,0.0,0.1,4.0,11.23,8.8,87.9,0.5303,49.3103,0.0,0.0,0.0
0500000US28107,"Panola County, Mississippi",28,107,0,328,118,659,12247,9246,2002,4115,32808,686,15269,15825,11,164,104,22,727,379,3816,11493,1.0,36.0,2.2,47.7,6.6,73.9,16.3,12.7,23.3,2.1,46.5,48.2,0.0,0.5,0.3,0.1,2.2,1.16,17.5,94.0,0.4844,56.8714,0.0,0.0,0.0
0500000US28109,"Pearl River County, Mississippi",28,109,0,1107,497,1642,20221,19007,2939,7364,57458,2493,45437,6888,73,199,0,376,1992,1181,4550,20592,1.9,44.9,3.0,43.9,6.1,78.5,13.4,12.9,16.5,4.3,79.1,12.0,0.1,0.3,0.0,0.7,3.5,2.06,11.6,87.6,0.4505,82.8422,0.0,0.0,0.0
0500000US28111,"Perry County, Mississippi",28,111,0,278,29,351,4665,3327,462,1765,11449,216,8847,1758,5,239,12,2,370,119,723,3970,2.4,10.4,3.2,50.1,2.0,76.9,9.9,15.8,18.4,1.9,77.3,15.4,0.0,2.1,0.1,0.0,3.2,1.04,9.1,92.1,0.4232,79.8881,0.0,0.0,0.0
0500000US28113,"Pike County, Mississippi",28,113,0,231,156,638,14800,11672,2726,5028,39602,667,16394,21220,130,187,0,20,984,1153,4073,13454,0.6,67.5,1.7,48.6,5.8,79.0,18.2,12.9,27.1,1.7,41.4,53.6,0.3,0.5,0.0,0.1,2.5,2.91,15.9,92.9,0.4953,51.2948,0.0,0.0,0.0
0500000US28115,"Pontotoc County, Mississippi",28,115,3,783,647,1934,10043,11662,1150,3802,31550,2254,23355,4626,17,1,0,160,1137,244,4455,13189,2.5,82.6,6.6,41.2,3.1,84.4,9.7,12.2,16.7,7.1,74.0,14.7,0.1,0.0,0.0,0.5,3.6,0.77,21.5,96.4,0.4373,83.4518,0.0,0.0,0.0
0500000US28117,"Prentiss County, Mississippi",28,117,0,196,112,508,9211,8328,1101,1936,25184,382,20017,3228,61,134,0,243,1119,1094,2692,9977,0.8,57.1,2.1,45.6,3.5,78.5,11.5,7.8,16.8,1.5,79.5,12.8,0.2,0.5,0.0,1.0,4.4,4.34,16.1,95.7,0.479,82.6606,0.0,0.0,0.0
0500000US28119,"Quitman County, Mississippi",28,119,0,4,4,40,2113,1280,568,699,5774,17,1409,4242,16,0,0,0,90,139,750,1859,0.1,100.0,0.7,46.1,12.4,60.0,21.5,12.5,29.6,0.3,24.4,73.5,0.3,0.0,0.0,0.0,1.6,2.41,18.9,91.7,0.4868,33.6944,0.0,0.0,0.0
0500000US28121,"Rankin County, Mississippi",28,121,32,3975,2209,7240,46134,57441,3326,12674,158854,5279,112796,33225,562,2194,148,443,4207,5202,10775,69548,2.5,55.6,4.8,36.1,4.4,73.7,5.5,8.2,9.8,3.3,71.0,20.9,0.4,1.4,0.1,0.3,2.6,3.27,9.7,90.5,0.4205,73.0446,0.0,0.0,0.0
0500000US28123,"Scott County, Mississippi",28,123,0,1602,1355,3350,9421,8523,1457,3608,27718,4293,12706,9375,0,39,71,219,1015,243,3735,9830,5.8,84.6,13.2,45.3,5.5,79.3,15.0,13.1,22.2,15.5,45.8,33.8,0.0,0.1,0.3,0.8,3.7,0.88,21.1,93.6,0.4641,61.652,0.0,0.0,0.0
0500000US28125,"Sharkey County, Mississippi",28,125,0,6,6,4,1392,1122,346,638,3872,15,904,2933,0,6,0,0,14,133,499,1390,0.2,100.0,0.1,44.8,9.1,72.1,24.3,16.9,30.9,0.4,23.3,75.7,0.0,0.2,0.0,0.0,0.4,3.43,19.9,90.4,0.4838,31.2005,0.0,0.0,0.0
0500000US28127,"Simpson County, Mississippi",28,127,0,278,163,465,9463,7652,1186,2544,25691,443,15626,9134,41,49,0,6,392,507,2898,9470,1.1,58.6,1.9,46.1,4.4,72.6,12.4,10.1,20.0,1.7,60.8,35.6,0.2,0.2,0.0,0.0,1.5,1.97,16.6,91.2,0.4411,68.0728,0.0,0.0,0.0
0500000US28129,"Smith County, Mississippi",28,129,0,188,131,361,5598,4123,506,1596,14132,240,10353,3257,0,43,0,0,239,157,1452,5078,1.3,69.7,2.7,49.5,4.4,75.6,9.0,11.4,17.0,1.7,73.3,23.0,0.0,0.3,0.0,0.0,1.7,1.11,14.8,94.4,0.4543,80.0677,0.0,0.0,0.0
0500000US28131,"Stone County, Mississippi",28,131,2,208,126,260,7457,5356,1040,2361,18894,496,14213,3228,5,91,0,55,806,681,1588,6375,1.1,60.6,1.4,48.6,9.3,75.6,15.5,12.9,16.9,2.6,75.2,17.1,0.0,0.5,0.0,0.3,4.3,3.6,12.8,91.9,0.3945,78.4695,1.0,1.0,1.0
0500000US28133,"Sunflower County, Mississippi",28,133,0,429,404,571,9682,6627,2657,2468,24333,692,5582,17679,33,48,0,37,262,3100,4084,7948,1.8,94.2,2.5,49.4,11.2,75.2,33.1,11.4,28.9,2.8,22.9,72.7,0.1,0.2,0.0,0.2,1.1,12.74,24.5,91.9,0.5035,31.9325,0.0,0.0,0.0
0500000US28135,"Tallahatchie County, Mississippi",28,135,0,143,138,209,4721,2998,990,1658,11764,91,4303,7150,30,4,0,0,186,580,1543,3919,1.2,96.5,1.9,49.3,10.2,69.2,23.0,14.9,24.6,0.8,36.6,60.8,0.3,0.0,0.0,0.0,1.6,4.93,18.9,92.3,0.4592,46.5483,0.0,0.0,0.0
0500000US28137,"Tate County, Mississippi",28,137,4,317,271,767,9505,9896,1147,3095,28321,917,18129,8266,0,19,3,117,870,1505,2876,11769,1.1,85.5,2.9,41.6,4.7,77.9,10.4,11.1,16.9,3.2,64.0,29.2,0.0,0.1,0.0,0.4,3.1,5.31,15.5,95.7,0.41,71.4175,1.0,1.0,0.0
0500000US28139,"Tippah County, Mississippi",28,139,0,506,360,888,6878,7692,731,2537,21523,1135,16335,3009,0,36,9,80,919,666,2708,8964,2.4,71.1,4.4,40.7,5.5,81.4,9.1,11.9,18.9,5.3,75.9,14.0,0.0,0.2,0.0,0.4,4.3,3.09,19.0,95.8,0.4411,83.2447,0.0,0.0,0.0
0500000US28141,"Tishomingo County, Mississippi",28,141,0,334,254,466,6906,6107,790,1773,18660,605,16867,216,100,107,0,76,689,309,2023,7504,1.8,76.0,2.6,45.5,3.2,76.2,8.9,9.6,18.0,3.2,90.4,1.2,0.5,0.6,0.0,0.4,3.7,1.66,15.2,96.1,0.4692,89.105,0.0,0.0,0.0
0500000US28143,"Tunica County, Mississippi",28,143,2,40,24,239,2763,3061,1077,1235,9475,171,1724,7566,0,0,0,0,14,82,1141,3557,0.4,60.0,2.7,39.1,13.3,82.2,28.3,13.1,31.1,1.8,18.2,79.9,0.0,0.0,0.0,0.0,0.1,0.87,18.7,97.6,0.5023,29.9475,0.0,0.0,0.0
0500000US28145,"Union County, Mississippi",28,145,1,485,291,977,9745,9392,712,3104,28122,1365,21521,3831,86,80,0,167,1072,251,3736,11307,1.7,60.0,3.7,44.4,4.4,80.5,7.2,11.1,15.1,4.9,76.5,13.6,0.3,0.3,0.0,0.6,3.8,0.89,20.2,98.0,0.45,84.6209,0.0,0.0,0.0
0500000US28147,"Walthall County, Mississippi",28,147,0,236,188,339,5514,3976,1103,1052,13839,274,7314,5792,51,26,0,0,382,143,1845,4514,1.7,79.7,2.6,49.9,6.6,77.2,20.9,7.7,18.8,2.0,52.9,41.9,0.4,0.2,0.0,0.0,2.8,1.03,19.5,90.0,0.5013,63.0112,0.0,0.0,0.0
0500000US28149,"Warren County, Mississippi",28,149,1,565,209,1596,14114,13681,2203,3993,43020,918,19954,20909,60,255,0,11,913,530,3450,17619,1.3,37.0,3.9,41.5,4.8,72.7,13.1,9.4,19.5,2.1,46.4,48.6,0.1,0.6,0.0,0.0,2.1,1.23,11.7,94.6,0.4685,51.41,0.0,0.0,0.0
0500000US28151,"Washington County, Mississippi",28,151,2,306,100,996,15753,11788,3017,4875,42765,664,10203,30551,18,338,1,62,928,779,5126,15058,0.7,32.7,2.5,47.4,6.3,72.2,17.6,11.6,26.4,1.6,23.9,71.4,0.0,0.8,0.0,0.1,2.2,1.82,18.2,92.8,0.4987,31.9739,0.0,0.0,0.0
0500000US28153,"Wayne County, Mississippi",28,153,0,615,568,512,7002,5808,1605,2978,19718,433,11143,7465,12,117,0,70,478,106,1903,7148,3.1,92.4,2.8,45.4,7.0,74.0,20.9,15.2,22.8,2.2,56.5,37.9,0.1,0.6,0.0,0.4,2.4,0.54,14.7,93.5,0.495,65.9392,1.0,0.0,0.0
0500000US28155,"Webster County, Mississippi",28,155,0,69,51,110,3346,2965,704,1067,9972,193,7766,1861,6,29,0,3,114,122,943,3745,0.7,73.9,1.2,43.2,6.6,72.4,17.3,10.8,16.4,1.9,77.9,18.7,0.1,0.3,0.0,0.0,1.1,1.22,14.0,93.9,0.4292,82.3356,1.0,0.0,0.0
0500000US28157,"Wilkinson County, Mississippi",28,157,0,9,9,59,4103,1685,589,1125,8162,67,2290,5482,0,0,0,128,195,1068,814,1981,0.1,100.0,0.8,60.8,13.4,73.5,18.5,15.9,27.4,0.8,28.1,67.2,0.0,0.0,0.0,1.6,2.4,13.09,13.8,86.9,0.5158,36.6769,0.0,0.0,0.0
0500000US28159,"Winston County, Mississippi",28,159,0,33,15,271,7013,5095,1321,1809,17536,105,8662,8260,190,18,0,0,301,376,1814,5904,0.2,45.5,1.6,49.3,6.7,76.0,18.5,10.5,26.9,0.6,49.4,47.1,1.1,0.1,0.0,0.0,1.7,2.14,14.9,89.6,0.4998,58.7071,0.0,0.0,0.0
0500000US28161,"Yalobusha County, Mississippi",28,161,0,45,2,279,4746,3597,588,1404,12419,216,7105,4594,44,19,0,0,441,216,1467,4487,0.4,4.4,2.4,47.2,5.9,72.2,11.8,11.5,21.5,1.7,57.2,37.0,0.4,0.2,0.0,0.0,3.6,1.74,16.6,90.7,0.4536,59.8503,0.0,0.0,0.0
0500000US28163,"Yazoo County, Mississippi",28,163,0,952,842,1304,11481,5083,2280,2320,24835,1337,8923,14190,22,14,0,0,349,4584,4025,6845,3.8,88.4,5.6,57.6,9.7,66.5,26.0,11.4,30.8,5.4,35.9,57.1,0.1,0.1,0.0,0.0,1.4,18.46,23.5,91.0,0.5097,50.8082,0.0,0.0,0.0
0500000US29001,"Adair County, Missouri",29,001,0,1374,1074,1953,9729,8184,818,2597,25301,755,22028,1123,78,526,0,2,789,1966,936,9472,5.4,78.2,8.2,46.0,4.1,74.8,9.0,10.3,22.0,3.0,87.1,4.4,0.3,2.1,0.0,0.0,3.1,7.77,6.6,87.8,0.5515,66.1295,0.0,0.0,0.0
0500000US29003,"Andrew County, Missouri",29,003,2,206,30,456,5222,6772,339,1022,18065,470,16698,242,8,146,0,5,496,185,589,8028,1.1,14.6,2.7,36.1,3.6,76.9,4.9,5.7,6.2,2.6,92.4,1.3,0.0,0.8,0.0,0.0,2.7,1.02,4.6,91.7,0.3997,75.2209,0.0,0.0,0.0
0500000US29005,"Atchison County, Missouri",29,005,1,44,31,123,1600,1801,132,571,5187,107,4804,11,7,22,7,25,204,95,323,2289,0.8,70.5,2.5,38.0,2.3,70.6,5.8,11.2,11.6,2.1,92.6,0.2,0.1,0.4,0.1,0.5,3.9,1.83,8.5,90.4,0.4488,79.3218,0.0,0.0,0.0
0500000US29007,"Audrain County, Missouri",29,007,2,342,141,1138,8925,7674,1130,3205,24548,786,21403,1091,60,139,12,48,1009,1379,2027,9193,1.4,41.2,4.9,45.2,4.3,74.2,12.3,13.7,17.8,3.2,87.2,4.4,0.2,0.6,0.0,0.2,4.1,5.62,11.9,91.9,0.4184,73.1635,0.0,0.0,0.0
0500000US29009,"Barry County, Missouri",29,009,8,1683,903,3085,12301,12019,1465,4194,35033,3564,28092,70,47,695,305,22,2238,254,3424,12945,4.8,53.7,9.4,43.9,4.6,80.2,11.0,12.1,15.2,10.2,80.2,0.2,0.1,2.0,0.9,0.1,6.4,0.73,13.9,87.2,0.4547,81.2744,0.0,0.0,0.0
0500000US29011,"Barton County, Missouri",29,011,0,126,55,523,4267,3513,823,1078,11690,357,10509,27,133,47,0,42,575,96,1012,4328,1.1,43.7,4.8,45.6,3.3,71.3,18.5,9.3,20.2,3.1,89.9,0.2,1.1,0.4,0.0,0.4,4.9,0.82,12.5,89.6,0.4342,85.7689,0.0,0.0,0.0
0500000US29013,"Bates County, Missouri",29,013,1,175,81,448,5398,5508,687,1790,16186,416,14845,346,38,65,0,5,471,336,1104,6102,1.1,46.3,2.9,41.6,5.9,77.3,11.2,11.3,15.9,2.6,91.7,2.1,0.2,0.4,0.0,0.0,2.9,2.08,9.8,87.4,0.4139,80.3212,0.0,0.0,0.0
0500000US29015,"Benton County, Missouri",29,015,1,187,40,371,9782,4883,1070,1841,20151,411,18460,193,85,32,46,96,828,311,1715,6055,0.9,21.4,1.9,57.3,3.8,69.7,12.5,9.2,19.9,2.0,91.6,1.0,0.4,0.2,0.2,0.5,4.1,1.54,11.1,89.1,0.476,79.1717,0.0,0.0,0.0
0500000US29017,"Bollinger County, Missouri",29,017,0,52,47,29,3438,3788,361,759,10559,175,9893,89,3,5,0,51,343,234,694,4123,0.5,90.4,0.3,40.2,3.5,76.6,9.2,7.3,13.6,1.7,93.7,0.8,0.0,0.0,0.0,0.5,3.2,2.22,9.2,86.8,0.3995,87.08,0.0,0.0,0.0
0500000US29019,"Boone County, Missouri",29,019,92,12062,6086,16115,51839,71192,5088,10940,188043,8454,142496,17873,145,9052,154,829,9040,9925,5310,81556,6.4,50.5,9.1,33.5,3.8,72.1,6.6,5.9,16.6,4.5,75.8,9.5,0.1,4.8,0.1,0.4,4.8,5.28,4.6,83.6,0.4753,44.0273,0.0,0.0,0.0
0500000US29021,"Buchanan County, Missouri",29,021,34,3376,1990,4842,26407,32276,4864,9106,83568,6318,66629,4685,165,915,298,166,4392,3251,5537,34595,4.0,58.9,6.2,39.3,4.2,83.3,14.5,11.2,16.0,7.6,79.7,5.6,0.2,1.1,0.4,0.2,5.3,3.89,9.7,90.2,0.4726,63.246,0.0,0.0,0.0
0500000US29023,"Butler County, Missouri",29,023,4,335,143,701,14988,13966,3366,5394,42020,1035,36091,1978,78,185,2,234,2417,886,4351,15686,0.8,42.7,1.8,45.0,4.8,80.4,20.3,13.0,20.5,2.5,85.9,4.7,0.2,0.4,0.0,0.6,5.8,2.11,15.1,91.4,0.4612,81.4614,0.0,0.0,0.0
0500000US29025,"Caldwell County, Missouri",29,025,0,110,64,184,2922,2884,316,836,8927,203,8213,107,23,37,7,44,293,217,501,3515,1.2,58.2,2.2,41.0,2.9,70.6,8.4,9.6,10.3,2.3,92.0,1.2,0.3,0.4,0.1,0.5,3.3,2.43,8.1,87.4,0.4289,80.1829,0.0,0.0,0.0
0500000US29027,"Callaway County, Missouri",29,027,15,420,254,724,15150,14683,1441,3581,44741,1098,39393,1672,158,64,0,153,2203,3574,2763,17311,0.9,60.5,1.7,41.3,5.1,72.1,8.7,8.4,11.6,2.5,88.0,3.7,0.4,0.1,0.0,0.3,4.9,7.99,8.9,85.7,0.4154,70.8739,0.0,0.0,1.0
0500000US29029,"Camden County, Missouri",29,029,6,966,535,1636,18273,14684,1469,4515,43667,1526,40223,381,14,249,0,52,1222,418,2314,15028,2.2,55.4,3.9,49.2,4.3,81.5,8.2,10.4,12.6,3.5,92.1,0.9,0.0,0.6,0.0,0.1,2.8,0.96,6.9,84.8,0.4648,76.7066,0.0,0.0,0.0
0500000US29031,"Cape Girardeau County, Missouri",29,031,41,2014,1357,2840,23660,33845,3166,6026,82735,2439,69142,6109,196,1361,88,170,3230,3605,3968,36777,2.4,67.4,3.6,35.3,2.3,79.9,9.8,7.4,13.9,2.9,83.6,7.4,0.2,1.6,0.1,0.2,3.9,4.36,7.4,88.1,0.4606,72.6464,0.0,0.0,0.0
0500000US29033,"Carroll County, Missouri",29,033,1,15,6,53,2760,2834,317,672,8411,187,7850,127,0,13,1,0,233,108,584,3334,0.2,40.0,0.7,40.9,4.3,74.2,9.0,8.1,13.7,2.2,93.3,1.5,0.0,0.2,0.0,0.0,2.8,1.28,9.8,87.6,0.4502,81.8905,0.0,0.0,0.0
0500000US29035,"Carter County, Missouri",29,035,1,80,67,180,1842,1584,404,765,5297,121,4903,22,0,2,0,0,249,44,691,1856,1.5,83.8,3.6,44.0,3.8,70.3,19.8,14.6,20.8,2.3,92.6,0.4,0.0,0.0,0.0,0.0,4.7,0.83,19.4,83.2,0.4443,86.9322,1.0,0.0,1.0
0500000US29037,"Cass County, Missouri",29,037,44,1944,772,3398,29001,46705,2299,8442,110773,6083,92652,5052,203,842,110,928,4903,1046,4457,46991,1.8,39.7,3.3,32.8,4.2,82.3,5.3,7.7,6.2,5.5,83.6,4.6,0.2,0.8,0.1,0.8,4.4,0.94,5.8,84.1,0.4068,65.3625,0.0,0.0,0.0
0500000US29039,"Cedar County, Missouri",29,039,0,83,62,368,5545,4408,705,2134,14615,320,13461,72,31,4,0,136,591,339,1093,4912,0.6,74.7,2.7,47.8,2.6,74.9,12.2,14.8,17.0,2.2,92.1,0.5,0.2,0.0,0.0,0.9,4.0,2.32,10.8,86.2,0.495,84.3628,0.0,0.0,0.0
0500000US29041,"Chariton County, Missouri",29,041,0,49,41,157,2371,2402,189,341,7390,111,6852,138,44,14,0,12,219,241,396,2990,0.7,83.7,2.3,40.2,3.5,70.4,7.0,4.8,8.8,1.5,92.7,1.9,0.6,0.2,0.0,0.2,3.0,3.26,7.7,89.1,0.4145,77.7452,0.0,0.0,0.0
0500000US29043,"Christian County, Missouri",29,043,30,2457,915,3705,25618,36692,2235,6980,92915,3505,83999,653,159,750,89,381,3379,616,3857,38513,2.6,37.2,4.2,35.3,3.4,81.2,6.4,7.6,8.2,3.8,90.4,0.7,0.2,0.8,0.1,0.4,3.6,0.66,6.1,87.2,0.4292,75.5656,1.0,1.0,0.0
0500000US29045,"Clark County, Missouri",29,045,1,17,7,100,2480,1973,188,716,6675,65,6334,127,0,6,0,0,143,132,405,2261,0.3,41.2,1.6,47.1,5.0,74.6,7.8,10.9,11.2,1.0,94.9,1.9,0.0,0.1,0.0,0.0,2.1,1.98,8.7,87.2,0.4504,80.378,0.0,0.0,0.0
0500000US29047,"Clay County, Missouri",29,047,87,14236,5382,19065,63460,111292,6168,19385,258122,20621,198705,17626,527,6619,758,815,12451,2996,10194,109187,5.5,37.8,7.9,31.0,3.8,82.0,6.0,7.6,8.5,8.0,77.0,6.8,0.2,2.6,0.3,0.3,4.8,1.16,5.8,81.7,0.4181,52.0037,0.0,0.0,0.0
0500000US29049,"Clinton County, Missouri",29,049,0,227,123,479,6737,8128,646,1859,21414,567,19680,169,25,35,0,32,906,426,1118,8339,1.1,54.2,2.4,39.5,3.0,81.2,7.8,8.8,12.3,2.6,91.9,0.8,0.1,0.2,0.0,0.1,4.2,1.99,7.5,88.3,0.4366,73.3304,0.0,0.0,0.0
0500000US29051,"Cole County, Missouri",29,051,27,2210,1055,2877,22906,25444,1847,4266,77032,2807,61045,7484,182,1086,8,497,3923,4072,3073,32894,2.9,47.7,4.0,36.8,2.9,66.9,5.9,5.8,9.0,3.6,79.2,9.7,0.2,1.4,0.0,0.6,5.1,5.29,5.8,86.7,0.4239,66.4624,0.0,0.0,0.0
0500000US29053,"Cooper County, Missouri",29,053,2,115,38,362,5696,5447,420,1353,16824,361,14773,943,17,21,0,25,684,1264,1124,6669,0.7,33.0,2.3,42.0,4.3,72.5,6.7,8.7,11.7,2.1,87.8,5.6,0.1,0.1,0.0,0.1,4.1,7.51,9.7,89.6,0.4061,72.3599,0.0,0.0,0.0
0500000US29055,"Crawford County, Missouri",29,055,1,275,102,296,8372,7390,1163,2904,22797,552,20943,177,38,18,51,94,924,459,2273,8712,1.2,37.1,1.4,45.7,4.9,78.3,12.1,12.9,14.1,2.4,91.9,0.8,0.2,0.1,0.2,0.4,4.1,2.01,14.1,93.3,0.4728,80.7277,0.0,0.0,0.0
0500000US29057,"Dade County, Missouri",29,057,1,121,38,165,2804,2446,451,762,7641,175,7032,32,31,10,1,4,356,181,516,2678,1.6,31.4,2.3,45.2,3.2,74.4,14.8,10.2,12.6,2.3,92.0,0.4,0.4,0.1,0.0,0.1,4.7,2.37,9.2,85.5,0.4384,83.1343,0.0,0.0,0.0
0500000US29059,"Dallas County, Missouri",29,059,0,132,35,589,7186,4875,1137,2758,17551,398,16342,33,16,3,0,0,759,206,1314,5656,0.8,26.5,3.6,51.5,3.9,74.9,16.8,15.9,20.5,2.3,93.1,0.2,0.1,0.0,0.0,0.0,4.3,1.17,10.7,88.9,0.4699,81.8268,1.0,0.0,0.0
0500000US29061,"Daviess County, Missouri",29,061,0,59,35,641,2763,2727,249,1427,8477,151,8060,82,10,18,8,0,148,120,894,3003,0.7,59.3,8.1,41.5,1.4,70.9,8.2,17.1,11.4,1.8,95.1,1.0,0.1,0.2,0.1,0.0,1.7,1.42,15.7,78.7,0.4459,81.1465,0.0,0.0,0.0
0500000US29063,"DeKalb County, Missouri",29,063,0,195,139,194,4695,3081,290,598,10876,258,9465,710,28,62,0,18,335,1926,839,3586,1.8,71.3,1.9,52.4,2.3,74.0,7.8,6.7,8.7,2.4,87.0,6.5,0.3,0.6,0.0,0.2,3.1,17.71,10.6,86.9,0.4162,80.7021,1.0,1.0,1.0
0500000US29065,"Dent County, Missouri",29,065,0,282,111,157,5402,4130,955,2248,14539,324,13239,61,95,124,10,28,658,194,1681,5024,1.9,39.4,1.1,46.5,4.4,69.7,17.0,15.6,12.2,2.2,91.1,0.4,0.7,0.9,0.1,0.2,4.5,1.33,16.4,89.7,0.4444,84.6544,0.0,0.0,0.0
0500000US29067,"Douglas County, Missouri",29,067,0,158,84,86,4849,3364,671,1355,11965,280,11051,108,90,16,0,18,402,128,1132,3729,1.3,53.2,0.8,50.9,6.1,76.4,14.4,11.4,17.5,2.3,92.4,0.9,0.8,0.1,0.0,0.2,3.4,1.07,13.4,85.8,0.5047,85.6359,1.0,0.0,0.0
0500000US29069,"Dunklin County, Missouri",29,069,2,800,624,1696,9949,8310,2765,4063,27493,2107,20218,1896,28,96,0,32,3116,744,3434,10064,2.9,78.0,6.6,46.8,4.8,77.2,24.6,15.1,22.0,7.7,73.5,6.9,0.1,0.3,0.0,0.1,11.3,2.71,18.9,94.6,0.4544,80.5492,1.0,0.0,0.0
0500000US29071,"Franklin County, Missouri",29,071,15,1450,989,1887,32133,42932,3050,7283,105950,2461,93978,905,76,453,43,232,7802,978,6902,43569,1.4,68.2,1.9,37.7,4.3,84.7,7.1,6.9,8.2,2.3,88.7,0.9,0.1,0.4,0.0,0.2,7.4,0.92,9.2,87.6,0.4198,72.346,0.0,0.0,0.0
0500000US29073,"Gasconade County, Missouri",29,073,1,74,25,180,4923,5487,625,849,14746,237,13907,127,44,16,37,0,378,250,967,6252,0.5,33.8,1.3,40.6,3.3,78.6,10.3,5.8,12.6,1.6,94.3,0.9,0.3,0.1,0.3,0.0,2.6,1.7,9.0,92.1,0.4669,79.6549,0.0,0.0,0.0
0500000US29075,"Gentry County, Missouri",29,075,0,70,21,215,1886,2023,214,848,6245,124,5833,22,2,42,0,12,210,188,438,2443,1.1,30.0,3.7,39.3,2.2,71.9,8.8,13.9,17.9,2.0,93.4,0.4,0.0,0.7,0.0,0.2,3.4,3.01,10.4,86.2,0.4289,80.5286,0.0,0.0,0.0
0500000US29077,"Greene County, Missouri",29,077,65,11481,5475,15666,89264,127253,13120,31157,303375,15605,254936,9016,717,5893,370,1625,15213,10025,12036,126815,3.8,47.7,5.5,36.1,3.4,83.4,10.0,10.4,13.6,5.1,84.0,3.0,0.2,1.9,0.1,0.5,5.0,3.3,6.0,84.6,0.4654,59.6763,0.0,0.0,0.0
0500000US29079,"Grundy County, Missouri",29,079,0,119,56,449,3436,3022,458,1549,9787,273,9012,44,20,71,0,39,328,300,882,3480,1.2,47.1,5.0,45.5,3.2,75.7,11.7,16.2,17.6,2.8,92.1,0.4,0.2,0.7,0.0,0.4,3.4,3.07,13.3,87.7,0.5022,81.3351,1.0,0.0,0.0
0500000US29081,"Harrison County, Missouri",29,081,1,170,56,287,2907,2413,437,1100,8190,68,7684,64,13,99,0,13,249,170,532,2893,2.1,32.9,3.7,45.1,2.5,70.1,13.7,13.6,19.6,0.8,93.8,0.8,0.2,1.2,0.0,0.2,3.0,2.08,9.5,85.8,0.4055,85.6437,0.0,0.0,0.0
0500000US29083,"Henry County, Missouri",29,083,7,116,89,439,7917,7245,1000,2096,22328,675,20389,169,46,36,0,8,1005,286,1558,8474,0.5,76.7,2.1,44.1,4.4,75.7,10.8,9.5,14.3,3.0,91.3,0.8,0.2,0.2,0.0,0.0,4.5,1.28,9.9,89.9,0.4409,75.7958,0.0,0.0,0.0
0500000US29085,"Hickory County, Missouri",29,085,0,13,0,297,4267,2035,429,1115,8585,157,8015,7,3,39,0,2,362,147,837,2316,0.2,0.0,3.6,58.7,13.8,79.1,11.9,13.2,19.8,1.8,93.4,0.1,0.0,0.5,0.0,0.0,4.2,1.71,12.7,91.7,0.4749,80.2344,0.0,0.0,0.0
0500000US29087,"Holt County, Missouri",29,087,0,50,21,40,1442,1398,118,401,4240,79,3956,18,0,16,0,25,146,100,221,1769,1.2,42.0,1.0,41.4,1.8,70.4,6.8,9.7,10.2,1.9,93.3,0.4,0.0,0.4,0.0,0.6,3.4,2.36,7.2,88.9,0.4433,84.2687,0.0,0.0,0.0
0500000US29089,"Howard County, Missouri",29,089,0,107,40,105,3646,3402,281,816,10147,229,8742,561,38,21,5,67,484,798,593,3824,1.1,37.4,1.1,43.9,3.7,76.0,7.8,8.1,12.0,2.3,86.2,5.5,0.4,0.2,0.0,0.7,4.8,7.86,9.1,86.3,0.4166,71.3075,0.0,0.0,0.0
0500000US29091,"Howell County, Missouri",29,091,3,498,237,1191,14130,12187,2232,4656,40383,1042,36940,194,78,177,2,532,1418,715,3589,15036,1.2,47.6,3.1,44.4,5.0,72.4,14.0,11.7,20.3,2.6,91.5,0.5,0.2,0.4,0.0,1.3,3.5,1.77,13.1,91.7,0.4605,82.945,0.0,0.0,0.0
0500000US29093,"Iron County, Missouri",29,093,1,164,54,130,3735,2777,705,988,9446,210,8662,48,20,106,9,11,380,328,982,3390,1.7,32.9,1.4,48.7,3.0,72.7,18.3,10.8,19.3,2.2,91.7,0.5,0.2,1.1,0.1,0.1,4.0,3.47,14.4,89.7,0.4383,80.6552,0.0,0.0,0.0
0500000US29095,"Jackson County, Missouri",29,095,342,47328,25896,70940,188931,297759,31623,76545,719976,82126,427242,158398,963,12772,1655,3568,33252,10249,41017,285335,6.6,54.7,10.5,33.1,4.7,81.9,10.3,10.7,14.1,11.4,59.3,22.0,0.1,1.8,0.2,0.5,4.6,1.42,8.3,79.7,0.4615,51.301,0.0,0.0,0.0
0500000US29097,"Jasper County, Missouri",29,097,19,4898,2966,7623,35529,48464,7323,14863,124357,12221,100192,2054,720,1612,419,438,6701,2204,8904,51176,3.9,60.6,6.6,36.6,3.6,81.6,14.8,12.0,17.0,9.8,80.6,1.7,0.6,1.3,0.3,0.4,5.4,1.77,10.9,88.4,0.4596,72.6374,0.0,0.0,0.0
0500000US29099,"Jefferson County, Missouri",29,099,82,5265,1370,7156,62660,99793,6252,15051,229458,6066,202967,2315,197,2305,47,760,14801,1966,12925,100477,2.3,26.0,3.3,34.0,3.2,85.1,7.1,6.6,9.0,2.6,88.5,1.0,0.1,1.0,0.0,0.3,6.5,0.86,8.0,86.7,0.395,67.7171,1.0,0.0,0.0
0500000US29101,"Johnson County, Missouri",29,101,13,1620,961,2489,14825,17684,1344,4297,54732,2821,45821,2332,81,830,199,295,2353,3890,2197,23970,3.0,59.3,4.9,33.7,4.7,71.4,6.4,8.5,11.8,5.2,83.7,4.3,0.1,1.5,0.4,0.5,4.3,7.11,6.8,87.6,0.4005,69.0535,0.0,0.0,0.0
0500000US29103,"Knox County, Missouri",29,103,0,14,5,182,1184,1136,106,946,3756,11,3561,24,3,7,76,6,68,129,460,1249,0.4,35.7,5.3,40.2,1.1,65.3,8.2,25.5,11.9,0.3,94.8,0.6,0.1,0.2,2.0,0.2,1.8,3.43,18.9,73.0,0.4672,81.7127,0.0,0.0,0.0
0500000US29105,"Laclede County, Missouri",29,105,14,537,272,919,11192,13081,2231,3916,36390,1086,32903,209,118,275,101,62,1636,331,3616,14927,1.5,50.7,2.7,39.5,5.3,80.6,15.3,10.9,18.2,3.0,90.4,0.6,0.3,0.8,0.3,0.2,4.5,0.91,14.6,92.5,0.4557,82.8941,0.0,0.0,0.0
0500000US29107,"Lafayette County, Missouri",29,107,11,746,326,1117,9921,12903,1177,2678,33115,1155,29712,514,80,123,0,197,1334,651,1946,13871,2.3,43.7,3.6,37.2,3.0,79.6,9.4,8.2,9.3,3.5,89.7,1.6,0.2,0.4,0.0,0.6,4.0,1.97,8.4,88.1,0.3937,73.7477,0.0,0.0,0.0
0500000US29109,"Lawrence County, Missouri",29,109,3,1335,668,2984,11927,13338,1788,5322,38593,3263,33261,107,159,187,16,267,1333,622,3260,14689,3.5,50.0,8.3,39.7,4.3,77.3,12.2,14.0,14.5,8.5,86.2,0.3,0.4,0.5,0.0,0.7,3.5,1.61,12.7,86.9,0.409,81.4077,1.0,0.0,0.0
0500000US29111,"Lewis County, Missouri",29,111,3,59,56,226,3357,3896,192,1043,9924,111,9084,383,2,50,0,4,290,793,723,3895,0.6,94.9,2.4,41.4,5.1,86.4,6.0,10.7,12.7,1.1,91.5,3.9,0.0,0.5,0.0,0.0,2.9,7.99,11.5,88.0,0.4307,79.4695,0.0,0.0,0.0
0500000US29113,"Lincoln County, Missouri",29,113,1,657,337,1614,17410,26286,1591,5183,63057,1809,57929,1070,47,203,65,43,1891,720,3835,26587,1.0,51.3,2.7,35.4,3.7,86.2,7.0,8.3,10.2,2.9,91.9,1.7,0.1,0.3,0.1,0.1,3.0,1.14,9.0,88.8,0.3927,77.3846,1.0,0.0,0.0
0500000US29115,"Linn County, Missouri",29,115,1,140,60,345,3694,3708,422,1090,11852,352,11100,97,26,52,12,0,213,164,703,4810,1.2,42.9,3.1,39.0,3.2,66.3,8.8,9.3,13.7,3.0,93.7,0.8,0.2,0.4,0.1,0.0,1.8,1.38,8.5,87.1,0.4362,78.02,0.0,0.0,0.0
0500000US29117,"Livingston County, Missouri",29,117,3,113,61,337,5203,4677,557,1492,14364,295,13036,434,41,49,4,48,457,1368,1333,5739,0.8,54.0,2.5,44.7,2.7,74.8,9.9,11.4,11.9,2.1,90.8,3.0,0.3,0.3,0.0,0.3,3.2,9.52,13.1,92.0,0.4503,78.4956,0.0,0.0,0.0
0500000US29119,"McDonald County, Missouri",29,119,2,2597,1936,3526,8092,8051,1168,4347,23701,2949,16185,466,285,308,910,127,2471,151,2692,8284,11.0,74.5,15.9,43.8,6.8,83.2,13.6,18.4,16.8,12.4,68.3,2.0,1.2,1.3,3.8,0.5,10.4,0.64,17.1,87.5,0.4291,83.9901,0.0,0.0,0.0
0500000US29121,"Macon County, Missouri",29,121,0,100,44,438,5301,4981,521,1716,15163,287,13954,275,14,93,0,33,507,214,827,5735,0.7,44.0,3.1,43.7,2.1,74.5,8.6,11.5,9.5,1.9,92.0,1.8,0.1,0.6,0.0,0.2,3.3,1.41,7.8,87.5,0.395,80.3674,0.0,0.0,0.0
0500000US29123,"Madison County, Missouri",29,123,1,173,123,319,4436,4377,629,1322,12729,356,11738,35,65,36,0,13,486,258,1073,4466,1.4,71.1,2.6,43.6,4.8,80.2,13.4,10.6,13.2,2.8,92.2,0.3,0.5,0.3,0.0,0.1,3.8,2.03,12.1,84.1,0.4595,82.0615,1.0,0.0,0.0
0500000US29125,"Maries County, Missouri",29,125,0,52,12,60,3176,2449,385,457,8450,175,7746,18,103,0,0,4,404,83,736,3193,0.6,23.1,0.7,45.6,4.8,68.0,11.2,5.5,13.5,2.1,91.7,0.2,1.2,0.0,0.0,0.0,4.8,0.98,12.1,90.9,0.4185,83.3055,0.0,0.0,0.0
0500000US29127,"Marion County, Missouri",29,127,21,163,106,239,9375,10088,1370,2203,28457,582,25330,1192,68,228,0,70,987,1247,1802,10803,0.6,65.0,0.9,41.7,3.8,80.1,12.1,7.9,14.2,2.0,89.0,4.2,0.2,0.8,0.0,0.2,3.5,4.38,9.4,87.0,0.4157,75.9599,0.0,0.0,0.0
0500000US29129,"Mercer County, Missouri",29,129,1,125,93,242,1146,1107,139,313,3482,167,3173,6,10,31,4,0,91,68,217,1211,3.6,74.4,7.5,42.7,3.5,74.9,10.7,9.2,13.5,4.8,91.1,0.2,0.3,0.9,0.1,0.0,2.6,1.95,9.2,83.4,0.3875,86.2165,0.0,0.0,0.0
0500000US29131,"Miller County, Missouri",29,131,6,380,273,655,8370,8358,875,2676,25269,547,23586,279,33,96,12,70,646,352,2064,9948,1.5,71.8,2.8,41.5,5.3,74.9,8.9,10.7,14.4,2.2,93.3,1.1,0.1,0.4,0.0,0.3,2.6,1.39,11.8,90.9,0.4496,83.2065,0.0,0.0,0.0
0500000US29133,"Mississippi County, Missouri",29,133,3,50,19,122,4863,3617,1224,1150,11902,96,8410,2257,4,76,0,0,1059,1393,1345,4146,0.4,38.0,1.1,51.0,2.7,79.7,27.3,10.9,19.0,0.8,70.7,19.0,0.0,0.6,0.0,0.0,8.9,11.7,16.4,93.4,0.432,76.5116,1.0,1.0,1.0
0500000US29135,"Moniteau County, Missouri",29,135,1,444,209,1609,5083,4663,435,2620,15262,895,13444,342,3,71,0,58,449,1204,1613,5691,2.9,47.1,11.3,42.8,2.5,70.6,7.6,18.6,10.3,5.9,88.1,2.2,0.0,0.5,0.0,0.4,2.9,7.89,15.8,87.1,0.4126,80.7835,0.0,0.0,0.0
0500000US29137,"Monroe County, Missouri",29,137,4,84,53,186,3481,2673,265,910,8734,160,8004,309,37,34,0,29,161,172,495,3111,1.0,63.1,2.2,49.1,1.8,75.6,7.6,10.6,14.2,1.8,91.6,3.5,0.4,0.4,0.0,0.3,1.8,1.97,8.0,88.0,0.4411,79.397,0.0,0.0,0.0
0500000US29139,"Montgomery County, Missouri",29,139,2,100,54,227,3920,4075,516,1103,11426,266,10549,97,38,9,15,5,447,259,910,4370,0.9,54.0,2.1,42.6,3.0,79.4,11.1,9.9,13.9,2.3,92.3,0.8,0.3,0.1,0.1,0.0,3.9,2.27,11.3,86.3,0.4206,79.6265,0.0,0.0,0.0
0500000US29141,"Morgan County, Missouri",29,141,3,200,66,1622,9025,6050,1059,5133,21717,569,19956,51,11,78,0,33,1019,401,2937,6801,0.9,33.0,8.0,51.8,2.9,74.2,12.2,24.0,18.3,2.6,91.9,0.2,0.1,0.4,0.0,0.2,4.7,1.85,19.2,84.5,0.5132,79.3529,0.0,0.0,0.0
0500000US29143,"New Madrid County, Missouri",29,143,2,153,79,303,5860,4534,1575,1757,15731,292,11676,2051,14,49,0,44,1605,350,1430,6009,1.0,51.6,2.1,47.0,3.4,71.2,23.5,11.4,17.7,1.9,74.2,13.0,0.1,0.3,0.0,0.3,10.2,2.22,13.2,95.8,0.4983,76.3911,1.0,0.0,0.0
0500000US29145,"Newton County, Missouri",29,145,12,2735,1976,4258,18874,22089,2727,7584,60118,4058,48330,566,750,963,837,296,4318,1263,4255,23513,4.5,72.2,7.5,39.8,5.9,82.3,12.3,12.7,13.5,6.8,80.4,0.9,1.2,1.6,1.4,0.5,7.2,2.1,10.5,88.7,0.4417,78.7813,0.0,0.0,0.0
0500000US29147,"Nodaway County, Missouri",29,147,0,435,351,739,7306,7293,704,1507,20774,461,18998,439,58,341,5,95,377,2617,596,8988,2.1,80.7,3.7,41.3,2.4,72.2,8.3,7.5,17.1,2.2,91.5,2.1,0.3,1.6,0.0,0.5,1.8,12.6,4.8,90.3,0.4305,71.3077,0.0,0.0,0.0
0500000US29149,"Oregon County, Missouri",29,149,0,58,29,75,3504,2278,672,1397,8673,132,8033,7,15,39,3,5,439,133,899,2824,0.7,50.0,0.9,50.5,5.2,70.0,19.9,16.3,23.6,1.5,92.6,0.1,0.2,0.4,0.0,0.1,5.1,1.53,14.8,88.6,0.4481,84.1968,0.0,0.0,0.0
0500000US29151,"Osage County, Missouri",29,151,1,45,14,101,3866,4528,220,547,13402,149,12942,37,17,10,0,0,247,265,798,5932,0.3,31.1,0.8,36.2,1.7,67.7,4.2,4.1,8.6,1.1,96.6,0.3,0.1,0.1,0.0,0.0,1.8,1.98,8.8,89.7,0.4835,86.1525,0.0,0.0,0.0
0500000US29153,"Ozark County, Missouri",29,153,0,67,10,155,4127,2095,547,1166,8873,188,8312,24,6,0,0,7,336,52,1000,2517,0.8,14.9,1.8,55.6,5.0,66.8,14.7,13.2,21.5,2.1,93.7,0.3,0.1,0.0,0.0,0.1,3.8,0.59,14.9,82.6,0.5115,84.6025,1.0,1.0,1.0
0500000US29155,"Pemiscot County, Missouri",29,155,3,175,85,366,5328,4411,1947,1864,14958,478,9738,3643,26,26,0,19,1028,210,1511,5163,1.2,48.6,2.6,46.3,9.7,79.1,30.7,12.6,29.6,3.2,65.1,24.4,0.2,0.2,0.0,0.1,6.9,1.4,15.2,93.4,0.519,74.3264,0.0,0.0,0.0
0500000US29157,"Perry County, Missouri",29,157,0,321,230,662,5806,7401,764,1062,18976,467,17731,131,6,156,0,0,485,321,1786,8241,1.7,71.7,3.7,37.9,4.9,81.8,10.2,5.7,13.9,2.5,93.4,0.7,0.0,0.8,0.0,0.0,2.6,1.69,13.5,92.3,0.4551,81.2907,0.0,0.0,0.0
0500000US29159,"Pettis County, Missouri",29,159,19,3135,1669,5341,12816,15899,1941,5387,43397,4299,35616,1071,21,299,163,96,1832,949,3581,17514,7.2,53.2,13.2,37.9,3.8,79.1,11.4,12.6,15.6,9.9,82.1,2.5,0.0,0.7,0.4,0.2,4.2,2.19,12.4,88.8,0.4272,73.6522,0.0,0.0,1.0
0500000US29161,"Phelps County, Missouri",29,161,9,1903,1226,2045,16472,14164,2275,4039,45194,1390,38353,1100,174,1655,15,228,2279,3064,2840,16491,4.2,64.4,4.8,44.9,3.9,72.8,13.1,9.1,16.8,3.1,84.9,2.4,0.4,3.7,0.0,0.5,5.0,6.78,10.0,86.6,0.4564,70.7668,1.0,0.0,0.0
0500000US29163,"Pike County, Missouri",29,163,11,261,131,690,7052,4969,670,1446,17711,439,15760,878,84,60,30,5,455,1740,1557,6152,1.5,50.2,4.1,49.9,3.9,73.3,10.4,9.0,16.0,2.5,89.0,5.0,0.5,0.3,0.2,0.0,2.6,9.82,12.6,91.6,0.4328,78.6171,0.0,0.0,0.0
0500000US29165,"Platte County, Missouri",29,165,29,6336,2456,8524,26712,48674,1857,6683,110371,7893,84638,8224,141,2798,175,714,5788,1044,2524,46148,5.7,38.8,8.2,30.5,2.7,82.9,4.2,6.1,7.0,7.2,76.7,7.5,0.1,2.5,0.2,0.6,5.2,0.95,3.3,78.8,0.4387,50.8172,0.0,0.0,0.0
0500000US29167,"Polk County, Missouri",29,167,0,412,164,1187,11017,10870,1306,4516,32444,970,29507,239,75,259,0,312,1082,1363,2548,12315,1.3,39.8,3.9,42.7,4.0,76.6,10.8,14.1,16.3,3.0,90.9,0.7,0.2,0.8,0.0,1.0,3.3,4.2,12.0,87.4,0.4538,80.1908,0.0,0.0,0.0
0500000US29169,"Pulaski County, Missouri",29,169,4,2610,1125,5467,13006,11323,1411,3372,53894,6199,36902,5425,167,1152,318,326,3405,9959,1794,19433,4.8,43.1,10.9,30.1,4.7,60.2,8.4,8.4,12.7,11.5,68.5,10.1,0.3,2.1,0.6,0.6,6.3,18.48,6.1,69.9,0.4089,74.4678,1.0,1.0,0.0
0500000US29171,"Putnam County, Missouri",29,171,0,56,0,187,1582,1288,134,440,4642,139,4414,9,20,0,0,0,60,73,162,1754,1.2,0.0,4.3,42.9,4.0,63.7,7.5,9.6,15.5,3.0,95.1,0.2,0.4,0.0,0.0,0.0,1.3,1.57,4.8,87.1,0.4448,84.916,0.0,0.0,0.0
0500000US29173,"Ralls County, Missouri",29,173,3,21,13,104,3811,3429,190,566,10428,128,9678,187,6,17,0,23,389,88,613,3843,0.2,61.9,1.1,44.8,4.8,76.7,4.8,5.5,11.4,1.2,92.8,1.8,0.1,0.2,0.0,0.2,3.7,0.84,8.1,87.4,0.4102,79.1934,0.0,0.0,0.0
0500000US29175,"Randolph County, Missouri",29,175,2,164,86,446,8650,8221,1388,2196,24365,612,21308,1203,16,50,6,22,1148,1868,1734,9400,0.7,52.4,1.9,43.9,4.4,78.0,15.0,9.7,13.9,2.5,87.5,4.9,0.1,0.2,0.0,0.1,4.7,7.67,10.2,89.9,0.4286,75.4625,0.0,0.0,0.0
0500000US29177,"Ray County, Missouri",29,177,8,326,134,560,7320,8676,954,2086,23145,667,21333,182,85,76,2,109,691,228,1662,9261,1.4,41.1,2.6,39.5,3.4,80.0,10.5,9.1,12.6,2.9,92.2,0.8,0.4,0.3,0.0,0.5,3.0,0.99,10.3,86.5,0.4368,73.7609,0.0,0.0,0.0
0500000US29179,"Reynolds County, Missouri",29,179,0,15,2,28,2443,1855,379,715,6010,104,5466,89,14,14,0,3,320,204,834,2038,0.2,13.3,0.5,48.3,10.9,79.7,16.2,12.2,17.3,1.7,90.9,1.5,0.2,0.2,0.0,0.0,5.3,3.39,18.7,91.0,0.4412,83.6875,1.0,0.0,0.0
0500000US29181,"Ripley County, Missouri",29,181,0,119,68,127,4132,3005,694,1664,10708,157,9898,34,12,30,0,15,562,111,1288,3431,1.1,57.1,1.3,49.5,3.7,74.0,17.3,15.6,24.8,1.5,92.4,0.3,0.1,0.3,0.0,0.1,5.2,1.04,17.4,85.6,0.4411,86.1819,1.0,0.0,0.0
0500000US29183,"St. Charles County, Missouri",29,183,335,18504,8806,22754,102060,191937,5871,17192,414535,17405,343925,20824,135,12472,161,1667,17946,6246,12334,176278,4.5,47.6,5.8,30.6,2.9,85.7,3.6,4.2,5.2,4.2,83.0,5.0,0.0,3.0,0.0,0.4,4.3,1.51,4.3,79.7,0.4085,57.7399,0.0,0.0,0.0
0500000US29185,"St. Clair County, Missouri",29,185,0,112,78,220,3689,2851,551,994,9587,213,8898,77,16,20,0,0,363,187,976,3471,1.2,69.6,2.4,47.2,3.3,71.7,13.5,10.6,14.7,2.2,92.8,0.8,0.2,0.2,0.0,0.0,3.8,1.95,14.0,89.2,0.4462,79.7996,0.0,0.0,0.0
0500000US29186,"Ste. Genevieve County, Missouri",29,186,5,72,44,140,6185,6981,467,827,18571,279,17426,227,17,9,0,8,605,492,811,7697,0.4,61.1,0.8,41.0,4.2,81.9,6.5,4.6,8.2,1.5,93.8,1.2,0.1,0.0,0.0,0.0,3.3,2.65,6.1,91.7,0.4123,71.921,1.0,1.0,0.0
0500000US29187,"St. Francois County, Missouri",29,187,35,1014,504,821,26320,21243,3863,6414,66999,1268,60219,1835,206,253,18,458,2742,5439,6137,23679,1.5,49.7,1.3,48.0,4.5,78.1,15.6,10.3,15.9,1.9,89.9,2.7,0.3,0.4,0.0,0.7,4.1,8.12,13.0,88.4,0.4366,75.2088,1.0,0.0,0.0
0500000US29189,"St. Louis County, Missouri",29,189,369,83143,37631,98697,280806,421968,33196,56318,995569,38412,610928,239132,530,48640,184,4838,52905,19979,38002,380866,8.4,45.3,10.5,35.0,4.3,84.6,8.0,5.7,9.8,3.9,61.4,24.0,0.1,4.9,0.0,0.5,5.3,2.01,5.5,77.7,0.4938,37.3916,0.0,0.0,0.0
0500000US29195,"Saline County, Missouri",29,195,1,1357,873,1936,7781,8097,1064,1846,23231,2932,17485,1138,24,144,321,92,1095,1630,2027,9390,5.8,64.3,8.8,41.5,3.2,76.2,13.2,8.1,16.4,12.6,75.3,4.9,0.1,0.6,1.4,0.4,4.7,7.02,13.7,90.6,0.4439,69.6463,0.0,0.0,0.0
0500000US29197,"Schuyler County, Missouri",29,197,0,35,31,276,1382,1111,100,624,4038,29,3805,8,10,22,0,0,164,39,184,1423,0.9,88.6,7.4,45.5,3.7,69.7,7.7,15.5,8.6,0.7,94.2,0.2,0.2,0.5,0.0,0.0,4.1,0.97,7.0,89.8,0.3757,81.6452,0.0,0.0,0.0
0500000US29199,"Scotland County, Missouri",29,199,0,46,46,552,1319,1505,65,1815,4686,9,4497,6,8,2,20,2,142,71,762,1760,1.0,100.0,12.8,38.5,0.2,71.6,4.2,39.0,7.3,0.2,96.0,0.1,0.2,0.0,0.4,0.0,3.0,1.52,25.9,84.7,0.3951,80.1356,0.0,0.0,0.0
0500000US29201,"Scott County, Missouri",29,201,5,229,121,768,11431,14889,2284,4019,37933,995,30667,3463,8,32,45,58,2665,532,3179,16448,0.6,52.8,2.2,38.2,2.9,83.0,14.9,10.7,12.8,2.6,80.8,9.1,0.0,0.1,0.1,0.2,7.0,1.4,12.4,93.3,0.4612,79.1344,1.0,0.0,0.0
0500000US29203,"Shannon County, Missouri",29,203,0,58,12,93,3260,1765,389,627,7177,48,6616,14,31,30,0,9,429,88,841,2263,0.8,20.7,1.4,56.3,1.3,70.6,13.5,8.8,18.0,0.7,92.2,0.2,0.4,0.4,0.0,0.1,6.0,1.23,16.5,90.8,0.4105,83.7232,0.0,0.0,0.0
0500000US29205,"Shelby County, Missouri",29,205,3,76,51,116,2174,1919,200,615,5986,139,5605,65,2,21,0,3,151,221,396,2144,1.3,67.1,2.1,45.5,1.8,75.1,8.4,10.6,15.9,2.3,93.6,1.1,0.0,0.4,0.0,0.1,2.5,3.69,9.6,85.7,0.4498,82.4954,0.0,0.0,0.0
0500000US29207,"Stoddard County, Missouri",29,207,0,123,62,321,9905,9976,1759,3152,28470,633,26398,316,21,42,17,19,1024,429,3266,11550,0.4,50.4,1.2,43.3,3.7,79.9,15.2,11.2,15.1,2.2,92.7,1.1,0.1,0.1,0.1,0.1,3.6,1.51,16.3,94.6,0.4262,86.6461,1.0,0.0,0.0
0500000US29209,"Stone County, Missouri",29,209,16,395,117,680,13877,10090,899,2999,32048,936,29649,99,99,87,0,44,1134,321,2036,10449,1.2,29.6,2.2,50.5,7.1,79.8,6.6,9.4,13.9,2.9,92.5,0.3,0.3,0.3,0.0,0.1,3.5,1.0,8.2,84.6,0.4474,80.3064,1.0,0.0,0.0
0500000US29211,"Sullivan County, Missouri",29,211,0,615,348,1049,2047,2132,204,499,5857,1059,4501,156,12,60,0,0,69,137,483,2405,10.5,56.6,19.0,43.6,2.5,82.7,10.0,8.7,13.7,18.1,76.8,2.7,0.2,1.0,0.0,0.0,1.2,2.34,11.8,93.4,0.4367,82.6228,0.0,0.0,0.0
0500000US29213,"Taney County, Missouri",29,213,21,1812,865,3509,19366,21070,2593,8192,56529,4307,48097,1008,127,569,0,92,2329,1713,3399,21874,3.2,47.7,6.5,41.7,3.9,81.2,11.4,14.6,15.6,7.6,85.1,1.8,0.2,1.0,0.0,0.2,4.1,3.03,8.7,86.8,0.4687,79.1679,0.0,0.0,0.0
0500000US29215,"Texas County, Missouri",29,215,2,269,31,576,10526,6413,1287,3144,25161,620,22383,890,62,37,0,41,1128,1497,2430,8082,1.1,11.5,2.4,52.0,5.1,70.1,13.5,13.3,19.8,2.5,89.0,3.5,0.2,0.1,0.0,0.2,4.5,5.95,13.6,90.5,0.4223,85.5098,1.0,1.0,1.0
0500000US29217,"Vernon County, Missouri",29,217,0,431,334,1193,6777,6354,1159,2769,19687,533,18236,177,24,155,1,5,556,633,1479,6842,2.2,77.5,6.5,43.3,4.2,74.9,14.9,14.4,18.8,2.7,92.6,0.9,0.1,0.8,0.0,0.0,2.8,3.22,11.0,82.6,0.4049,79.26,0.0,0.0,0.0
0500000US29219,"Warren County, Missouri",29,219,2,359,133,969,11031,15731,952,2729,37177,1530,33253,401,49,159,2,28,1755,274,2458,15963,1.0,37.0,2.8,37.2,3.7,87.7,6.9,7.4,8.0,4.1,89.4,1.1,0.1,0.4,0.0,0.1,4.7,0.74,9.5,90.0,0.4087,74.2224,0.0,0.0,0.0
0500000US29221,"Washington County, Missouri",29,221,3,182,72,383,9026,7320,1792,2342,23470,266,21540,399,6,31,0,19,1209,960,2364,8473,0.8,39.6,1.7,48.2,3.6,78.5,20.1,10.4,17.4,1.1,91.8,1.7,0.0,0.1,0.0,0.1,5.2,4.09,14.5,92.2,0.4767,82.2897,0.0,0.0,0.0
0500000US29223,"Wayne County, Missouri",29,223,2,66,31,75,4836,2961,844,1444,10862,159,10037,46,0,30,0,86,504,187,1475,3552,0.6,47.0,0.7,53.4,7.3,75.7,18.3,13.5,25.7,1.5,92.4,0.4,0.0,0.3,0.0,0.8,4.6,1.72,18.3,91.7,0.422,86.027,1.0,0.0,0.0
0500000US29225,"Webster County, Missouri",29,225,0,661,273,3030,12654,12985,1367,6133,40500,947,36949,434,96,49,66,79,1880,1077,3094,15272,1.6,41.3,8.1,41.4,3.8,75.4,9.8,15.5,15.2,2.3,91.2,1.1,0.2,0.1,0.2,0.2,4.6,2.66,11.9,90.0,0.4055,80.6702,1.0,0.0,0.0
0500000US29227,"Worth County, Missouri",29,227,0,8,0,13,669,571,93,151,1934,12,1842,2,4,0,0,0,74,32,69,738,0.4,0.0,0.7,42.6,1.6,64.7,11.0,7.9,20.6,0.6,95.2,0.1,0.2,0.0,0.0,0.0,3.8,1.65,5.0,86.0,0.4314,81.81,0.0,0.0,0.0
0500000US29229,"Wright County, Missouri",29,229,0,184,33,591,6867,5673,974,2533,18965,497,17397,103,14,65,0,108,781,181,1980,6533,1.0,17.9,3.3,47.0,3.5,75.8,13.6,13.5,18.7,2.6,91.7,0.5,0.1,0.3,0.0,0.6,4.1,0.95,15.7,89.4,0.4552,87.4165,1.0,1.0,1.0
0500000US29510,"St. Louis city, Missouri",29,510,117,20450,11342,25678,80683,125672,26878,26533,288512,15297,128219,121473,433,10146,77,1303,11564,10329,19332,105505,7.1,55.5,9.4,33.5,5.0,82.9,18.6,9.3,20.6,5.3,44.4,42.1,0.2,3.5,0.0,0.5,4.0,3.58,9.2,70.9,0.5034,16.6353,0.0,0.0,0.0
0500000US30001,"Beaverhead County, Montana",30,001,0,155,147,373,3583,3319,304,409,9713,508,8655,48,128,28,1,4,341,445,499,3807,1.6,94.8,4.0,43.4,1.3,71.9,7.2,4.3,11.4,5.2,89.1,0.5,1.3,0.3,0.0,0.0,3.5,4.58,7.3,83.2,0.4256,70.038,0.0,0.0,0.0
0500000US30003,"Big Horn County, Montana",30,003,0,109,54,2671,4053,2929,671,2761,12891,610,3476,34,8534,25,0,0,212,204,772,3832,0.8,49.5,22.3,42.8,13.2,62.3,17.5,21.7,22.1,4.7,27.0,0.3,66.2,0.2,0.0,0.0,1.6,1.58,10.3,83.6,0.4435,48.9485,0.0,0.0,0.0
0500000US30005,"Blaine County, Montana",30,005,0,115,60,649,1964,1377,336,1255,6949,194,3062,29,3268,7,0,0,389,197,400,2020,1.7,52.2,10.0,37.9,13.6,49.5,14.7,18.3,18.3,2.8,44.1,0.4,47.0,0.1,0.0,0.0,5.6,2.83,9.3,75.6,0.481,50.5465,0.0,0.0,0.0
0500000US30007,"Broadwater County, Montana",30,007,0,62,30,154,2381,2786,100,574,7668,217,6818,17,90,15,0,0,511,62,478,3273,0.8,48.4,2.1,37.5,3.5,72.9,3.5,7.5,12.7,2.8,88.9,0.2,1.2,0.2,0.0,0.0,6.7,0.81,8.3,88.0,0.4093,78.3784,0.0,0.0,0.0
0500000US30009,"Carbon County, Montana",30,009,0,69,45,236,3793,4021,286,907,11116,337,10020,31,20,3,26,176,503,97,293,3934,0.6,65.2,2.2,40.4,4.5,75.3,6.1,8.2,7.8,3.0,90.1,0.3,0.2,0.0,0.2,1.6,4.5,0.87,3.4,75.4,0.4556,64.6704,0.0,0.0,0.0
0500000US30011,"Carter County, Montana",30,011,0,5,3,4,472,294,32,96,1308,32,1163,1,2,0,0,1,109,27,63,299,0.4,60.0,0.3,42.7,2.8,47.8,5.3,7.5,15.4,2.4,88.9,0.1,0.2,0.0,0.0,0.1,8.3,2.06,6.3,50.5,0.4057,88.993,1.0,0.0,0.0
0500000US30013,"Cascade County, Montana",30,013,1,1933,810,3278,25258,29505,3704,5682,84606,4470,69694,1102,2797,841,5,647,5050,2806,3244,35542,2.3,41.9,4.1,37.1,3.3,76.5,10.4,7.0,13.1,5.3,82.4,1.3,3.3,1.0,0.0,0.8,6.0,3.32,5.6,87.7,0.4552,59.652,0.0,0.0,0.0
0500000US30015,"Chouteau County, Montana",30,015,0,88,29,86,2318,1285,204,331,5906,183,4451,4,980,4,0,2,282,141,274,1849,1.5,33.0,1.5,48.5,3.2,54.2,9.4,5.7,11.2,3.1,75.4,0.1,16.6,0.1,0.0,0.0,4.8,2.39,6.5,79.5,0.4317,64.2468,0.0,0.0,0.0
0500000US30017,"Custer County, Montana",30,017,0,157,71,319,3435,4257,415,903,11961,409,10648,4,217,54,0,21,608,484,375,5486,1.3,45.2,2.8,34.5,3.4,67.7,8.2,7.7,11.3,3.4,89.0,0.0,1.8,0.5,0.0,0.2,5.1,4.05,4.3,88.0,0.4246,72.5893,0.0,0.0,0.0
0500000US30019,"Daniels County, Montana",30,019,0,35,10,18,490,519,21,29,1494,50,1349,4,21,9,0,19,42,18,62,648,2.3,28.6,1.2,37.5,0.5,63.8,2.9,2.0,12.9,3.3,90.3,0.3,1.4,0.6,0.0,1.3,2.8,1.2,5.3,81.2,0.4108,81.8086,0.0,0.0,0.0
0500000US30021,"Dawson County, Montana",30,021,0,39,11,75,2630,3125,127,561,8827,319,7983,16,115,22,16,56,300,407,426,3841,0.4,28.2,0.9,37.0,2.7,71.8,3.5,6.6,8.7,3.6,90.4,0.2,1.3,0.2,0.2,0.6,3.4,4.61,6.9,89.2,0.4073,78.2018,0.0,0.0,0.0
0500000US30023,"Deer Lodge County, Montana",30,023,0,36,18,187,3930,3192,586,518,9597,335,8570,34,185,23,8,21,421,792,583,3667,0.4,50.0,2.0,45.4,3.4,70.3,13.1,5.6,16.3,3.5,89.3,0.4,1.9,0.2,0.1,0.2,4.4,8.25,7.6,81.4,0.4231,47.8234,0.0,0.0,0.0
0500000US30025,"Fallon County, Montana",30,025,0,52,0,2,902,869,27,85,2760,4,2544,0,62,0,0,0,150,73,7,1071,1.9,0.0,0.1,41.8,0.0,69.3,2.3,3.1,11.4,0.1,92.2,0.0,2.2,0.0,0.0,0.0,5.4,2.64,0.4,85.6,0.503,86.4632,0.0,0.0,0.0
0500000US30027,"Fergus County, Montana",30,027,0,253,48,495,3411,4188,389,1854,11687,278,10800,66,250,76,0,0,217,421,415,4127,2.2,19.0,4.5,35.8,4.2,71.6,7.3,16.2,15.1,2.4,92.4,0.6,2.1,0.7,0.0,0.0,1.9,3.6,4.9,71.0,0.4135,73.972,0.0,0.0,0.0
0500000US30029,"Flathead County, Montana",30,029,4,3114,1203,3192,33781,41929,2870,11025,110695,4076,99670,236,878,931,4,505,4395,1397,3574,42349,2.8,38.6,3.0,37.6,2.9,77.3,6.5,10.0,9.3,3.7,90.0,0.2,0.8,0.8,0.0,0.5,4.0,1.26,4.5,79.2,0.4566,65.5527,0.0,1.0,0.0
0500000US30031,"Gallatin County, Montana",30,031,4,5075,2649,6143,29874,55922,1448,8586,124074,6658,108625,555,640,1540,13,1039,5004,4518,2273,53389,4.1,52.2,5.2,28.8,2.3,77.8,2.8,6.9,9.5,5.4,87.5,0.4,0.5,1.2,0.0,0.8,4.0,3.64,2.8,76.0,0.4764,46.776,0.0,1.0,0.0
0500000US30033,"Garfield County, Montana",30,033,0,0,0,0,356,263,13,106,1094,0,1058,0,12,0,0,0,24,13,29,224,0.0,-666666666.0,0.0,41.6,0.0,52.6,3.0,9.8,13.4,0.0,96.7,0.0,1.1,0.0,0.0,0.0,2.2,1.19,3.8,45.7,0.4801,94.5,1.0,0.0,0.0
0500000US30035,"Glacier County, Montana",30,035,0,107,72,1016,4419,2349,1023,3188,13637,389,4029,27,8643,81,32,29,407,580,1238,3773,0.8,67.3,8.1,44.5,10.0,47.4,23.8,23.6,31.1,2.9,29.5,0.2,63.4,0.6,0.2,0.2,3.0,4.25,15.0,78.3,0.4971,38.1843,0.0,0.0,0.0
0500000US30037,"Golden Valley County, Montana",30,037,0,9,3,75,356,250,3,206,899,39,812,7,5,0,1,1,34,27,91,228,1.0,33.3,9.0,47.8,1.5,65.3,0.8,22.9,17.0,4.3,90.3,0.8,0.6,0.0,0.1,0.1,3.8,3.0,13.5,59.5,0.4336,85.4369,0.0,0.0,0.0
0500000US30039,"Granite County, Montana",30,039,0,76,55,98,1395,1037,87,290,3462,91,3115,5,63,32,2,17,137,118,172,1252,2.2,72.4,3.0,46.4,3.7,66.8,5.7,8.5,10.2,2.6,90.0,0.1,1.8,0.9,0.1,0.5,4.0,3.41,6.4,83.4,0.4614,70.6342,0.0,0.0,0.0
0500000US30041,"Hill County, Montana",30,041,0,163,77,369,4699,5066,810,1329,16155,566,10841,41,3538,27,7,114,1021,478,910,6056,1.0,47.2,2.5,38.8,4.2,71.4,13.1,8.3,20.7,3.5,67.1,0.3,21.9,0.2,0.0,0.7,6.3,2.96,9.1,85.8,0.4612,56.893,0.0,0.0,0.0
0500000US30043,"Jefferson County, Montana",30,043,0,128,31,283,4151,4172,257,736,12774,380,11569,4,174,50,0,40,557,287,571,5043,1.0,24.2,2.3,39.2,4.2,67.6,5.1,5.8,5.7,3.0,90.6,0.0,1.4,0.4,0.0,0.3,4.4,2.25,6.1,84.0,0.4486,66.8677,0.0,0.0,0.0
0500000US30045,"Judith Basin County, Montana",30,045,0,47,46,75,587,640,49,141,2071,159,1861,0,29,0,0,3,19,9,102,705,2.3,97.9,3.8,35.2,0.1,59.3,5.3,6.8,13.3,7.7,89.9,0.0,1.4,0.0,0.0,0.1,0.9,0.43,6.8,66.2,0.4588,77.6792,0.0,0.0,0.0
0500000US30047,"Lake County, Montana",30,047,0,758,328,1934,11767,9720,1345,4681,32561,1397,21037,71,6376,215,58,83,3324,410,1650,10878,2.3,43.3,6.2,44.7,5.7,70.9,10.7,14.5,17.2,4.3,64.6,0.2,19.6,0.7,0.2,0.3,10.2,1.26,7.1,81.8,0.5019,58.427,0.0,0.0,0.0
0500000US30049,"Lewis and Clark County, Montana",30,049,2,1374,505,1924,21616,23896,2432,4103,73464,2958,65103,385,944,359,0,295,3420,1587,2700,28944,1.9,36.8,2.8,36.1,3.2,65.3,7.8,5.7,8.1,4.0,88.6,0.5,1.3,0.5,0.0,0.4,4.7,2.16,5.2,78.9,0.4298,51.1125,0.0,0.0,0.0
0500000US30051,"Liberty County, Montana",30,051,0,56,39,246,605,547,47,66,1952,1,1823,0,46,14,0,7,61,130,220,456,2.9,69.6,13.6,42.1,0.6,66.1,6.5,3.4,25.8,0.1,93.4,0.0,2.4,0.7,0.0,0.4,3.1,6.66,16.2,58.3,0.5099,76.1134,0.0,0.0,0.0
0500000US30053,"Lincoln County, Montana",30,053,0,547,336,1144,10022,5495,1112,3130,21175,654,19047,12,231,42,28,48,1113,261,1555,5509,2.6,61.4,5.7,56.3,5.1,74.3,12.2,14.9,15.4,3.1,90.0,0.1,1.1,0.2,0.1,0.2,5.3,1.23,9.5,76.5,0.4484,75.5704,0.0,0.0,0.0
0500000US30055,"McCone County, Montana",30,055,0,21,0,18,569,428,2,87,1670,4,1538,0,42,17,0,0,69,45,30,586,1.3,0.0,1.1,40.2,2.1,51.6,0.3,5.3,5.0,0.2,92.1,0.0,2.5,1.0,0.0,0.0,4.1,2.69,2.3,70.7,0.3777,86.0444,0.0,0.0,0.0
0500000US30057,"Madison County, Montana",30,057,0,254,98,376,3518,2968,132,655,9223,337,8339,0,28,42,0,153,324,174,441,2997,2.8,38.6,4.3,44.8,3.1,70.5,3.5,7.1,6.2,3.7,90.4,0.0,0.3,0.5,0.0,1.7,3.5,1.89,6.1,72.4,0.4285,71.4286,0.0,0.0,0.0
0500000US30059,"Meagher County, Montana",30,059,0,19,0,40,699,529,80,72,2007,65,1887,15,29,0,0,0,11,37,130,843,0.9,0.0,2.1,38.9,0.3,48.2,8.6,3.6,12.4,3.2,94.0,0.7,1.4,0.0,0.0,0.0,0.5,1.84,8.2,77.7,0.4366,75.7679,0.0,0.0,0.0
0500000US30061,"Mineral County, Montana",30,061,0,76,6,88,1902,1425,295,450,4959,185,4411,9,71,14,0,6,263,49,272,1709,1.5,7.9,1.9,46.8,3.1,68.1,13.7,9.1,13.5,3.7,88.9,0.2,1.4,0.3,0.0,0.1,5.3,0.99,7.3,84.1,0.4542,72.3262,0.0,0.0,0.0
0500000US30063,"Missoula County, Montana",30,063,10,3473,1615,5524,30854,51582,3964,7254,120672,6096,103132,513,2255,1876,80,698,6022,3174,2812,51408,2.9,46.5,4.8,30.4,3.7,75.8,7.5,6.1,10.1,5.1,85.5,0.4,1.9,1.6,0.1,0.6,5.0,2.63,3.4,77.4,0.4723,37.5222,0.0,0.0,0.0
0500000US30065,"Musselshell County, Montana",30,065,0,90,61,247,1930,1603,220,517,5152,221,4464,0,186,0,0,111,170,65,409,1415,1.7,67.8,5.0,45.2,9.2,75.4,10.2,10.1,17.0,4.3,86.6,0.0,3.6,0.0,0.0,2.2,3.3,1.26,10.7,67.9,0.4739,84.6614,0.0,0.0,0.0
0500000US30067,"Park County, Montana",30,067,0,443,195,523,6155,6459,504,1426,17710,638,16101,36,94,35,0,9,797,301,478,6550,2.5,44.0,3.1,40.7,2.7,74.1,6.0,8.1,12.3,3.6,90.9,0.2,0.5,0.2,0.0,0.1,4.5,1.7,3.5,76.1,0.4523,52.3001,0.0,0.0,0.0
0500000US30069,"Petroleum County, Montana",30,069,0,4,0,0,146,120,1,30,447,0,442,0,2,3,0,0,0,0,4,142,0.9,0.0,0.0,38.3,0.0,51.1,0.5,6.7,8.1,0.0,98.9,0.0,0.4,0.7,0.0,0.0,0.0,0.0,1.1,60.4,0.4271,87.6543,0.0,0.0,0.0
0500000US30071,"Phillips County, Montana",30,071,0,110,66,81,1428,1265,124,316,4221,46,3420,10,316,34,13,15,367,172,148,1340,2.6,60.0,2.0,42.9,1.8,67.8,7.0,7.6,10.5,1.1,81.0,0.2,7.5,0.8,0.3,0.4,8.7,4.07,4.9,73.2,0.4267,80.0822,0.0,0.0,0.0
0500000US30073,"Pondera County, Montana",30,073,0,106,50,607,1942,1783,204,486,6035,154,4760,1,880,60,0,0,180,193,535,1971,1.8,47.2,10.8,41.1,5.8,68.1,9.0,8.2,21.9,2.6,78.9,0.0,14.6,1.0,0.0,0.0,3.0,3.2,12.9,76.9,0.4384,69.1445,0.0,0.0,0.0
0500000US30075,"Powder River County, Montana",30,075,0,25,25,24,648,398,38,134,1815,26,1619,0,40,17,0,14,99,58,128,518,1.4,100.0,1.4,43.5,0.7,47.7,5.4,7.6,8.1,1.4,89.2,0.0,2.2,0.9,0.0,0.8,5.5,3.2,9.4,64.6,0.4717,87.0705,0.0,0.0,0.0
0500000US30077,"Powell County, Montana",30,077,0,165,31,288,3622,1702,163,348,7053,190,6119,28,327,107,0,33,249,1655,364,2091,2.3,18.8,4.2,58.2,2.3,67.1,6.7,6.4,5.6,2.7,86.8,0.4,4.6,1.5,0.0,0.5,3.5,23.47,6.4,85.9,0.4314,75.1371,0.0,0.0,0.0
0500000US30079,"Prairie County, Montana",30,079,0,50,5,13,495,262,79,58,1250,7,1101,0,1,34,0,54,53,28,35,309,4.0,10.0,1.1,47.7,0.9,48.7,14.5,4.7,20.6,0.6,88.1,0.0,0.1,2.7,0.0,4.3,4.2,2.24,3.5,57.4,0.5137,79.3605,0.0,0.0,0.0
0500000US30081,"Ravalli County, Montana",30,081,0,1052,427,1471,17546,15111,1209,4864,46727,1928,41403,134,316,317,4,386,2239,475,2331,16380,2.3,40.6,3.3,44.9,3.2,72.5,6.5,10.5,8.8,4.1,88.6,0.3,0.7,0.7,0.0,0.8,4.8,1.02,6.6,81.5,0.4374,68.944,0.0,0.0,0.0
0500000US30083,"Richland County, Montana",30,083,0,345,241,389,2766,4387,193,532,11235,620,9826,30,24,48,61,33,593,54,373,4855,3.1,69.9,3.7,31.3,3.3,74.8,4.4,4.7,6.6,5.5,87.5,0.3,0.2,0.4,0.5,0.3,5.3,0.48,5.0,84.7,0.4668,82.6333,0.0,0.0,0.0
0500000US30085,"Roosevelt County, Montana",30,085,0,88,55,178,3117,2018,392,2598,10526,301,3415,7,5849,100,1,12,841,249,515,3277,0.8,62.5,1.8,41.9,10.8,52.4,12.7,25.2,30.4,2.9,32.4,0.1,55.6,1.0,0.0,0.1,8.0,2.37,8.5,86.5,0.4581,52.5038,0.0,0.0,0.0
0500000US30087,"Rosebud County, Montana",30,087,0,185,128,798,2559,2118,414,1315,8165,299,4197,5,3003,165,1,102,393,84,484,2661,2.3,69.2,10.6,41.7,10.6,66.4,13.5,16.2,24.5,3.7,51.4,0.1,36.8,2.0,0.0,1.2,4.8,1.03,9.3,85.2,0.4921,66.775,0.0,0.0,0.0
0500000US30089,"Sanders County, Montana",30,089,0,224,33,718,6573,3172,610,1798,13285,466,11730,33,331,60,15,9,641,197,835,3229,1.7,14.7,5.6,58.0,6.0,70.9,11.2,13.7,15.4,3.5,88.3,0.2,2.5,0.5,0.1,0.1,4.8,1.48,8.3,74.8,0.4448,76.2176,0.0,0.0,0.0
0500000US30091,"Sheridan County, Montana",30,091,0,100,64,50,1105,1211,62,265,3669,145,3236,0,71,24,5,8,180,99,245,1407,2.7,64.0,1.5,37.4,2.1,66.9,4.2,7.3,10.4,4.0,88.2,0.0,1.9,0.7,0.1,0.2,4.9,2.7,9.3,79.1,0.4759,69.09,0.0,0.0,0.0
0500000US30093,"Silver Bow County, Montana",30,093,0,439,200,830,11435,13096,2028,2100,35785,1654,31899,19,496,141,3,70,1503,1245,1472,14641,1.2,45.6,2.4,39.2,4.1,77.4,13.2,6.0,14.8,4.6,89.1,0.1,1.4,0.4,0.0,0.2,4.2,3.48,6.0,87.4,0.4702,44.4969,0.0,0.0,0.0
0500000US30095,"Stillwater County, Montana",30,095,0,117,20,133,2862,3425,214,470,9182,319,8446,4,25,34,0,14,340,123,296,3715,1.3,17.1,1.5,38.1,3.1,76.5,5.6,5.2,8.3,3.5,92.0,0.0,0.3,0.4,0.0,0.2,3.7,1.34,4.4,82.8,0.4751,79.5632,0.0,0.0,0.0
0500000US30097,"Sweet Grass County, Montana",30,097,0,47,6,95,1093,1334,72,378,3720,45,3376,39,60,7,0,30,163,36,79,1473,1.3,12.8,2.7,35.5,1.8,68.4,4.6,10.2,7.9,1.2,90.8,1.0,1.6,0.2,0.0,0.8,4.4,0.97,2.9,76.0,0.4565,75.1365,0.0,0.0,0.0
0500000US30099,"Teton County, Montana",30,099,0,26,11,407,1987,1740,119,340,6353,128,5811,17,123,0,0,13,261,356,368,2169,0.4,42.3,6.8,40.1,1.0,59.3,4.8,5.4,13.4,2.0,91.5,0.3,1.9,0.0,0.0,0.2,4.1,5.6,8.5,75.0,0.4194,70.9922,0.0,0.0,0.0
0500000US30101,"Toole County, Montana",30,101,0,215,113,250,1799,1282,144,375,5061,225,4159,85,268,59,0,28,237,611,492,1696,4.2,52.6,5.2,43.5,4.9,57.7,7.8,8.3,12.6,4.4,82.2,1.7,5.3,1.2,0.0,0.6,4.7,12.07,13.7,77.7,0.4445,76.784,0.0,0.0,0.0
0500000US30103,"Treasure County, Montana",30,103,0,12,12,9,216,252,25,30,732,38,681,0,1,7,0,0,5,0,29,260,1.6,100.0,1.3,35.3,1.0,64.3,6.9,4.1,12.3,5.2,93.0,0.0,0.1,1.0,0.0,0.0,0.7,0.0,5.0,66.7,0.4988,83.0317,1.0,0.0,0.0
0500000US30105,"Valley County, Montana",30,105,0,91,42,128,2275,2438,247,475,7519,194,6330,30,607,2,0,41,315,143,284,2766,1.2,46.2,1.8,37.7,3.0,66.9,8.4,6.4,10.1,2.6,84.2,0.4,8.1,0.0,0.0,0.5,4.2,1.9,5.3,77.7,0.376,74.0132,0.0,0.0,0.0
0500000US30107,"Wheatland County, Montana",30,107,0,30,8,77,793,475,54,364,2056,51,1936,20,12,7,0,0,30,128,94,521,1.5,26.7,3.9,48.1,0.8,56.1,6.1,17.9,23.0,2.5,94.2,1.0,0.6,0.3,0.0,0.0,1.5,6.23,6.4,63.3,0.4833,77.6243,0.0,0.0,0.0
0500000US30109,"Wibaux County, Montana",30,109,0,62,0,58,319,269,21,76,1193,92,1064,7,0,1,0,24,5,29,32,399,5.2,0.0,5.1,37.8,1.7,52.1,4.6,6.5,15.8,7.7,89.2,0.6,0.0,0.1,0.0,2.0,0.4,2.43,4.0,77.3,0.4076,84.7985,0.0,0.0,0.0
0500000US30111,"Yellowstone County, Montana",30,111,6,3248,1709,5915,45609,69906,5532,12901,168957,11144,140945,757,6018,1203,69,922,7899,3511,5222,73565,1.9,52.6,3.7,33.9,3.4,81.3,7.9,7.7,9.2,6.6,83.4,0.4,3.6,0.7,0.0,0.5,4.7,2.08,4.5,86.8,0.4568,61.997,0.0,0.0,0.0
0500000US31001,"Adams County, Nebraska",31,001,0,1757,1128,2961,7935,13039,1189,1780,31052,3869,25543,439,52,300,0,109,740,1176,1512,14401,5.7,64.2,10.2,32.5,2.4,81.2,9.1,5.8,12.7,12.5,82.3,1.4,0.2,1.0,0.0,0.4,2.4,3.79,7.4,91.3,0.4606,70.1546,0.0,0.0,0.0
0500000US31003,"Antelope County, Nebraska",31,003,2,147,95,259,1793,2127,124,452,6305,252,5853,52,6,10,3,34,95,54,277,2619,2.3,64.6,4.4,36.5,1.7,69.4,4.7,7.2,9.2,4.0,92.8,0.8,0.1,0.2,0.0,0.5,1.5,0.86,6.5,86.2,0.4314,87.9605,0.0,0.0,0.0
0500000US31005,"Arthur County, Nebraska",31,005,0,13,2,9,127,115,11,33,484,3,450,0,0,0,5,1,25,0,4,195,2.7,15.4,2.0,34.6,0.4,48.1,5.9,6.8,7.2,0.6,93.0,0.0,0.0,0.0,1.0,0.2,5.2,0.0,1.2,81.9,0.4201,93.617,0.0,0.0,0.0
0500000US31007,"Banner County, Nebraska",31,007,1,75,72,75,195,249,4,72,742,79,637,0,0,0,0,8,18,0,58,335,10.1,96.0,10.6,32.5,3.7,63.8,1.3,9.7,7.7,10.6,85.8,0.0,0.0,0.0,0.0,1.1,2.4,0.0,10.3,85.9,0.3533,90.1554,1.0,0.0,0.0
0500000US31009,"Blaine County, Nebraska",31,009,2,0,0,2,114,122,0,21,422,0,422,0,0,0,0,0,0,0,11,142,0.0,-666666666.0,0.5,33.1,1.3,53.7,0.0,5.0,9.0,0.0,100.0,0.0,0.0,0.0,0.0,0.0,0.0,0.0,3.4,62.9,0.4906,85.9107,0.0,0.0,0.0
0500000US31011,"Boone County, Nebraska",31,011,0,118,71,175,1612,1962,86,181,5356,229,5007,1,1,10,4,0,104,94,225,2206,2.2,60.2,3.5,37.9,1.2,75.3,3.9,3.4,9.6,4.3,93.5,0.0,0.0,0.2,0.1,0.0,1.9,1.76,6.1,85.7,0.4326,82.448,0.0,0.0,0.0
0500000US31013,"Box Butte County, Nebraska",31,013,0,213,148,606,3051,4166,321,721,10714,1352,8425,15,265,43,0,0,614,170,406,4686,2.0,69.5,5.9,36.8,1.6,80.9,7.1,6.8,10.8,12.6,78.6,0.1,2.5,0.4,0.0,0.0,5.7,1.59,5.5,92.3,0.3947,77.611,0.0,0.0,0.0
0500000US31015,"Boyd County, Nebraska",31,015,0,55,25,72,580,428,51,122,1688,56,1532,3,49,3,0,11,34,32,47,595,3.3,45.5,4.5,42.4,2.3,55.5,6.9,7.3,9.7,3.3,90.8,0.2,2.9,0.2,0.0,0.7,2.0,1.9,3.6,78.9,0.4091,87.2558,0.0,0.0,0.0
0500000US31017,"Brown County, Nebraska",31,017,2,96,89,134,936,955,77,212,2869,177,2539,1,12,1,0,13,126,32,157,1180,3.3,92.7,5.0,39.3,1.7,67.3,6.0,7.5,13.4,6.2,88.5,0.0,0.4,0.0,0.0,0.5,4.4,1.12,7.7,83.9,0.5085,86.9671,0.0,0.0,0.0
0500000US31019,"Buffalo County, Nebraska",31,019,20,2444,1394,4176,11894,21763,1306,3472,50579,5385,42362,392,103,822,76,244,1195,2289,1961,25143,4.8,57.0,8.8,29.4,2.6,78.2,6.5,7.0,9.9,10.6,83.8,0.8,0.2,1.6,0.2,0.5,2.4,4.53,6.2,91.8,0.4347,71.8212,0.0,0.0,0.0
0500000US31021,"Burt County, Nebraska",31,021,0,86,74,186,2234,2395,302,497,6740,228,6088,14,78,10,12,33,277,103,381,2587,1.3,86.0,2.9,41.0,1.1,75.4,10.3,7.5,13.2,3.4,90.3,0.2,1.2,0.1,0.2,0.5,4.1,1.53,7.9,83.0,0.4287,71.9912,0.0,0.0,0.0
0500000US31023,"Butler County, Nebraska",31,023,0,197,131,530,2280,3192,205,424,8424,527,7578,21,30,0,0,6,262,129,501,3704,2.3,66.5,6.7,34.1,1.2,73.2,5.8,5.1,9.7,6.3,90.0,0.2,0.4,0.0,0.0,0.1,3.1,1.53,8.6,86.9,0.4825,79.3983,0.0,0.0,0.0
0500000US31025,"Cass County, Nebraska",31,025,6,351,132,940,6877,11110,462,1618,27161,1110,24568,82,45,77,17,295,967,218,756,12202,1.3,37.6,3.6,31.8,1.7,77.2,4.3,6.0,5.2,4.1,90.5,0.3,0.2,0.3,0.1,1.1,3.6,0.8,4.0,85.3,0.4031,67.8197,0.0,0.0,0.0
0500000US31027,"Cedar County, Nebraska",31,027,0,77,43,188,2044,3168,186,492,8315,211,7900,12,18,24,0,11,139,116,203,3690,0.9,55.8,2.4,31.8,1.7,73.5,5.4,6.0,7.1,2.5,95.0,0.1,0.2,0.3,0.0,0.1,1.7,1.4,3.6,86.4,0.4259,84.3037,0.0,0.0,0.0
0500000US31029,"Chase County, Nebraska",31,029,0,257,233,403,1038,1349,69,403,3671,658,2857,13,0,61,0,0,82,78,277,1407,7.0,90.7,11.6,36.6,1.9,76.5,4.7,11.2,7.5,17.9,77.8,0.4,0.0,1.7,0.0,0.0,2.2,2.12,10.8,81.9,0.4474,88.3173,0.0,0.0,0.0
0500000US31031,"Cherry County, Nebraska",31,031,0,228,128,290,1431,2017,99,512,5498,193,4610,55,286,95,0,46,213,107,149,2188,4.1,56.1,5.6,32.8,0.4,69.1,4.4,9.4,8.3,3.5,83.8,1.0,5.2,1.7,0.0,0.8,3.9,1.95,3.8,77.8,0.4139,87.5529,0.0,0.0,0.0
0500000US31033,"Cheyenne County, Nebraska",31,033,0,161,100,189,2742,3367,548,640,9533,827,8281,79,15,127,33,15,156,135,520,3964,1.7,62.1,2.1,35.7,3.4,70.7,12.3,6.8,14.3,8.7,86.9,0.8,0.2,1.3,0.3,0.2,1.6,1.42,7.7,84.2,0.4427,81.5011,0.0,0.0,0.0
0500000US31035,"Clay County, Nebraska",31,035,0,157,63,363,1541,2106,151,394,6095,594,5311,44,11,2,0,7,126,92,273,2785,2.6,40.1,6.4,32.5,1.9,67.2,6.1,6.6,6.9,9.7,87.1,0.7,0.2,0.0,0.0,0.1,2.1,1.51,6.5,90.0,0.4284,80.8761,0.0,0.0,0.0
0500000US31037,"Colfax County, Nebraska",31,037,4,3071,2281,4366,2335,4307,329,1286,10641,5091,4760,369,226,21,0,0,174,75,1347,4792,28.9,74.3,44.6,30.0,1.3,80.0,8.9,12.2,6.9,47.8,44.7,3.5,2.1,0.2,0.0,0.0,1.6,0.7,20.6,90.3,0.3811,74.9716,0.0,0.0,0.0
0500000US31039,"Cuming County, Nebraska",31,039,0,599,485,893,2211,3566,97,734,8975,1114,7640,34,47,27,0,4,109,89,512,4121,6.7,81.0,10.7,31.5,2.2,75.9,2.5,8.3,6.7,12.4,85.1,0.4,0.5,0.3,0.0,0.0,1.2,0.99,8.5,90.2,0.4242,79.5501,0.0,0.0,0.0
0500000US31041,"Custer County, Nebraska",31,041,0,201,139,288,2916,3532,350,743,10518,416,9634,54,44,11,17,62,280,122,364,4454,1.9,69.2,2.9,35.2,2.6,67.6,7.8,7.1,7.1,4.0,91.6,0.5,0.4,0.1,0.2,0.6,2.7,1.16,5.0,88.9,0.4174,85.6609,0.0,0.0,0.0
0500000US31043,"Dakota County, Nebraska",31,043,17,5463,2613,7948,4427,9039,743,1718,21354,8878,9031,1852,435,646,0,20,492,181,2758,9390,25.6,47.8,40.6,28.5,4.8,85.7,10.0,8.1,11.5,41.6,42.3,8.7,2.0,3.0,0.0,0.1,2.3,0.85,21.3,90.3,0.4212,64.281,0.0,0.0,1.0
0500000US31045,"Dawes County, Nebraska",31,045,2,78,1,258,2512,2342,344,778,8140,411,6985,38,230,89,0,0,387,805,211,3486,1.0,1.3,3.4,36.7,1.6,54.9,10.0,9.6,13.1,5.0,85.8,0.5,2.8,1.1,0.0,0.0,4.8,9.89,4.1,82.8,0.4657,72.6991,0.0,0.0,0.0
0500000US31047,"Dawson County, Nebraska",31,047,31,5485,2580,8293,5432,10204,571,2368,24202,9045,12773,1560,40,198,35,71,480,256,3413,11651,22.7,47.0,37.2,29.8,1.4,81.0,6.2,9.9,10.8,37.4,52.8,6.4,0.2,0.8,0.1,0.3,2.0,1.06,22.1,93.4,0.4357,74.3375,0.0,0.0,0.0
0500000US31049,"Deuel County, Nebraska",31,049,0,29,14,93,665,523,70,168,1847,183,1582,0,16,8,0,4,54,8,123,767,1.6,48.3,5.4,43.3,1.4,60.8,8.4,9.1,9.4,9.9,85.7,0.0,0.9,0.4,0.0,0.2,2.9,0.43,8.9,89.6,0.5032,83.3004,0.0,0.0,0.0
0500000US31051,"Dixon County, Nebraska",31,051,0,411,319,624,1442,2163,172,503,5545,876,4487,1,26,4,0,12,139,74,524,2342,7.4,77.6,12.0,33.3,2.4,77.1,7.9,9.2,7.3,15.8,80.9,0.0,0.5,0.1,0.0,0.2,2.5,1.33,14.1,85.7,0.4751,78.4456,0.0,0.0,0.0
0500000US31053,"Dodge County, Nebraska",31,053,6,2834,1938,5360,9726,15005,1245,2403,37351,6730,28952,182,44,172,5,242,1024,910,2874,16784,7.6,68.4,15.3,33.6,3.4,81.1,8.2,6.5,11.0,18.0,77.5,0.5,0.1,0.5,0.0,0.6,2.7,2.44,11.6,92.2,0.4054,65.651,0.0,0.0,0.0
0500000US31055,"Douglas County, Nebraska",31,055,58,62364,38470,90994,136212,255733,22724,48442,590736,85851,388570,60419,1102,25730,233,2428,26403,11892,33218,243206,10.6,61.7,16.5,29.8,3.8,83.1,9.5,8.3,11.8,14.5,65.8,10.2,0.2,4.4,0.0,0.4,4.5,2.01,8.6,80.0,0.4845,44.2274,0.0,0.0,0.0
0500000US31057,"Dundy County, Nebraska",31,057,0,17,13,69,478,550,62,94,1736,57,1606,10,0,0,0,0,63,40,84,789,1.0,76.5,4.3,33.4,0.3,58.0,8.0,5.5,14.0,3.3,92.5,0.6,0.0,0.0,0.0,0.0,3.6,2.3,6.9,85.7,0.4534,89.2357,0.0,0.0,0.0
0500000US31059,"Fillmore County, Nebraska",31,059,0,63,18,91,1555,2238,140,219,5541,209,5128,34,16,7,0,8,139,154,173,2533,1.1,28.6,1.7,33.9,0.4,74.1,5.9,4.1,8.8,3.8,92.5,0.6,0.3,0.1,0.0,0.1,2.5,2.78,4.2,86.2,0.4611,76.8337,0.0,0.0,0.0
0500000US31061,"Franklin County, Nebraska",31,061,0,38,8,82,969,937,85,124,2846,99,2639,4,14,0,0,2,88,56,134,1197,1.3,21.1,3.0,41.7,2.7,71.1,6.6,4.4,12.3,3.5,92.7,0.1,0.5,0.0,0.0,0.1,3.1,1.97,6.3,91.4,0.5032,84.4375,0.0,0.0,0.0
0500000US31063,"Frontier County, Nebraska",31,063,0,66,35,64,827,823,124,164,2569,126,2340,3,6,10,0,0,84,132,111,1044,2.6,53.0,2.6,39.4,2.6,66.7,11.5,6.4,11.4,4.9,91.1,0.1,0.2,0.4,0.0,0.0,3.3,5.14,6.3,86.2,0.3817,86.0284,0.0,0.0,0.0
0500000US31065,"Furnas County, Nebraska",31,065,0,100,65,184,1622,1396,102,255,4568,232,4177,17,45,7,0,0,90,99,329,1830,2.2,65.0,4.3,43.4,1.0,66.8,5.1,5.7,13.0,5.1,91.4,0.4,1.0,0.2,0.0,0.0,2.0,2.17,10.2,89.1,0.4407,84.6664,0.0,0.0,0.0
0500000US31067,"Gage County, Nebraska",31,067,0,289,53,780,6380,8229,1016,1085,21629,742,19999,105,74,144,0,27,538,524,992,9649,1.3,18.3,3.8,36.7,1.5,76.0,10.9,5.1,12.6,3.4,92.5,0.5,0.3,0.7,0.0,0.1,2.5,2.42,6.5,91.3,0.4241,68.9172,0.0,0.0,0.0
0500000US31069,"Garden County, Nebraska",31,069,0,23,15,42,671,457,95,155,1761,76,1645,1,9,8,0,7,15,31,70,605,1.3,65.2,2.5,46.4,5.4,62.3,11.1,8.9,16.5,4.3,93.4,0.1,0.5,0.5,0.0,0.4,0.9,1.76,5.4,83.9,0.414,84.9597,0.0,0.0,0.0
0500000US31071,"Garfield County, Nebraska",31,071,0,0,0,3,487,519,35,60,1718,29,1662,4,2,0,0,0,21,62,52,717,0.0,-666666666.0,0.2,34.7,2.7,58.3,5.0,3.6,8.8,1.7,96.7,0.2,0.1,0.0,0.0,0.0,1.2,3.61,4.3,81.8,0.4344,87.9803,0.0,0.0,0.0
0500000US31073,"Gosper County, Nebraska",31,073,2,6,6,79,643,677,62,189,2040,151,1831,0,7,12,0,0,39,29,31,821,0.3,100.0,4.0,38.9,2.4,68.8,7.4,9.4,10.3,7.4,89.8,0.0,0.3,0.6,0.0,0.0,1.9,1.42,2.1,84.8,0.4755,81.127,0.0,0.0,0.0
0500000US31075,"Grant County, Nebraska",31,075,0,22,16,10,176,191,6,66,626,1,601,1,6,5,0,0,12,17,34,249,3.5,72.7,1.7,34.9,0.3,58.4,2.1,10.5,12.2,0.2,96.0,0.2,1.0,0.8,0.0,0.0,1.9,2.72,7.7,77.1,0.4464,95.9016,0.0,0.0,0.0
0500000US31077,"Greeley County, Nebraska",31,077,1,18,5,21,714,666,58,106,2202,68,2024,13,9,0,0,0,88,30,106,819,0.8,27.8,1.0,40.5,3.5,65.7,6.1,4.9,13.1,3.1,91.9,0.6,0.4,0.0,0.0,0.0,4.0,1.36,6.8,82.1,0.4174,83.4008,0.0,0.0,0.0
0500000US31079,"Hall County, Nebraska",31,079,6,10548,6758,16098,14954,25413,2556,8006,62536,20289,37835,2063,100,605,26,205,1413,828,5942,28032,16.9,64.1,27.8,31.6,4.0,82.1,10.4,12.9,14.1,32.4,60.5,3.3,0.2,1.0,0.0,0.3,2.3,1.32,14.8,92.5,0.4544,68.26,0.0,0.0,0.0
0500000US31081,"Hamilton County, Nebraska",31,081,4,122,95,231,2489,3502,175,570,9464,408,8698,17,7,43,0,8,283,141,188,4118,1.3,77.9,2.6,33.9,2.3,73.9,4.8,6.1,5.2,4.3,91.9,0.2,0.1,0.5,0.0,0.1,3.0,1.49,2.9,87.9,0.366,79.6106,0.0,0.0,0.0
0500000US31083,"Harlan County, Nebraska",31,083,4,63,42,88,889,941,63,239,2847,51,2680,4,0,33,0,0,79,52,125,1161,2.2,66.7,3.3,38.9,1.3,68.2,5.3,8.5,6.7,1.8,94.1,0.1,0.0,1.2,0.0,0.0,2.8,1.83,6.1,84.7,0.5062,83.5738,0.0,0.0,0.0
0500000US31085,"Hayes County, Nebraska",31,085,0,35,25,47,246,259,19,47,843,41,789,0,2,0,0,0,11,0,32,363,4.2,71.4,5.9,36.9,0.0,61.5,5.0,5.6,12.7,4.9,93.6,0.0,0.2,0.0,0.0,0.0,1.3,0.0,5.0,86.6,0.4087,95.5466,0.0,0.0,0.0
0500000US31087,"Hitchcock County, Nebraska",31,087,0,31,9,37,920,636,82,142,2569,108,2362,1,7,17,0,7,67,28,127,942,1.2,29.0,1.5,45.2,1.7,58.1,7.4,5.6,12.8,4.2,91.9,0.0,0.3,0.7,0.0,0.3,2.6,1.09,7.0,88.4,0.432,88.5555,0.0,0.0,0.0
0500000US31089,"Holt County, Nebraska",31,089,0,237,181,451,2744,3398,335,660,10102,576,9185,42,16,17,0,59,207,127,381,4278,2.3,76.4,4.8,35.3,0.9,68.1,8.3,6.6,11.7,5.7,90.9,0.4,0.2,0.2,0.0,0.6,2.0,1.26,5.6,86.4,0.4905,86.5123,0.0,0.0,0.0
0500000US31091,"Hooker County, Nebraska",31,091,0,0,0,6,198,285,1,59,647,0,575,10,1,0,0,7,54,38,20,267,0.0,-666666666.0,1.0,35.5,3.9,83.1,0.3,9.5,6.2,0.0,88.9,1.5,0.2,0.0,0.0,1.1,8.3,5.87,4.6,81.1,0.3714,86.4169,0.0,0.0,0.0
0500000US31093,"Howard County, Nebraska",31,093,0,110,96,152,1789,2489,169,441,6534,212,5954,42,2,4,0,0,320,70,185,2769,1.7,87.3,2.5,35.1,3.8,78.2,6.7,6.8,4.8,3.2,91.1,0.6,0.0,0.1,0.0,0.0,4.9,1.07,4.1,87.2,0.4227,80.7887,0.0,0.0,0.0
0500000US31095,"Jefferson County, Nebraska",31,095,0,202,123,342,2303,2488,392,596,7161,420,6478,22,15,2,0,4,220,112,317,2900,2.8,60.9,5.1,40.2,1.2,73.6,12.5,8.4,10.1,5.9,90.5,0.3,0.2,0.0,0.0,0.1,3.1,1.56,6.3,87.6,0.4313,71.9912,0.0,0.0,0.0
0500000US31097,"Johnson County, Nebraska",31,097,4,203,158,480,2217,1345,204,216,5261,627,4080,246,126,44,0,0,138,971,499,1746,3.9,77.8,9.5,50.9,3.4,65.2,11.9,5.0,9.7,11.9,77.6,4.7,2.4,0.8,0.0,0.0,2.6,18.46,13.2,84.8,0.4737,69.5167,0.0,0.0,0.0
0500000US31099,"Kearney County, Nebraska",31,099,0,107,25,390,1614,2725,111,405,6713,459,6094,1,16,36,0,4,103,62,284,3195,1.6,23.4,6.2,30.7,1.7,75.9,3.9,6.1,7.2,6.8,90.8,0.0,0.2,0.5,0.0,0.1,1.5,0.92,6.1,89.4,0.4705,78.4684,0.0,0.0,0.0
0500000US31101,"Keith County, Nebraska",31,101,6,257,68,434,2674,2922,360,540,8219,749,7016,91,9,59,0,0,295,79,601,3377,3.1,26.5,5.5,39.5,2.0,72.8,8.9,6.6,10.4,9.1,85.4,1.1,0.1,0.7,0.0,0.0,3.6,0.96,9.9,85.5,0.4209,81.3527,0.0,0.0,0.0
0500000US31103,"Keya Paha County, Nebraska",31,103,0,32,32,41,257,214,4,81,822,38,765,1,0,0,0,16,2,0,20,259,3.9,100.0,5.4,39.7,1.0,55.3,1.3,9.9,7.2,4.6,93.1,0.1,0.0,0.0,0.0,1.9,0.2,0.0,3.6,67.6,0.4602,91.9118,0.0,0.0,0.0
0500000US31105,"Kimball County, Nebraska",31,105,0,57,49,137,1155,1158,168,458,3248,321,2672,54,52,22,0,0,127,67,284,1369,1.8,86.0,4.5,43.1,0.7,76.6,11.3,14.4,12.2,9.9,82.3,1.7,1.6,0.7,0.0,0.0,3.9,2.06,11.7,91.4,0.4427,82.7907,0.0,0.0,0.0
0500000US31107,"Knox County, Nebraska",31,107,0,66,25,300,2519,2591,254,576,8363,246,7069,56,738,36,1,8,209,144,426,3320,0.8,37.9,3.8,38.1,3.6,65.8,7.4,7.0,13.7,2.9,84.5,0.7,8.8,0.4,0.0,0.1,2.5,1.72,7.4,85.7,0.4233,80.9964,0.0,0.0,0.0
0500000US31109,"Lancaster County, Nebraska",31,109,15,28421,13816,37840,79355,134748,11241,19018,326696,27767,254346,12139,971,13280,190,978,17025,13389,13149,143548,8.7,48.6,12.3,30.3,3.2,76.5,8.4,5.9,11.9,8.5,77.9,3.7,0.3,4.1,0.1,0.3,5.2,4.1,6.4,82.6,0.4528,47.0809,0.0,0.0,0.0
0500000US31111,"Lincoln County, Nebraska",31,111,27,954,554,1626,9597,12524,1730,2222,33802,3136,29064,275,202,222,4,120,779,661,1354,15125,2.8,58.1,5.1,35.4,3.6,74.3,11.6,6.6,12.4,9.3,86.0,0.8,0.6,0.7,0.0,0.4,2.3,1.96,5.8,92.2,0.4078,76.9801,0.0,0.0,0.0
0500000US31113,"Logan County, Nebraska",31,113,4,10,10,31,184,239,6,55,773,15,685,13,5,0,0,6,49,0,12,333,1.3,100.0,4.3,31.1,0.2,58.9,2.0,7.1,5.6,1.9,88.6,1.7,0.6,0.0,0.0,0.8,6.3,0.0,2.2,83.6,0.489,92.9545,0.0,0.0,0.0
0500000US31115,"Loup County, Nebraska",31,115,0,13,0,34,151,169,15,55,578,49,506,0,4,0,0,0,19,0,4,261,2.2,0.0,6.1,32.2,0.0,53.1,6.1,9.5,6.9,8.5,87.5,0.0,0.7,0.0,0.0,0.0,3.3,0.0,1.0,85.0,0.415,82.7103,0.0,0.0,0.0
0500000US31117,"McPherson County, Nebraska",31,117,0,9,9,19,130,164,2,16,475,4,439,0,0,0,0,0,32,0,15,200,1.9,100.0,4.1,33.1,0.0,62.4,0.9,3.4,12.2,0.8,92.4,0.0,0.0,0.0,0.0,0.0,6.7,0.0,5.0,77.2,0.4042,94.3463,0.0,0.0,0.0
0500000US31119,"Madison County, Nebraska",31,119,1,2855,1823,4269,8954,13586,1236,2626,35532,5797,27448,278,333,447,0,43,1186,982,2084,16014,8.0,63.9,12.9,32.6,3.0,75.8,8.5,7.5,13.1,16.3,77.2,0.8,0.9,1.3,0.0,0.1,3.3,2.76,8.9,90.7,0.4741,77.406,0.0,0.0,0.0
0500000US31121,"Merrick County, Nebraska",31,121,0,172,35,214,2095,2948,184,407,7724,435,6992,0,1,57,0,0,239,139,474,3551,2.2,20.3,2.9,33.9,0.4,72.3,5.7,5.3,7.9,5.6,90.5,0.0,0.0,0.7,0.0,0.0,3.1,1.8,8.7,90.3,0.4518,81.7826,0.0,0.0,0.0
0500000US31123,"Morrill County, Nebraska",31,123,1,176,86,314,1357,1482,223,371,4534,668,3649,3,18,13,13,46,124,105,285,1818,3.9,48.9,7.4,37.3,3.6,67.5,11.6,8.4,13.9,14.7,80.5,0.1,0.4,0.3,0.3,1.0,2.7,2.32,9.2,86.8,0.4456,83.512,0.0,0.0,0.0
0500000US31125,"Nance County, Nebraska",31,125,0,17,5,75,902,1129,93,216,3324,85,3129,5,16,5,0,10,74,123,168,1425,0.5,29.4,2.4,34.5,3.6,68.3,6.9,6.6,16.6,2.6,94.1,0.2,0.5,0.2,0.0,0.3,2.2,3.7,7.4,88.0,0.42,79.5863,0.0,0.0,0.0
0500000US31127,"Nemaha County, Nebraska",31,127,0,58,15,276,1992,2296,378,709,7046,229,6289,78,57,9,0,2,382,503,415,3043,0.8,25.9,4.2,35.1,6.0,66.4,13.3,10.2,13.3,3.3,89.3,1.1,0.8,0.1,0.0,0.0,5.4,7.14,8.9,89.7,0.4652,71.4745,0.0,0.0,0.0
0500000US31129,"Nuckolls County, Nebraska",31,129,0,48,16,63,1262,1478,109,375,4087,146,3784,6,17,0,0,0,134,90,238,1707,1.2,33.3,1.6,36.8,0.6,68.6,5.7,9.3,5.7,3.6,92.6,0.1,0.4,0.0,0.0,0.0,3.3,2.2,7.6,81.0,0.4051,81.3109,0.0,0.0,0.0
0500000US31131,"Otoe County, Nebraska",31,131,2,854,595,1261,4346,6302,382,624,16241,1456,13893,169,26,34,0,8,655,207,748,7461,5.3,69.7,8.3,33.8,2.7,76.1,6.0,3.9,9.1,9.0,85.5,1.0,0.2,0.2,0.0,0.0,4.0,1.27,6.7,91.4,0.4418,68.9314,0.0,0.0,0.0
0500000US31133,"Pawnee County, Nebraska",31,133,0,22,8,204,890,663,64,323,2530,49,2375,3,0,0,0,0,103,36,253,790,0.9,36.4,8.7,45.3,2.2,63.1,5.9,13.0,13.5,1.9,93.9,0.1,0.0,0.0,0.0,0.0,4.1,1.42,14.4,79.4,0.442,78.6802,0.0,0.0,0.0
0500000US31135,"Perkins County, Nebraska",31,135,6,83,66,94,702,929,61,157,2821,159,2541,0,3,16,0,3,99,31,142,1313,2.9,79.5,3.5,31.7,1.5,62.3,5.1,5.6,7.2,5.6,90.1,0.0,0.1,0.6,0.0,0.1,3.5,1.1,7.1,88.8,0.4076,85.8345,0.0,0.0,0.0
0500000US31137,"Phelps County, Nebraska",31,137,2,173,107,361,2385,3330,389,546,9009,618,8067,77,29,4,8,3,203,205,424,4140,1.9,61.8,4.3,33.8,1.2,72.2,9.9,6.2,12.2,6.9,89.5,0.9,0.3,0.0,0.1,0.0,2.3,2.28,6.9,90.5,0.5197,83.7462,0.0,0.0,0.0
0500000US31139,"Pierce County, Nebraska",31,139,0,125,102,150,1943,2751,209,327,7325,198,6854,29,32,15,0,24,173,97,270,3208,1.7,81.6,2.2,34.1,2.1,74.9,7.4,4.5,7.6,2.7,93.6,0.4,0.4,0.2,0.0,0.3,2.4,1.32,5.4,88.4,0.4051,87.7598,0.0,0.0,0.0
0500000US31141,"Platte County, Nebraska",31,141,0,4254,2845,6252,8204,15047,969,2525,34716,8234,25228,252,62,72,0,40,828,420,2182,15842,12.3,66.9,19.3,30.9,2.0,83.8,7.1,7.3,9.8,23.7,72.7,0.7,0.2,0.2,0.0,0.1,2.4,1.21,9.7,89.5,0.4188,78.7201,0.0,0.0,0.0
0500000US31143,"Polk County, Nebraska",31,143,0,137,90,252,1392,2128,104,281,5225,330,4709,10,6,11,0,8,151,80,220,2323,2.6,65.7,5.1,32.7,1.3,75.2,4.9,5.5,7.9,6.3,90.1,0.2,0.1,0.2,0.0,0.2,2.9,1.53,6.0,83.6,0.4013,81.4473,0.0,0.0,0.0
0500000US31145,"Red Willow County, Nebraska",31,145,2,207,156,450,3169,4076,415,925,10557,670,9379,102,17,27,0,3,359,288,499,4701,2.0,75.4,4.5,37.1,1.4,77.1,9.2,8.9,14.0,6.3,88.8,1.0,0.2,0.3,0.0,0.0,3.4,2.73,6.9,91.0,0.4581,83.731,1.0,1.0,1.0
0500000US31147,"Richardson County, Nebraska",31,147,0,32,15,63,2450,2725,268,474,7751,187,7009,19,121,9,0,0,406,137,363,3284,0.4,46.9,0.9,38.7,3.7,73.0,7.5,6.2,10.5,2.4,90.4,0.2,1.6,0.1,0.0,0.0,5.2,1.77,6.5,88.5,0.4669,75.1395,0.0,0.0,0.0
0500000US31149,"Rock County, Nebraska",31,149,1,13,3,27,421,379,32,64,1319,10,1300,1,0,0,0,3,5,44,78,557,1.0,23.1,2.1,38.1,1.2,56.1,5.3,4.9,10.8,0.8,98.6,0.1,0.0,0.0,0.0,0.2,0.4,3.34,8.3,85.5,0.4499,89.3285,0.0,0.0,0.0
0500000US31151,"Saline County, Nebraska",31,151,1,2499,1591,3909,3580,5809,230,1390,14650,4321,9494,61,15,346,4,9,400,601,1613,6772,17.1,63.7,28.5,31.6,2.9,77.5,4.5,9.7,8.9,29.5,64.8,0.4,0.1,2.4,0.0,0.1,2.7,4.1,17.7,91.1,0.3914,66.0301,0.0,0.0,0.0
0500000US31153,"Sarpy County, Nebraska",31,153,45,14010,6793,19013,41281,83162,3519,9087,197389,22804,150640,7937,299,5476,145,1291,8797,1071,5659,90529,7.1,48.5,10.3,27.1,2.6,79.9,4.7,4.7,5.6,11.6,76.3,4.0,0.2,2.8,0.1,0.7,4.5,0.54,4.4,84.9,0.399,55.1616,0.0,0.0,0.0
0500000US31155,"Saunders County, Nebraska",31,155,0,351,197,599,5429,9326,407,959,23048,654,21242,51,17,153,6,36,889,274,473,10209,1.5,56.1,2.8,30.1,2.5,76.2,4.6,4.2,6.3,2.8,92.2,0.2,0.1,0.7,0.0,0.2,3.9,1.19,3.0,84.3,0.4033,72.6428,0.0,0.0,0.0
0500000US31157,"Scotts Bluff County, Nebraska",31,157,5,1595,872,3671,10192,12818,1799,3597,35843,8551,25335,202,358,239,4,263,891,787,2232,15619,4.4,54.7,10.9,36.1,2.7,73.1,11.9,10.2,12.9,23.9,70.7,0.6,1.0,0.7,0.0,0.7,2.5,2.2,9.2,90.5,0.4479,73.3577,0.0,0.0,0.0
0500000US31159,"Seward County, Nebraska",31,159,0,220,93,537,4639,6742,364,1057,17641,532,16532,144,22,94,17,10,290,1251,594,7940,1.2,42.3,3.2,32.9,2.1,73.0,5.4,6.1,7.4,3.0,93.7,0.8,0.1,0.5,0.1,0.1,1.6,7.09,5.3,86.7,0.3907,72.5936,0.0,0.0,0.0
0500000US31161,"Sheridan County, Nebraska",31,161,1,126,52,288,1672,1514,215,534,5014,270,4035,31,426,70,0,19,163,165,346,1825,2.5,41.3,6.1,41.1,2.0,64.3,10.2,10.9,11.3,5.4,80.5,0.6,8.5,1.4,0.0,0.4,3.3,3.29,9.6,78.0,0.4662,84.6216,0.0,0.0,0.0
0500000US31163,"Sherman County, Nebraska",31,163,0,17,0,48,951,921,69,121,2967,84,2747,9,4,16,0,0,107,53,172,1237,0.6,0.0,1.7,39.2,3.0,64.3,5.2,4.1,8.6,2.8,92.6,0.3,0.1,0.5,0.0,0.0,3.6,1.79,8.0,88.4,0.418,79.668,0.0,0.0,0.0
0500000US31165,"Sioux County, Nebraska",31,165,0,14,2,14,384,281,11,99,1171,25,1118,1,0,2,0,7,18,0,48,487,1.2,14.3,1.3,40.3,1.8,50.2,2.2,8.5,14.9,2.1,95.5,0.1,0.0,0.2,0.0,0.6,1.5,0.0,5.6,88.4,0.4149,88.0531,1.0,0.0,0.0
0500000US31167,"Stanton County, Nebraska",31,167,0,82,34,331,1519,2302,112,349,5796,406,5159,8,2,66,0,1,154,63,233,2638,1.4,41.5,6.0,33.8,0.7,78.0,4.8,6.1,9.4,7.0,89.0,0.1,0.0,1.1,0.0,0.0,2.7,1.09,5.9,90.3,0.4299,82.7676,0.0,0.0,0.0
0500000US31169,"Thayer County, Nebraska",31,169,4,48,23,116,1453,1747,151,248,4901,159,4564,3,13,4,0,9,149,116,178,2197,1.0,47.9,2.5,36.7,2.0,71.0,7.2,5.2,9.0,3.2,93.1,0.1,0.3,0.1,0.0,0.2,3.0,2.37,5.1,90.5,0.4156,79.8738,0.0,0.0,0.0
0500000US31171,"Thomas County, Nebraska",31,171,0,17,3,31,172,232,13,28,564,28,503,11,0,0,0,0,22,0,39,237,3.0,17.6,5.6,34.1,2.1,71.2,4.3,5.0,8.9,5.0,89.2,2.0,0.0,0.0,0.0,0.0,3.9,0.0,8.1,72.7,0.3199,88.5496,0.0,0.0,0.0
0500000US31173,"Thurston County, Nebraska",31,173,0,118,45,288,1604,1508,293,612,6627,322,2397,18,3557,93,0,7,233,120,222,2452,1.8,38.1,4.8,34.5,10.0,55.1,14.7,9.4,13.9,4.9,36.2,0.3,53.7,1.4,0.0,0.1,3.5,1.81,6.1,91.0,0.4219,52.9911,0.0,0.0,0.0
0500000US31175,"Valley County, Nebraska",31,175,7,78,54,117,1169,1545,176,224,4066,119,3849,1,29,6,0,18,44,61,144,1880,1.9,69.2,3.1,35.5,0.2,73.0,9.8,5.6,9.3,2.9,94.7,0.0,0.7,0.1,0.0,0.4,1.1,1.5,4.9,91.3,0.447,81.4267,0.0,0.0,0.0
0500000US31177,"Washington County, Nebraska",31,177,0,529,252,769,5549,8539,395,872,21106,702,19614,56,37,45,0,17,635,199,602,8963,2.5,47.6,3.8,33.2,1.8,78.1,4.7,4.2,6.4,3.3,92.9,0.3,0.2,0.2,0.0,0.1,3.0,0.94,4.2,83.3,0.4268,70.5859,0.0,0.0,0.0
0500000US31179,"Wayne County, Nebraska",31,179,0,596,436,911,2643,3736,256,566,9844,1012,8405,101,83,30,0,0,213,1368,254,3773,6.1,73.2,9.7,32.7,4.3,71.9,6.8,5.8,13.2,10.3,85.4,1.0,0.8,0.3,0.0,0.0,2.2,13.9,4.7,76.0,0.4437,73.9259,0.0,0.0,0.0
0500000US31181,"Webster County, Nebraska",31,181,0,56,41,113,962,1150,142,190,3360,196,2964,6,5,28,20,9,132,75,118,1546,1.7,73.2,3.5,35.3,0.7,65.8,9.5,5.8,9.6,5.8,88.2,0.2,0.1,0.8,0.6,0.3,3.9,2.23,4.9,89.3,0.4208,82.1894,0.0,0.0,0.0
0500000US31183,"Wheeler County, Nebraska",31,183,2,26,26,42,228,253,10,76,847,32,806,0,0,0,0,0,9,0,21,359,3.1,100.0,5.3,32.4,2.3,54.4,2.8,9.0,5.2,3.8,95.2,0.0,0.0,0.0,0.0,0.0,1.1,0.0,3.2,78.4,0.5077,87.2428,1.0,0.0,0.0
0500000US31185,"York County, Nebraska",31,185,0,390,215,698,4077,5513,420,743,14286,884,12557,188,54,73,0,62,468,825,652,6228,2.7,55.1,5.2,36.0,1.5,77.2,7.4,5.4,9.2,6.2,87.9,1.3,0.4,0.5,0.0,0.4,3.3,5.77,6.9,88.8,0.4331,74.9427,0.0,0.0,0.0
0500000US32001,"Churchill County, Nevada",32,001,0,1372,379,2277,8291,7823,1012,1964,25805,3928,18255,549,835,580,15,54,1589,472,1447,9781,5.3,27.6,9.4,40.1,5.3,73.5,10.6,8.0,8.1,15.2,70.7,2.1,3.2,2.2,0.1,0.2,6.2,1.83,8.1,85.5,0.4168,73.7762,0.0,0.0,0.0
0500000US32003,"Clark County, Nevada",32,003,421,509336,233834,737733,676979,903373,117447,280274,2329548,742075,891499,268625,7501,244465,17546,15284,142553,19501,213306,880354,21.9,45.9,33.6,36.1,7.6,82.5,13.6,12.2,13.0,31.9,38.3,11.5,0.3,10.5,0.8,0.7,6.1,0.84,13.1,81.5,0.4683,47.8124,0.0,0.0,0.0
0500000US32005,"Douglas County, Nevada",32,005,12,3096,1039,5524,21737,14937,1200,2946,49623,6449,38289,131,548,1151,52,770,2233,272,2256,17039,6.2,33.6,11.5,49.9,3.0,70.7,5.6,6.0,9.0,13.0,77.2,0.3,1.1,2.3,0.1,1.6,4.5,0.55,5.7,82.3,0.5116,65.3532,0.0,1.0,0.0
0500000US32007,"Elko County, Nevada",32,007,1,4573,2761,8521,13554,21056,1781,4828,54047,14063,33049,426,1910,782,84,777,2956,828,4492,20945,8.5,60.4,16.9,32.7,4.5,79.3,9.1,9.0,9.8,26.0,61.1,0.8,3.5,1.4,0.2,1.4,5.5,1.53,12.8,79.6,0.4152,77.2402,0.0,0.0,0.0
0500000US32009,"Esmeralda County, Nevada",32,009,0,188,57,253,554,258,140,48,1028,324,599,3,14,12,0,47,29,6,150,272,18.3,30.3,25.3,61.1,0.6,73.5,27.8,4.7,12.4,31.5,58.3,0.3,1.4,1.2,0.0,4.6,2.8,0.58,16.8,77.5,0.4459,81.5618,0.0,0.0,0.0
0500000US32011,"Eureka County, Nevada",32,011,0,64,21,31,840,354,16,190,1585,86,1282,2,52,43,0,0,120,6,65,430,4.0,32.8,2.0,63.2,0.0,72.2,2.6,12.0,24.9,5.4,80.9,0.1,3.3,2.7,0.0,0.0,7.6,0.38,5.9,87.7,0.3943,87.8378,0.0,0.0,0.0
0500000US32013,"Humboldt County, Nevada",32,013,0,1632,642,2786,4879,5715,778,1490,17289,4720,11010,142,497,265,20,80,555,160,1268,6430,9.4,39.3,17.3,36.9,5.8,72.6,11.3,8.7,10.6,27.3,63.7,0.8,2.9,1.5,0.1,0.5,3.2,0.93,11.3,82.5,0.3914,76.4757,0.0,0.0,0.0
0500000US32015,"Lander County, Nevada",32,015,0,202,63,354,1681,1625,244,275,5770,971,4330,13,104,23,0,0,329,44,443,2089,3.5,31.2,6.5,38.1,9.4,65.6,11.5,4.8,10.7,16.8,75.0,0.2,1.8,0.4,0.0,0.0,5.7,0.76,11.9,84.3,0.3861,80.0,0.0,0.0,0.0
0500000US32017,"Lincoln County, Nevada",32,017,0,64,27,367,1964,1150,79,222,4405,292,3726,123,133,2,2,0,127,344,191,1146,1.5,42.2,8.6,54.3,1.9,70.9,4.6,5.5,5.0,6.6,84.6,2.8,3.0,0.0,0.0,0.0,2.9,7.81,5.9,70.7,0.3685,85.2751,0.0,0.0,0.0
0500000US32019,"Lyon County, Nevada",32,019,6,4450,2270,7755,21428,21411,2603,5890,61680,12034,43399,775,801,803,55,257,3556,263,5482,23477,7.2,51.0,13.3,42.2,6.5,79.0,11.0,9.6,11.7,19.5,70.4,1.3,1.3,1.3,0.1,0.4,5.8,0.43,12.1,87.6,0.3979,71.1398,0.0,1.0,1.0
0500000US32021,"Mineral County, Nevada",32,021,4,103,17,437,1783,952,255,507,4542,789,2593,144,714,4,0,2,296,95,246,1413,2.3,16.5,10.4,48.7,9.8,56.2,13.9,11.4,18.5,17.4,57.1,3.2,15.7,0.1,0.0,0.0,6.5,2.09,7.3,84.6,0.3875,66.5795,0.0,1.0,0.0
0500000US32023,"Nye County, Nevada",32,023,4,4424,2071,6427,27016,13802,3307,4693,54344,9305,37445,1553,471,1037,177,141,4215,1155,5430,14589,8.1,46.8,12.3,57.9,8.1,76.6,14.9,8.8,14.1,17.1,68.9,2.9,0.9,1.9,0.3,0.3,7.8,2.13,12.8,82.6,0.4464,70.1782,0.0,0.0,0.0
0500000US32027,"Pershing County, Nevada",32,027,0,547,378,1061,3264,1670,161,492,6487,1533,4133,309,265,58,4,23,162,1761,628,1816,8.4,69.1,17.1,58.2,3.9,74.2,9.3,10.4,11.8,23.6,63.7,4.8,4.1,0.9,0.1,0.4,2.5,27.15,12.9,83.0,0.4192,76.4298,0.0,0.0,0.0
0500000US32029,"Storey County, Nevada",32,029,5,238,100,338,1741,1516,83,181,4140,530,3166,91,0,55,0,5,293,24,314,1404,5.7,42.0,8.4,48.0,6.5,86.7,4.4,4.4,7.1,12.8,76.5,2.2,0.0,1.3,0.0,0.1,7.1,0.58,9.4,80.9,0.3967,68.5528,0.0,0.0,0.0
0500000US32031,"Washoe County, Nevada",32,031,106,71220,36863,100676,139372,204622,20928,48845,497200,129643,290954,11471,3471,27980,3452,2901,27328,7118,38744,200752,14.3,51.8,21.4,34.3,5.1,81.0,10.5,9.9,10.7,26.1,58.5,2.3,0.7,5.6,0.7,0.6,5.5,1.43,11.0,80.7,0.4711,48.3226,0.0,0.0,0.0
0500000US32033,"White Pine County, Nevada",32,033,0,283,156,626,3671,2438,284,349,8735,1442,6246,519,314,27,3,15,169,1363,883,3008,3.2,55.1,7.5,50.6,4.0,71.0,8.5,4.7,8.2,16.5,71.5,5.9,3.6,0.3,0.0,0.2,1.9,15.6,13.8,88.6,0.3792,77.3156,0.0,0.0,0.0
0500000US32510,"Carson City, Nevada",32,510,24,7274,3764,11419,19753,19703,2432,6207,58384,15385,36270,981,816,1407,28,93,3404,2940,4549,22421,12.5,51.7,20.5,40.9,5.5,73.3,10.3,11.2,10.3,26.4,62.1,1.7,1.4,2.4,0.0,0.2,5.8,5.04,10.8,85.2,0.4529,54.3099,0.0,0.0,0.0
0500000US33001,"Belknap County, New Hampshire",33,001,0,1807,498,2174,20541,25482,1812,3758,64659,1467,59943,294,20,744,18,346,1827,1134,3047,27448,2.8,27.6,3.5,37.3,3.1,76.5,6.9,5.9,8.5,2.3,92.7,0.5,0.0,1.2,0.0,0.5,2.8,1.75,6.2,84.1,0.449,55.9667,1.0,0.0,0.0
0500000US33003,"Carroll County, New Hampshire",33,003,0,1217,229,1893,18735,18422,1091,3475,51804,909,48671,310,143,427,0,82,1262,676,1830,19672,2.3,18.8,3.8,41.5,5.1,73.5,5.0,6.8,7.6,1.8,94.0,0.6,0.3,0.8,0.0,0.2,2.4,1.3,4.4,80.0,0.4611,50.2799,0.0,0.0,0.0
0500000US33005,"Cheshire County, New Hampshire",33,005,0,2233,955,2700,24453,31131,1943,4784,77297,2010,70665,528,65,672,0,185,3172,3816,3115,31601,2.9,42.8,3.7,37.5,3.3,79.2,6.3,6.2,8.7,2.6,91.4,0.7,0.1,0.9,0.0,0.2,4.1,4.94,5.6,82.2,0.4264,44.2464,0.0,0.0,0.0
0500000US33007,"Coos County, New Hampshire",33,007,0,875,430,2289,12704,9679,1770,2254,31271,741,28750,631,46,45,1,151,906,2145,2334,11489,2.8,49.1,7.6,47.1,4.3,70.9,12.6,7.7,13.2,2.4,91.9,2.0,0.1,0.1,0.0,0.5,2.9,6.86,9.6,85.6,0.4884,56.1944,0.0,0.0,0.0
0500000US33009,"Grafton County, New Hampshire",33,009,0,5157,2284,5538,31379,36438,2364,4965,92120,2679,80633,996,96,3225,18,416,4057,7195,3502,34454,5.6,44.3,6.2,39.5,3.2,78.2,6.4,5.4,10.4,2.9,87.5,1.1,0.1,3.5,0.0,0.5,4.4,7.81,5.3,75.7,0.4947,39.1967,1.0,0.0,0.0
0500000US33011,"Hillsborough County, New Hampshire",33,011,12,44102,19000,56109,104617,202158,11060,23278,426378,36414,341341,9550,242,18338,38,2039,18416,8404,20330,184102,10.3,43.1,13.9,29.6,3.1,84.0,6.6,5.5,6.7,8.5,80.1,2.2,0.1,4.3,0.0,0.5,4.3,1.97,6.6,78.0,0.4299,47.7977,1.0,0.0,0.0
0500000US33013,"Merrimack County, New Hampshire",33,013,16,6789,2234,7868,46602,63636,4269,7768,155967,4277,140561,2471,78,2358,79,585,5558,6172,6281,64985,4.4,32.9,5.3,35.5,3.1,77.9,7.0,5.1,7.6,2.7,90.1,1.6,0.1,1.5,0.1,0.4,3.6,3.96,5.5,81.3,0.44,46.639,0.0,0.0,0.0
0500000US33015,"Rockingham County, New Hampshire",33,015,23,16710,5611,19787,86015,141725,4216,12883,319082,11727,285708,2095,221,6206,114,1510,11501,2506,9221,133300,5.2,33.6,6.5,32.1,3.6,81.0,3.3,4.1,4.8,3.7,89.5,0.7,0.1,1.9,0.0,0.5,3.6,0.79,3.9,77.6,0.4297,50.5312,1.0,0.0,0.0
0500000US33017,"Strafford County, New Hampshire",33,017,4,5809,2056,6707,36024,57153,3816,6780,132575,4248,116178,1520,19,3598,0,625,6387,8246,4739,55452,4.4,35.4,5.3,32.1,3.5,78.1,7.3,5.2,8.7,3.2,87.6,1.1,0.0,2.7,0.0,0.5,4.8,6.22,5.3,77.6,0.4273,43.2427,0.0,0.0,0.0
0500000US33019,"Sullivan County, New Hampshire",33,019,0,933,221,759,14872,17671,1371,2614,43715,911,39974,309,21,125,8,150,2217,739,2614,18016,2.1,23.7,1.8,40.1,3.1,82.3,8.3,6.0,10.1,2.1,91.4,0.7,0.0,0.3,0.0,0.3,5.1,1.69,7.9,85.6,0.4608,49.4984,0.0,0.0,0.0
0500000US34001,"Atlantic County, New Jersey",34,001,46,43915,18861,69005,82405,101630,13416,19028,276270,56285,149114,34841,738,21415,29,1434,12414,6075,20826,104048,15.9,42.9,26.3,36.4,8.8,78.0,12.2,7.0,13.2,20.4,54.0,12.6,0.3,7.8,0.0,0.5,4.5,2.2,10.7,81.5,0.4668,50.7225,0.0,0.0,0.0
0500000US34003,"Bergen County, New Jersey",34,003,27,305966,102905,387804,257439,405782,18954,58139,962316,218856,493959,51787,595,161731,186,7569,27633,10796,48598,322994,31.8,33.6,42.5,32.8,5.8,81.6,5.3,6.1,6.8,22.7,51.3,5.4,0.1,16.8,0.0,0.8,2.9,1.12,7.1,66.3,0.4725,47.2897,0.0,0.0,0.0
0500000US34005,"Burlington County, New Jersey",34,005,34,51551,18052,64350,127926,184504,8705,17661,467805,44974,292070,73947,107,26997,64,3627,26019,10533,19073,187996,11.0,35.0,14.5,33.3,5.3,77.6,4.9,3.9,6.6,9.6,62.4,15.8,0.0,5.8,0.0,0.8,5.6,2.25,5.7,79.1,0.4292,41.0152,0.0,0.0,0.0
0500000US34007,"Camden County, New Jersey",34,007,40,64901,29128,108034,140487,210209,26941,33189,527257,101417,276986,94090,202,31028,95,3345,20094,6422,36913,193758,12.3,44.9,21.8,33.3,6.9,80.5,13.3,6.4,12.4,19.2,52.5,17.8,0.0,5.9,0.0,0.6,3.8,1.22,10.1,76.3,0.4661,35.5398,0.0,0.0,0.0
0500000US34009,"Cape May County, New Jersey",34,009,12,4334,2120,8094,34263,30444,3380,4656,94941,7854,79690,3200,34,687,0,383,3093,1589,3868,34834,4.6,48.9,8.9,42.5,5.3,70.5,7.5,5.0,8.7,8.3,83.9,3.4,0.0,0.7,0.0,0.4,3.3,1.67,5.3,81.0,0.4598,58.9191,0.0,0.0,0.0
0500000US34011,"Cumberland County, New Jersey",34,011,10,19486,12350,43456,51160,48080,9464,15216,153305,54804,62771,25190,613,2201,25,2048,5653,9080,18977,55562,12.7,63.4,30.2,42.5,6.8,74.7,17.6,10.5,15.6,35.7,40.9,16.4,0.4,1.4,0.0,1.3,3.7,5.92,18.4,89.0,0.4734,51.3107,0.0,0.0,0.0
0500000US34013,"Essex County, New Jersey",34,013,19,260083,130094,306227,229338,331495,47471,101587,863002,217167,235410,305762,1075,51429,164,12263,39732,20578,77555,243306,30.1,50.0,37.8,33.6,8.7,80.0,14.8,11.9,14.6,25.2,27.3,35.4,0.1,6.0,0.0,1.4,4.6,2.38,13.3,60.6,0.5438,26.7835,0.0,0.0,0.0
0500000US34015,"Gloucester County, New Jersey",34,015,86,18816,7324,29319,84170,123778,7447,12128,306954,25470,227965,31190,87,9592,164,1426,11060,6707,12777,123534,6.1,38.9,10.1,33.7,5.3,79.0,6.6,4.0,7.7,8.3,74.3,10.2,0.0,3.1,0.1,0.5,3.6,2.19,6.0,80.9,0.4192,50.6126,0.0,0.0,0.0
0500000US34017,"Hudson County, New Jersey",34,017,42,307758,151746,380881,175477,326848,44096,80971,718323,292607,196039,77130,910,120365,204,7376,23692,7607,62778,147429,42.8,49.3,56.5,29.7,6.0,83.8,14.7,11.3,14.9,40.7,27.3,10.7,0.1,16.8,0.0,1.0,3.3,1.06,12.0,38.6,0.5046,34.5673,0.0,0.0,0.0
0500000US34019,"Hunterdon County, New Jersey",34,019,43,13793,4730,17684,38612,52914,1825,3586,130160,12117,104048,3097,30,6349,40,611,3868,2643,3519,49104,10.6,34.3,14.2,35.4,4.6,78.6,3.6,2.8,4.0,9.3,79.9,2.4,0.0,4.9,0.0,0.5,3.0,2.03,3.7,74.4,0.4431,52.3831,0.0,0.0,0.0
0500000US34021,"Mercer County, New Jersey",34,021,28,104307,56190,130158,108022,151417,13377,30077,385864,89099,164891,69099,213,47553,50,1900,13059,17391,27675,127205,27.0,53.9,35.7,34.7,6.3,79.7,9.3,7.9,10.3,23.1,42.7,17.9,0.1,12.3,0.0,0.5,3.4,4.51,10.6,68.9,0.4926,32.0169,0.0,0.0,0.0
0500000US34023,"Middlesex County, New Jersey",34,023,156,308388,132862,390812,231862,363475,24330,62487,871290,205792,326790,84565,629,221341,184,6659,25330,25202,64940,299274,35.4,43.1,47.4,32.8,6.7,82.0,7.9,7.2,8.6,23.6,37.5,9.7,0.1,25.4,0.0,0.8,2.9,2.89,10.8,69.4,0.4371,44.4865,0.0,0.0,0.0
0500000US34025,"Monmouth County, New Jersey",34,025,52,87843,31589,112504,179564,264150,13702,33733,645353,83325,461195,37374,99,34646,235,5244,23235,6723,26676,233648,13.6,36.0,18.4,34.0,5.4,80.1,5.4,5.3,6.5,12.9,71.5,5.8,0.0,5.4,0.0,0.8,3.6,1.04,5.8,72.1,0.4723,54.8141,0.0,0.0,0.0
0500000US34027,"Morris County, New Jersey",34,027,27,101789,38810,130040,133043,222577,7093,24058,514528,82208,338541,15580,159,55146,63,3637,19194,8743,18584,192875,19.8,38.1,26.6,31.5,5.2,81.4,3.7,4.7,4.9,16.0,65.8,3.0,0.0,10.7,0.0,0.7,3.7,1.7,5.1,71.9,0.4578,50.3885,0.0,0.0,0.0
0500000US34029,"Ocean County, New Jersey",34,029,50,52456,19333,80078,207800,219000,15692,26620,654362,71391,530679,18756,149,12370,162,3267,17588,7016,28675,231039,8.0,36.9,13.2,40.9,5.4,77.2,6.4,4.1,10.5,10.9,81.1,2.9,0.0,1.9,0.0,0.5,2.7,1.07,6.5,83.7,0.4499,67.4009,0.0,0.0,0.0
0500000US34031,"Passaic County, New Jersey",34,031,24,172522,78176,250614,139109,205962,34016,62104,521012,231009,197624,50414,297,28296,122,2939,10311,8709,52795,186954,33.1,45.3,51.3,33.8,8.0,82.1,19.0,12.0,13.0,44.3,37.9,9.7,0.1,5.4,0.0,0.6,2.0,1.67,15.1,76.4,0.4656,49.7882,0.0,0.0,0.0
0500000US34033,"Salem County, New Jersey",34,033,0,1988,796,5442,20780,23116,3099,2993,65275,7362,45798,8628,25,632,74,197,2559,1383,4376,25019,3.0,40.0,8.8,39.5,7.4,78.6,12.5,4.7,12.7,11.3,70.2,13.2,0.0,1.0,0.1,0.3,3.9,2.12,9.5,86.9,0.4384,58.8013,0.0,0.0,0.0
0500000US34035,"Somerset County, New Jersey",34,035,102,97494,39302,115424,85752,158919,4857,18855,349846,61585,172324,32411,125,68440,30,2308,12623,3968,14851,131013,27.9,40.3,34.7,30.0,4.7,83.4,3.7,5.4,5.4,17.6,49.3,9.3,0.0,19.6,0.0,0.7,3.6,1.13,6.0,70.3,0.4598,41.7677,0.0,0.0,0.0
0500000US34037,"Sussex County, New Jersey",34,037,11,12757,4073,16911,38311,61085,1808,5573,145807,17355,116218,2490,91,2869,0,903,5881,1584,4875,63101,8.7,31.9,12.2,31.7,5.1,78.0,3.1,3.8,5.5,11.9,79.7,1.7,0.1,2.0,0.0,0.6,4.0,1.09,4.6,82.5,0.4156,61.59,0.0,0.0,0.0
0500000US34039,"Union County, New Jersey",34,039,73,194636,96248,259043,140578,240858,17870,74705,579290,203905,205149,110903,332,32292,24,6929,19756,5744,54131,202655,33.6,49.5,47.6,30.7,6.5,81.1,8.8,13.0,9.2,35.2,35.4,19.1,0.1,5.6,0.0,1.2,3.4,0.99,13.7,69.8,0.4834,37.0121,0.0,0.0,0.0
0500000US34041,"Warren County, New Jersey",34,041,9,11771,4121,16257,30482,46265,3363,5295,110849,14378,82718,6204,59,3349,24,250,3867,1965,4793,47535,10.6,35.0,15.4,32.9,5.1,78.6,7.4,4.8,8.3,13.0,74.6,5.6,0.1,3.0,0.0,0.2,3.5,1.77,5.9,82.4,0.4146,59.4713,0.0,0.0,0.0
0500000US35001,"Bernalillo County, New Mexico",35,001,316,70985,37185,170360,208471,231231,48464,58311,673930,330770,249864,17600,26658,19156,358,4712,24812,10795,44818,259164,10.5,52.4,26.6,37.6,5.3,71.4,17.0,8.8,15.2,49.1,37.1,2.6,4.0,2.8,0.1,0.7,3.7,1.6,9.4,80.5,0.467,38.2063,0.0,0.0,0.0
0500000US35003,"Catron County, New Mexico",35,003,0,191,42,682,2412,695,166,236,3743,588,2785,66,142,12,0,0,150,212,66,605,5.1,22.0,18.3,68.3,4.2,65.0,9.3,6.3,24.8,15.7,74.4,1.8,3.8,0.3,0.0,0.0,4.0,5.66,2.0,57.2,0.3875,74.4265,0.0,0.0,0.0
0500000US35005,"Chaves County, New Mexico",35,005,5,7234,4107,21173,22266,19884,5927,6777,64217,37529,23168,971,414,698,96,391,950,2266,8012,23681,11.3,56.8,35.0,44.2,5.0,74.8,25.0,10.8,24.3,58.4,36.1,1.5,0.6,1.1,0.1,0.6,1.5,3.53,19.1,91.2,0.4985,71.5946,0.0,0.0,0.0
0500000US35006,"Cibola County, New Mexico",35,006,0,588,336,9793,11936,4987,2009,3026,26845,8826,5226,522,11409,185,5,21,651,1499,2826,6676,2.2,57.1,38.5,56.3,10.5,60.1,23.6,11.9,28.4,32.9,19.5,1.9,42.5,0.7,0.0,0.1,2.4,5.58,15.3,81.1,0.4589,48.0227,0.0,0.0,0.0
0500000US35007,"Colfax County, New Mexico",35,007,3,525,303,2251,5455,3391,1255,1176,12322,5867,5840,61,134,28,0,19,373,668,903,3743,4.3,57.7,19.0,52.0,3.8,70.0,23.4,10.1,18.2,47.6,47.4,0.5,1.1,0.2,0.0,0.2,3.0,5.42,9.7,83.3,0.4608,55.9436,0.0,0.0,0.0
0500000US35009,"Curry County, New Mexico",35,009,24,4751,3204,12111,13410,12542,4738,4386,47638,21886,20487,2372,210,660,43,37,1943,997,5020,19823,10.0,67.4,27.5,36.7,8.2,69.9,25.5,10.1,20.5,45.9,43.0,5.0,0.4,1.4,0.1,0.1,4.1,2.09,16.9,93.5,0.461,70.3803,0.0,1.0,0.0
0500000US35011,"De Baca County, New Mexico",35,011,0,9,0,505,478,456,153,197,1576,1003,557,1,0,0,0,13,2,14,122,662,0.6,0.0,36.0,37.2,8.4,61.8,18.7,12.6,15.5,63.6,35.3,0.1,0.0,0.0,0.0,0.8,0.1,0.89,10.0,90.4,0.4285,74.8558,0.0,0.0,0.0
0500000US35013,"Doña Ana County, New Mexico",35,013,75,33043,17677,95734,74624,66534,20500,25013,224266,152201,59878,3029,1344,2577,128,515,4594,5402,23221,82062,14.7,53.5,45.3,41.7,6.8,69.5,24.1,11.3,21.3,67.9,26.7,1.4,0.6,1.1,0.1,0.2,2.0,2.41,16.6,85.9,0.4781,44.0175,0.0,0.0,0.0
0500000US35015,"Eddy County, New Mexico",35,015,12,4683,3145,16099,17842,20554,3345,5905,61105,31515,26201,715,499,359,0,420,1396,1056,6618,24697,7.7,67.2,28.3,37.9,5.5,74.5,14.2,9.8,13.8,51.6,42.9,1.2,0.8,0.6,0.0,0.7,2.3,1.73,16.6,90.5,0.4532,77.2878,0.0,0.0,0.0
0500000US35017,"Grant County, New Mexico",35,017,0,1286,756,6213,12910,5843,2162,1416,27775,13288,13182,221,164,239,0,32,649,750,1923,8038,4.6,58.8,23.3,54.9,8.4,60.2,19.1,5.2,19.5,47.8,47.5,0.8,0.6,0.9,0.0,0.1,2.3,2.7,9.3,83.4,0.4808,46.2598,0.0,0.0,0.0
0500000US35019,"Guadalupe County, New Mexico",35,019,15,443,257,1942,1706,1163,606,204,4381,3355,729,83,84,72,0,0,58,433,546,1610,10.1,58.0,46.2,48.0,2.6,64.7,40.7,5.1,25.5,76.6,16.6,1.9,1.9,1.6,0.0,0.0,1.3,9.88,17.8,92.1,0.5989,49.0145,0.0,0.0,0.0
0500000US35021,"Harding County, New Mexico",35,021,0,3,3,126,291,64,25,9,741,270,352,13,0,0,0,86,20,0,40,211,0.4,100.0,17.3,49.5,15.3,25.7,8.7,1.2,19.4,36.4,47.5,1.8,0.0,0.0,0.0,11.6,2.7,0.0,8.0,83.8,0.7267,69.8824,0.0,0.0,0.0
0500000US35023,"Hidalgo County, New Mexico",35,023,2,312,146,1233,1499,1003,314,528,4041,2303,1538,0,0,39,0,25,136,64,384,1544,7.7,46.8,32.2,46.5,3.5,60.7,21.2,13.3,23.1,57.0,38.1,0.0,0.0,1.0,0.0,0.6,3.4,1.58,13.0,92.7,0.4362,61.2574,0.0,0.0,0.0
0500000US35025,"Lea County, New Mexico",35,025,31,13490,10558,30300,21039,23963,4886,10722,73733,46266,22854,2307,310,491,25,130,1350,2172,11204,28454,18.3,78.3,44.6,38.6,6.9,77.1,19.8,14.9,18.7,62.7,31.0,3.1,0.4,0.7,0.0,0.2,1.8,2.95,25.3,93.6,0.4886,80.1405,0.0,0.0,0.0
0500000US35027,"Lincoln County, New Mexico",35,027,0,776,487,3476,8339,5451,1466,1932,20224,6664,12169,171,641,106,0,36,437,168,844,6867,3.8,62.8,17.9,48.2,5.1,64.1,14.7,9.6,19.3,33.0,60.2,0.8,3.2,0.5,0.0,0.2,2.2,0.83,5.3,84.0,0.4894,68.2932,0.0,0.0,0.0
0500000US35028,"Los Alamos County, New Mexico",35,028,8,1829,713,2700,5077,5383,350,480,19435,3501,13569,168,124,962,16,73,1022,91,243,8307,9.4,39.0,14.6,32.2,0.6,51.1,4.2,2.5,3.5,18.0,69.8,0.9,0.6,4.9,0.1,0.4,5.3,0.47,1.7,79.0,0.3821,33.2075,0.0,0.0,0.0
0500000US35029,"Luna County, New Mexico",35,029,1,4139,2342,12328,10937,6188,2776,2360,25611,17178,7259,291,115,291,18,115,344,499,4075,7486,16.2,56.6,52.1,55.1,5.4,73.5,30.1,9.3,28.6,67.1,28.3,1.1,0.4,1.1,0.1,0.4,1.3,1.95,24.7,90.5,0.4545,58.3168,0.0,0.0,0.0
0500000US35031,"McKinley County, New Mexico",35,031,0,1711,1034,32441,27698,15463,8047,11697,70431,8585,5600,315,53077,974,73,100,1707,1063,8168,20673,2.4,60.4,48.9,51.5,9.0,65.4,37.7,16.8,33.2,12.2,8.0,0.4,75.4,1.4,0.1,0.1,2.4,1.51,18.2,87.7,0.4955,36.2006,0.0,0.0,0.0
0500000US35033,"Mora County, New Mexico",35,033,2,54,31,1777,1930,562,400,84,4149,3049,1025,0,56,0,0,2,17,11,207,1298,1.3,57.4,44.3,54.0,3.8,35.5,20.3,2.0,21.4,73.5,24.7,0.0,1.3,0.0,0.0,0.0,0.4,0.27,6.3,85.2,0.4795,40.7422,0.0,0.0,0.0
0500000US35035,"Otero County, New Mexico",35,035,41,6649,3825,16062,24465,16436,5283,6266,68816,27267,31299,2419,3958,1005,70,374,2424,3468,5595,25421,9.7,57.5,24.8,44.0,8.6,67.9,21.6,10.1,19.3,39.6,45.5,3.5,5.8,1.5,0.1,0.5,3.5,5.04,12.2,89.4,0.4304,62.3587,0.0,0.0,0.0
0500000US35037,"Quay County, New Mexico",35,037,1,51,41,1447,3120,2226,1340,428,8564,3844,4101,7,19,0,7,49,537,80,498,3093,0.6,80.4,17.2,44.5,7.4,61.8,30.5,5.0,27.1,44.9,47.9,0.1,0.2,0.0,0.1,0.6,6.3,0.93,7.9,87.4,0.5432,69.4595,0.0,0.0,0.0
0500000US35039,"Rio Arriba County, New Mexico",35,039,6,2505,1871,19540,15050,8885,2948,3498,40070,26916,5594,228,6210,242,22,240,618,379,3416,13597,6.3,74.7,51.4,46.9,4.9,55.0,18.8,8.7,18.2,67.2,14.0,0.6,15.5,0.6,0.1,0.6,1.5,0.95,12.3,86.1,0.4557,39.202,0.0,0.0,0.0
0500000US35041,"Roosevelt County, New Mexico",35,041,0,1566,1034,4137,5313,5733,1579,2089,18928,8486,9110,120,133,98,0,42,939,1056,1512,7893,8.3,66.0,23.3,36.5,5.4,68.0,21.2,11.3,21.8,44.8,48.1,0.6,0.7,0.5,0.0,0.2,5.0,5.58,13.6,91.5,0.4537,70.598,0.0,0.0,0.0
0500000US35043,"Sandoval County, New Mexico",35,043,33,8647,3980,34591,51122,50279,7867,9961,153604,61448,62819,3250,16820,1978,140,976,6173,894,7585,54677,5.6,46.0,23.6,41.0,5.2,72.3,13.8,6.5,10.0,40.0,40.9,2.1,11.0,1.3,0.1,0.6,4.0,0.58,7.0,79.5,0.4224,46.0209,0.0,0.0,0.0
0500000US35045,"San Juan County, New Mexico",35,045,45,3692,2117,31837,44497,33926,9643,15505,120942,23976,43773,705,46435,946,37,221,4849,1504,10541,41105,3.1,57.3,27.9,46.9,7.3,72.7,23.1,12.9,23.1,19.8,36.2,0.6,38.4,0.8,0.0,0.2,4.0,1.24,13.1,90.4,0.4707,64.7394,0.0,0.0,0.0
0500000US35047,"San Miguel County, New Mexico",35,047,6,653,352,11841,11333,6371,3486,1874,26850,20192,4713,344,386,97,0,275,843,1131,2702,9012,2.4,53.9,46.1,49.4,4.8,57.7,29.2,7.1,24.4,75.2,17.6,1.3,1.4,0.4,0.0,1.0,3.1,4.21,13.5,83.7,0.4725,34.9928,0.0,0.0,0.0
0500000US35049,"Santa Fe County, New Mexico",35,049,21,18841,10795,45760,57400,47679,7774,13802,156105,74740,68679,1276,3796,2239,129,759,4487,2645,9854,54804,12.1,57.3,30.4,42.7,5.3,65.7,11.0,8.9,12.0,47.9,44.0,0.8,2.4,1.4,0.1,0.5,2.9,1.69,8.2,76.5,0.4872,24.4353,0.0,0.0,0.0
0500000US35051,"Sierra County, New Mexico",35,051,0,868,672,2390,6106,1792,863,464,11500,3431,7252,17,19,18,0,0,763,231,1004,2871,7.5,77.4,21.6,62.6,4.2,51.2,15.9,4.1,21.4,29.8,63.1,0.1,0.2,0.2,0.0,0.0,6.6,2.01,10.8,82.3,0.4233,58.3403,0.0,0.0,0.0
0500000US35053,"Socorro County, New Mexico",35,053,0,684,397,5150,7513,2798,1307,1505,16200,8155,5316,64,1717,294,0,16,638,735,1487,3499,4.2,58.0,33.4,59.3,1.3,55.6,24.8,9.4,33.2,50.3,32.8,0.4,10.6,1.8,0.0,0.1,3.9,4.54,14.7,70.3,0.5539,50.477,0.0,0.0,0.0
0500000US35055,"Taos County, New Mexico",35,055,8,1958,1163,11186,13269,10281,2689,2644,34543,17478,13976,113,1837,254,10,73,802,355,2119,11414,5.7,59.4,33.4,44.6,7.6,67.7,17.3,7.7,15.5,50.6,40.5,0.3,5.3,0.7,0.0,0.2,2.3,1.03,7.8,76.3,0.512,24.8798,0.0,0.0,0.0
0500000US35057,"Torrance County, New Mexico",35,057,1,607,362,3090,5925,4333,1641,1198,15490,6696,7438,263,305,37,0,218,533,103,1466,5443,3.9,59.6,21.0,46.3,9.0,69.4,27.1,7.8,18.3,43.2,48.0,1.7,2.0,0.2,0.0,1.4,3.4,0.66,13.1,87.8,0.4563,67.976,0.0,1.0,0.0
0500000US35059,"Union County, New Mexico",35,059,0,151,133,836,1802,902,290,369,4013,1609,2140,43,86,0,0,24,111,470,325,1134,3.8,88.1,22.3,55.9,6.2,67.6,20.2,10.4,16.6,40.1,53.3,1.1,2.1,0.0,0.0,0.6,2.8,11.71,11.0,87.0,0.649,74.985,0.0,0.0,0.0
0500000US35061,"Valencia County, New Mexico",35,061,17,6814,3870,20765,29862,20479,6612,6373,78458,47732,23928,818,2894,553,64,440,2029,1834,7526,25802,8.7,56.8,28.0,47.6,7.0,67.3,24.0,8.3,18.1,60.8,30.5,1.0,3.7,0.7,0.1,0.6,2.6,2.34,13.9,86.0,0.4562,57.2678,0.0,0.0,0.0
0500000US36001,"Albany County, New York",36,001,103,37893,16803,45363,96953,113480,14841,10037,317018,22986,215598,36525,103,23890,138,2074,15704,19156,13508,117822,12.0,44.3,15.0,36.3,5.0,70.5,11.0,3.2,13.0,7.3,68.0,11.5,0.0,7.5,0.0,0.7,5.0,6.04,6.3,74.9,0.4557,36.7217,0.0,0.0,0.0
0500000US36003,"Allegany County, New York",36,003,0,858,519,2261,18001,13685,2813,2421,47159,1037,43736,696,62,644,8,55,921,4834,2478,15669,1.8,60.5,5.0,46.2,7.1,70.2,15.9,5.2,16.2,2.2,92.7,1.5,0.1,1.4,0.0,0.1,2.0,10.25,8.3,82.9,0.4263,71.3563,0.0,0.0,0.0
0500000US36005,"Bronx County, New York",36,005,0,485353,221821,748705,461804,446827,206275,99033,1404779,773828,122363,402798,3758,56667,649,14029,30687,52506,228499,152287,34.6,45.7,57.0,41.9,11.4,79.0,38.6,7.1,27.8,55.1,8.7,28.7,0.3,4.0,0.0,1.0,2.2,3.74,24.6,27.9,0.5205,27.0534,0.0,0.0,0.0
0500000US36007,"Broome County, New York",36,007,65,13587,6469,17083,71205,64000,12589,6678,197378,10961,156447,10044,118,10045,77,603,9083,11687,11195,68512,6.9,47.6,9.1,43.2,7.1,73.7,15.4,3.4,18.5,5.6,79.3,5.1,0.1,5.1,0.0,0.3,4.6,5.92,8.6,81.4,0.4706,49.4843,0.0,1.0,0.0
0500000US36009,"Cattaraugus County, New York",36,009,1,1327,445,4311,27543,22909,5729,4616,76145,1817,66800,1086,1776,661,0,278,3727,3119,5558,26871,1.7,33.5,6.0,44.7,5.0,71.0,18.0,6.1,19.1,2.4,87.7,1.4,2.3,0.9,0.0,0.4,4.9,4.1,10.5,85.2,0.4407,66.221,1.0,0.0,0.0
0500000US36011,"Cayuga County, New York",36,011,21,1946,937,2866,26089,25942,4663,3266,75102,2731,65280,2486,106,493,0,362,3644,3718,5839,29642,2.6,48.2,4.0,41.9,3.8,74.5,14.8,4.5,13.5,3.6,86.9,3.3,0.1,0.7,0.0,0.5,4.9,4.95,10.6,86.9,0.4365,56.3575,0.0,0.0,0.0
0500000US36013,"Chautauqua County, New York",36,013,8,3260,1562,10947,45560,39474,10617,6578,125544,12039,105033,2670,161,876,71,435,4259,5060,9107,45098,2.6,47.9,9.2,44.3,5.9,73.3,19.9,5.3,17.4,9.6,83.7,2.1,0.1,0.7,0.1,0.3,3.4,4.03,10.3,85.8,0.4442,60.8412,0.0,0.0,0.0
0500000US36015,"Chemung County, New York",36,015,36,2866,1330,3673,28534,27331,5824,3272,82147,3085,69004,5226,120,1271,7,303,3131,3619,5412,30569,3.5,46.4,4.7,42.5,6.1,75.8,16.5,4.1,16.3,3.8,84.0,6.4,0.1,1.5,0.0,0.4,3.8,4.41,9.3,86.8,0.4655,58.2029,0.0,0.0,0.0
0500000US36017,"Chenango County, New York",36,017,6,1148,572,1884,15813,15356,2874,1569,46321,1181,42757,305,24,233,9,191,1621,793,3433,17679,2.5,49.8,4.3,41.8,6.4,74.4,14.4,3.4,11.8,2.5,92.3,0.7,0.1,0.5,0.0,0.4,3.5,1.71,10.2,86.8,0.4049,63.4161,0.0,0.0,0.0
0500000US36019,"Clinton County, New York",36,019,7,3756,1953,4250,27971,26781,5663,2377,78493,2758,69233,2274,160,1212,38,359,2459,6088,6523,30764,4.8,52.0,5.7,42.3,4.1,73.2,16.9,3.1,13.7,3.5,88.2,2.9,0.2,1.5,0.0,0.5,3.1,7.76,11.9,86.2,0.4475,50.9451,0.0,0.0,0.0
0500000US36021,"Columbia County, New York",36,021,8,4512,1918,5423,22318,20802,2592,2032,61100,3827,50351,2169,13,1308,7,492,2933,2230,3870,20787,7.4,42.5,9.2,42.3,5.4,72.4,9.7,3.4,12.1,6.3,82.4,3.5,0.0,2.1,0.0,0.8,4.8,3.65,8.2,73.7,0.5099,42.2542,0.0,0.0,0.0
0500000US36023,"Cortland County, New York",36,023,5,1313,382,2477,14623,17147,2947,2060,46246,1666,41258,770,15,656,4,222,1655,3697,2387,18934,2.8,29.1,5.6,37.6,4.6,74.0,15.5,4.5,12.8,3.6,89.2,1.7,0.0,1.4,0.0,0.5,3.6,7.99,8.1,84.1,0.4184,53.0572,0.0,0.0,0.0
0500000US36025,"Delaware County, New York",36,025,3,1964,579,2842,17782,13421,2390,2214,44487,2179,39673,344,68,400,0,157,1666,2322,2976,14913,4.4,29.5,6.6,46.4,6.4,70.0,12.4,5.0,14.4,4.9,89.2,0.8,0.2,0.9,0.0,0.4,3.7,5.22,9.0,79.7,0.4585,59.5483,0.0,0.0,0.0
0500000US36027,"Dutchess County, New York",36,027,108,34915,14169,46185,93232,114958,9145,11313,298220,46023,197198,27409,183,10027,75,2564,14741,18846,17157,111067,11.7,40.6,16.2,37.2,5.2,77.0,7.9,3.9,8.4,15.4,66.1,9.2,0.1,3.4,0.0,0.9,4.9,6.32,8.1,76.1,0.4659,47.0185,0.0,0.0,0.0
0500000US36029,"Erie County, New York",36,029,246,71068,29066,101682,293533,364811,63474,27497,950622,60918,687194,115154,3003,46439,205,4195,33514,26548,50429,363457,7.5,40.9,11.3,37.6,4.9,78.7,15.5,2.9,13.9,6.4,72.3,12.1,0.3,4.9,0.0,0.4,3.5,2.79,7.5,80.2,0.4637,44.8525,0.0,0.0,0.0
0500000US36031,"Essex County, New York",36,031,1,1503,754,1861,14398,11977,1711,1768,36973,1059,33858,698,59,234,1,206,858,2297,2313,13566,4.1,50.2,5.2,44.8,4.0,70.3,10.5,5.0,11.2,2.9,91.6,1.9,0.2,0.6,0.0,0.6,2.3,6.21,7.9,81.1,0.4545,49.5581,0.0,0.0,0.0
0500000US36033,"Franklin County, New York",36,033,1,1638,569,3123,18322,12027,3410,2520,46696,1350,38925,1580,3269,314,37,316,905,4131,4459,16039,3.5,34.7,7.0,47.5,3.9,61.9,17.5,5.7,18.2,2.9,83.4,3.4,7.0,0.7,0.1,0.7,1.9,8.85,13.2,85.6,0.4253,54.317,0.0,0.0,0.0
0500000US36035,"Fulton County, New York",36,035,0,1226,505,1696,17546,18806,3521,1970,52487,2294,46125,752,2,479,38,216,2581,1580,3937,21673,2.3,41.2,3.4,40.5,3.5,75.8,15.4,3.8,13.1,4.4,87.9,1.4,0.0,0.9,0.1,0.4,4.9,3.01,10.3,88.9,0.4392,67.7869,0.0,0.0,0.0
0500000US36037,"Genesee County, New York",36,037,9,1554,618,2072,17844,20916,3374,2126,57787,2802,50783,1222,185,384,0,171,2240,1549,2939,24222,2.7,39.8,3.8,37.7,4.6,74.5,13.6,3.7,10.6,4.8,87.9,2.1,0.3,0.7,0.0,0.3,3.9,2.68,7.1,88.2,0.4037,66.7874,0.0,0.0,0.0
0500000US36039,"Greene County, New York",36,039,1,2455,691,3484,17797,15900,1477,1680,47409,3212,39259,2114,24,575,9,229,1987,2993,4000,17375,5.2,28.1,7.7,43.9,3.9,72.8,7.9,3.7,9.9,6.8,82.8,4.5,0.1,1.2,0.0,0.5,4.2,6.31,11.0,81.2,0.4671,58.0877,0.0,0.0,0.0
0500000US36041,"Hamilton County, New York",36,041,0,61,14,71,2313,1128,119,179,5089,106,4655,77,1,17,0,23,210,232,419,1656,1.2,23.0,1.4,50.7,4.4,52.5,4.9,3.5,10.6,2.1,91.5,1.5,0.0,0.3,0.0,0.5,4.1,4.56,10.0,77.7,0.4303,64.6409,0.0,0.0,0.0
0500000US36043,"Herkimer County, New York",36,043,5,1743,506,3271,20230,20062,3806,2903,59757,1700,54188,732,39,369,71,228,2430,1421,3626,23068,2.9,29.0,5.8,41.2,4.3,72.6,14.8,4.9,13.4,2.8,90.7,1.2,0.1,0.6,0.1,0.4,4.1,2.38,8.5,85.5,0.4416,68.0836,0.0,0.0,0.0
0500000US36045,"Jefferson County, New York",36,045,2,5296,2089,8665,31775,31684,7529,5663,115040,8657,92228,4981,131,2159,271,334,6279,4800,5924,46721,4.6,39.4,8.1,35.4,5.9,69.8,15.8,5.5,13.7,7.5,80.2,4.3,0.1,1.9,0.2,0.3,5.5,4.17,8.0,85.9,0.4394,61.66,0.0,0.0,0.0
0500000US36047,"Kings County, New York",36,047,0,928478,357659,1097400,752707,986325,231177,152898,2631580,498746,949210,700850,3407,317730,903,29750,130984,47735,288395,259622,35.3,38.5,44.6,35.7,7.9,79.1,22.9,5.8,19.1,19.0,36.1,26.6,0.1,12.1,0.0,1.1,5.0,1.81,15.6,21.5,0.5334,27.5922,0.0,0.0,0.0
0500000US36049,"Lewis County, New York",36,049,1,363,172,901,8759,7509,1394,1512,26607,480,24862,193,8,78,0,144,842,384,1434,9909,1.4,47.4,3.6,41.2,5.2,63.9,12.5,5.7,12.3,1.8,93.4,0.7,0.0,0.3,0.0,0.5,3.2,1.44,7.7,85.3,0.3987,72.1348,0.0,0.0,0.0
0500000US36051,"Livingston County, New York",36,051,0,1933,943,3295,22328,20933,2552,2362,61498,2857,54161,1155,26,714,33,324,2228,5086,3092,22809,3.1,48.8,5.6,43.1,5.2,74.8,10.4,3.9,11.1,4.6,88.1,1.9,0.0,1.2,0.1,0.5,3.6,8.27,7.4,83.5,0.4236,60.5123,0.0,0.0,0.0
0500000US36053,"Madison County, New York",36,053,2,1768,872,2888,24248,23044,3056,2568,67328,1776,60335,1242,213,817,0,232,2713,5988,3353,24736,2.6,49.3,4.5,42.8,4.2,74.5,11.6,3.8,10.0,2.6,89.6,1.8,0.3,1.2,0.0,0.3,4.0,8.89,7.3,81.4,0.438,56.2637,0.0,1.0,0.0
0500000US36055,"Monroe County, New York",36,055,26,59587,22203,89993,228091,299343,47855,23300,753753,74960,510587,101424,532,28293,132,3940,33885,28750,41557,285694,7.9,37.3,12.6,36.8,4.9,80.5,15.0,3.1,13.6,9.9,67.7,13.5,0.1,3.8,0.0,0.5,4.5,3.81,7.9,78.4,0.4658,40.2354,0.0,0.0,0.0
0500000US36057,"Montgomery County, New York",36,057,11,1416,346,5525,15158,17494,3014,3491,49528,7632,38160,1232,17,417,8,346,1716,1267,3955,19598,2.9,24.4,11.9,38.6,4.7,76.2,15.4,7.2,14.6,15.4,77.0,2.5,0.0,0.8,0.0,0.7,3.5,2.56,11.5,86.4,0.4267,64.1464,0.0,0.0,0.0
0500000US36059,"Nassau County, New York",36,059,0,323944,99353,404438,396660,535638,22835,52524,1389591,260047,753995,150236,574,169015,225,14191,41308,20640,76462,462012,23.3,30.7,30.7,35.2,4.8,77.1,5.0,3.8,5.4,18.7,54.3,10.8,0.0,12.2,0.0,1.0,3.0,1.49,7.8,68.0,0.4509,51.6801,1.0,1.0,0.0
0500000US36061,"New York County, New York",36,061,221,460024,210545,577176,477468,736572,112139,68373,1629477,398102,742076,203638,1702,201699,688,15991,65581,74713,132724,59762,28.2,45.8,36.9,33.5,7.6,84.0,14.4,4.2,16.5,24.4,45.5,12.5,0.1,12.4,0.0,1.0,4.0,4.59,10.5,6.9,0.5978,17.4092,0.0,0.0,0.0
0500000US36063,"Niagara County, New York",36,063,19,9339,3994,11779,68226,79756,13529,6122,210721,8459,173008,13322,1050,2465,12,954,11451,4590,12053,82515,4.4,42.8,5.9,39.1,5.9,80.0,14.7,2.9,13.5,4.0,82.1,6.3,0.5,1.2,0.0,0.5,5.4,2.18,7.9,84.5,0.4437,57.2854,1.0,1.0,0.0
0500000US36065,"Oneida County, New York",36,065,31,19765,8085,28431,78098,75710,15855,7354,229124,16197,180278,13128,292,9841,167,1044,8177,12261,17509,83366,8.6,40.9,13.1,42.1,4.6,74.1,16.7,3.3,15.5,7.1,78.7,5.7,0.1,4.3,0.1,0.5,3.6,5.35,11.0,83.5,0.4511,60.5308,0.0,0.0,0.0
0500000US36067,"Onondaga County, New York",36,067,76,37164,16555,50333,144354,174099,28395,15358,471129,27930,347603,48051,1541,19309,103,2185,24407,23223,26591,176365,7.9,44.5,11.3,37.6,5.2,76.9,14.4,3.3,13.8,5.9,73.8,10.2,0.3,4.1,0.0,0.5,5.2,4.93,8.2,79.3,0.4644,41.1225,0.0,0.0,0.0
0500000US36069,"Ontario County, New York",36,069,21,4941,1897,7185,36827,42471,4174,3638,112625,6438,97879,2314,23,1518,0,459,3994,4331,5277,43945,4.4,38.4,6.7,39.2,3.7,77.4,8.6,3.3,9.0,5.7,86.9,2.1,0.0,1.3,0.0,0.4,3.5,3.85,6.5,81.9,0.4417,50.3792,0.0,0.0,0.0
0500000US36071,"Orange County, New York",36,071,155,55639,24234,114694,116317,141270,14898,18678,406616,97218,235383,42597,364,11530,25,3099,16400,12286,26650,140629,13.7,43.6,30.2,36.9,5.5,76.5,10.7,4.7,12.6,23.9,57.9,10.5,0.1,2.8,0.0,0.8,4.0,3.02,10.2,76.6,0.4489,54.0453,0.0,0.0,0.0
0500000US36073,"Orleans County, New York",36,073,4,1401,673,2752,14169,13334,2498,2414,39608,2165,33500,1924,159,303,0,153,1404,2408,4114,14641,3.5,48.0,7.3,42.9,5.1,74.8,15.4,6.4,12.7,5.5,84.6,4.9,0.4,0.8,0.0,0.4,3.5,6.08,14.0,83.6,0.4274,70.0515,0.0,0.0,0.0
0500000US36075,"Oswego County, New York",36,075,2,2313,732,4559,38995,39826,7542,4930,117953,3925,107150,1074,98,923,10,516,4257,4820,8174,45180,2.0,31.6,4.1,40.4,7.0,74.5,16.0,4.2,16.3,3.3,90.8,0.9,0.1,0.8,0.0,0.4,3.6,4.09,10.1,86.4,0.4437,61.939,0.0,0.0,0.0
0500000US36077,"Otsego County, New York",36,077,0,2452,1075,3837,23412,19253,2285,3094,60108,2687,52946,1328,64,922,52,209,1900,5778,2795,20871,4.1,43.8,6.6,44.8,6.4,71.5,9.9,5.2,12.5,4.5,88.1,2.2,0.1,1.5,0.1,0.3,3.2,9.61,7.1,79.3,0.4451,53.6503,0.0,1.0,0.0
0500000US36079,"Putnam County, New York",36,079,20,13624,4934,20022,29061,35890,1152,3549,98107,19656,69562,2702,86,2211,25,903,2962,2776,4861,37653,13.9,36.2,21.4,35.7,4.4,71.9,3.2,3.6,7.1,20.0,70.9,2.8,0.1,2.3,0.0,0.9,3.0,2.83,6.8,76.6,0.4254,56.5821,0.0,0.0,0.0
0500000US36081,"Queens County, New York",36,081,0,1104903,449391,1217430,707235,888905,133891,188936,2323052,652505,538469,379738,6757,601394,1585,54698,87906,34832,295386,407511,47.6,40.7,55.4,36.8,7.2,79.1,15.9,8.2,12.9,28.1,23.2,16.3,0.3,25.9,0.1,2.4,3.8,1.5,17.4,37.4,0.4681,37.1569,0.0,0.0,0.0
0500000US36083,"Rensselaer County, New York",36,083,38,8987,3760,11732,48572,58223,7264,5393,160332,9863,126252,10426,77,5123,19,844,7728,7001,8404,61354,5.6,41.8,7.7,36.4,5.3,72.7,10.9,3.4,11.8,6.2,78.7,6.5,0.0,3.2,0.0,0.5,4.8,4.37,7.4,78.9,0.428,49.0259,0.0,0.0,1.0
0500000US36085,"Richmond County, New York",36,085,0,127461,40199,172778,161547,167325,22803,20293,494956,96941,274945,43634,723,62780,11,2739,13183,7449,40212,136243,25.8,31.5,36.9,40.2,5.6,73.9,13.4,4.1,11.5,19.6,55.5,8.8,0.1,12.7,0.0,0.6,2.7,1.5,11.6,61.6,0.4492,64.1975,0.0,0.0,0.0
0500000US36087,"Rockland County, New York",36,087,62,75523,32093,137817,93330,114349,12398,14078,341883,70586,204242,34759,204,20191,78,3732,8091,7297,26842,108235,22.1,42.5,44.2,37.1,5.6,76.8,11.9,4.1,16.2,20.6,59.7,10.2,0.1,5.9,0.0,1.1,2.4,2.13,12.8,74.3,0.4706,55.6686,0.0,0.0,0.0
0500000US36089,"St. Lawrence County, New York",36,089,10,3935,1886,6433,41400,30473,6467,6254,107226,2727,97759,2068,460,1169,8,217,2818,10723,7209,36824,3.7,47.9,6.3,46.7,5.3,68.0,15.5,6.0,16.9,2.5,91.2,1.9,0.4,1.1,0.0,0.2,2.6,10.0,10.1,84.0,0.4604,58.872,0.0,0.0,0.0
0500000US36091,"Saratoga County, New York",36,091,13,13050,4743,16229,68994,94825,6660,6149,238284,9412,206826,3902,185,7043,78,1194,9644,4115,9442,97416,5.5,36.3,7.1,34.8,3.3,76.1,6.5,2.6,7.1,3.9,86.8,1.6,0.1,3.0,0.0,0.5,4.0,1.73,5.4,79.5,0.4459,48.8793,0.0,0.0,0.0
0500000US36093,"Schenectady County, New York",36,093,16,15977,5996,14517,48290,57744,9338,4940,160369,13270,108587,15384,234,7840,39,2784,12231,5243,9138,59771,10.0,37.5,9.6,37.1,5.8,75.0,14.0,3.1,13.3,8.3,67.7,9.6,0.1,4.9,0.0,1.7,7.6,3.27,8.3,79.1,0.4492,44.3082,0.0,0.0,0.0
0500000US36095,"Schoharie County, New York",36,095,0,931,249,1558,11338,8862,1764,1379,30049,1209,26662,381,9,268,50,355,1115,1313,1773,10892,3.1,26.7,5.4,44.6,5.0,66.2,13.7,4.6,11.7,4.0,88.7,1.3,0.0,0.9,0.2,1.2,3.7,4.37,8.2,82.8,0.4436,64.9732,0.0,0.0,0.0
0500000US36097,"Schuyler County, New York",36,097,0,359,143,624,6214,5473,1111,689,17562,366,16231,196,39,85,0,29,616,260,1257,6585,2.0,39.8,3.7,42.3,6.5,69.5,15.1,3.9,14.8,2.1,92.4,1.1,0.2,0.5,0.0,0.2,3.5,1.48,9.6,85.5,0.4459,60.2678,0.0,0.0,0.0
0500000US36099,"Seneca County, New York",36,099,10,974,435,2411,11781,10541,1637,2827,32920,1436,28731,1141,23,201,0,229,1159,1916,3629,11993,3.0,44.7,7.7,43.8,4.5,72.9,12.0,9.0,13.5,4.4,87.3,3.5,0.1,0.6,0.0,0.7,3.5,5.82,15.3,85.0,0.4604,55.7337,0.0,0.0,0.0
0500000US36101,"Steuben County, New York",36,101,1,2877,1325,4670,31199,30205,4761,4357,92588,1855,84645,1513,62,1513,0,332,2668,1739,5518,34580,3.1,46.1,5.3,41.5,6.0,73.2,12.1,4.8,13.8,2.0,91.4,1.6,0.1,1.6,0.0,0.4,2.9,1.88,8.4,85.4,0.4516,65.6691,1.0,1.0,0.0
0500000US36103,"Suffolk County, New York",36,103,165,257333,106159,359841,431667,598403,36965,71945,1530146,348579,948898,106126,2247,67617,120,10998,45561,29467,102797,609927,16.8,41.3,24.8,34.5,4.7,76.6,7.2,4.7,6.4,22.8,62.0,6.9,0.1,4.4,0.0,0.7,3.0,1.93,9.6,79.6,0.4418,54.7355,0.0,0.0,0.0
0500000US36105,"Sullivan County, New York",36,105,10,10335,5160,16583,26468,26355,5383,4293,79721,15158,52633,6685,121,1683,21,586,2834,4717,6790,27828,13.0,49.9,22.1,41.1,5.8,73.7,17.1,5.5,15.9,19.0,66.0,8.4,0.2,2.1,0.0,0.7,3.6,5.92,12.1,80.5,0.4949,58.1427,0.0,0.0,0.0
0500000US36107,"Tioga County, New York",36,107,0,1011,366,1373,16287,16344,2730,1352,47864,1149,44280,616,6,454,5,140,1214,654,2969,18682,2.1,36.2,3.0,41.3,5.5,74.6,13.4,2.8,13.4,2.4,92.5,1.3,0.0,0.9,0.0,0.3,2.5,1.37,8.6,86.6,0.462,61.2321,0.0,0.0,0.0
0500000US36109,"Tompkins County, New York",36,109,64,13534,8853,17592,38058,38069,3869,4526,104537,6886,77012,3804,153,10602,54,1157,4869,15584,2722,30164,12.9,65.4,17.4,41.6,5.5,75.4,8.9,4.4,16.4,6.6,73.7,3.6,0.1,10.1,0.1,1.1,4.7,14.91,4.4,61.0,0.4829,24.4004,0.0,0.0,0.0
0500000US36111,"Ulster County, New York",36,111,5,14817,5901,21165,65264,62775,7262,12434,182601,22264,132160,10362,62,3828,40,2306,11579,14627,10584,62062,8.1,39.8,12.1,41.9,5.4,73.5,9.8,6.9,14.6,12.2,72.4,5.7,0.0,2.1,0.0,1.3,6.3,8.01,7.8,75.4,0.48,40.3343,0.0,0.0,0.0
0500000US36113,"Warren County, New York",36,113,1,2139,904,2499,22323,23216,2940,2414,65517,1944,59880,784,22,610,32,189,2056,1261,3344,26703,3.3,42.3,4.0,40.2,4.3,73.2,9.8,3.7,10.5,3.0,91.4,1.2,0.0,0.9,0.0,0.3,3.1,1.92,6.7,85.3,0.4576,51.93,0.0,0.0,0.0
0500000US36115,"Washington County, New York",36,115,0,1924,1061,2627,21272,21167,2955,2864,60522,1791,54331,1325,37,345,1,464,2228,2804,4468,24250,3.2,55.1,4.5,41.8,5.0,75.4,12.1,4.9,10.7,3.0,89.8,2.2,0.1,0.6,0.0,0.8,3.7,4.63,9.8,88.4,0.4078,60.4072,0.0,0.0,0.0
0500000US36117,"Wayne County, New York",36,117,3,2640,1139,5048,29140,33974,4368,6139,90929,4794,78743,2040,58,672,25,370,4227,2546,6001,36781,2.9,43.1,5.9,39.4,3.3,78.4,11.4,6.8,11.4,5.3,86.6,2.2,0.1,0.7,0.0,0.4,4.6,2.8,9.2,86.7,0.4111,61.3955,0.0,0.0,0.0
0500000US36119,"Westchester County, New York",36,119,174,260427,103320,329611,283439,390096,34921,49995,999677,273730,491832,126675,754,61515,190,11879,33102,26467,74601,280390,26.1,39.7,34.8,34.9,6.1,78.4,9.4,5.1,9.0,27.4,49.2,12.7,0.1,6.2,0.0,1.2,3.3,2.65,10.6,57.5,0.5383,36.6494,0.0,0.0,0.0
0500000US36121,"Wyoming County, New York",36,121,0,1070,482,1196,14886,12826,1816,1308,39753,1492,35057,1490,64,180,0,342,1128,3261,3841,14855,2.7,45.0,3.2,44.8,3.6,72.6,11.0,3.6,11.1,3.8,88.2,3.7,0.2,0.5,0.0,0.9,2.8,8.2,12.9,85.4,0.4148,74.1138,0.0,0.0,0.0
0500000US36123,"Yates County, New York",36,123,0,414,102,4103,8917,7281,1012,4772,24526,637,22974,200,13,209,0,38,455,1404,2559,7807,1.7,24.6,17.9,45.4,3.1,70.1,10.7,19.7,12.7,2.6,93.7,0.8,0.1,0.9,0.0,0.2,1.9,5.72,15.2,76.8,0.4663,57.8448,0.0,0.0,0.0
0500000US37001,"Alamance County, North Carolina",37,001,39,16841,10262,25909,52177,68937,9499,17939,176893,27012,102741,34608,310,3208,77,1238,7699,5916,13218,71870,9.5,60.9,15.5,36.7,5.1,80.9,13.6,10.2,13.4,15.3,58.1,19.6,0.2,1.8,0.0,0.7,4.4,3.34,11.0,86.1,0.4356,,0.0,1.0,0.0
0500000US37003,"Alexander County, North Carolina",37,003,6,1096,515,2189,13224,12538,1902,2824,36412,2031,31134,1828,26,363,0,26,1004,1550,3808,14555,3.0,47.0,6.3,43.7,5.0,77.5,13.5,8.1,12.6,5.6,85.5,5.0,0.1,1.0,0.0,0.1,2.8,4.26,14.2,92.7,0.4417,,0.0,0.0,0.0
0500000US37005,"Alleghany County, North Carolina",37,005,0,571,330,1092,5035,3302,725,1534,11174,1274,9370,178,9,52,0,0,291,228,1458,3794,5.1,57.8,10.2,52.5,3.7,75.4,14.0,13.8,16.0,11.4,83.9,1.6,0.1,0.5,0.0,0.0,2.6,2.04,16.8,87.9,0.4905,,0.0,0.0,0.0
0500000US37007,"Anson County, North Carolina",37,007,2,732,541,1246,8970,7121,2889,2756,22289,932,9749,9936,97,351,2,78,1144,1672,2728,8019,3.3,73.9,5.9,48.5,5.5,79.1,33.8,13.3,21.7,4.2,43.7,44.6,0.4,1.6,0.0,0.3,5.1,7.5,16.9,90.5,0.4636,,0.0,0.0,0.0
0500000US37009,"Ashe County, North Carolina",37,009,1,762,388,1267,10974,9025,1709,2619,26950,1630,24475,239,66,119,0,54,367,415,2327,10042,2.8,50.9,4.9,47.3,4.8,77.7,14.0,9.8,13.5,6.0,90.8,0.9,0.2,0.4,0.0,0.2,1.4,1.54,11.3,89.3,0.4431,,0.0,0.0,0.0
0500000US37011,"Avery County, North Carolina",37,011,7,741,506,814,8128,5015,946,2005,17680,1070,15152,676,19,74,80,22,587,2441,1649,5606,4.2,68.3,4.8,52.7,4.8,72.6,13.9,12.5,10.2,6.1,85.7,3.8,0.1,0.4,0.5,0.1,3.3,13.81,12.2,87.1,0.4659,,0.0,1.0,0.0
0500000US37013,"Beaufort County, North Carolina",37,013,2,1615,1134,2625,16589,14998,3243,3983,44499,3513,29481,10131,45,93,30,75,1131,525,3521,17124,3.6,70.2,6.2,44.8,3.9,76.5,16.7,9.0,17.8,7.9,66.3,22.8,0.1,0.2,0.1,0.2,2.5,1.18,10.7,88.6,0.4646,,0.0,0.0,0.0
0500000US37015,"Bertie County, North Carolina",37,015,0,339,303,645,8033,4044,1706,1548,17170,422,5904,10229,51,130,1,26,407,1537,2376,5697,2.0,89.4,3.9,54.3,5.1,62.9,23.9,9.9,16.1,2.5,34.4,59.6,0.3,0.8,0.0,0.2,2.4,8.95,18.2,90.7,0.4876,,0.0,0.0,0.0
0500000US37017,"Bladen County, North Carolina",37,017,5,1123,917,1925,12169,8245,3093,3001,29566,2752,15790,9495,697,47,21,62,702,446,2429,10085,3.8,81.7,6.9,50.5,5.4,73.3,26.2,10.2,22.0,9.3,53.4,32.1,2.4,0.2,0.1,0.2,2.4,1.51,11.4,90.5,0.494,,0.0,0.0,0.0
0500000US37019,"Brunswick County, North Carolina",37,019,13,5482,2270,7311,68004,48983,5908,11413,152568,8583,123338,12620,333,1002,24,605,6063,909,8051,50452,3.6,41.4,5.0,50.9,4.7,78.4,8.5,7.5,9.2,5.6,80.8,8.3,0.2,0.7,0.0,0.4,4.0,0.6,6.5,82.3,0.4386,,0.0,1.0,0.0
0500000US37021,"Buncombe County, North Carolina",37,021,67,18510,10647,24594,94624,105816,9660,29382,274360,23475,221607,13207,165,3085,86,1018,11717,7385,15125,100735,6.7,57.5,9.4,40.9,4.3,81.0,9.5,10.9,11.8,8.6,80.8,4.8,0.1,1.1,0.0,0.4,4.3,2.69,7.4,78.1,0.4811,,0.0,0.0,0.0
0500000US37023,"Burke County, North Carolina",37,023,12,4672,2168,7788,31152,31853,5202,9430,87795,7457,69461,5312,121,3072,23,147,2202,2688,9126,37214,5.3,46.4,9.3,42.3,4.4,78.3,14.3,11.0,15.6,8.5,79.1,6.1,0.1,3.5,0.0,0.2,2.5,3.06,14.0,93.4,0.4426,,0.0,0.0,0.0
0500000US37025,"Cabarrus County, North Carolina",37,025,38,25585,15185,36808,58043,98666,8695,18433,236133,30081,135319,44139,206,14526,32,1431,10399,1768,12495,94341,10.8,59.4,16.6,31.6,4.6,82.6,10.3,7.9,9.3,12.7,57.3,18.7,0.1,6.2,0.0,0.6,4.4,0.75,7.9,80.1,0.4423,,0.0,0.0,1.0
0500000US37027,"Caldwell County, North Carolina",37,027,37,2443,1622,4326,27708,29560,4717,8358,80536,5381,68703,3262,74,426,70,51,2569,890,8866,32880,3.0,66.4,5.6,41.6,5.0,80.1,14.3,10.5,13.4,6.7,85.3,4.1,0.1,0.5,0.1,0.1,3.2,1.11,15.1,91.4,0.4353,,0.0,1.0,0.0
0500000US37029,"Camden County, North Carolina",37,029,0,171,50,238,2843,3920,426,490,10927,460,8536,1031,8,127,12,142,611,22,520,4618,1.6,29.2,2.3,32.6,5.5,72.0,10.6,4.5,6.1,4.2,78.1,9.4,0.1,1.2,0.1,1.3,5.6,0.2,6.9,84.3,0.407,,0.0,0.0,0.0
0500000US37031,"Carteret County, North Carolina",37,031,6,2022,844,3609,26551,21686,2886,5499,69148,3401,58952,2841,154,692,11,287,2810,1185,3329,25852,2.9,41.7,5.4,45.0,4.0,70.9,9.0,8.1,10.1,4.9,85.3,4.1,0.2,1.0,0.0,0.4,4.1,1.71,6.3,84.7,0.4718,,0.0,1.0,0.0
0500000US37033,"Caswell County, North Carolina",37,033,2,727,460,1363,9161,7072,1778,2088,22404,1141,13429,6831,9,93,0,9,892,1252,2588,7794,3.2,63.3,6.4,48.8,5.2,77.9,20.1,9.8,18.6,5.1,59.9,30.5,0.0,0.4,0.0,0.0,4.0,5.59,15.7,88.0,0.4437,,0.0,0.0,0.0
0500000US37035,"Catawba County, North Carolina",37,035,37,11341,5851,19798,52778,64506,7896,17130,163573,18786,117581,12518,133,6955,41,574,6985,2567,13540,68440,6.9,51.6,12.8,39.7,3.7,83.5,11.9,10.6,12.7,11.5,71.9,7.7,0.1,4.3,0.0,0.4,4.3,1.57,11.8,90.3,0.4589,,0.0,1.0,0.0
0500000US37037,"Chatham County, North Carolina",37,037,15,8358,5317,11529,27595,28278,1675,7427,80151,10930,55672,7977,107,1791,68,590,3016,744,5391,27649,10.4,63.6,15.1,41.4,2.9,74.9,5.1,9.4,11.0,13.6,69.5,10.0,0.1,2.2,0.1,0.7,3.8,0.93,9.1,74.2,0.4934,,0.0,0.0,0.0
0500000US37039,"Cherokee County, North Carolina",37,039,2,565,207,968,12926,9621,1577,3668,29562,1088,26388,527,320,156,0,66,1017,390,1796,10075,1.9,36.6,3.4,50.7,4.1,79.9,11.9,12.5,12.4,3.7,89.3,1.8,1.1,0.5,0.0,0.2,3.4,1.32,7.8,85.9,0.4195,,0.0,1.0,0.0
0500000US37041,"Chowan County, North Carolina",37,041,4,319,258,595,5039,4572,1359,1113,13836,554,8353,4484,0,9,0,19,417,259,1026,5200,2.3,80.9,4.5,44.1,4.1,74.6,22.2,8.2,19.1,4.0,60.4,32.4,0.0,0.1,0.0,0.1,3.0,1.87,9.8,87.8,0.469,,0.0,0.0,0.0
0500000US37043,"Clay County, North Carolina",37,043,3,394,123,268,5490,3220,570,1825,11610,481,10469,254,43,66,0,86,211,118,679,3993,3.4,31.2,2.4,54.6,2.6,72.4,11.2,15.9,12.9,4.1,90.2,2.2,0.4,0.6,0.0,0.7,1.8,1.02,7.5,90.6,0.4766,,0.0,0.0,0.0
0500000US37045,"Cleveland County, North Carolina",37,045,17,3164,1713,4807,33520,36846,8280,9362,100991,4792,71321,18030,222,953,64,224,5385,1921,8060,40286,3.1,54.1,5.1,41.3,5.2,81.9,21.3,9.3,16.6,4.7,70.6,17.9,0.2,0.9,0.1,0.2,5.3,1.9,11.6,91.3,0.4432,,0.0,1.0,0.0
0500000US37047,"Columbus County, North Carolina",37,047,8,1666,1191,2788,20213,15257,4531,6073,50140,2831,29364,14048,1534,249,39,126,1949,2268,4702,17806,3.3,71.5,5.9,49.4,4.4,77.1,22.6,12.7,18.2,5.6,58.6,28.0,3.1,0.5,0.1,0.3,3.9,4.52,13.2,92.2,0.4727,,1.0,1.0,0.0
0500000US37049,"Craven County, North Carolina",37,049,5,4222,1629,7758,34220,30475,6015,7422,102612,7996,66187,20030,184,2944,160,1122,3989,4500,5334,40556,4.1,38.6,8.0,41.3,4.2,73.6,14.0,7.8,13.7,7.8,64.5,19.5,0.2,2.9,0.2,1.1,3.9,4.39,7.7,87.8,0.4495,,0.0,1.0,0.0
0500000US37051,"Cumberland County, North Carolina",37,051,25,22888,10001,39078,92908,91981,24156,28811,338545,42995,134847,124301,3210,8682,1103,3283,20124,16985,14984,133734,6.8,43.7,12.5,35.4,7.6,73.4,18.6,9.5,16.7,12.7,39.8,36.7,0.9,2.6,0.3,1.0,5.9,5.02,7.1,85.6,0.4485,,0.0,0.0,0.0
0500000US37053,"Currituck County, North Carolina",37,053,1,1028,557,1353,8218,10641,686,2647,30601,1587,25646,1541,37,280,0,321,1189,77,1502,13987,3.4,54.2,4.7,33.4,3.0,69.5,5.8,8.8,7.5,5.2,83.8,5.0,0.1,0.9,0.0,1.0,3.9,0.25,6.8,89.6,0.4196,,0.0,0.0,0.0
0500000US37055,"Dare County, North Carolina",37,055,40,1785,1067,3136,11612,14284,851,3246,37875,2788,32339,964,10,169,10,362,1233,219,1529,15480,4.7,59.8,8.6,36.0,5.9,74.2,5.1,8.6,6.6,7.4,85.4,2.5,0.0,0.4,0.0,1.0,3.3,0.58,5.3,81.2,0.4915,,0.0,0.0,0.0
0500000US37057,"Davidson County, North Carolina",37,057,30,9676,4900,14969,56295,65448,9151,16073,172954,15456,131384,15813,245,2662,9,730,6655,1657,14093,69096,5.6,50.6,9.1,40.1,4.1,81.5,13.1,9.4,12.8,8.9,76.0,9.1,0.1,1.5,0.0,0.4,3.8,0.96,11.5,88.5,0.441,,0.0,0.0,0.0
0500000US37059,"Davie County, North Carolina",37,059,17,2144,1391,3425,14734,16479,2020,3856,44122,3645,36195,1959,136,317,0,122,1748,373,2720,17892,4.9,64.9,8.2,40.6,4.7,80.6,11.7,8.8,9.4,8.3,82.0,4.4,0.3,0.7,0.0,0.3,4.0,0.85,8.6,89.2,0.435,,0.0,0.0,0.0
0500000US37061,"Duplin County, North Carolina",37,061,3,6039,4956,10614,15908,16901,3290,7336,49335,11496,24769,10883,46,288,14,78,1761,475,5868,19311,12.2,82.1,23.0,40.7,5.3,77.5,15.8,15.0,20.5,23.3,50.2,22.1,0.1,0.6,0.0,0.2,3.6,0.96,17.6,90.3,0.4336,,0.0,1.0,0.0
0500000US37063,"Durham County, North Carolina",37,063,56,51280,32068,66133,88309,140575,12872,35571,332353,52523,138543,105711,729,17932,121,1707,15087,13619,19838,123591,15.4,62.5,21.2,32.3,3.9,79.4,9.1,10.8,11.5,15.8,41.7,31.8,0.2,5.4,0.0,0.5,4.5,4.1,8.5,71.1,0.4623,,0.0,0.0,0.0
0500000US37065,"Edgecombe County, North Carolina",37,065,9,1613,1092,3084,16269,16481,4642,5308,48736,3005,17030,27058,135,111,35,126,1236,762,5064,17688,3.3,67.7,6.7,41.7,8.7,79.7,23.6,11.0,21.7,6.2,34.9,55.5,0.3,0.2,0.1,0.3,2.5,1.56,15.0,87.6,0.4567,,0.0,0.0,0.0
0500000US37067,"Forsyth County, North Carolina",37,067,18,37819,23124,59657,118066,153369,22305,37873,389977,58888,208781,95863,473,9098,273,1961,14640,10721,25205,148705,9.7,61.1,16.2,37.8,5.0,83.5,13.9,9.8,14.5,15.1,53.5,24.6,0.1,2.3,0.1,0.5,3.8,2.75,9.6,82.1,0.4781,,0.0,0.0,0.0
0500000US37069,"Franklin County, North Carolina",37,069,23,4469,2563,6687,22889,27675,3551,6773,74386,8319,45138,16760,85,832,2,225,3025,1410,6027,30015,6.0,57.4,9.5,38.2,4.6,78.8,12.4,9.2,11.1,11.2,60.7,22.5,0.1,1.1,0.0,0.3,4.1,1.9,11.6,86.5,0.429,,0.0,0.0,0.0
0500000US37071,"Gaston County, North Carolina",37,071,78,14951,8413,22039,70343,94584,15034,24995,234881,23213,155945,40152,330,3868,73,1521,9779,3154,19144,94033,6.4,56.3,10.0,37.4,4.8,84.4,16.1,10.7,13.5,9.9,66.4,17.1,0.1,1.6,0.0,0.6,4.2,1.34,11.7,85.4,0.4683,,0.0,0.0,1.0
0500000US37073,"Gates County, North Carolina",37,073,1,147,110,326,3789,3367,585,633,10376,225,6562,3214,56,0,0,0,319,67,753,4177,1.4,74.8,3.2,44.2,5.9,75.3,14.0,6.2,9.4,2.2,63.2,31.0,0.5,0.0,0.0,0.0,3.1,0.65,9.9,93.9,0.3834,,0.0,0.0,0.0
0500000US37075,"Graham County, North Carolina",37,075,0,153,71,463,3314,1857,518,992,8072,240,6853,30,771,54,0,34,90,170,859,2836,1.9,46.4,6.0,49.1,7.0,58.2,14.7,12.5,6.7,3.0,84.9,0.4,9.6,0.7,0.0,0.4,1.1,2.11,14.3,93.4,0.4082,,0.0,0.0,0.0
0500000US37077,"Granville County, North Carolina",37,077,24,3491,2468,5568,22854,19308,3131,5309,60877,6751,33754,17529,140,222,183,285,2013,4345,5079,21310,5.7,70.7,9.7,45.8,4.6,75.2,13.9,9.3,15.2,11.1,55.4,28.8,0.2,0.4,0.3,0.5,3.3,7.14,11.7,85.1,0.4469,,0.0,0.0,0.0
0500000US37079,"Greene County, North Carolina",37,079,1,1351,1135,2805,8315,6342,1513,2996,20486,3166,9316,6448,166,10,2,44,1334,2564,3088,7658,6.6,84.0,14.4,48.6,5.7,76.8,21.9,16.6,21.0,15.5,45.5,31.5,0.8,0.0,0.0,0.2,6.5,12.52,21.0,93.8,0.3916,,0.0,0.0,0.0
0500000US37081,"Guilford County, North Carolina",37,081,53,64827,33641,87274,158375,218876,33985,45704,547940,55083,252302,183433,724,29493,108,3268,23529,25482,33531,215611,11.8,51.9,16.9,35.9,4.6,81.2,15.5,8.4,14.6,10.1,46.0,33.5,0.1,5.4,0.0,0.6,4.3,4.65,9.2,81.7,0.479,,0.0,0.0,0.0
0500000US37083,"Halifax County, North Carolina",37,083,8,1300,849,1996,18717,13580,5922,4232,47675,1612,17496,24542,1337,438,21,87,2142,1209,6061,15290,2.7,65.3,4.4,48.1,9.3,74.0,29.1,9.1,22.8,3.4,36.7,51.5,2.8,0.9,0.0,0.2,4.5,2.54,17.8,86.2,0.4835,,0.0,0.0,0.0
0500000US37085,"Harnett County, North Carolina",37,085,43,9089,5202,15970,43214,43469,7587,12917,139150,21043,81041,27559,773,1233,222,813,6466,3105,10460,53358,6.5,57.2,12.3,40.2,4.7,76.4,15.2,9.7,13.7,15.1,58.2,19.8,0.6,0.9,0.2,0.6,4.6,2.23,11.4,88.8,0.4415,,0.0,0.0,0.0
0500000US37087,"Haywood County, North Carolina",37,087,18,1728,856,2296,23333,22252,3675,7081,62662,3103,56657,545,264,229,0,144,1720,645,4161,24191,2.8,49.5,3.8,44.0,3.1,77.6,13.5,11.4,13.1,5.0,90.4,0.9,0.4,0.4,0.0,0.2,2.7,1.03,8.7,87.4,0.4358,,0.0,0.0,0.0
0500000US37089,"Henderson County, North Carolina",37,089,34,9824,5678,13726,42354,43473,4687,14594,118484,15507,94172,3107,290,1361,242,574,3231,1364,7479,46955,8.3,57.8,12.1,42.8,3.5,79.6,9.2,12.4,11.6,13.1,79.5,2.6,0.2,1.1,0.2,0.5,2.7,1.15,8.4,87.7,0.4496,,0.0,0.0,1.0
0500000US37091,"Hertford County, North Carolina",37,091,0,802,616,924,8074,5743,2305,1643,19908,1274,6406,11063,152,215,23,58,717,1680,2211,7026,4.0,76.8,4.9,48.7,6.0,72.6,27.8,8.6,22.9,6.4,32.2,55.6,0.8,1.1,0.1,0.3,3.6,8.44,15.9,90.4,0.4954,,0.0,0.0,0.0
0500000US37093,"Hoke County, North Carolina",37,093,12,3483,2181,5779,16218,14169,3864,5178,53835,8415,19401,17256,3551,808,40,497,3867,701,3968,20267,6.5,62.6,11.7,40.0,6.6,71.0,20.1,10.3,17.1,15.6,36.0,32.1,6.6,1.5,0.1,0.9,7.2,1.3,11.3,89.6,0.4873,,0.0,0.0,0.0
0500000US37095,"Hyde County, North Carolina",37,095,0,180,180,347,2200,1239,436,611,4592,464,2649,1112,67,0,0,0,300,738,419,1603,3.9,100.0,7.8,54.9,2.5,70.3,22.5,15.6,22.2,10.1,57.7,24.2,1.5,0.0,0.0,0.0,6.5,16.07,11.5,91.7,0.4052,,0.0,0.0,0.0
0500000US37097,"Iredell County, North Carolina",37,097,94,14055,7463,19068,55592,82944,6163,17588,196544,18191,142907,21753,192,4773,40,1503,7185,1574,11607,79278,7.2,53.1,10.3,35.2,4.2,84.5,8.1,9.0,10.0,9.3,72.7,11.1,0.1,2.4,0.0,0.8,3.7,0.8,8.5,82.8,0.4722,,0.0,0.0,0.0
0500000US37099,"Jackson County, North Carolina",37,099,5,1980,1422,3436,16522,14701,2242,6865,43771,3500,34317,927,2819,446,67,152,1543,4030,2669,16361,4.5,71.8,8.1,44.2,4.9,74.1,12.2,15.8,18.0,8.0,78.4,2.1,6.4,1.0,0.2,0.3,3.5,9.21,9.4,86.2,0.4878,,0.0,0.0,0.0
0500000US37101,"Johnston County, North Carolina",37,101,25,19441,11985,34196,61892,91354,9747,24131,234263,39336,143892,39214,514,1936,43,1084,8244,1846,14991,95996,8.3,61.6,15.5,33.8,3.8,78.6,11.4,10.4,10.6,16.8,61.4,16.7,0.2,0.8,0.0,0.5,3.5,0.79,9.5,83.7,0.4208,,0.0,0.0,0.0
0500000US37103,"Jones County, North Carolina",37,103,0,278,156,484,3511,2819,641,838,9302,471,5866,2475,43,112,0,0,335,131,766,3710,3.0,56.1,5.5,45.2,4.4,70.1,15.5,9.2,18.4,5.1,63.1,26.6,0.5,1.2,0.0,0.0,3.6,1.41,10.9,92.6,0.4496,,0.0,0.0,0.0
0500000US37105,"Lee County, North Carolina",37,105,4,6527,4869,12718,20376,24076,3822,7919,65816,14286,36695,11333,22,579,8,51,2842,920,6744,26971,9.9,74.6,20.6,39.2,3.8,79.7,15.2,12.2,16.5,21.7,55.8,17.2,0.0,0.9,0.0,0.1,4.3,1.4,15.1,89.8,0.4214,,0.0,0.0,0.0
0500000US37107,"Lenoir County, North Carolina",37,107,16,2400,1609,4317,19275,17556,6384,5461,54919,4843,25969,21540,58,410,18,114,1967,1228,6528,20859,4.4,67.0,8.3,43.7,9.0,78.0,27.3,10.1,22.0,8.8,47.3,39.2,0.1,0.7,0.0,0.2,3.6,2.24,17.1,94.6,0.4794,,0.0,0.0,0.0
0500000US37109,"Lincoln County, North Carolina",37,109,34,5075,2772,7518,29701,36241,4204,8029,92716,7542,75997,5472,125,733,18,182,2647,697,6939,36343,5.5,54.6,8.5,39.1,3.3,81.1,11.4,8.7,11.2,8.1,82.0,5.9,0.1,0.8,0.0,0.2,2.9,0.75,10.4,83.3,0.4729,,0.0,1.0,0.0
0500000US37111,"McDowell County, North Carolina",37,111,15,1426,1007,3092,16871,14771,3419,5037,44817,3170,38364,1724,138,506,0,7,908,1431,4831,17529,3.2,70.6,7.2,45.5,4.1,76.2,18.3,11.5,14.8,7.1,85.6,3.8,0.3,1.1,0.0,0.0,2.0,3.19,14.7,92.0,0.4223,,0.0,0.0,0.0
0500000US37113,"Macon County, North Carolina",37,113,10,2233,1376,2987,14951,12389,1640,5159,37941,3806,32344,521,89,237,0,44,900,332,2923,14450,5.9,61.6,8.2,46.7,2.8,74.9,8.9,13.7,11.6,10.0,85.2,1.4,0.2,0.6,0.0,0.1,2.4,0.88,10.2,88.8,0.4832,,0.0,0.0,0.0
0500000US37115,"Madison County, North Carolina",37,115,8,295,92,367,8354,7452,1017,1810,21867,796,19947,239,21,107,8,152,597,977,1510,8323,1.3,31.2,1.8,44.5,3.1,74.0,12.2,8.4,12.1,3.6,91.2,1.1,0.1,0.5,0.0,0.7,2.7,4.47,9.5,86.2,0.5024,,0.0,0.0,0.0
0500000US37117,"Martin County, North Carolina",37,117,0,365,93,787,7698,6968,1912,1518,21644,963,11071,8673,16,120,63,0,738,168,2474,8330,1.7,25.5,3.8,43.3,6.1,73.7,20.1,7.1,20.4,4.4,51.2,40.1,0.1,0.6,0.3,0.0,3.4,0.78,15.6,90.0,0.4476,,0.0,0.0,0.0
0500000US37119,"Mecklenburg County, North Carolina",37,119,201,200313,123286,241337,257713,545336,40445,132127,1154681,184569,498847,343410,1615,72816,413,6156,46855,16029,72559,412565,17.3,61.5,22.3,28.0,4.3,86.3,8.7,11.5,10.4,16.0,43.2,29.7,0.1,6.3,0.0,0.5,4.1,1.39,9.2,66.7,0.4921,,0.0,0.0,0.0
0500000US37121,"Mitchell County, North Carolina",37,121,11,356,164,627,5572,4790,1117,1391,14992,836,13643,139,41,71,0,28,234,453,1039,5803,2.4,46.1,4.4,43.8,6.5,71.6,17.0,9.3,12.9,5.6,91.0,0.9,0.3,0.5,0.0,0.2,1.6,3.02,9.3,89.8,0.4786,,0.0,0.0,0.0
0500000US37123,"Montgomery County, North Carolina",37,123,0,2063,1409,3915,10006,8450,1984,3157,26007,4115,16319,4163,119,381,0,73,837,742,3125,9940,7.9,68.3,15.9,46.8,2.8,76.4,18.6,12.5,15.4,15.8,62.7,16.0,0.5,1.5,0.0,0.3,3.2,2.85,16.5,91.7,0.4602,,0.0,0.0,0.0
0500000US37125,"Moore County, North Carolina",37,125,21,5317,2282,7248,36105,31318,3772,7626,104876,8196,79384,9355,398,1290,99,518,5636,1136,4744,37847,5.1,42.9,7.3,42.8,4.8,73.9,8.6,7.6,10.1,7.8,75.7,8.9,0.4,1.2,0.1,0.5,5.4,1.08,6.3,83.5,0.4485,,0.0,0.0,0.0
0500000US37127,"Nash County, North Carolina",37,127,14,3835,2248,8192,31427,35573,7087,10862,96216,7925,44504,38539,489,982,22,512,3243,1767,8668,37800,4.0,58.6,9.0,40.5,4.9,81.3,18.3,11.4,11.8,8.2,46.3,40.1,0.5,1.0,0.0,0.5,3.4,1.84,12.9,87.5,0.4523,,0.0,1.0,0.0
0500000US37129,"New Hanover County, North Carolina",37,129,47,13967,8445,18173,67824,97467,9694,22445,235229,18547,175818,25279,293,3194,42,1314,10742,5815,9785,93343,5.9,60.5,8.1,34.3,4.5,78.8,9.2,9.6,12.3,7.9,74.7,10.7,0.1,1.4,0.0,0.6,4.6,2.47,6.0,76.9,0.4816,,0.0,0.0,0.0
0500000US37131,"Northampton County, North Carolina",37,131,0,221,105,480,6828,5005,2078,1415,16931,407,6605,9216,42,5,0,57,599,469,1918,5996,1.3,47.5,3.0,47.7,8.1,72.9,26.4,8.6,21.1,2.4,39.0,54.4,0.2,0.0,0.0,0.3,3.5,2.77,14.9,91.5,0.487,,0.0,0.0,0.0
0500000US37133,"Onslow County, North Carolina",37,133,8,8824,3028,19953,48415,49213,9138,16018,207906,29152,133070,23976,1046,3771,328,1196,15367,21587,7692,83173,4.2,34.3,10.4,30.0,5.4,70.3,12.1,9.5,11.6,14.0,64.0,11.5,0.5,1.8,0.2,0.6,7.4,10.38,6.7,77.8,0.4203,,1.0,1.0,0.0
0500000US37135,"Orange County, North Carolina",37,135,25,19317,9976,24382,47891,52544,3352,9727,149678,15914,99091,15117,334,11717,57,756,6692,11872,6276,44713,12.9,51.6,17.0,38.2,3.6,70.4,5.8,6.5,12.5,10.6,66.2,10.1,0.2,7.8,0.0,0.5,4.5,7.93,6.6,61.5,0.5142,,0.0,0.0,0.0
0500000US37137,"Pamlico County, North Carolina",37,137,0,361,195,465,6176,3230,591,980,12390,600,9090,1992,20,73,0,40,575,811,992,3652,2.9,54.0,3.9,57.0,5.1,73.0,10.8,8.4,15.2,4.8,73.4,16.1,0.2,0.6,0.0,0.3,4.6,6.55,9.9,84.6,0.4549,,0.0,0.0,0.0
0500000US37139,"Pasquotank County, North Carolina",37,139,0,1063,483,1504,13557,12077,2771,4343,40834,2469,21969,13978,74,572,28,219,1525,2242,2981,15522,2.6,45.4,3.9,41.0,5.9,67.7,17.6,11.0,11.0,6.0,53.8,34.2,0.2,1.4,0.1,0.5,3.7,5.49,10.6,85.3,0.4396,,0.0,0.0,0.0
0500000US37141,"Pender County, North Carolina",37,141,13,2771,1949,4916,20598,23004,2977,5608,65550,5787,48528,7945,128,454,0,310,2398,1210,4248,25942,4.2,70.3,7.9,39.1,4.8,76.8,11.8,8.8,9.7,8.8,74.0,12.1,0.2,0.7,0.0,0.5,3.7,1.85,9.2,85.6,0.4317,,0.0,0.0,0.0
0500000US37143,"Perquimans County, North Carolina",37,143,0,285,57,522,5441,3608,770,1283,13244,424,9314,2820,1,55,2,3,625,98,1172,4918,2.2,20.0,4.1,48.5,3.6,65.0,13.7,9.7,9.8,3.2,70.3,21.3,0.0,0.4,0.0,0.0,4.7,0.74,11.8,90.2,0.3976,,0.0,0.0,0.0
0500000US37145,"Person County, North Carolina",37,145,17,1238,753,1867,12964,14902,3298,3704,39542,2499,25382,10214,43,43,0,88,1273,434,3128,15238,3.1,60.8,5.0,39.8,5.6,80.5,20.5,9.4,17.5,6.3,64.2,25.8,0.1,0.1,0.0,0.2,3.2,1.1,11.1,83.2,0.4777,,0.0,0.0,0.0
0500000US37147,"Pitt County, North Carolina",37,147,30,10250,6356,14292,53673,64240,11320,17454,177193,13948,91928,61557,167,3480,37,603,5473,6064,9868,69313,5.8,62.0,8.5,37.2,7.8,77.4,15.2,10.0,19.8,7.9,51.9,34.7,0.1,2.0,0.0,0.3,3.1,3.42,9.2,83.9,0.4814,,0.0,0.0,0.0
0500000US37149,"Polk County, North Carolina",37,149,19,893,328,1058,7994,6952,873,1931,19891,1118,17234,876,26,154,0,70,413,352,1038,7081,4.5,36.7,5.5,46.2,5.1,78.8,9.7,9.9,14.0,5.6,86.6,4.4,0.1,0.8,0.0,0.4,2.1,1.77,6.6,82.0,0.4985,,0.0,0.0,0.0
0500000US37151,"Randolph County, North Carolina",37,151,3,9720,7708,18682,46509,55387,8752,16185,146348,20523,109713,8804,202,1923,9,380,4794,1538,15891,62010,6.6,79.3,13.5,39.5,3.5,80.4,15.2,11.1,14.5,14.0,75.0,6.0,0.1,1.3,0.0,0.3,3.3,1.05,15.6,91.6,0.4191,,0.0,1.0,0.0
0500000US37153,"Richmond County, North Carolina",37,153,11,1720,741,3222,14409,13182,4868,4801,42344,3297,23145,13227,835,418,0,241,1181,995,4758,16314,4.1,43.1,8.1,42.7,9.8,75.9,28.6,11.6,25.2,7.8,54.7,31.2,2.0,1.0,0.0,0.6,2.8,2.35,16.5,94.3,0.4752,,0.0,0.0,0.0
0500000US37155,"Robeson County, North Carolina",37,155,28,6446,4864,11234,44203,33648,14065,16309,116902,12723,27182,27088,44901,946,71,241,3750,3497,15006,39339,5.5,75.5,10.3,49.1,6.0,78.3,32.6,14.2,27.2,10.9,23.3,23.2,38.4,0.8,0.1,0.2,3.2,2.99,20.0,92.7,0.5084,,0.0,0.0,0.0
0500000US37157,"Rockingham County, North Carolina",37,157,4,3044,1837,5157,32943,33533,7022,8281,92131,6605,64421,15912,130,296,175,601,3991,1151,9657,35366,3.3,60.3,5.9,43.4,5.8,83.0,17.7,9.1,16.3,7.2,69.9,17.3,0.1,0.3,0.2,0.7,4.3,1.25,14.5,89.2,0.4613,,0.0,1.0,0.0
0500000US37159,"Rowan County, North Carolina",37,159,17,9378,6578,15432,48012,55759,9438,13795,149875,17788,101687,23231,117,1200,82,289,5481,3909,11490,58889,6.3,70.1,10.9,40.0,5.3,81.9,16.0,9.3,16.0,11.9,67.8,15.5,0.1,0.8,0.1,0.2,3.7,2.61,11.1,88.2,0.4448,,0.0,0.0,0.0
0500000US37161,"Rutherford County, North Carolina",37,161,23,2043,1025,2847,24108,21505,5183,7683,64930,3698,52457,4984,87,304,37,482,2881,1242,6028,23612,3.1,50.2,4.6,45.1,6.3,78.3,19.5,12.0,16.8,5.7,80.8,7.7,0.1,0.5,0.1,0.7,4.4,1.91,12.8,88.6,0.4666,,0.0,0.0,0.0
0500000US37163,"Sampson County, North Carolina",37,163,2,6332,4780,10736,20397,19914,4361,9105,59470,13098,29244,14293,978,255,30,215,1357,1475,6324,22186,10.6,75.5,19.3,43.6,5.3,80.4,20.2,15.6,21.8,22.0,49.2,24.0,1.6,0.4,0.1,0.4,2.3,2.48,15.9,92.5,0.4508,,0.0,0.0,0.0
0500000US37165,"Scotland County, North Carolina",37,165,2,1170,435,1622,12560,9883,3980,3152,33590,1349,13466,12424,3849,424,0,333,1745,2276,3809,11160,3.5,37.2,5.2,47.1,10.9,79.1,31.6,9.9,25.8,4.0,40.1,37.0,11.5,1.3,0.0,1.0,5.2,6.78,16.8,92.1,0.5349,,0.0,0.0,0.0
0500000US37167,"Stanly County, North Carolina",37,167,7,2833,1549,4278,21733,23947,3880,5693,64651,3685,50405,7258,18,1222,162,79,1822,1909,5192,25390,4.4,54.7,7.0,41.6,4.1,81.9,15.4,9.0,15.2,5.7,78.0,11.2,0.0,1.9,0.3,0.1,2.8,2.95,11.5,88.6,0.4312,,0.0,0.0,0.0
0500000US37169,"Stokes County, North Carolina",37,169,0,665,106,1273,17087,15859,2889,3392,45139,1730,40160,1650,82,33,0,175,1309,539,2888,17844,1.5,15.9,3.0,45.1,3.1,78.8,14.8,7.6,11.2,3.8,89.0,3.7,0.2,0.1,0.0,0.4,2.9,1.19,8.6,90.8,0.4183,,0.0,0.0,0.0
0500000US37171,"Surry County, North Carolina",37,171,12,4358,2751,7695,24994,25299,5839,7594,71425,8952,57935,2537,34,475,38,186,1268,1041,8256,28724,6.1,63.1,11.4,42.9,4.4,79.7,19.5,10.8,16.8,12.5,81.1,3.6,0.0,0.7,0.1,0.3,1.8,1.46,16.3,91.9,0.4752,,0.0,0.0,0.0
0500000US37173,"Swain County, North Carolina",37,173,0,391,293,1026,4954,3685,882,3285,14013,767,8292,363,3822,69,0,5,695,332,1322,5336,2.8,74.9,7.7,43.0,7.6,60.8,14.7,23.8,19.1,5.5,59.2,2.6,27.3,0.5,0.0,0.0,5.0,2.37,13.3,90.3,0.4623,,0.0,0.0,0.0
0500000US37175,"Transylvania County, North Carolina",37,175,11,1435,840,935,14817,11004,1647,3766,33691,1753,29516,1201,60,229,0,142,790,1103,1578,11172,4.3,58.5,2.9,51.0,2.8,79.7,11.3,11.3,13.2,5.2,87.6,3.6,0.2,0.7,0.0,0.4,2.3,3.27,6.1,84.6,0.4621,,0.0,0.0,0.0
0500000US37177,"Tyrrell County, North Carolina",37,177,0,194,183,268,1637,925,423,419,3423,263,1953,1117,5,0,0,11,74,425,451,1086,5.7,94.3,8.2,56.9,2.8,76.7,27.3,13.9,18.7,7.7,57.1,32.6,0.1,0.0,0.0,0.3,2.2,12.42,16.5,91.0,0.4225,,0.0,0.0,0.0
0500000US37179,"Union County, North Carolina",37,179,128,30533,14983,41406,63258,105554,6424,19197,250958,33636,167601,27313,282,11323,54,1130,9619,2840,14810,98121,12.2,49.1,17.4,32.3,4.2,83.1,7.6,7.7,7.7,13.4,66.8,10.9,0.1,4.5,0.0,0.5,3.8,1.13,9.1,78.5,0.4452,,0.0,1.0,0.0
0500000US37181,"Vance County, North Carolina",37,181,26,2431,1548,3612,13829,14602,3920,5528,42322,4006,15752,20032,451,288,0,0,1793,598,4233,15446,5.7,63.7,9.1,41.5,8.2,81.8,24.3,13.2,19.8,9.5,37.2,47.3,1.1,0.7,0.0,0.0,4.2,1.41,14.8,89.0,0.454,,0.0,0.0,0.0
0500000US37183,"Wake County, North Carolina",37,183,219,179775,93451,215964,284009,518759,28628,88222,1178653,136184,662267,217692,1768,100413,308,7818,52203,21479,47859,416743,15.3,52.0,19.4,30.2,4.1,82.6,6.2,7.5,8.1,11.6,56.2,18.5,0.2,8.5,0.0,0.7,4.4,1.82,6.0,67.3,0.4496,,0.0,0.0,0.0
0500000US37185,"Warren County, North Carolina",37,185,0,585,391,843,8024,5612,1882,1958,18795,874,7103,8882,908,25,5,126,872,735,2242,6056,3.1,66.8,4.7,50.3,7.2,76.3,23.1,10.8,21.1,4.7,37.8,47.3,4.8,0.1,0.0,0.7,4.6,3.91,15.8,85.7,0.5127,,0.0,0.0,0.0
0500000US37187,"Washington County, North Carolina",37,187,0,122,115,309,5056,2614,1608,981,10812,436,4815,5154,10,0,0,0,397,154,1100,3203,1.1,94.3,2.9,55.0,13.0,73.4,33.9,9.2,24.1,4.0,44.5,47.7,0.1,0.0,0.0,0.0,3.7,1.42,13.9,90.1,0.4976,,0.0,0.0,0.0
0500000US37189,"Watauga County, North Carolina",37,189,13,1906,1162,3182,20214,19618,1589,5119,55123,3410,48766,873,73,487,0,40,1474,6591,2292,21145,3.5,61.0,5.9,41.0,7.9,73.3,7.5,9.3,25.5,6.2,88.5,1.6,0.1,0.9,0.0,0.1,2.7,11.96,7.4,82.4,0.5394,,0.0,0.0,0.0
0500000US37191,"Wayne County, North Carolina",37,191,5,9407,6842,16460,36416,38717,9310,13715,118652,16280,59511,35089,76,1403,110,353,5830,2870,10793,49433,7.9,72.7,14.8,38.8,5.2,75.7,19.6,12.1,17.3,13.7,50.2,29.6,0.1,1.2,0.1,0.3,4.9,2.42,13.6,92.6,0.4487,,0.0,0.0,0.0
0500000US37193,"Wilkes County, North Carolina",37,193,18,2463,1899,4709,24043,22548,4180,6792,65935,4915,56518,2403,108,396,0,21,1574,991,8760,25295,3.7,77.1,7.5,44.3,5.0,78.7,15.4,10.5,16.7,7.5,85.7,3.6,0.2,0.6,0.0,0.0,2.4,1.5,18.3,89.4,0.4182,,0.0,0.0,0.0
0500000US37195,"Wilson County, North Carolina",37,195,6,4832,2954,8937,26979,27909,6000,9549,79290,9830,35145,30627,175,910,0,415,2188,1386,7964,30477,6.1,61.1,12.0,42.5,5.6,81.3,18.1,12.2,19.8,12.4,44.3,38.6,0.2,1.1,0.0,0.5,2.8,1.75,14.7,89.4,0.4746,,0.0,0.0,0.0
0500000US37197,"Yadkin County, North Carolina",37,197,0,2264,1532,3860,12714,13860,2145,4463,37574,4676,30674,605,54,23,0,247,1295,393,3601,15405,6.0,67.7,10.8,41.4,5.3,81.8,14.3,12.0,14.0,12.4,81.6,1.6,0.1,0.1,0.0,0.7,3.4,1.05,13.4,91.6,0.4613,,0.0,0.0,0.0
0500000US37199,"Yancey County, North Carolina",37,199,5,601,335,1034,7193,5803,1120,1341,18797,1091,17068,153,14,86,0,9,376,165,1333,6647,3.2,55.7,5.8,45.6,7.3,73.1,13.8,7.2,15.2,5.8,90.8,0.8,0.1,0.5,0.0,0.0,2.0,0.88,9.3,85.6,0.4869,,0.0,1.0,0.0
0500000US38001,"Adams County, North Dakota",38,001,0,116,110,157,720,687,130,110,2145,99,1858,14,20,41,0,8,105,70,121,830,5.4,94.8,7.7,42.2,2.2,71.3,12.6,5.3,14.8,4.6,86.6,0.7,0.9,1.9,0.0,0.4,4.9,3.26,8.0,86.7,0.4491,80.0999,0.0,0.0,0.0
0500000US38003,"Barnes County, North Dakota",38,003,0,250,219,366,3394,3731,308,474,10773,222,9635,25,165,216,30,0,480,685,420,4575,2.3,87.6,3.6,37.9,3.8,69.8,6.3,4.5,12.1,2.1,89.4,0.2,1.5,2.0,0.3,0.0,4.5,6.36,5.6,86.8,0.4773,66.136,0.0,0.0,0.0
0500000US38005,"Benson County, North Dakota",38,005,0,93,55,322,1913,1305,416,603,5808,113,2482,35,2921,48,0,0,209,24,411,1717,1.6,59.1,6.1,47.0,3.4,62.8,20.5,10.4,25.6,1.9,42.7,0.6,50.3,0.8,0.0,0.0,3.6,0.41,12.4,83.8,0.5229,58.0919,0.0,0.0,0.0
0500000US38007,"Billings County, North Dakota",38,007,0,13,13,17,272,345,0,61,1024,40,944,0,40,0,0,0,0,24,35,427,1.3,100.0,1.8,32.2,2.1,61.4,0.0,6.0,10.8,3.9,92.2,0.0,3.9,0.0,0.0,0.0,0.0,2.34,4.8,76.9,0.4109,83.9258,0.0,0.0,0.0
0500000US38009,"Bottineau County, North Dakota",38,009,0,198,143,234,2192,1822,138,524,6378,164,5684,0,297,31,0,10,192,267,266,2489,3.1,72.2,3.9,42.7,1.6,63.6,5.2,8.4,7.6,2.6,89.1,0.0,4.7,0.5,0.0,0.2,3.0,4.19,5.9,87.2,0.4701,76.2402,0.0,0.0,0.0
0500000US38011,"Bowman County, North Dakota",38,011,0,25,10,78,762,982,66,204,2906,78,2663,0,50,0,0,0,115,58,171,1149,0.9,40.0,2.9,33.9,3.1,68.3,5.1,7.2,13.4,2.7,91.6,0.0,1.7,0.0,0.0,0.0,4.0,2.0,8.6,80.9,0.3741,85.5377,1.0,1.0,0.0
0500000US38013,"Burke County, North Dakota",38,013,0,73,15,81,622,563,67,94,2156,54,1865,37,39,45,0,7,109,5,94,789,3.4,20.5,3.9,37.9,3.7,57.4,7.4,4.4,5.9,2.5,86.5,1.7,1.8,2.1,0.0,0.3,5.1,0.23,6.4,81.8,0.4451,86.0795,1.0,0.0,0.0
0500000US38015,"Burleigh County, North Dakota",38,015,6,3352,2082,4334,26788,38458,2377,4408,100600,3376,85417,1948,3273,983,520,227,4856,3987,3433,45268,3.3,62.1,4.6,33.5,2.3,74.5,5.8,4.5,7.9,3.4,84.9,1.9,3.3,1.0,0.5,0.2,4.8,3.96,5.1,88.0,0.431,70.0209,0.0,0.0,0.0
0500000US38017,"Cass County, North Dakota",38,017,77,14869,8598,16082,38138,91907,5219,10570,193400,6953,157040,13485,1697,6166,4,983,7072,6457,5014,94116,7.7,57.8,8.9,24.7,3.0,82.0,6.2,5.5,11.0,3.6,81.2,7.0,0.9,3.2,0.0,0.5,3.7,3.34,4.1,84.7,0.4659,52.694,0.0,0.0,0.0
0500000US38019,"Cavalier County, North Dakota",38,019,0,82,40,176,1171,979,73,153,3633,84,3342,0,24,26,0,34,123,73,195,1505,2.3,48.8,5.1,40.2,1.0,56.8,4.7,4.3,8.5,2.3,92.0,0.0,0.7,0.7,0.0,0.9,3.4,2.01,7.6,87.8,0.4967,73.5279,0.0,0.0,0.0
0500000US38021,"Dickey County, North Dakota",38,021,0,175,134,285,1293,1713,108,370,4935,204,4433,0,48,71,0,38,141,403,290,2060,3.5,76.6,6.2,32.6,4.1,67.5,5.5,7.7,11.8,4.1,89.8,0.0,1.0,1.4,0.0,0.8,2.9,8.17,8.8,80.7,0.4806,74.5618,0.0,0.0,0.0
0500000US38023,"Divide County, North Dakota",38,023,0,65,29,21,700,618,18,210,2167,94,1909,3,0,11,0,0,150,77,137,871,3.0,44.6,1.0,39.3,2.3,58.5,1.8,10.0,9.3,4.3,88.1,0.1,0.0,0.5,0.0,0.0,6.9,3.55,8.4,83.2,0.3965,76.1032,0.0,0.0,0.0
0500000US38025,"Dunn County, North Dakota",38,025,0,123,88,361,1091,1255,58,588,4040,182,3173,6,382,38,2,27,230,104,176,1416,3.0,71.5,9.7,35.4,3.4,65.4,3.7,14.8,7.4,4.5,78.5,0.1,9.5,0.9,0.0,0.7,5.7,2.57,6.2,76.1,0.488,83.7199,1.0,1.0,0.0
0500000US38027,"Eddy County, North Dakota",38,027,0,12,5,33,721,651,77,109,2307,124,2022,0,98,0,1,0,62,87,109,932,0.5,41.7,1.5,37.9,2.5,56.5,6.6,4.9,14.2,5.4,87.6,0.0,4.2,0.0,0.0,0.0,2.7,3.77,6.3,81.9,0.4869,71.5353,1.0,0.0,0.0
0500000US38029,"Emmons County, North Dakota",38,029,0,23,0,204,1169,947,139,199,3254,39,3031,4,38,7,0,10,125,77,271,1077,0.7,0.0,6.7,43.5,2.3,64.6,9.1,6.3,9.1,1.2,93.1,0.1,1.2,0.2,0.0,0.3,3.8,2.37,11.1,74.8,0.4624,87.9275,0.0,0.0,0.0
0500000US38031,"Foster County, North Dakota",38,031,0,66,51,95,890,1262,146,161,3358,57,3126,10,5,61,0,14,85,91,170,1604,2.0,77.3,3.0,32.4,1.0,68.8,9.5,4.9,8.8,1.7,93.1,0.3,0.1,1.8,0.0,0.4,2.5,2.71,6.8,88.0,0.4437,77.8626,0.0,0.0,0.0
0500000US38033,"Golden Valley County, North Dakota",38,033,0,12,4,15,522,504,114,36,1653,10,1499,3,0,4,0,21,116,23,43,684,0.7,33.3,1.0,39.0,3.4,64.0,16.3,2.2,19.8,0.6,90.7,0.2,0.0,0.2,0.0,1.3,7.0,1.39,3.6,86.8,0.4121,85.4692,0.0,0.0,0.0
0500000US38035,"Grand Forks County, North Dakota",38,035,12,4904,3235,5514,17103,29094,1892,3184,72923,3919,59342,2708,1255,2020,18,266,3395,4742,1803,35211,6.7,66.0,8.0,28.9,2.3,73.1,6.0,4.5,13.2,5.4,81.4,3.7,1.7,2.8,0.0,0.4,4.7,6.5,4.1,87.3,0.4597,57.6963,0.0,0.0,0.0
0500000US38037,"Grant County, North Dakota",38,037,0,81,37,187,739,512,123,96,2269,28,2095,3,48,35,0,4,56,61,191,731,3.6,45.7,8.7,41.0,3.6,49.9,11.6,4.3,16.6,1.2,92.3,0.1,2.1,1.5,0.0,0.2,2.5,2.69,11.1,71.8,0.5121,82.389,0.0,0.0,0.0
0500000US38039,"Griggs County, North Dakota",38,039,0,32,10,23,716,742,57,112,2245,40,2101,18,3,5,0,0,78,81,116,898,1.4,31.3,1.1,38.8,1.4,66.7,5.7,5.2,11.7,1.8,93.6,0.8,0.1,0.2,0.0,0.0,3.5,3.61,7.0,83.3,0.5376,74.7091,0.0,0.0,0.0
0500000US38041,"Hettinger County, North Dakota",38,041,0,23,11,93,803,638,47,116,2432,0,2290,4,62,7,0,14,55,128,119,903,0.9,47.8,4.0,39.5,5.4,55.0,4.2,5.0,11.0,0.0,94.2,0.2,2.5,0.3,0.0,0.6,2.3,5.26,6.6,79.7,0.4971,83.3844,0.0,0.0,0.0
0500000US38043,"Kidder County, North Dakota",38,043,0,39,5,90,805,673,63,55,2377,71,2243,5,0,8,0,0,50,0,150,804,1.6,12.8,4.0,42.6,1.5,63.0,5.4,2.3,10.2,3.0,94.4,0.2,0.0,0.3,0.0,0.0,2.1,0.0,9.0,76.2,0.4313,81.3305,0.0,0.0,0.0
0500000US38045,"LaMoure County, North Dakota",38,045,0,40,22,206,1139,1358,100,202,4118,79,3927,6,20,5,0,0,81,171,235,1726,1.0,55.0,5.3,34.5,2.5,64.4,5.7,5.0,8.7,1.9,95.4,0.1,0.5,0.1,0.0,0.0,2.0,4.15,8.1,82.8,0.429,76.0245,0.0,0.0,0.0
0500000US38047,"Logan County, North Dakota",38,047,0,27,4,115,615,496,40,51,1819,71,1680,4,2,0,0,0,62,71,117,655,1.5,14.8,6.8,41.7,1.7,58.7,5.1,2.9,12.4,3.9,92.4,0.2,0.1,0.0,0.0,0.0,3.4,3.9,8.8,77.8,0.4534,86.9313,0.0,0.0,0.0
0500000US38049,"McHenry County, North Dakota",38,049,0,59,35,184,1517,1491,141,426,5207,112,4892,40,37,12,0,13,101,69,323,1906,1.1,59.3,3.7,36.9,4.1,60.1,6.3,8.3,9.7,2.2,94.0,0.8,0.7,0.2,0.0,0.2,1.9,1.33,8.8,77.5,0.408,80.7776,0.0,0.0,0.0
0500000US38051,"McIntosh County, North Dakota",38,051,0,101,76,310,851,760,77,117,2497,82,2298,2,41,21,0,25,28,105,194,898,4.0,75.2,13.0,40.6,3.1,63.3,6.4,4.9,12.2,3.3,92.0,0.1,1.6,0.8,0.0,1.0,1.1,4.21,10.1,74.5,0.4295,81.4388,0.0,0.0,0.0
0500000US38053,"McKenzie County, North Dakota",38,053,0,720,497,1009,3107,5059,205,1547,14321,1729,10553,276,940,162,0,22,639,283,978,6116,5.0,69.0,7.7,30.2,1.3,71.5,3.4,10.9,12.0,12.1,73.7,1.9,6.6,1.1,0.0,0.2,4.5,1.98,10.9,87.8,0.4525,83.8073,1.0,0.0,0.0
0500000US38055,"McLean County, North Dakota",38,055,0,262,180,277,3346,3012,166,425,9823,201,8652,10,540,100,9,5,306,196,442,3934,2.7,68.7,3.0,41.8,1.4,65.5,3.8,4.4,8.9,2.0,88.1,0.1,5.5,1.0,0.1,0.1,3.1,2.0,6.1,86.1,0.4057,78.0483,0.0,0.0,0.0
0500000US38057,"Mercer County, North Dakota",38,057,0,174,45,418,2935,2919,98,619,8337,231,7615,1,204,42,0,0,244,157,512,3246,2.1,25.9,5.3,44.0,2.5,80.6,2.7,7.6,9.7,2.8,91.3,0.0,2.4,0.5,0.0,0.0,2.9,1.88,8.7,89.6,0.3997,83.3809,1.0,0.0,0.0
0500000US38059,"Morton County, North Dakota",38,059,0,381,148,1746,8165,13618,592,1869,33777,1486,29273,548,1341,46,50,154,879,684,1220,15969,1.1,38.8,5.5,30.4,1.5,74.2,4.2,5.6,8.0,4.4,86.7,1.6,4.0,0.1,0.1,0.5,2.6,2.03,5.2,87.4,0.4626,75.3639,0.0,0.0,0.0
0500000US38061,"Mountrail County, North Dakota",38,061,0,414,250,1099,2559,3220,183,1493,9507,819,5353,175,2692,54,15,0,399,143,682,3931,4.4,60.4,12.5,36.4,1.1,73.0,4.7,15.9,14.5,8.6,56.3,1.8,28.3,0.6,0.2,0.0,4.2,1.5,11.5,91.3,0.4805,70.6359,0.0,0.0,0.0
0500000US38063,"Nelson County, North Dakota",38,063,0,91,74,137,1017,880,66,117,3016,89,2763,14,29,22,0,8,91,117,155,1135,3.0,81.3,4.8,41.3,1.1,61.7,4.9,4.0,7.2,3.0,91.6,0.5,1.0,0.7,0.0,0.3,3.0,3.88,6.9,80.4,0.4965,64.7927,0.0,0.0,0.0
0500000US38065,"Oliver County, North Dakota",38,065,0,3,3,24,607,464,9,86,1839,18,1820,0,0,0,0,0,1,3,69,696,0.2,100.0,1.4,42.9,1.0,58.3,1.2,4.7,5.2,1.0,99.0,0.0,0.0,0.0,0.0,0.0,0.1,0.16,5.3,88.1,0.4049,83.6247,0.0,0.0,0.0
0500000US38067,"Pembina County, North Dakota",38,067,0,303,118,203,2157,2160,256,458,6727,286,5936,65,102,20,12,14,292,180,382,2715,4.5,38.9,3.2,39.2,3.4,67.6,8.6,7.0,9.2,4.3,88.2,1.0,1.5,0.3,0.2,0.2,4.3,2.68,7.8,84.7,0.4553,75.5141,0.0,0.0,0.0
0500000US38069,"Pierce County, North Dakota",38,069,0,21,3,84,1275,1313,133,295,3928,32,3567,11,167,17,0,20,114,154,209,1629,0.5,14.3,2.3,39.5,1.1,68.3,7.2,7.8,10.8,0.8,90.8,0.3,4.3,0.4,0.0,0.5,2.9,3.92,7.5,86.2,0.4574,75.7868,0.0,0.0,0.0
0500000US38071,"Ramsey County, North Dakota",38,071,0,365,130,511,2847,4307,590,922,11556,328,9358,79,1105,99,11,0,576,519,569,5504,3.2,35.6,4.7,31.3,1.2,71.4,10.9,8.3,15.2,2.8,81.0,0.7,9.6,0.9,0.1,0.0,5.0,4.49,7.2,89.9,0.4762,68.8872,1.0,0.0,0.0
0500000US38073,"Ransom County, North Dakota",38,073,0,131,49,322,1735,1886,136,152,5643,155,5179,64,17,37,0,0,191,339,307,2334,2.3,37.4,6.0,38.0,2.9,69.1,5.8,2.8,10.4,2.7,91.8,1.1,0.3,0.7,0.0,0.0,3.4,6.01,7.7,86.0,0.4061,62.7029,0.0,0.0,0.0
0500000US38075,"Renville County, North Dakota",38,075,0,79,63,56,671,679,64,118,2304,18,2166,5,5,13,0,0,97,48,135,1071,3.4,79.7,2.5,35.6,1.0,60.2,6.6,5.4,9.1,0.8,94.0,0.2,0.2,0.6,0.0,0.0,4.2,2.08,8.3,89.8,0.3908,82.202,1.0,1.0,0.0
0500000US38077,"Richland County, North Dakota",38,077,0,311,136,446,4500,6625,426,1100,16584,624,14722,130,280,131,31,126,540,1477,595,7164,1.9,43.7,2.8,33.7,1.7,76.2,6.2,6.7,9.7,3.8,88.8,0.8,1.7,0.8,0.2,0.8,3.3,8.91,5.5,83.8,0.4474,67.4979,0.0,0.0,0.0
0500000US38079,"Rolette County, North Dakota",38,079,0,74,19,747,4141,2354,965,2614,11924,151,2172,17,9005,62,8,37,472,141,1095,3912,0.6,25.7,6.8,48.0,4.0,54.7,25.6,22.1,24.3,1.3,18.2,0.1,75.5,0.5,0.1,0.3,4.0,1.18,15.5,91.4,0.4633,35.0184,0.0,0.0,0.0
0500000US38081,"Sargent County, North Dakota",38,081,0,157,43,140,1043,1540,94,194,3804,110,3409,120,10,11,0,2,142,49,191,1738,4.1,27.4,3.9,33.4,0.8,75.0,5.4,5.2,6.9,2.9,89.6,3.2,0.3,0.3,0.0,0.1,3.7,1.29,6.8,85.5,0.4372,64.8556,0.0,0.0,0.0
0500000US38083,"Sheridan County, North Dakota",38,083,0,7,7,31,452,415,48,81,1303,5,1257,0,5,7,0,0,29,11,99,533,0.5,100.0,2.5,40.5,1.1,63.3,7.1,6.3,10.1,0.4,96.5,0.0,0.4,0.5,0.0,0.0,2.2,0.84,9.8,81.9,0.4416,85.0727,0.0,0.0,0.0
0500000US38085,"Sioux County, North Dakota",38,085,0,28,26,267,1234,517,409,784,3740,56,452,14,3081,25,0,29,83,76,237,921,0.7,92.9,7.8,47.1,17.0,44.9,36.8,21.1,43.3,1.5,12.1,0.4,82.4,0.7,0.0,0.8,2.2,2.03,12.1,81.0,0.5313,29.9056,0.0,0.0,0.0
0500000US38087,"Slope County, North Dakota",38,087,0,4,0,21,254,203,9,34,766,1,708,0,0,0,0,6,51,0,42,282,0.5,0.0,2.8,38.2,2.7,50.8,2.4,4.4,5.0,0.1,92.4,0.0,0.0,0.0,0.0,0.8,6.7,0.0,7.0,70.5,0.4674,90.2314,0.0,0.0,0.0
0500000US38089,"Stark County, North Dakota",38,089,0,1348,752,2441,7768,13523,1021,2156,33302,2429,28190,786,294,374,170,35,1024,816,1616,14800,4.0,55.8,8.0,30.9,3.0,80.1,7.5,6.5,12.1,7.3,84.6,2.4,0.9,1.1,0.5,0.1,3.1,2.45,7.5,88.9,0.4232,81.6093,0.0,0.0,0.0
0500000US38091,"Steele County, North Dakota",38,091,0,4,4,17,604,537,27,116,1804,35,1697,3,11,0,4,0,54,0,61,650,0.2,100.0,1.0,42.2,3.3,67.2,3.3,6.4,12.9,1.9,94.1,0.2,0.6,0.0,0.2,0.0,3.0,0.0,4.6,81.3,0.4429,61.2808,0.0,0.0,0.0
0500000US38093,"Stutsman County, North Dakota",38,093,0,563,297,746,6934,7961,885,1146,21549,696,19331,505,362,122,0,27,506,1863,1048,9109,2.6,52.8,3.6,38.9,4.0,76.6,9.4,5.5,12.6,3.2,89.7,2.3,1.7,0.6,0.0,0.1,2.3,8.65,7.0,88.6,0.4974,70.8999,0.0,0.0,0.0
0500000US38095,"Towner County, North Dakota",38,095,0,56,28,57,543,616,45,94,2079,106,1729,0,127,0,0,0,117,32,134,895,2.7,50.0,2.9,33.9,0.7,58.6,4.6,4.6,8.5,5.1,83.2,0.0,6.1,0.0,0.0,0.0,5.6,1.54,9.0,87.5,0.4654,71.4542,0.0,0.0,0.0
0500000US38097,"Traill County, North Dakota",38,097,0,227,122,255,2198,2889,147,351,7970,315,7114,77,63,45,1,38,317,488,296,3599,2.8,53.7,3.4,34.5,2.2,71.0,4.4,4.5,9.1,4.0,89.3,1.0,0.8,0.6,0.0,0.5,4.0,6.12,5.5,89.6,0.4386,64.3985,0.0,0.0,0.0
0500000US38099,"Walsh County, North Dakota",38,099,0,386,181,906,2926,3505,182,816,10396,1363,8450,85,134,94,0,0,270,375,807,4676,3.7,46.9,9.3,35.4,2.0,67.8,4.1,8.0,11.2,13.1,81.3,0.8,1.3,0.9,0.0,0.0,2.6,3.61,11.2,90.9,0.3946,70.863,0.0,0.0,0.0
0500000US38101,"Ward County, North Dakota",38,101,4,2598,1453,3559,16242,24291,2025,4122,68973,4947,55434,2720,1089,1021,15,287,3460,1922,2330,32388,3.8,55.9,5.5,30.0,3.6,74.8,7.1,6.4,8.6,7.2,80.4,3.9,1.6,1.5,0.0,0.4,5.0,2.79,5.2,90.2,0.4392,72.2716,0.0,0.0,0.0
0500000US38103,"Wells County, North Dakota",38,103,0,38,11,99,1233,1193,117,142,3890,22,3698,0,14,8,0,10,138,102,208,1293,1.0,28.9,2.7,40.5,2.0,67.3,6.5,3.7,9.1,0.6,95.1,0.0,0.4,0.2,0.0,0.3,3.5,2.62,7.7,76.1,0.5072,80.5593,0.0,0.0,0.0
0500000US38105,"Williams County, North Dakota",38,105,0,3364,1998,4170,7589,15300,902,4507,39555,4028,29931,1858,1022,481,50,122,2063,678,1705,18081,8.5,59.4,11.5,26.6,4.4,76.7,6.0,11.5,8.6,10.2,75.7,4.7,2.6,1.2,0.1,0.3,5.2,1.71,6.9,91.6,0.4595,82.6676,0.0,0.0,0.0
0500000US39001,"Adams County, Ohio",39,001,0,348,210,321,10829,7998,2153,2252,27540,257,26370,110,45,132,9,24,593,321,2644,9483,1.3,60.3,1.2,49.3,6.4,76.6,20.7,8.2,20.2,0.9,95.8,0.4,0.2,0.5,0.0,0.1,2.2,1.17,14.1,92.4,0.4513,82.6213,0.0,0.0,0.0
0500000US39003,"Allen County, Ohio",39,003,13,2394,1071,3281,31433,39776,5691,5843,101348,3682,80069,9703,265,942,10,363,6314,3115,5089,41228,2.4,44.7,3.4,39.2,5.7,86.7,13.8,5.9,13.3,3.6,79.0,9.6,0.3,0.9,0.0,0.4,6.2,3.07,7.5,91.7,0.4396,71.6017,0.0,0.0,0.0
0500000US39005,"Ashland County, Ohio",39,005,24,617,310,2682,16601,20179,1854,3663,52256,935,49081,511,34,236,13,178,1268,1397,3096,21463,1.2,50.2,5.4,39.4,3.6,82.3,8.9,7.1,13.3,1.8,93.9,1.0,0.1,0.5,0.0,0.3,2.4,2.67,8.6,89.1,0.4037,74.4965,0.0,0.0,0.0
0500000US39007,"Ashtabula County, Ohio",39,007,9,1840,921,7258,33676,34533,7161,9652,97167,4843,84278,3625,44,421,33,284,3639,3408,8515,36575,1.9,50.1,7.9,42.9,6.6,82.5,18.2,10.3,17.6,5.0,86.7,3.7,0.0,0.4,0.0,0.3,3.7,3.51,12.4,89.2,0.4355,63.7617,0.0,0.0,0.0
0500000US39009,"Athens County, Ohio",39,009,16,2299,1508,3417,22904,19996,3314,3498,61737,1422,54699,1349,24,1257,0,120,2866,7611,3008,20674,3.7,65.6,5.8,42.6,6.5,69.6,14.4,5.7,21.5,2.3,88.6,2.2,0.0,2.0,0.0,0.2,4.6,12.33,8.3,74.9,0.4933,44.1069,0.0,0.0,0.0
0500000US39011,"Auglaize County, Ohio",39,011,24,257,102,442,12240,19438,1289,1595,46125,868,43493,447,12,152,0,66,1087,489,1629,20949,0.6,39.7,1.0,33.7,2.7,83.0,6.8,3.5,7.1,1.9,94.3,1.0,0.0,0.3,0.0,0.1,2.4,1.06,5.2,90.7,0.3881,81.8916,0.0,0.0,0.0
0500000US39013,"Belmont County, Ohio",39,013,9,794,311,994,25068,23210,4138,3407,65473,885,59366,1995,22,374,14,99,2718,3698,3762,25221,1.2,39.2,1.6,45.7,5.4,82.4,15.2,5.5,15.8,1.4,90.7,3.0,0.0,0.6,0.0,0.2,4.2,5.65,7.8,90.6,0.4434,73.3254,0.0,0.0,0.0
0500000US39015,"Brown County, Ohio",39,015,2,266,133,467,15065,15564,2904,2774,43845,572,41511,275,10,129,0,52,1296,523,3890,17104,0.6,50.0,1.1,42.9,4.9,81.7,16.9,6.4,19.6,1.3,94.7,0.6,0.0,0.3,0.0,0.1,3.0,1.19,12.7,91.8,0.4532,80.4747,0.0,0.0,0.0
0500000US39017,"Butler County, Ohio",39,017,220,31619,16746,39439,112773,158971,14429,24260,392876,27328,293022,32433,150,16962,400,1803,20778,11165,22284,154879,8.0,53.0,10.7,36.1,5.1,84.0,9.8,6.2,11.8,7.0,74.6,8.3,0.0,4.3,0.1,0.5,5.3,2.84,8.8,83.2,0.4403,62.6817,1.0,0.0,1.0
0500000US39019,"Carroll County, Ohio",39,019,11,57,39,1365,9845,9308,1344,2658,26659,355,25208,195,19,9,0,65,808,363,1787,9376,0.2,68.4,5.4,45.0,5.6,81.9,12.0,10.1,12.9,1.3,94.6,0.7,0.1,0.0,0.0,0.2,3.0,1.36,9.3,84.8,0.4306,76.952,0.0,0.0,0.0
0500000US39021,"Champaign County, Ohio",39,021,6,454,152,578,11546,15274,1599,1959,38804,708,35596,637,72,187,0,206,1398,543,2419,16218,1.2,33.5,1.6,36.8,4.8,81.0,10.2,5.1,8.0,1.8,91.7,1.6,0.2,0.5,0.0,0.5,3.6,1.4,8.8,88.5,0.3941,74.8913,0.0,0.0,0.0
0500000US39023,"Clark County, Ohio",39,023,71,3535,2316,5361,44599,47371,10097,8857,135158,5733,110444,10798,61,798,96,313,6915,2562,10328,50876,2.6,65.5,4.2,41.2,6.7,80.2,18.0,6.6,15.2,4.2,81.7,8.0,0.0,0.6,0.1,0.2,5.1,1.9,11.0,87.3,0.4332,64.2797,0.0,0.0,0.0
0500000US39025,"Clermont County, Ohio",39,025,81,4924,2343,6689,60825,88358,6700,12149,211181,5441,191425,3177,63,2414,0,1140,7521,2097,11700,87269,2.3,47.6,3.4,35.7,4.2,84.1,7.9,5.8,9.1,2.6,90.6,1.5,0.0,1.1,0.0,0.5,3.6,0.99,7.9,84.4,0.4355,67.4277,1.0,0.0,0.0
0500000US39027,"Clinton County, Ohio",39,027,25,915,716,1033,12678,15890,1888,2490,42012,976,38534,749,16,108,16,104,1509,1158,2167,17043,2.2,78.3,2.6,37.8,4.5,79.8,11.3,6.0,12.9,2.3,91.7,1.8,0.0,0.3,0.0,0.2,3.6,2.76,7.6,87.7,0.449,76.9238,0.0,0.0,0.0
0500000US39029,"Columbiana County, Ohio",39,029,3,969,536,1484,35646,37826,6288,6910,100704,1923,92652,1930,45,264,58,349,3483,3172,7475,40555,1.0,55.3,1.6,42.8,4.5,83.2,15.2,7.1,15.2,1.9,92.0,1.9,0.0,0.3,0.1,0.3,3.5,3.15,10.2,90.1,0.4625,74.0994,0.0,0.0,0.0
0500000US39031,"Coshocton County, Ohio",39,031,8,173,81,3290,12552,12728,2702,4420,36744,478,34634,202,29,177,0,114,1110,406,4176,12961,0.5,46.8,9.5,43.1,5.4,81.3,18.3,12.1,18.5,1.3,94.3,0.5,0.1,0.5,0.0,0.3,3.0,1.1,16.5,83.9,0.4528,75.6687,0.0,0.0,0.0
0500000US39033,"Crawford County, Ohio",39,033,0,515,355,905,13131,16066,2496,2510,41711,763,39211,310,8,352,0,15,1052,499,2551,17081,1.2,68.9,2.3,39.0,4.7,82.2,13.8,6.1,11.8,1.8,94.0,0.7,0.0,0.8,0.0,0.0,2.5,1.2,8.6,88.9,0.4246,76.078,0.0,0.0,0.0
0500000US39035,"Cuyahoga County, Ohio",39,035,653,95730,36903,145163,370144,503867,90557,70503,1245873,87528,704159,354721,787,41070,266,6362,50980,27122,75459,458131,7.7,38.5,12.3,36.2,6.6,82.9,16.3,5.7,16.1,7.0,56.5,28.5,0.1,3.3,0.0,0.5,4.1,2.18,8.5,77.0,0.5035,33.8521,0.0,0.0,0.0
0500000US39037,"Darke County, Ohio",39,037,11,509,329,891,16282,20019,1728,3666,51594,966,48816,293,0,281,0,77,1161,564,3251,21566,1.0,64.6,1.8,39.8,2.8,83.7,8.1,7.2,11.0,1.9,94.6,0.6,0.0,0.5,0.0,0.1,2.3,1.09,9.2,91.2,0.4466,82.342,0.0,0.0,0.0
0500000US39039,"Defiance County, Ohio",39,039,7,364,193,1888,11270,15352,1431,3195,38343,4270,32495,619,32,89,27,17,794,658,1910,16630,0.9,53.0,5.2,36.7,5.2,83.3,9.3,8.4,10.5,11.1,84.7,1.6,0.1,0.2,0.1,0.0,2.1,1.72,7.2,91.4,0.4014,69.4404,0.0,0.0,0.0
0500000US39041,"Delaware County, Ohio",39,041,116,22091,11050,24301,53355,97511,3002,10591,226834,7899,179540,9834,95,19472,28,928,9038,2073,4450,85254,9.7,50.0,11.3,30.1,3.0,81.1,3.6,4.7,4.7,3.5,79.2,4.3,0.0,8.6,0.0,0.4,4.0,0.91,2.9,72.1,0.4191,52.8128,0.0,0.0,0.0
0500000US39043,"Erie County, Ohio",39,043,49,1595,1090,2638,23687,28889,3695,3791,74581,3410,59349,6144,46,646,11,1142,3833,2503,3696,31440,2.1,68.3,3.7,38.3,5.3,80.1,11.4,5.2,13.0,4.6,79.6,8.2,0.1,0.9,0.0,1.5,5.1,3.36,6.8,88.7,0.4516,56.5876,0.0,0.0,0.0
0500000US39045,"Fairfield County, Ohio",39,045,46,7023,2385,8656,46504,62995,5469,9393,163453,4508,132271,15006,124,4915,139,348,6142,3222,6706,65047,4.3,34.0,5.6,35.9,3.8,79.3,9.1,5.9,8.0,2.8,80.9,9.2,0.1,3.0,0.1,0.2,3.8,1.97,6.0,83.0,0.416,61.5686,0.0,0.0,0.0
0500000US39047,"Fayette County, Ohio",39,047,3,544,303,1168,9555,10354,1653,2558,28876,721,26211,590,1,244,0,48,1061,411,2617,11870,1.9,55.7,4.3,41.5,3.7,79.9,14.3,9.0,15.5,2.5,90.8,2.0,0.0,0.8,0.0,0.2,3.7,1.42,13.2,92.4,0.4473,77.2095,0.0,1.0,0.0
0500000US39049,"Franklin County, Ohio",39,049,469,173661,88457,207879,322651,564473,60349,116715,1333048,99547,773111,308232,740,74014,446,7370,69588,28666,78944,518297,13.0,50.9,16.7,30.5,4.6,80.7,10.9,8.8,14.7,7.5,58.0,23.1,0.1,5.6,0.0,0.6,5.2,2.15,8.8,75.5,0.4686,35.2426,0.0,0.0,0.0
0500000US39051,"Fulton County, Ohio",39,051,8,724,399,1553,12178,16150,1633,2132,42240,3938,36817,141,17,120,5,138,1064,416,1597,18674,1.7,55.1,3.9,36.2,3.9,78.5,9.6,5.1,9.4,9.3,87.2,0.3,0.0,0.3,0.0,0.3,2.5,0.98,5.5,91.9,0.4161,70.7803,0.0,0.0,0.0
0500000US39053,"Gallia County, Ohio",39,053,13,346,79,781,10899,8698,2206,2485,29068,308,26915,576,34,237,1,281,716,601,2566,10250,1.2,22.8,2.9,47.3,3.5,74.2,19.0,8.7,16.4,1.1,92.6,2.0,0.1,0.8,0.0,1.0,2.5,2.07,12.9,88.5,0.4739,79.3263,0.0,0.0,0.0
0500000US39055,"Geauga County, Ohio",39,055,50,2547,376,10473,27993,38870,1572,7647,95481,1868,88516,921,35,478,4,412,3247,1122,5502,37523,2.7,14.8,11.6,36.3,3.0,81.5,4.4,8.1,5.6,2.0,92.7,1.0,0.0,0.5,0.0,0.4,3.4,1.18,8.2,79.8,0.4496,61.6534,0.0,0.0,0.0
0500000US39057,"Greene County, Ohio",39,057,70,8014,3070,9233,51287,60842,5229,8063,169688,5613,137906,9829,107,5074,30,1343,9786,7159,6741,68772,4.7,38.3,5.7,36.9,4.3,74.7,7.7,4.9,9.8,3.3,81.3,5.8,0.1,3.0,0.0,0.8,5.8,4.22,5.8,83.4,0.4273,59.3052,0.0,0.0,0.0
0500000US39059,"Guernsey County, Ohio",39,059,3,328,175,1781,13263,13383,2790,4507,38223,519,35670,721,9,132,0,129,1043,534,3552,15322,0.9,53.4,4.9,43.0,5.3,80.4,17.1,11.9,15.3,1.4,93.3,1.9,0.0,0.3,0.0,0.3,2.7,1.4,13.2,93.5,0.4383,75.6434,0.0,0.0,0.0
0500000US39061,"Hamilton County, Ohio",39,061,413,51996,29070,62901,223892,348584,43374,47911,830774,39995,517650,198910,1157,22401,472,5200,44989,19432,41285,317459,6.3,55.9,8.1,33.8,5.0,84.0,12.2,5.8,15.0,4.8,62.3,23.9,0.1,2.7,0.1,0.6,5.4,2.34,7.3,77.8,0.508,42.0315,0.0,0.0,0.0
0500000US39063,"Hancock County, Ohio",39,063,4,2505,1552,3587,21709,31531,2838,4216,74866,4588,65043,1364,14,1436,18,147,2256,1807,2184,32060,3.3,62.0,5.1,35.9,3.1,84.1,9.0,5.7,9.9,6.1,86.9,1.8,0.0,1.9,0.0,0.2,3.0,2.41,4.2,86.7,0.4245,68.6609,0.0,0.0,0.0
0500000US39065,"Hardin County, Ohio",39,065,6,301,140,1505,9331,11253,1448,3357,30475,732,28236,385,35,228,23,61,775,1845,1370,12383,1.0,46.5,5.2,38.4,4.6,78.8,12.4,11.1,17.3,2.4,92.7,1.3,0.1,0.7,0.1,0.2,2.5,6.05,7.4,88.9,0.4368,76.8712,0.0,0.0,0.0
0500000US39067,"Harrison County, Ohio",39,067,2,35,17,450,5587,4557,811,1711,14306,167,13410,382,4,17,0,12,314,252,1082,5038,0.2,48.6,3.3,48.2,4.6,80.2,13.6,12.2,13.1,1.2,93.7,2.7,0.0,0.1,0.0,0.1,2.2,1.76,10.5,89.5,0.4453,77.1308,0.0,0.0,0.0
0500000US39069,"Henry County, Ohio",39,069,6,303,120,878,7857,10633,701,1397,27567,2280,24217,138,23,35,24,141,709,380,1325,12317,1.1,39.6,3.4,35.8,3.9,78.7,6.1,5.1,8.7,8.3,87.8,0.5,0.1,0.1,0.1,0.5,2.6,1.38,6.9,92.4,0.444,72.9144,0.0,0.0,0.0
0500000US39071,"Highland County, Ohio",39,071,16,239,164,1028,13535,15563,2555,3257,43517,531,41070,515,33,58,0,57,1253,492,3708,17825,0.5,68.6,2.5,39.6,3.1,77.6,15.1,7.6,14.1,1.2,94.4,1.2,0.1,0.1,0.0,0.1,2.9,1.13,12.4,91.0,0.4131,81.3979,0.0,0.0,0.0
0500000US39073,"Hocking County, Ohio",39,073,9,263,40,333,9523,9406,1923,2041,27799,269,26306,94,12,127,0,109,882,212,2086,10983,0.9,15.2,1.3,42.4,5.4,77.0,16.6,7.4,16.0,1.0,94.6,0.3,0.0,0.5,0.0,0.4,3.2,0.76,10.5,91.2,0.4186,71.7548,0.0,0.0,0.0
0500000US39075,"Holmes County, Ohio",39,075,10,167,114,19927,11717,16184,645,18121,44418,467,43238,40,44,28,22,80,499,793,10977,13564,0.4,68.3,49.0,36.0,2.2,79.3,4.8,41.5,9.3,1.1,97.3,0.1,0.1,0.1,0.0,0.2,1.1,1.79,41.2,67.6,0.4297,84.1832,0.0,0.0,0.0
0500000US39077,"Huron County, Ohio",39,077,15,977,701,2424,17761,22522,2665,3736,58319,4297,51029,453,21,234,0,293,1992,755,3616,24335,1.7,71.8,4.4,38.4,4.5,83.1,11.3,6.5,13.2,7.4,87.5,0.8,0.0,0.4,0.0,0.5,3.4,1.29,9.1,90.9,0.4051,71.5902,0.0,0.0,0.0
0500000US39079,"Jackson County, Ohio",39,079,0,255,144,458,11229,11229,2588,2547,32650,332,31117,250,111,171,0,1,668,328,3018,12316,0.8,56.5,1.5,43.5,3.8,80.0,20.0,7.9,18.5,1.0,95.3,0.8,0.3,0.5,0.0,0.0,2.0,1.0,13.5,90.1,0.4784,78.7359,0.0,0.0,0.0
0500000US39081,"Jefferson County, Ohio",39,081,21,753,279,1236,23872,23435,4493,3292,64518,1243,57055,3288,32,374,0,246,2280,2449,3574,24103,1.2,37.1,2.0,44.5,5.0,82.8,16.6,5.2,16.5,1.9,88.4,5.1,0.0,0.6,0.0,0.4,3.5,3.8,7.8,86.9,0.4413,71.3756,0.0,0.0,0.0
0500000US39083,"Knox County, Ohio",39,083,14,859,613,3747,20143,24085,2462,7065,63142,1288,58688,557,8,492,1,325,1783,3366,3739,23268,1.4,71.4,6.3,40.0,2.5,81.9,10.5,11.3,11.6,2.0,92.9,0.9,0.0,0.8,0.0,0.5,2.8,5.33,9.0,80.7,0.4176,71.991,0.0,0.0,0.0
0500000US39085,"Lake County, Ohio",39,085,98,12436,4118,18458,65949,103164,7547,10471,232216,12314,195593,11024,162,3419,101,884,8719,2767,9394,100585,5.4,33.1,8.3,34.2,3.9,84.5,7.5,4.5,8.3,5.3,84.2,4.7,0.1,1.5,0.0,0.4,3.8,1.19,5.6,83.8,0.4293,56.7153,1.0,1.0,0.0
0500000US39087,"Lawrence County, Ohio",39,087,0,450,204,699,21539,18949,4751,3086,56819,630,53269,958,22,321,13,158,1448,611,4008,21630,0.8,45.3,1.3,46.6,2.7,79.2,21.0,5.5,17.7,1.1,93.8,1.7,0.0,0.6,0.0,0.3,2.5,1.08,9.9,92.1,0.4525,74.9186,0.0,0.0,0.0
0500000US39089,"Licking County, Ohio",39,089,121,8366,2297,11598,53646,71685,8177,9576,181837,4459,154713,7654,30,6787,52,1378,6764,3550,8039,70045,4.6,27.5,6.8,36.9,3.2,80.8,11.9,5.3,10.2,2.5,85.1,4.2,0.0,3.7,0.0,0.8,3.7,1.95,6.5,80.2,0.447,64.5477,0.0,0.0,0.0
0500000US39091,"Logan County, Ohio",39,091,10,728,381,1096,14722,17841,2201,2728,46089,1084,42154,771,42,252,0,92,1694,399,2458,18241,1.6,52.3,2.5,39.8,4.1,83.4,11.3,6.0,11.1,2.4,91.5,1.7,0.1,0.5,0.0,0.2,3.7,0.87,7.6,88.2,0.4449,77.6809,0.0,0.0,0.0
0500000US39093,"Lorain County, Ohio",39,093,123,9937,3740,23507,99743,122390,14487,16441,317129,35037,239518,22627,266,4367,0,1009,14305,8555,18163,125751,3.1,37.6,7.8,38.9,4.3,81.7,11.4,5.3,12.1,11.0,75.5,7.1,0.1,1.4,0.0,0.3,4.5,2.7,8.2,85.4,0.4627,52.3857,0.0,0.0,0.0
0500000US39095,"Lucas County, Ohio",39,095,236,16915,6631,24683,126569,167633,29998,20637,428018,33507,283012,80792,190,7340,183,1869,21125,8361,24824,171611,4.0,39.2,6.1,37.0,6.3,83.2,16.4,4.9,17.7,7.8,66.1,18.9,0.0,1.7,0.0,0.4,4.9,1.95,8.5,87.5,0.4852,43.2288,0.0,0.0,0.0
0500000US39097,"Madison County, Ohio",39,097,25,994,420,2410,15025,16397,1522,3089,44423,1395,38299,1908,79,562,14,159,2007,4467,3354,16940,2.2,42.3,5.7,40.9,3.5,78.4,9.7,7.7,8.5,3.1,86.2,4.3,0.2,1.3,0.0,0.4,4.5,10.06,10.4,82.9,0.3932,71.3,0.0,0.0,0.0
0500000US39099,"Mahoning County, Ohio",39,099,88,5440,2243,13152,78508,83741,18645,10992,226491,15428,166951,30724,140,1869,43,1038,10298,6214,13178,84400,2.4,41.2,6.1,42.2,6.4,83.2,19.0,4.9,18.9,6.8,73.7,13.6,0.1,0.8,0.0,0.5,4.5,2.74,8.1,86.1,0.4782,54.3445,0.0,0.0,0.0
0500000US39101,"Marion County, Ohio",39,101,23,983,335,2323,24709,21400,4191,3253,65020,2098,56085,3035,23,395,0,390,2994,5470,4908,23540,1.5,34.1,3.8,46.8,6.3,81.3,17.0,5.4,16.6,3.2,86.3,4.7,0.0,0.6,0.0,0.6,4.6,8.41,10.7,90.9,0.4444,70.2475,0.0,0.0,0.0
0500000US39103,"Medina County, Ohio",39,103,67,6100,1989,7678,49779,79250,4760,7285,183660,5002,167610,2007,81,1750,109,361,6740,1607,7448,78394,3.3,32.6,4.4,33.3,2.9,81.9,6.5,4.0,6.3,2.7,91.3,1.1,0.0,1.0,0.1,0.2,3.7,0.87,5.7,82.4,0.4217,61.944,0.0,0.0,0.0
0500000US39105,"Meigs County, Ohio",39,105,0,107,74,197,9276,6344,2282,1427,21896,116,20974,199,3,56,0,31,517,202,2145,7562,0.5,69.2,0.9,51.9,5.4,78.0,25.1,6.6,21.8,0.5,95.8,0.9,0.0,0.3,0.0,0.1,2.4,0.92,13.6,94.0,0.438,78.1442,0.0,0.0,0.0
0500000US39107,"Mercer County, Ohio",39,107,10,738,576,815,10868,17769,1119,1507,42484,951,40019,482,10,194,19,0,809,541,1358,19866,1.7,78.0,2.1,33.0,1.6,81.9,6.8,3.6,7.3,2.2,94.2,1.1,0.0,0.5,0.0,0.0,1.9,1.27,4.8,92.9,0.4027,82.979,0.0,0.0,0.0
0500000US39109,"Miami County, Ohio",39,109,42,3118,1313,3410,31695,44692,3455,5101,110296,2366,99179,1962,22,2062,0,397,4308,902,5570,46693,2.8,42.1,3.3,35.9,3.1,81.9,7.7,4.7,9.4,2.1,89.9,1.8,0.0,1.9,0.0,0.4,3.9,0.82,7.2,86.6,0.4147,72.1041,0.0,0.0,0.0
0500000US39111,"Monroe County, Ohio",39,111,0,83,32,183,5000,3965,757,1018,13227,18,12610,58,4,53,0,37,447,112,858,4990,0.6,38.6,1.5,46.1,5.4,71.6,13.4,7.7,15.2,0.1,95.3,0.4,0.0,0.4,0.0,0.3,3.4,0.85,9.0,91.9,0.4554,79.3996,0.0,0.0,0.0
0500000US39113,"Montgomery County, Ohio",39,113,249,28567,14008,36666,157721,207321,31126,34248,536096,22744,362682,109097,247,12029,97,2225,26975,16828,27110,210595,5.3,49.0,7.3,36.6,5.7,81.5,13.5,6.5,15.0,4.2,67.7,20.4,0.0,2.2,0.0,0.4,5.0,3.14,7.4,83.9,0.4587,49.2731,0.0,0.0,0.0
0500000US39115,"Morgan County, Ohio",39,115,0,98,29,472,5451,4388,935,864,13651,157,12320,399,15,18,0,137,605,148,1193,4955,0.7,29.6,3.6,48.9,3.5,79.9,16.4,6.4,12.9,1.2,90.2,2.9,0.1,0.1,0.0,1.0,4.4,1.08,12.2,91.8,0.407,76.2017,0.0,0.0,0.0
0500000US39117,"Morrow County, Ohio",39,117,0,357,94,2099,11177,13241,1594,3620,35404,684,33179,144,35,152,0,86,1124,315,2497,13883,1.0,26.3,6.3,38.9,2.9,78.0,11.8,10.3,12.8,1.9,93.7,0.4,0.1,0.4,0.0,0.2,3.2,0.89,9.9,82.5,0.4011,77.4726,0.0,0.0,0.0
0500000US39119,"Muskingum County, Ohio",39,119,20,628,344,2022,27951,31583,6638,5640,86411,1146,78242,2668,38,398,12,316,3591,1851,5563,35196,0.7,54.8,2.5,40.6,4.3,80.7,19.3,6.6,15.1,1.3,90.5,3.1,0.0,0.5,0.0,0.4,4.2,2.14,9.4,91.4,0.4496,71.5644,0.0,0.0,0.0
0500000US39121,"Noble County, Ohio",39,121,1,82,40,504,7384,3344,456,910,14282,247,13148,593,17,60,0,13,204,2426,1738,3956,0.6,48.8,3.7,62.6,1.4,76.8,9.9,7.7,10.6,1.7,92.1,4.2,0.1,0.4,0.0,0.1,1.4,16.99,15.7,93.0,0.4811,81.9672,0.0,0.0,0.0
0500000US39123,"Ottawa County, Ohio",39,123,27,327,182,927,14527,15010,1441,1547,39994,2113,36131,383,31,153,10,102,1071,574,1694,16228,0.8,55.7,2.4,42.7,3.1,79.6,7.8,3.9,8.4,5.3,90.3,1.0,0.1,0.4,0.0,0.3,2.7,1.44,5.6,87.6,0.4646,62.0701,0.0,0.0,0.0
0500000US39125,"Paulding County, Ohio",39,125,1,369,276,559,5605,7290,878,968,18791,1091,16905,34,21,100,0,6,634,84,1232,8201,2.0,74.8,3.2,37.4,3.6,80.7,11.5,5.2,8.9,5.8,90.0,0.2,0.1,0.5,0.0,0.0,3.4,0.45,9.5,93.8,0.4278,77.6436,0.0,0.0,0.0
0500000US39127,"Perry County, Ohio",39,127,4,191,131,984,12141,12315,2145,2876,35535,314,33992,73,0,47,0,46,1063,303,2879,14165,0.5,68.6,2.9,42.9,3.7,79.3,15.9,8.1,14.7,0.9,95.7,0.2,0.0,0.1,0.0,0.1,3.0,0.85,11.7,92.4,0.4385,76.8715,0.0,0.0,0.0
0500000US39129,"Pickaway County, Ohio",39,129,13,406,152,894,20163,21378,2630,3258,60131,1165,54491,1830,84,49,0,161,2351,4048,4276,22828,0.7,37.4,1.6,41.4,3.5,77.6,12.0,5.8,11.5,1.9,90.6,3.0,0.1,0.1,0.0,0.3,3.9,6.73,10.2,85.0,0.4186,73.7944,0.0,0.0,0.0
0500000US39131,"Pike County, Ohio",39,131,0,129,72,382,10653,8053,2583,1295,27044,150,25534,260,27,117,154,0,802,395,2440,9414,0.5,55.8,1.5,49.2,5.4,77.5,23.8,4.8,21.3,0.6,94.4,1.0,0.1,0.4,0.6,0.0,3.0,1.46,13.1,92.9,0.5208,76.5428,0.0,0.0,0.0
0500000US39133,"Portage County, Ohio",39,133,23,5965,3199,6977,48182,67712,6649,7992,161956,3717,139345,8087,130,3499,0,628,6550,7172,7665,65390,3.7,53.6,4.5,35.4,5.3,81.5,10.2,5.0,11.7,2.3,86.0,5.0,0.1,2.2,0.0,0.4,4.0,4.43,7.1,80.6,0.4472,57.291,1.0,1.0,0.0
0500000US39135,"Preble County, Ohio",39,135,8,241,109,579,12541,15902,1707,2170,40765,465,38721,268,8,53,0,124,1126,371,2166,17291,0.6,45.2,1.5,38.1,3.2,80.8,10.2,5.4,12.6,1.1,95.0,0.7,0.0,0.1,0.0,0.3,2.8,0.91,7.5,90.0,0.4063,79.1744,0.0,0.0,0.0
0500000US39137,"Putnam County, Ohio",39,137,0,532,325,1096,9325,13882,898,1043,34314,2315,31149,183,14,55,21,151,426,373,1081,15277,1.6,61.1,3.4,35.1,1.8,81.9,6.8,3.1,5.5,6.7,90.8,0.5,0.0,0.2,0.1,0.4,1.2,1.09,4.7,91.4,0.4012,83.8951,0.0,0.0,0.0
0500000US39139,"Richland County, Ohio",39,139,66,2061,735,5492,43994,44242,7440,9669,125099,2837,104913,8840,82,943,145,913,6426,6805,8776,48482,1.6,35.7,4.7,43.5,5.4,82.1,14.8,8.1,13.8,2.3,83.9,7.1,0.1,0.8,0.1,0.7,5.1,5.44,10.0,91.4,0.4298,70.7618,0.0,0.0,0.0
0500000US39141,"Ross County, Ohio",39,141,16,766,303,1333,28956,25082,4916,4822,76492,1092,67635,4178,146,417,26,291,2707,5339,5990,29104,1.0,39.6,1.8,46.4,3.8,78.1,16.5,6.8,15.7,1.4,88.4,5.5,0.2,0.5,0.0,0.4,3.5,6.98,11.0,93.0,0.4514,69.2366,0.0,0.0,0.0
0500000US39143,"Sandusky County, Ohio",39,143,23,1122,530,2807,19648,22596,3340,3633,58778,6430,48137,1655,66,296,6,245,1943,1101,2653,24132,1.9,47.2,5.0,41.2,4.3,84.2,13.5,6.3,15.0,10.9,81.9,2.8,0.1,0.5,0.0,0.4,3.3,1.87,6.4,92.1,0.4448,64.9852,0.0,0.0,0.0
0500000US39145,"Scioto County, Ohio",39,145,2,741,364,1065,29653,21090,6527,3972,72627,1144,66822,1673,68,353,18,132,2417,3334,5667,24910,1.0,49.1,1.5,50.5,5.9,77.2,22.6,5.7,21.8,1.6,92.0,2.3,0.1,0.5,0.0,0.2,3.3,4.59,11.2,91.8,0.4792,73.6947,0.0,0.0,0.0
0500000US39147,"Seneca County, Ohio",39,147,1,667,403,1371,17233,22338,3001,2849,54770,3123,48097,1299,92,288,12,205,1654,2674,2478,23284,1.2,60.4,2.6,38.5,3.6,84.1,13.5,5.3,11.9,5.7,87.8,2.4,0.2,0.5,0.0,0.4,3.0,4.88,6.7,89.0,0.4239,68.2461,1.0,1.0,0.0
0500000US39149,"Shelby County, Ohio",39,149,24,601,262,781,13058,19954,1657,2019,47929,835,43873,1073,13,271,16,183,1665,473,2747,21607,1.3,43.6,1.7,34.5,4.1,84.0,8.8,4.2,11.6,1.7,91.5,2.2,0.0,0.6,0.0,0.4,3.5,0.99,8.6,93.1,0.4189,82.0152,0.0,0.0,0.0
0500000US39151,"Stark County, Ohio",39,151,56,8085,3531,10970,115996,151364,19848,20437,373713,11359,313107,26381,223,3334,113,936,18260,7686,17805,149176,2.2,43.7,3.1,38.3,3.9,84.3,12.7,5.5,12.5,3.0,83.8,7.1,0.1,0.9,0.0,0.3,4.9,2.06,6.8,84.2,0.4366,60.5224,0.0,0.0,0.0
0500000US39153,"Summit County, Ohio",39,153,330,32244,14092,37212,156781,223270,32721,29845,537864,14635,394826,73927,294,23323,61,2270,28528,8779,27766,216010,6.0,43.7,7.3,35.6,5.1,83.2,14.1,5.6,12.8,2.7,73.4,13.7,0.1,4.3,0.0,0.4,5.3,1.63,7.2,82.0,0.4772,46.0246,0.0,0.0,0.0
0500000US39155,"Trumbull County, Ohio",39,155,58,2340,656,9005,73474,71538,12094,13859,200929,4601,169916,16092,117,1001,64,391,8747,3935,13775,76354,1.2,28.0,4.7,44.6,4.7,82.6,14.0,7.0,16.6,2.3,84.6,8.0,0.1,0.5,0.0,0.2,4.4,1.96,9.5,89.9,0.4498,57.9942,0.0,0.0,0.0
0500000US39157,"Tuscarawas County, Ohio",39,157,9,2153,1395,7642,28625,35453,5437,7763,92385,4306,84889,575,66,326,6,347,1870,1040,7114,36351,2.3,64.8,8.8,38.9,4.5,82.7,14.1,8.5,13.4,4.7,91.9,0.6,0.1,0.4,0.0,0.4,2.0,1.13,11.1,87.2,0.4241,71.2456,0.0,0.0,0.0
0500000US39159,"Union County, Ohio",39,159,30,4194,2153,5015,16770,28320,1177,2471,67324,2260,56920,1537,87,3375,0,326,2819,2545,1936,26050,6.2,51.3,7.9,31.6,2.6,80.2,4.9,3.8,5.0,3.4,84.5,2.3,0.1,5.0,0.0,0.5,4.2,3.78,4.2,75.9,0.4139,64.2932,0.0,0.0,0.0
0500000US39161,"Van Wert County, Ohio",39,161,8,375,223,791,8345,11777,867,1136,28826,1219,26431,138,44,100,0,23,871,322,1180,12921,1.3,59.5,2.9,36.0,3.4,82.5,7.5,4.0,9.0,4.2,91.7,0.5,0.2,0.3,0.0,0.1,3.0,1.12,5.9,91.9,0.383,78.8648,0.0,0.0,0.0
0500000US39163,"Vinton County, Ohio",39,163,0,137,0,332,4965,3636,1111,956,12630,25,12106,128,0,183,0,9,179,70,1553,4505,1.1,0.0,2.8,47.9,5.5,71.2,20.9,7.6,17.3,0.2,95.9,1.0,0.0,1.4,0.0,0.1,1.4,0.55,17.1,88.9,0.4353,78.9648,0.0,0.0,0.0
0500000US39165,"Warren County, Ohio",39,165,149,22638,11079,25632,67440,104680,4235,9577,250008,8749,204562,7904,165,17958,12,1634,9024,5484,8438,99592,9.1,48.9,10.8,33.9,3.1,82.5,4.6,3.9,6.0,3.5,81.8,3.2,0.1,7.2,0.0,0.7,3.6,2.19,4.9,79.6,0.4451,65.2719,1.0,0.0,0.0
0500000US39167,"Washington County, Ohio",39,167,10,732,294,1218,20488,21490,3347,3602,58978,741,55225,445,91,324,0,293,1859,1392,2611,23463,1.2,40.2,2.2,41.9,4.8,79.4,13.5,6.2,13.7,1.3,93.6,0.8,0.2,0.5,0.0,0.5,3.2,2.36,6.2,88.0,0.4451,71.4871,0.0,0.0,0.0
0500000US39169,"Wayne County, Ohio",39,169,13,3098,1770,15441,35693,44253,3632,15991,116588,2885,107644,1355,79,1322,0,426,2877,4313,10249,44113,2.7,57.1,14.1,39.0,3.3,81.8,8.2,13.9,9.4,2.5,92.3,1.2,0.1,1.1,0.0,0.4,2.5,3.7,13.3,83.2,0.4158,69.1703,0.0,0.0,0.0
0500000US39171,"Williams County, Ohio",39,171,8,498,275,1201,11563,14601,2195,1722,36719,1982,33347,221,17,241,8,65,838,958,2116,16003,1.4,55.2,3.5,39.0,4.0,84.2,14.2,4.8,12.7,5.4,90.8,0.6,0.0,0.7,0.0,0.2,2.3,2.61,8.2,94.2,0.4073,73.658,0.0,0.0,0.0
0500000US39173,"Wood County, Ohio",39,173,38,4964,2414,7324,37430,54526,3766,5501,132064,8677,112891,2736,160,2775,124,221,4480,5793,4164,56701,3.8,48.6,5.8,34.5,4.5,80.4,6.9,4.2,12.2,6.6,85.5,2.1,0.1,2.1,0.1,0.2,3.4,4.39,5.0,86.0,0.4716,54.5631,0.0,0.0,0.0
0500000US39175,"Wyandot County, Ohio",39,175,9,294,263,263,6508,8881,755,739,21598,674,20320,52,2,0,0,39,511,264,785,9710,1.4,89.5,1.3,37.4,1.9,83.0,8.4,3.5,8.8,3.1,94.1,0.2,0.0,0.0,0.0,0.2,2.4,1.22,5.2,92.2,0.4046,75.1888,0.0,0.0,0.0
0500000US40001,"Adair County, Oklahoma",40,001,0,398,191,1330,6803,5083,1805,3575,19575,1407,7632,148,7622,249,10,8,2499,587,2018,6985,2.0,48.0,7.3,44.9,6.9,65.4,25.3,18.5,21.5,7.2,39.0,0.8,38.9,1.3,0.1,0.0,12.8,3.0,15.8,90.4,0.4603,80.7607,0.0,0.0,0.0
0500000US40003,"Alfalfa County, Oklahoma",40,003,0,112,48,257,2657,1146,183,467,5696,351,4591,202,115,24,6,9,398,1245,622,1805,2.0,42.9,4.7,55.9,4.3,57.1,9.4,10.5,16.5,6.2,80.6,3.5,2.0,0.4,0.1,0.2,7.0,21.86,14.1,91.1,0.4177,87.5463,0.0,0.0,0.0
0500000US40005,"Atoka County, Oklahoma",40,005,0,173,103,518,6079,3415,742,2475,14379,636,9599,590,1320,14,2,13,2205,1491,1532,4586,1.2,59.5,3.8,52.0,4.6,63.9,14.9,19.2,17.3,4.4,66.8,4.1,9.2,0.1,0.0,0.1,15.3,10.37,15.0,87.5,0.4511,85.3409,0.0,0.0,0.0
0500000US40007,"Beaver County, Oklahoma",40,007,0,492,289,1146,1645,1531,71,575,5028,1439,3234,37,45,3,0,21,249,84,485,1931,9.8,58.7,24.3,41.8,2.6,68.6,4.2,11.6,13.3,28.6,64.3,0.7,0.9,0.1,0.0,0.4,5.0,1.67,14.6,88.9,0.4397,91.2429,0.0,0.0,0.0
0500000US40009,"Beckham County, Oklahoma",40,009,0,819,528,1616,8885,6113,1519,2104,22148,3006,16562,1021,347,255,0,10,947,2947,2635,7167,3.7,64.5,7.8,50.1,7.9,74.9,18.6,10.9,21.7,13.6,74.8,4.6,1.6,1.2,0.0,0.0,4.3,13.31,17.2,89.4,0.4555,84.3188,0.0,0.0,0.0
0500000US40011,"Blaine County, Oklahoma",40,011,2,335,279,851,3128,2251,482,927,8570,1078,6022,332,524,3,0,0,611,574,822,3029,3.9,83.3,10.6,46.9,8.4,69.3,14.3,11.6,17.4,12.6,70.3,3.9,6.1,0.0,0.0,0.0,7.1,6.7,14.1,94.9,0.4351,80.6656,1.0,1.0,0.0
0500000US40013,"Bryan County, Oklahoma",40,013,4,1243,868,2431,15878,14508,2486,8932,48253,3882,32604,1013,5961,347,28,54,4364,888,3828,18008,2.6,69.8,5.4,41.8,4.6,68.8,13.5,18.7,16.6,8.0,67.6,2.1,12.4,0.7,0.1,0.1,9.0,1.84,11.9,87.3,0.4319,78.5931,0.0,0.0,0.0
0500000US40015,"Caddo County, Oklahoma",40,015,0,1157,700,2332,9742,7387,1391,4199,26447,4487,14248,823,4152,106,0,39,2592,1409,2254,9531,4.4,60.5,9.4,46.2,5.8,69.3,15.4,16.8,18.3,17.0,53.9,3.1,15.7,0.4,0.0,0.1,9.8,5.33,12.5,90.9,0.4192,72.5147,0.0,0.0,0.0
0500000US40017,"Canadian County, Oklahoma",40,017,28,9093,3805,16034,42347,64264,4863,15513,168985,20269,118388,6411,4654,5220,141,1500,12402,2392,8209,73327,5.4,41.8,10.1,32.3,4.5,76.4,8.4,9.3,8.0,12.0,70.1,3.8,2.8,3.1,0.1,0.9,7.3,1.42,7.3,87.9,0.3922,69.1778,1.0,1.0,1.0
0500000US40019,"Carter County, Oklahoma",40,019,20,1523,806,3224,15153,17317,3090,6818,48555,4166,32267,2946,3266,608,0,206,5096,919,3890,19609,3.1,52.9,7.1,40.1,3.8,79.7,16.2,14.3,16.2,8.6,66.5,6.1,6.7,1.3,0.0,0.4,10.5,1.89,12.0,91.0,0.4727,76.6882,0.0,0.0,0.0
0500000US40021,"Cherokee County, Oklahoma",40,021,6,1681,1031,3586,16794,13284,3092,8667,47942,3829,21513,607,14875,427,31,59,6601,1850,3335,17667,3.5,61.3,7.9,43.2,5.1,63.7,16.5,18.2,18.2,8.0,44.9,1.3,31.0,0.9,0.1,0.1,13.8,3.86,10.8,86.1,0.4553,65.292,0.0,0.0,0.0
0500000US40023,"Choctaw County, Oklahoma",40,023,3,346,177,601,5267,3973,1472,2495,14297,723,8283,1394,2124,110,8,67,1588,185,1226,5055,2.4,51.2,4.5,47.2,4.8,70.8,24.9,17.7,23.2,5.1,57.9,9.8,14.9,0.8,0.1,0.5,11.1,1.29,12.6,91.3,0.4849,82.16,0.0,0.0,0.0
0500000US40025,"Cimarron County, Oklahoma",40,025,0,177,152,551,734,641,39,437,2218,561,1473,1,2,0,0,9,172,14,204,744,8.0,85.9,26.0,40.1,0.4,58.7,5.5,19.8,7.4,25.3,66.4,0.0,0.1,0.0,0.0,0.4,7.8,0.63,13.3,69.4,0.4617,91.9786,1.0,0.0,0.0
0500000US40027,"Cleveland County, Oklahoma",40,027,46,19931,9760,32225,87292,106747,11590,28480,300047,33060,201553,13878,10176,14032,21,1051,26276,12825,14798,125520,6.6,49.0,11.3,35.4,4.8,71.4,9.9,9.7,12.9,11.0,67.2,4.6,3.4,4.7,0.0,0.4,8.8,4.27,7.6,84.3,0.4388,56.3524,0.0,0.0,0.0
0500000US40029,"Coal County, Oklahoma",40,029,0,42,8,191,2027,1392,362,1181,5320,246,3414,19,511,27,2,0,1101,48,507,1710,0.8,19.0,3.9,48.0,7.5,68.6,17.6,22.4,20.8,4.6,64.2,0.4,9.6,0.5,0.0,0.0,20.7,0.9,14.4,86.0,0.4663,84.9094,0.0,0.0,0.0
0500000US40031,"Comanche County, Oklahoma",40,031,23,7049,3312,12934,38017,31314,7246,12356,121825,17883,65572,16910,4670,3237,715,734,12104,9571,7108,45316,5.8,47.0,11.4,39.6,7.1,69.5,16.1,11.5,18.1,14.7,53.8,13.9,3.8,2.7,0.6,0.6,9.9,7.86,9.0,85.1,0.4424,60.7368,0.0,0.0,0.0
0500000US40033,"Cotton County, Oklahoma",40,033,0,65,24,197,1926,1597,363,471,5485,424,4064,92,309,5,0,14,577,78,440,2178,1.2,36.9,3.8,43.9,3.5,67.7,17.8,8.7,20.5,7.7,74.1,1.7,5.6,0.1,0.0,0.3,10.5,1.42,11.7,92.9,0.5173,82.482,0.0,0.0,0.0
0500000US40035,"Craig County, Oklahoma",40,035,0,280,173,585,5729,3714,755,1999,14302,566,8740,479,2785,232,21,17,1462,1177,1460,4558,2.0,61.8,4.3,50.1,5.1,68.5,14.5,14.9,19.0,4.0,61.1,3.3,19.5,1.6,0.1,0.1,10.2,8.23,14.7,87.5,0.4376,78.2695,1.0,0.0,0.0
0500000US40037,"Creek County, Oklahoma",40,037,16,1383,730,2511,25026,25518,4169,7978,72830,3959,53196,1425,7867,511,0,183,5689,851,4544,27712,1.9,52.8,3.7,43.3,3.3,80.5,14.8,11.1,14.5,5.4,73.0,2.0,10.8,0.7,0.0,0.3,7.8,1.17,9.1,88.1,0.4477,76.9609,0.0,0.0,0.0
0500000US40039,"Custer County, Oklahoma",40,039,0,1420,889,3297,6992,11089,1303,3141,28259,5623,18594,723,1231,268,21,0,1799,1343,1877,12962,5.0,62.6,12.5,31.9,4.2,77.6,11.8,11.3,16.4,19.9,65.8,2.6,4.4,0.9,0.1,0.0,6.4,4.75,11.2,92.9,0.4775,75.6589,1.0,0.0,0.0
0500000US40041,"Delaware County, Oklahoma",40,041,0,770,232,1787,17191,12016,2682,5599,41279,1862,25637,151,8233,635,58,144,4559,617,3483,13709,1.9,30.1,4.5,50.3,5.2,74.7,15.6,13.7,19.0,4.5,62.1,0.4,19.9,1.5,0.1,0.3,11.0,1.49,11.5,87.1,0.475,79.5615,0.0,0.0,0.0
0500000US40043,"Dewey County, Oklahoma",40,043,0,67,60,122,1407,1295,148,538,4360,261,3523,2,158,4,0,0,412,76,228,1537,1.5,89.6,3.0,42.5,3.5,70.6,9.1,12.6,14.1,6.0,80.8,0.0,3.6,0.1,0.0,0.0,9.4,1.74,8.1,84.8,0.4261,89.5711,0.0,0.0,0.0
0500000US40045,"Ellis County, Oklahoma",40,045,0,136,106,188,1353,1037,170,401,3683,350,3061,14,49,31,0,6,172,61,233,1315,3.7,77.9,5.4,45.1,5.3,66.7,11.5,11.1,13.0,9.5,83.1,0.4,1.3,0.8,0.0,0.2,4.7,1.66,9.1,86.4,0.3996,87.4724,0.0,0.0,0.0
0500000US40047,"Garfield County, Oklahoma",40,047,1,3934,2507,7684,16854,21814,3734,7452,62146,9451,43568,1394,571,772,2398,21,3971,1739,4811,26389,6.3,63.7,13.2,35.2,4.9,77.1,15.6,12.4,12.5,15.2,70.1,2.2,0.9,1.2,3.9,0.0,6.4,2.8,11.9,92.5,0.4312,75.9614,0.0,0.0,0.0
0500000US40049,"Garvin County, Oklahoma",40,049,1,1164,782,1656,8837,8672,1438,4118,25860,2695,18605,340,993,151,3,92,2981,284,2249,9892,4.5,67.2,6.8,43.7,3.4,78.9,14.2,16.1,17.0,10.4,71.9,1.3,3.8,0.6,0.0,0.4,11.5,1.1,13.0,91.0,0.4409,82.4584,0.0,0.0,0.0
0500000US40051,"Grady County, Oklahoma",40,051,1,1198,677,2098,17675,19248,2534,6631,56606,4037,44542,1042,1917,277,12,135,4644,958,3536,23011,2.1,56.5,3.9,39.1,5.5,74.2,12.2,11.8,12.2,7.1,78.7,1.8,3.4,0.5,0.0,0.2,8.2,1.69,9.2,89.8,0.4196,80.5996,1.0,0.0,0.0
0500000US40053,"Grant County, Oklahoma",40,053,0,12,4,139,1429,1256,191,402,4131,194,3521,78,95,6,0,11,226,70,247,1484,0.3,33.3,3.6,44.1,4.3,72.3,11.8,9.9,17.5,4.7,85.2,1.9,2.3,0.1,0.0,0.3,5.5,1.69,8.5,88.1,0.4555,84.4235,0.0,0.0,0.0
0500000US40055,"Greer County, Oklahoma",40,055,0,67,28,254,2479,1044,494,331,5489,712,3972,328,70,10,0,6,391,1013,779,1685,1.2,41.8,4.9,55.3,7.3,56.7,25.4,7.4,16.9,13.0,72.4,6.0,1.3,0.2,0.0,0.1,7.1,18.46,19.9,91.3,0.4554,82.2985,0.0,0.0,0.0
0500000US40057,"Harmon County, Oklahoma",40,057,0,194,76,395,923,648,215,435,2406,773,1264,215,38,25,0,3,88,77,327,809,8.1,39.2,17.3,47.7,7.2,69.0,22.3,18.7,22.7,32.1,52.5,8.9,1.6,1.0,0.0,0.1,3.7,3.2,19.8,87.4,0.5205,80.3855,0.0,0.0,0.0
0500000US40059,"Harper County, Oklahoma",40,059,0,417,364,660,1014,912,59,445,3203,784,2269,2,45,2,0,0,101,56,264,1437,13.0,87.3,21.9,39.9,2.6,61.2,4.4,14.1,13.1,24.5,70.8,0.1,1.4,0.1,0.0,0.0,3.2,1.75,11.6,96.4,0.4066,88.4907,0.0,0.0,0.0
0500000US40061,"Haskell County, Oklahoma",40,061,0,286,180,490,4162,3266,1019,1873,11683,621,7904,32,1810,135,0,26,1155,77,1203,4236,2.4,62.9,4.5,44.8,6.6,68.3,22.2,16.1,20.8,5.3,67.7,0.3,15.5,1.2,0.0,0.2,9.9,0.66,15.0,89.6,0.4598,84.1977,0.0,0.0,0.0
0500000US40063,"Hughes County, Oklahoma",40,063,0,330,234,1090,6088,2770,638,1685,13389,838,8034,697,2631,60,5,193,931,1750,1454,3780,2.5,70.9,8.6,56.1,4.9,61.3,15.8,14.4,20.2,6.3,60.0,5.2,19.7,0.4,0.0,1.4,7.0,13.07,15.4,84.5,0.4265,80.3606,0.0,0.0,0.0
0500000US40065,"Jackson County, Oklahoma",40,065,0,1571,817,3893,6644,6773,1494,3014,24678,6162,15066,1431,228,416,34,44,1297,808,2129,10568,6.4,52.0,17.0,34.7,5.6,63.0,15.3,13.0,16.2,25.0,61.1,5.8,0.9,1.7,0.1,0.2,5.3,3.27,13.4,90.8,0.4334,78.1696,0.0,0.0,0.0
0500000US40067,"Jefferson County, Oklahoma",40,067,0,201,129,422,1929,1512,487,737,5380,589,4075,65,203,3,0,0,445,127,550,1782,3.7,64.2,8.3,46.3,5.2,71.5,22.5,14.0,23.1,10.9,75.7,1.2,3.8,0.1,0.0,0.0,8.3,2.36,15.1,85.7,0.459,85.0526,0.0,0.0,0.0
0500000US40069,"Johnston County, Oklahoma",40,069,0,139,120,308,4069,2806,756,1503,10278,630,6859,236,1305,6,3,10,1229,383,832,3444,1.4,86.3,3.2,49.8,4.5,71.7,19.4,14.7,22.9,6.1,66.7,2.3,12.7,0.1,0.0,0.1,12.0,3.73,12.2,89.4,0.4415,81.844,0.0,0.0,0.0
0500000US40071,"Kay County, Oklahoma",40,071,0,1291,750,2453,14056,13732,2880,4823,43625,3932,31058,777,3004,210,251,140,4253,1320,2735,17212,3.0,58.1,6.0,41.3,5.8,73.1,17.2,11.3,16.0,9.0,71.2,1.8,6.9,0.5,0.6,0.3,9.7,3.03,9.5,93.3,0.4443,73.8071,0.0,0.0,0.0
0500000US40073,"Kingfisher County, Oklahoma",40,073,0,1317,855,2360,4201,5072,466,1733,15430,2863,11180,73,524,86,23,0,681,255,1095,6672,8.5,64.9,16.3,35.6,2.1,68.2,8.2,11.4,12.8,18.6,72.5,0.5,3.4,0.6,0.1,0.0,4.4,1.65,10.8,91.1,0.4448,85.0607,0.0,0.0,0.0
0500000US40075,"Kiowa County, Oklahoma",40,075,0,85,21,568,3014,2282,715,734,8383,1019,6014,302,305,45,1,24,673,179,604,2854,1.0,24.7,7.2,46.0,5.2,68.1,20.8,8.9,22.9,12.2,71.7,3.6,3.6,0.5,0.0,0.3,8.0,2.14,10.4,87.0,0.4548,78.371,0.0,0.0,0.0
0500000US40077,"Latimer County, Oklahoma",40,077,0,70,29,157,4095,2266,731,1451,9518,391,5785,116,2379,26,0,5,816,333,996,3063,0.7,41.4,1.8,53.5,5.7,67.7,18.7,15.5,20.7,4.1,60.8,1.2,25.0,0.3,0.0,0.1,8.6,3.5,15.2,92.9,0.4466,82.2751,0.0,0.0,0.0
0500000US40079,"Le Flore County, Oklahoma",40,079,0,1760,1184,2998,18839,13559,3768,8267,49053,3903,33546,866,5444,356,29,40,4869,1678,4780,17168,3.6,67.3,6.5,48.7,5.2,72.5,20.9,17.4,19.4,8.0,68.4,1.8,11.1,0.7,0.1,0.1,9.9,3.42,14.5,92.0,0.4468,81.7586,0.0,0.0,0.0
0500000US40081,"Lincoln County, Oklahoma",40,081,3,302,142,579,11990,10558,1968,4044,34219,1364,27301,555,1855,192,17,124,2811,361,2586,12618,0.9,47.0,1.8,44.0,3.9,72.4,15.0,12.0,17.3,4.0,79.8,1.6,5.4,0.6,0.0,0.4,8.2,1.05,10.9,87.0,0.4491,80.7953,1.0,1.0,0.0
0500000US40083,"Logan County, Oklahoma",40,083,9,1966,1362,3349,17584,17091,1907,5925,51938,4664,38698,2957,1353,332,45,265,3624,1969,3005,20087,3.8,69.3,6.8,41.8,3.6,72.6,10.7,11.5,11.6,9.0,74.5,5.7,2.6,0.6,0.1,0.5,7.0,3.79,8.5,86.6,0.4593,73.4937,0.0,0.0,1.0
0500000US40085,"Love County, Oklahoma",40,085,5,667,362,1453,3246,3387,537,1339,10261,1867,6923,209,402,79,5,0,776,94,939,4130,6.5,54.3,15.1,40.0,5.2,73.7,13.8,13.2,15.0,18.2,67.5,2.0,3.9,0.8,0.0,0.0,7.6,0.92,13.5,92.8,0.4393,82.3944,0.0,0.0,0.0
0500000US40087,"McClain County, Oklahoma",40,087,5,1582,846,3002,12674,15549,1281,4271,45273,4414,34150,550,2478,269,2,138,3272,300,3197,19066,3.5,53.5,7.0,35.8,4.7,72.5,7.8,9.5,8.5,9.7,75.4,1.2,5.5,0.6,0.0,0.3,7.2,0.66,10.5,88.5,0.4299,79.4738,0.0,0.0,0.0
0500000US40089,"McCurtain County, Oklahoma",40,089,1,1061,650,2105,10859,8945,2376,4583,30863,2148,18160,2371,4200,321,506,45,3112,338,2819,11045,3.4,61.3,7.3,46.1,4.8,73.9,21.3,15.0,21.2,7.0,58.8,7.7,13.6,1.0,1.6,0.1,10.1,1.1,13.9,93.0,0.4625,83.8713,0.0,0.0,0.0
0500000US40091,"McIntosh County, Oklahoma",40,091,5,241,65,735,9275,4333,1589,3519,19400,637,12809,499,2932,186,18,13,2306,309,1789,5310,1.2,27.0,4.0,58.1,5.3,68.6,20.4,18.4,21.1,3.3,66.0,2.6,15.1,1.0,0.1,0.1,11.9,1.59,12.6,86.2,0.4809,75.6843,1.0,0.0,0.0
0500000US40093,"Major County, Oklahoma",40,093,0,354,237,544,2396,2445,405,617,7628,837,6218,1,64,34,0,24,450,108,517,3216,4.6,66.9,7.6,40.5,2.6,71.3,12.7,8.2,11.0,11.0,81.5,0.0,0.8,0.4,0.0,0.3,5.9,1.42,9.7,94.7,0.4144,88.7579,1.0,0.0,0.0
0500000US40095,"Marshall County, Oklahoma",40,095,0,892,544,1968,5926,4781,723,2831,15792,2866,9947,66,1045,69,24,48,1727,153,1488,5454,5.6,61.0,13.3,47.3,4.7,76.2,12.1,18.1,16.1,18.1,63.0,0.4,6.6,0.4,0.2,0.3,10.9,0.97,13.6,88.8,0.4481,81.1656,0.0,0.0,0.0
0500000US40097,"Mayes County, Oklahoma",40,097,14,439,196,1696,13591,12579,2160,5853,39604,1536,24572,143,7848,196,24,102,5183,405,2861,14535,1.1,44.6,4.5,43.1,6.3,74.9,14.1,14.9,16.2,3.9,62.0,0.4,19.8,0.5,0.1,0.3,13.1,1.02,10.5,87.7,0.4317,77.7829,0.0,0.0,0.0
0500000US40099,"Murray County, Oklahoma",40,099,0,271,227,615,4661,4515,605,1667,13753,994,9496,152,1691,0,38,0,1382,433,1255,5526,2.0,83.8,4.7,42.6,2.5,73.7,12.2,12.5,12.7,7.2,69.0,1.1,12.3,0.0,0.3,0.0,10.0,3.15,13.2,92.4,0.4878,79.6771,0.0,0.0,0.0
0500000US40101,"Muskogee County, Oklahoma",40,101,9,1789,1014,3219,24266,18442,5071,8818,66444,4961,35586,6415,11187,502,10,142,7641,3912,5467,22687,2.7,56.7,5.2,46.6,5.7,70.5,19.7,13.9,19.1,7.5,53.6,9.7,16.8,0.8,0.0,0.2,11.5,5.89,12.3,88.6,0.4417,67.9476,0.0,1.0,0.0
0500000US40103,"Noble County, Oklahoma",40,103,0,76,46,362,3798,3532,450,617,10897,511,8610,30,640,20,1,33,1052,351,770,4399,0.7,60.5,3.5,43.6,2.6,73.8,10.9,5.8,12.9,4.7,79.0,0.3,5.9,0.2,0.0,0.3,9.7,3.22,10.2,93.0,0.4217,77.7285,0.0,0.0,0.0
0500000US40105,"Nowata County, Oklahoma",40,105,0,109,52,207,3480,3067,648,1424,9435,300,6082,165,1453,66,0,31,1338,154,542,3370,1.2,47.7,2.3,46.3,4.5,79.7,17.6,15.2,17.2,3.2,64.5,1.7,15.4,0.7,0.0,0.3,14.2,1.63,8.3,88.6,0.4657,82.745,0.0,0.0,0.0
0500000US40107,"Okfuskee County, Oklahoma",40,107,0,275,99,688,4981,2704,761,1387,11278,442,6776,731,1992,113,0,9,1215,1385,1152,3263,2.4,36.0,6.5,55.2,3.5,69.5,19.0,13.6,25.8,3.9,60.1,6.5,17.7,1.0,0.0,0.1,10.8,12.28,14.6,85.6,0.4547,77.2317,0.0,0.0,0.0
0500000US40109,"Oklahoma County, Oklahoma",40,109,287,87237,53497,142380,215620,295419,48425,108398,806199,162060,420185,112924,17108,27155,587,3155,63025,15285,60446,328551,10.8,61.3,18.9,34.5,4.8,76.8,14.8,13.7,16.0,20.1,52.1,14.0,2.1,3.4,0.1,0.4,7.8,1.9,11.5,85.6,0.4914,49.7081,0.0,0.0,0.0
0500000US40111,"Okmulgee County, Oklahoma",40,111,21,419,225,1248,13824,10373,3042,4721,36899,1906,22417,2584,5459,170,0,83,4280,1407,2798,12662,1.1,53.7,3.6,47.1,7.3,72.2,21.4,13.0,18.0,5.2,60.8,7.0,14.8,0.5,0.0,0.2,11.6,3.81,11.3,89.6,0.4646,70.3882,1.0,1.0,0.0
0500000US40113,"Osage County, Oklahoma",40,113,5,659,283,1574,17098,14529,2418,4663,45997,2155,28542,4633,4904,116,8,101,5538,1719,3266,16954,1.4,42.9,3.6,45.5,5.3,75.0,13.9,10.5,13.1,4.7,62.1,10.1,10.7,0.3,0.0,0.2,12.0,3.74,9.9,89.2,0.4497,69.8274,0.0,0.0,0.0
0500000US40115,"Ottawa County, Oklahoma",40,115,21,805,564,1560,10758,8937,2096,4771,30341,1859,18918,343,5585,245,227,13,3151,1127,2411,11185,2.7,70.1,5.5,45.8,3.0,72.3,17.6,15.9,20.9,6.1,62.4,1.1,18.4,0.8,0.7,0.0,10.4,3.71,12.3,92.3,0.441,75.9528,1.0,0.0,0.0
0500000US40117,"Pawnee County, Oklahoma",40,117,0,231,102,445,5801,4702,947,1922,15795,615,11741,131,1442,81,60,35,1690,233,1393,5819,1.5,44.2,3.0,46.3,4.4,73.2,15.5,12.3,18.2,3.9,74.3,0.8,9.1,0.5,0.4,0.2,10.7,1.48,12.7,91.6,0.4425,78.561,0.0,0.0,0.0
0500000US40119,"Payne County, Oklahoma",40,119,6,5236,3888,6869,28280,25754,3303,8970,82972,5450,60968,2931,3048,3482,54,157,6882,9608,2901,30894,6.3,74.3,8.7,40.8,5.7,66.9,10.1,11.0,22.6,6.6,73.5,3.5,3.7,4.2,0.1,0.2,8.3,11.58,6.4,81.5,0.5205,61.3477,0.0,0.0,0.0
0500000US40121,"Pittsburg County, Oklahoma",40,121,3,583,329,1493,16337,11008,3243,6144,43561,2495,29452,1070,3459,213,49,96,6727,2200,3724,15370,1.3,56.4,3.6,47.0,5.7,63.5,18.2,14.8,17.7,5.7,67.6,2.5,7.9,0.5,0.1,0.2,15.4,5.05,12.3,90.6,0.4599,78.7674,0.0,0.0,0.0
0500000US40123,"Pontotoc County, Oklahoma",40,123,0,940,522,1376,11556,10718,2330,6118,38235,2503,23979,948,6906,416,38,0,3445,1166,2385,15663,2.5,55.5,3.8,38.7,3.7,60.9,15.4,16.3,12.6,6.5,62.7,2.5,18.1,1.1,0.1,0.0,9.0,3.05,9.4,89.7,0.4245,72.2749,0.0,0.0,0.0
0500000US40125,"Pottawatomie County, Oklahoma",40,125,3,1530,816,2902,26647,20718,5005,8671,73463,4682,51105,2108,7949,701,93,153,6672,3656,5576,26218,2.1,53.3,4.2,45.5,5.3,68.6,18.6,12.2,15.9,6.4,69.6,2.9,10.8,1.0,0.1,0.2,9.1,4.98,11.3,88.2,0.4367,72.6871,0.0,0.0,0.0
0500000US40127,"Pushmataha County, Oklahoma",40,127,0,118,93,411,4507,2707,785,1970,10790,467,7437,141,1775,40,18,22,890,118,947,3754,1.1,78.8,4.0,51.3,4.4,66.1,17.7,18.5,20.7,4.3,68.9,1.3,16.5,0.4,0.2,0.2,8.2,1.09,12.2,93.4,0.4813,85.6019,0.0,0.0,0.0
0500000US40129,"Roger Mills County, Oklahoma",40,129,0,78,53,123,1088,831,148,352,3359,287,2689,4,161,10,17,3,188,15,132,1269,2.3,67.9,3.9,41.5,3.2,55.9,10.5,10.5,14.7,8.5,80.1,0.1,4.8,0.3,0.5,0.1,5.6,0.45,5.6,86.2,0.4559,89.3249,0.0,0.0,0.0
0500000US40131,"Rogers County, Oklahoma",40,131,21,2839,1293,5599,28942,36975,3941,10700,98610,6085,68019,884,12059,1835,62,378,9288,1679,4904,39894,2.9,45.5,6.0,36.9,4.7,78.7,10.7,11.0,8.9,6.2,69.0,0.9,12.2,1.9,0.1,0.4,9.4,1.7,7.3,86.2,0.4232,76.6321,0.0,0.0,0.0
0500000US40133,"Seminole County, Oklahoma",40,133,0,565,306,858,9026,6206,2014,3942,23494,1331,14652,842,4237,103,12,77,2240,727,2112,7716,2.4,54.2,3.9,49.0,6.3,70.6,22.9,17.1,21.7,5.7,62.4,3.6,18.0,0.4,0.1,0.3,9.5,3.09,13.5,88.3,0.4492,73.9806,0.0,0.0,0.0
0500000US40135,"Sequoyah County, Oklahoma",40,135,0,817,407,2141,14991,11576,3283,5964,39860,2022,24159,768,7348,272,20,26,5245,408,4108,14353,2.0,49.8,5.7,47.6,4.7,74.1,21.2,15.1,20.2,5.1,60.6,1.9,18.4,0.7,0.1,0.1,13.2,1.02,15.1,92.1,0.4515,80.1579,1.0,0.0,0.0
0500000US40137,"Stephens County, Oklahoma",40,137,1,1166,598,2032,15815,13746,3096,5394,43551,3783,33727,568,1378,239,18,115,3723,597,3093,16251,2.7,51.3,4.9,45.4,5.2,76.6,17.6,12.6,18.0,8.7,77.4,1.3,3.2,0.5,0.0,0.3,8.5,1.37,10.2,91.9,0.4768,81.0526,0.0,0.0,0.0
0500000US40139,"Texas County, Oklahoma",40,139,0,4806,3647,8546,5725,7479,458,2459,20774,10816,7774,1124,146,267,0,52,595,425,3010,8627,23.1,75.9,44.6,36.8,3.4,79.2,6.7,11.9,15.7,52.1,37.4,5.4,0.7,1.3,0.0,0.3,2.9,2.05,23.9,92.3,0.4428,82.962,1.0,1.0,0.0
0500000US40141,"Tillman County, Oklahoma",40,141,0,209,159,863,2561,1925,517,704,6910,1919,4028,448,108,19,0,10,378,207,828,2396,3.0,76.1,13.3,46.5,5.9,69.8,19.4,10.4,21.0,27.8,58.3,6.5,1.6,0.3,0.0,0.1,5.5,3.0,17.8,87.4,0.4774,79.1946,0.0,0.0,0.0
0500000US40143,"Tulsa County, Oklahoma",40,143,311,67584,43118,104927,181181,271525,34993,89731,680794,107129,390141,63117,29948,25445,1166,2280,61568,10652,45342,276244,9.9,63.8,16.5,34.2,5.4,82.6,12.8,13.3,14.7,15.7,57.3,9.3,4.4,3.7,0.2,0.3,9.0,1.56,10.1,85.4,0.4826,56.5274,0.0,0.0,1.0
0500000US40145,"Wagoner County, Oklahoma",40,145,9,4416,2099,6898,24991,32837,2692,9713,86609,7584,57789,2960,6885,1896,24,365,9106,283,4602,36229,5.1,47.5,8.4,36.6,4.2,79.3,8.6,11.3,9.2,8.8,66.7,3.4,7.9,2.2,0.0,0.4,10.5,0.33,7.7,89.0,0.4074,73.9903,0.0,0.0,0.0
0500000US40147,"Washington County, Oklahoma",40,147,12,1889,889,3274,17899,18957,3254,5846,53326,3694,37430,1275,4354,1070,11,39,5453,1159,2667,20172,3.5,47.1,6.5,42.7,4.4,82.4,15.5,11.1,16.1,6.9,70.2,2.4,8.2,2.0,0.0,0.1,10.2,2.17,7.4,88.4,0.4825,72.6504,0.0,0.0,0.0
0500000US40149,"Washita County, Oklahoma",40,149,0,185,114,584,3429,3427,616,1214,10815,1045,8835,136,198,14,2,23,562,206,878,4058,1.7,61.6,5.7,40.4,5.7,71.9,14.9,11.4,14.1,9.7,81.7,1.3,1.8,0.1,0.0,0.2,5.2,1.9,11.8,86.9,0.4208,86.6294,1.0,0.0,0.0
0500000US40151,"Woods County, Oklahoma",40,151,0,134,113,319,2707,2688,328,610,8596,641,7025,221,168,3,0,60,478,996,536,3668,1.6,84.3,3.9,38.7,4.6,65.8,9.2,7.6,19.9,7.5,81.7,2.6,2.0,0.0,0.0,0.7,5.6,11.59,10.3,90.2,0.4456,81.2259,0.0,0.0,0.0
0500000US40153,"Woodward County, Oklahoma",40,153,0,1017,756,2046,5859,6917,731,2436,20158,3073,15288,220,565,78,5,31,898,842,1603,8725,5.0,74.3,10.8,36.7,6.2,73.3,9.2,12.5,14.0,15.2,75.8,1.1,2.8,0.4,0.0,0.2,4.5,4.18,11.7,93.3,0.439,85.2161,0.0,0.0,0.0
0500000US41001,"Baker County, Oregon",41,001,0,332,93,366,7168,4549,1225,694,16840,896,14790,221,150,63,9,59,652,597,981,5047,2.0,28.0,2.3,51.4,5.6,71.2,16.7,4.2,14.9,5.3,87.8,1.3,0.9,0.4,0.1,0.4,3.9,3.55,7.8,81.8,0.4417,72.8286,0.0,0.0,0.0
0500000US41003,"Benton County, Oregon",41,003,0,9567,5687,12089,32368,31942,5123,4638,96303,9031,73428,1103,381,6365,196,550,5249,6754,2801,30339,9.9,59.4,13.0,38.9,7.0,67.7,13.3,4.8,18.2,9.4,76.2,1.1,0.4,6.6,0.2,0.6,5.5,7.01,4.6,66.0,0.5023,28.243,0.0,0.0,0.0
0500000US41005,"Clackamas County, Oregon",41,005,10,37183,14906,49453,126614,170232,16492,18331,423975,42768,324526,4293,1365,21434,994,2525,26070,4450,16045,151919,8.8,40.1,12.3,36.5,4.4,81.0,10.1,4.3,7.7,10.1,76.5,1.0,0.3,5.1,0.2,0.6,6.1,1.05,5.3,73.7,0.4521,43.2046,0.0,0.0,0.0
0500000US41007,"Clatsop County, Oregon",41,007,0,1826,995,2726,15291,13886,2752,2881,41363,4156,33275,383,120,514,25,76,2814,786,2141,14425,4.4,54.5,6.9,43.8,4.7,75.6,15.3,7.1,12.3,10.0,80.4,0.9,0.3,1.2,0.1,0.2,6.8,1.9,6.8,79.4,0.4636,42.5633,0.0,0.0,0.0
0500000US41009,"Columbia County, Oregon",41,009,1,1858,785,2386,18478,19501,3258,2894,53493,3603,45096,332,401,423,227,187,3224,487,4015,20015,3.5,42.2,4.7,42.1,4.1,80.1,15.6,5.4,8.9,6.7,84.3,0.6,0.7,0.8,0.4,0.3,6.0,0.91,10.3,84.4,0.3864,54.9786,0.0,0.0,0.0
0500000US41011,"Coos County, Oregon",41,011,3,2565,1203,3245,26592,18902,6711,4423,64827,4720,53192,265,955,697,44,161,4793,1389,4085,22136,4.0,46.9,5.2,48.6,6.0,72.0,23.4,6.9,16.1,7.3,82.1,0.4,1.5,1.1,0.1,0.2,7.4,2.14,8.3,85.9,0.4669,58.3434,0.0,0.0,0.0
0500000US41013,"Crook County, Oregon",41,013,0,890,131,1635,9250,9371,1579,1501,26277,2071,22553,138,200,82,0,52,1181,194,2090,9663,3.4,14.7,6.5,42.5,5.9,79.6,14.6,5.7,11.3,7.9,85.8,0.5,0.8,0.3,0.0,0.2,4.5,0.74,10.7,84.3,0.4131,73.7068,0.0,0.0,0.0
0500000US41015,"Curry County, Oregon",41,015,0,1378,399,1274,11118,5876,1676,1142,23381,1809,19230,5,298,217,31,150,1641,264,1667,6542,5.9,29.0,5.6,54.9,5.8,68.4,15.0,4.9,15.2,7.7,82.2,0.0,1.3,0.9,0.1,0.6,7.0,1.13,8.7,77.5,0.4335,56.338,0.0,0.0,0.0
0500000US41017,"Deschutes County, Oregon",41,017,13,10076,5728,14566,62585,82376,8417,12736,206334,19035,172275,710,758,2029,305,1106,10116,1421,7110,73800,4.9,56.8,7.4,36.4,4.4,78.9,9.9,6.2,8.8,9.2,83.5,0.3,0.4,1.0,0.1,0.5,4.9,0.69,4.6,72.2,0.4611,43.0618,0.0,0.0,0.0
0500000US41019,"Douglas County, Oregon",41,019,52,3150,1106,4594,47024,32445,10041,5762,112072,7444,94380,373,931,931,88,844,7081,2247,7287,35299,2.8,35.1,4.3,50.4,5.4,74.2,21.1,5.2,16.3,6.6,84.2,0.3,0.8,0.8,0.1,0.8,6.3,2.0,8.7,83.7,0.4553,67.2432,0.0,0.0,0.0
0500000US41021,"Gilliam County, Oregon",41,021,0,79,56,147,830,568,101,109,1971,186,1576,0,32,0,0,22,155,37,169,666,4.0,70.9,7.6,50.2,2.8,71.0,11.5,5.6,15.3,9.4,80.0,0.0,1.6,0.0,0.0,1.1,7.9,1.88,11.3,83.3,0.4593,70.9877,0.0,0.0,0.0
0500000US41023,"Grant County, Oregon",41,023,0,121,57,129,3048,1818,538,533,7209,306,6263,9,38,57,0,40,496,187,471,2287,1.7,47.1,1.9,49.8,5.2,62.4,15.6,7.5,12.8,4.2,86.9,0.1,0.5,0.8,0.0,0.6,6.9,2.59,8.4,80.0,0.409,78.3214,0.0,0.0,0.0
0500000US41025,"Harney County, Oregon",41,025,0,174,110,339,2857,1897,723,455,7499,421,6341,140,135,0,35,3,424,204,517,2610,2.3,63.2,4.7,45.6,3.7,58.6,23.1,6.2,13.7,5.6,84.6,1.9,1.8,0.0,0.5,0.0,5.7,2.72,9.4,80.4,0.4668,77.7203,0.0,0.0,0.0
0500000US41027,"Hood River County, Oregon",41,027,0,3217,2107,5988,6187,9934,1202,2260,23905,7325,14781,181,24,190,33,221,1150,895,2281,8839,13.5,65.5,26.5,32.0,3.8,78.8,13.4,9.5,8.0,30.6,61.8,0.8,0.1,0.8,0.1,0.9,4.8,3.74,13.5,71.8,0.4615,30.3297,0.0,0.0,0.0
0500000US41029,"Jackson County, Oregon",41,029,72,11820,6016,19993,76800,79398,16488,12512,222645,32570,171054,1341,778,2218,142,1167,13375,4282,12927,79848,5.3,50.9,9.4,42.0,5.4,79.2,17.9,5.7,12.4,14.6,76.8,0.6,0.3,1.0,0.1,0.5,6.0,1.92,8.0,81.5,0.4614,51.6367,0.0,0.0,0.0
0500000US41031,"Jefferson County, Oregon",41,031,0,1735,1059,4019,9082,7413,2176,1768,25203,5372,14447,142,2779,118,17,224,2104,1179,1936,8668,6.9,61.0,17.0,44.9,8.1,72.5,24.7,7.3,13.4,21.3,57.3,0.6,11.0,0.5,0.1,0.9,8.3,4.68,11.0,88.0,0.4256,63.4383,0.0,0.0,0.0
0500000US41033,"Josephine County, Oregon",41,033,12,3389,1513,4870,36933,25378,8836,5733,88179,7777,73076,367,323,693,112,735,5096,1452,6318,27833,3.8,44.6,5.8,50.3,6.4,74.4,24.1,6.6,15.6,8.8,82.9,0.4,0.4,0.8,0.1,0.8,5.8,1.65,9.6,83.7,0.4771,62.7247,0.0,0.0,0.0
0500000US41035,"Klamath County, Oregon",41,035,5,3301,1606,5747,27833,19062,6861,4728,70247,9748,52278,507,1643,650,190,383,4848,1286,5247,22715,4.7,48.7,8.7,49.1,7.2,72.9,23.7,6.8,18.3,13.9,74.4,0.7,2.3,0.9,0.3,0.5,6.9,1.83,10.6,86.3,0.4847,69.4777,0.0,0.0,0.0
0500000US41037,"Lake County, Oregon",41,037,0,275,138,451,3539,2057,591,375,8267,896,6512,40,175,12,0,130,502,588,568,2621,3.3,50.2,5.7,50.9,4.1,62.9,17.0,4.9,14.9,10.8,78.8,0.5,2.1,0.1,0.0,1.6,6.1,7.11,9.1,82.5,0.4313,81.201,0.0,0.0,0.0
0500000US41039,"Lane County, Oregon",41,039,85,20842,10382,32210,129560,138565,30686,21276,384207,40225,300302,4145,2655,9769,695,1740,24676,10107,18008,134316,5.4,49.8,8.8,39.8,6.4,75.7,19.1,5.6,15.3,10.5,78.2,1.1,0.7,2.5,0.2,0.5,6.4,2.63,6.7,74.6,0.4561,36.6216,0.0,0.0,0.0
0500000US41041,"Lincoln County, Oregon",41,041,2,2907,1465,4410,22511,14136,4876,3971,50964,5237,39899,183,1024,601,51,389,3580,597,3094,15725,5.7,50.4,9.0,51.1,8.0,71.6,21.1,7.9,15.9,10.3,78.3,0.4,2.0,1.2,0.1,0.8,7.0,1.17,7.8,81.3,0.4621,39.0719,0.0,0.0,0.0
0500000US41043,"Linn County, Oregon",41,043,4,5652,3276,9537,41893,45220,10009,8180,130706,13937,106209,513,496,1353,214,636,7348,1647,7158,49142,4.3,58.0,7.7,40.0,6.0,76.5,19.7,6.3,13.0,10.7,81.3,0.4,0.4,1.0,0.2,0.5,5.6,1.26,7.8,85.0,0.4048,60.3088,0.0,0.0,0.0
0500000US41045,"Malheur County, Oregon",41,045,0,2355,1597,6325,12322,8707,2916,2565,31954,10864,19232,321,200,372,42,38,885,3733,3424,9893,7.4,67.8,21.1,49.6,5.2,73.5,28.3,9.0,17.6,34.0,60.2,1.0,0.6,1.2,0.1,0.1,2.8,11.68,16.3,86.1,0.4501,70.4431,0.0,0.0,0.0
0500000US41047,"Marion County, Oregon",41,047,30,47850,29963,84008,105316,123852,24964,29501,349244,101164,211930,4094,1885,6882,3702,1848,17739,11173,32691,130150,13.7,62.6,25.6,38.0,5.3,76.3,19.7,8.6,13.0,29.0,60.7,1.2,0.5,2.0,1.1,0.5,5.1,3.2,13.9,81.6,0.4385,49.1981,0.0,0.0,0.0
0500000US41049,"Morrow County, Oregon",41,049,0,2229,1691,3829,3852,4285,843,1181,12300,5167,6462,103,9,27,8,30,494,66,1864,4531,18.1,75.9,33.4,41.0,2.4,79.4,19.5,9.6,13.2,42.0,52.5,0.8,0.1,0.2,0.1,0.2,4.0,0.54,23.8,87.6,0.4157,72.0203,0.0,0.0,0.0
0500000US41051,"Multnomah County, Oregon",41,051,57,104459,45864,143696,205784,358119,56291,44948,801477,108265,522687,42192,3171,59173,4719,4632,56638,21431,45047,260998,13.0,43.9,18.8,30.4,5.7,80.6,16.1,5.6,12.6,13.5,65.2,5.3,0.4,7.4,0.6,0.6,7.1,2.67,7.5,60.1,0.4754,17.0812,0.0,0.0,0.0
0500000US41053,"Polk County, Oregon",41,053,6,5680,2664,10175,29291,29108,6530,4341,89662,13990,66254,581,971,1666,514,563,5123,2152,4922,31036,6.3,46.9,12.0,40.2,5.7,71.0,19.8,4.9,12.7,15.6,73.9,0.6,1.1,1.9,0.6,0.6,5.7,2.4,8.3,77.1,0.441,49.9401,0.0,0.0,0.0
0500000US41055,"Sherman County, Oregon",41,055,0,14,10,50,807,508,191,50,1938,85,1655,9,9,5,0,4,171,4,119,631,0.7,71.4,2.7,50.6,1.0,65.0,23.8,2.6,22.0,4.4,85.4,0.5,0.5,0.3,0.0,0.2,8.8,0.21,8.8,81.9,0.4269,76.5262,0.0,0.0,0.0
0500000US41057,"Tillamook County, Oregon",41,057,0,1414,1009,2574,11663,7671,1921,1283,27496,3122,22345,218,103,212,29,84,1383,879,1962,7877,5.1,71.4,9.7,50.4,4.5,70.0,16.1,4.8,12.7,11.4,81.3,0.8,0.4,0.8,0.1,0.3,5.0,3.2,9.3,73.1,0.4461,49.0463,0.0,0.0,0.0
0500000US41059,"Umatilla County, Oregon",41,059,0,8725,6017,17495,25675,25707,5875,5105,79940,23747,49135,582,1556,547,175,365,3833,3976,8393,30563,10.9,69.0,23.3,40.9,5.0,73.1,20.5,6.7,11.8,29.7,61.5,0.7,1.9,0.7,0.2,0.5,4.8,4.97,15.8,88.7,0.4232,67.1673,0.0,0.0,0.0
0500000US41061,"Union County, Oregon",41,061,0,1036,620,1227,8639,8616,2114,1804,26144,1441,22439,222,137,300,391,206,1008,506,1136,9515,4.0,59.8,4.9,40.8,5.7,73.2,19.4,6.9,16.1,5.5,85.8,0.8,0.5,1.1,1.5,0.8,3.9,1.94,6.5,81.6,0.4647,68.2174,0.0,0.0,0.0
0500000US41063,"Wallowa County, Oregon",41,063,0,139,45,288,2735,2281,406,472,7553,315,6737,99,11,22,0,64,305,102,350,2368,1.8,32.4,4.0,44.0,3.8,68.2,12.0,6.3,7.8,4.2,89.2,1.3,0.1,0.3,0.0,0.8,4.0,1.35,6.1,72.3,0.4265,65.8966,0.0,0.0,0.0
0500000US41065,"Wasco County, Oregon",41,065,0,2622,1731,4735,8606,9024,2299,2229,26552,5470,18810,114,469,185,87,46,1371,1270,2618,9660,9.9,66.0,18.8,40.0,7.7,75.8,21.8,8.5,11.6,20.6,70.8,0.4,1.8,0.7,0.3,0.2,5.2,4.78,13.8,83.4,0.4878,51.0567,0.0,0.0,0.0
0500000US41067,"Washington County, Oregon",41,067,22,110302,55268,147297,153737,269219,24720,31088,603947,112182,362515,13165,1554,68747,2866,3476,39442,8179,30888,216628,18.3,50.1,25.8,31.4,4.5,84.1,10.5,5.2,8.1,18.6,60.0,2.2,0.3,11.4,0.5,0.6,6.5,1.35,7.3,68.6,0.4284,31.0758,0.0,0.0,0.0
0500000US41069,"Wheeler County, Oregon",41,069,0,50,38,64,731,301,78,48,1485,72,1237,0,1,7,0,17,151,23,112,404,3.4,76.0,4.5,54.7,2.6,51.0,11.1,3.2,10.8,4.8,83.3,0.0,0.1,0.5,0.0,1.1,10.2,1.55,9.0,71.8,0.4897,71.1982,0.0,0.0,0.0
0500000US41071,"Yamhill County, Oregon",41,071,3,9155,5466,14350,35939,39416,6210,6207,108734,19181,79063,795,753,2104,227,755,5856,6201,7779,38138,8.4,59.7,13.9,40.6,4.8,78.7,15.8,5.9,10.3,17.6,72.7,0.7,0.7,1.9,0.2,0.7,5.4,5.7,10.4,78.1,0.4436,51.1003,0.0,0.0,0.0
0500000US42001,"Adams County, Pennsylvania",42,001,3,3942,2200,6802,31953,44592,3350,6278,106115,8213,92120,1716,19,1000,5,436,2606,4458,6439,43892,3.7,55.8,6.7,36.3,3.4,82.4,8.2,6.0,8.2,7.7,86.8,1.6,0.0,0.9,0.0,0.4,2.5,4.2,8.6,83.5,0.3994,66.3611,0.0,0.0,0.0
0500000US42003,"Allegheny County, Pennsylvania",42,003,202,81618,40743,99734,364285,542428,70877,47146,1238177,36691,934734,152924,628,53578,187,6773,52662,36969,39075,425568,6.6,49.9,8.5,35.2,5.0,85.3,13.0,3.8,11.5,3.0,75.5,12.4,0.1,4.3,0.0,0.5,4.3,2.99,4.3,68.2,0.4852,39.3606,0.0,0.0,0.0
0500000US42005,"Armstrong County, Pennsylvania",42,005,0,482,273,1694,23158,25027,4387,2590,64622,605,61357,608,8,211,0,116,1717,771,3353,25368,0.7,56.6,2.7,42.9,4.3,84.9,15.6,4.0,11.8,0.9,94.9,0.9,0.0,0.3,0.0,0.2,2.7,1.19,7.0,86.8,0.4293,76.2305,0.0,0.0,0.0
0500000US42007,"Beaver County, Pennsylvania",42,007,5,3080,1026,5178,52367,69581,10006,6402,166324,3968,143523,10253,55,795,24,561,7145,2847,5630,65264,1.9,33.3,3.3,38.0,5.3,85.9,13.8,3.9,9.9,2.4,86.3,6.2,0.0,0.5,0.0,0.3,4.3,1.71,4.6,82.2,0.4316,59.9275,1.0,0.0,0.0
0500000US42009,"Bedford County, Pennsylvania",42,009,0,582,255,1339,16839,18066,3116,3663,47513,644,45325,339,24,214,0,56,911,472,3341,19222,1.2,43.8,3.0,42.7,3.9,83.1,15.8,7.8,11.6,1.4,95.4,0.7,0.1,0.5,0.0,0.1,1.9,0.99,9.5,89.4,0.4308,84.0128,0.0,0.0,0.0
0500000US42011,"Berks County, Pennsylvania",42,011,19,42175,20466,87036,124816,181718,22640,31112,433015,107531,288465,17109,212,5418,95,2047,12138,13629,34292,171899,9.7,48.5,21.3,35.7,5.4,85.5,13.9,7.3,12.2,24.8,66.6,4.0,0.0,1.3,0.0,0.5,2.8,3.15,11.6,82.5,0.4455,55.6034,0.0,0.0,0.0
0500000US42013,"Blair County, Pennsylvania",42,013,2,1837,978,3771,41493,45451,9068,6937,121277,1925,111091,2293,37,849,0,208,4874,4098,5338,48383,1.5,53.2,3.3,41.5,4.4,81.4,17.9,5.8,12.0,1.6,91.6,1.9,0.0,0.7,0.0,0.2,4.0,3.38,6.2,88.1,0.446,71.3668,0.0,0.0,0.0
0500000US42015,"Bradford County, Pennsylvania",42,015,0,1006,391,1413,21299,20702,3572,3996,59858,1011,56341,546,39,327,0,204,1390,707,3943,21877,1.7,38.9,2.5,44.1,6.3,81.8,14.5,6.7,12.6,1.7,94.1,0.9,0.1,0.5,0.0,0.3,2.3,1.18,9.3,87.9,0.4465,73.5349,0.0,1.0,0.0
0500000US42017,"Bucks County, Pennsylvania",42,017,33,67624,22708,83016,181872,285207,19418,25315,647461,42668,517605,23810,284,32447,69,4999,25579,9454,23388,251532,10.4,33.6,13.4,34.0,4.4,84.5,7.8,3.9,6.1,6.6,79.9,3.7,0.0,5.0,0.0,0.8,4.0,1.46,5.0,75.9,0.4472,49.5531,0.0,0.0,0.0
0500000US42019,"Butler County, Pennsylvania",42,019,9,4774,2173,6906,61386,81823,7285,6729,197254,3981,181959,2096,46,2832,36,983,5321,5547,6114,77057,2.4,45.5,3.7,37.5,4.4,83.7,9.0,3.4,8.1,2.0,92.2,1.1,0.0,1.4,0.0,0.5,2.7,2.81,4.3,80.0,0.455,65.6892,1.0,0.0,0.0
0500000US42021,"Cambria County, Pennsylvania",42,021,1,1486,605,3294,50037,45610,10559,4199,131538,2796,118621,3726,56,722,5,219,5393,6652,6541,47322,1.1,40.7,2.6,45.7,4.7,80.5,18.9,3.3,14.2,2.1,90.2,2.8,0.0,0.5,0.0,0.2,4.1,5.06,6.9,85.1,0.4592,69.4557,0.0,1.0,0.0
0500000US42023,"Cameron County, Pennsylvania",42,023,0,38,4,50,1771,1434,577,93,4427,31,4091,4,13,20,0,31,237,47,252,1685,0.9,10.5,1.2,47.4,7.8,79.3,26.0,2.1,13.5,0.7,92.4,0.1,0.3,0.5,0.0,0.7,5.4,1.06,7.4,93.9,0.419,74.5381,0.0,0.0,0.0
0500000US42025,"Carbon County, Pennsylvania",42,025,0,2448,649,3952,21389,26239,4252,3752,65382,4522,57491,1240,19,366,0,63,1681,844,4584,25752,3.7,26.5,6.3,39.1,7.5,85.2,15.6,5.8,12.3,6.9,87.9,1.9,0.0,0.6,0.0,0.1,2.6,1.29,9.5,87.0,0.4286,66.9812,0.0,0.0,0.0
0500000US42027,"Centre County, Pennsylvania",42,027,26,12608,8250,18963,61255,53542,4910,8044,158576,5824,131223,5045,401,9039,14,562,6468,21876,5359,50026,8.0,65.4,12.4,44.3,4.3,72.8,8.3,5.2,16.3,3.7,82.8,3.2,0.3,5.7,0.0,0.4,4.1,13.8,5.5,69.9,0.4768,48.0605,0.0,0.0,0.0
0500000US42029,"Chester County, Pennsylvania",42,029,45,55147,27143,71782,143570,244499,11536,23941,547840,45958,413154,26727,141,36881,137,2144,22698,15825,19305,201111,10.1,49.2,13.8,32.4,3.8,84.9,5.6,4.4,6.0,8.4,75.4,4.9,0.0,6.7,0.0,0.4,4.1,2.89,5.1,71.0,0.4469,42.2505,0.0,0.0,0.0
0500000US42031,"Clarion County, Pennsylvania",42,031,0,375,197,1161,12461,13895,2363,2235,37179,435,34978,590,3,255,0,63,855,1637,2195,14715,1.0,52.5,3.3,40.2,5.1,79.1,15.7,6.1,13.1,1.2,94.1,1.6,0.0,0.7,0.0,0.2,2.3,4.4,8.7,85.6,0.4287,76.1972,0.0,0.0,0.0
0500000US42033,"Clearfield County, Pennsylvania",42,033,6,1544,1076,3246,29591,27124,6255,4374,78635,2378,72309,1480,13,451,15,144,1845,4553,5481,29323,2.0,69.7,4.3,44.8,5.9,79.1,19.2,5.9,14.6,3.0,92.0,1.9,0.0,0.6,0.0,0.2,2.3,5.79,9.3,87.1,0.4386,75.392,0.0,0.0,0.0
0500000US42035,"Clinton County, Pennsylvania",42,035,0,541,221,2560,13024,13032,2457,3906,37798,719,35368,391,19,224,0,74,1003,1761,2422,14351,1.4,40.9,7.2,41.7,5.6,75.9,15.9,10.5,14.8,1.9,93.6,1.0,0.1,0.6,0.0,0.2,2.7,4.66,9.7,85.2,0.4319,69.9978,0.0,0.0,0.0
0500000US42037,"Columbia County, Pennsylvania",42,037,3,1811,565,1939,22635,25082,2826,2570,65362,2663,59166,1085,16,480,121,318,1513,3848,3241,25110,2.8,31.2,3.1,40.9,6.0,81.7,10.7,4.0,13.7,4.1,90.5,1.7,0.0,0.7,0.2,0.5,2.3,5.89,7.4,82.9,0.4362,65.0479,0.0,0.0,0.0
0500000US42039,"Crawford County, Pennsylvania",42,039,0,993,346,4483,31030,28028,6313,7240,82716,1327,76806,1077,28,454,24,409,2591,4135,5450,28716,1.2,34.8,5.7,45.7,5.0,80.3,18.7,9.0,14.3,1.6,92.9,1.3,0.0,0.5,0.0,0.5,3.1,5.0,9.3,84.2,0.4454,69.241,0.0,0.0,0.0
0500000US42041,"Cumberland County, Pennsylvania",42,041,11,20165,9285,26490,79700,104984,8281,14276,268323,13809,216534,11002,49,15263,0,1025,10641,13282,11680,100841,7.5,46.0,10.4,36.3,3.7,78.2,7.8,5.4,7.5,5.1,80.7,4.1,0.0,5.7,0.0,0.4,4.0,4.95,6.3,77.0,0.4247,54.0897,0.0,0.0,0.0
0500000US42043,"Dauphin County, Pennsylvania",42,043,34,28406,13323,40299,82249,112022,16085,18402,289593,34032,175496,47138,207,18879,56,1800,11985,6575,17741,108237,9.8,46.9,14.8,35.4,4.5,78.5,13.3,6.4,12.9,11.8,60.6,16.3,0.1,6.5,0.0,0.6,4.1,2.27,8.8,76.7,0.4611,46.4628,0.0,0.0,0.0
0500000US42045,"Delaware County, Pennsylvania",42,045,160,65024,24121,73590,160125,238588,28783,26354,579222,29222,361386,126799,202,36677,138,3036,21762,22927,24132,197677,11.2,37.1,13.5,34.4,6.9,84.0,13.3,4.6,10.2,5.0,62.4,21.9,0.0,6.3,0.0,0.5,3.8,3.96,6.1,71.0,0.4884,37.6086,0.0,0.0,0.0
0500000US42047,"Elk County, Pennsylvania",42,047,0,326,57,477,10030,12541,1932,700,30506,314,28831,184,4,130,0,1,1042,319,1291,13347,1.1,17.5,1.6,39.4,5.7,86.1,14.5,2.3,8.7,1.0,94.5,0.6,0.0,0.4,0.0,0.0,3.4,1.05,5.7,92.8,0.4213,73.1242,0.0,0.0,0.0
0500000US42049,"Erie County, Pennsylvania",42,049,9,13084,5943,17570,90468,101361,21112,11005,269052,12851,219947,18707,168,5869,25,1079,10406,13439,13178,102157,4.9,45.4,6.9,41.1,5.4,82.7,19.1,4.2,15.0,4.8,81.7,7.0,0.1,2.2,0.0,0.4,3.9,4.99,7.1,84.5,0.4636,50.0498,0.0,0.0,0.0
0500000US42051,"Fayette County, Pennsylvania",42,051,3,1619,798,2839,48066,44525,12964,5669,125997,1822,112234,4881,43,570,97,303,6047,4487,9118,45592,1.3,49.3,2.4,46.0,6.3,84.1,23.5,4.6,16.8,1.4,89.1,3.9,0.0,0.5,0.1,0.2,4.8,3.56,9.8,87.8,0.4482,68.7437,0.0,0.0,0.0
0500000US42053,"Forest County, Pennsylvania",42,053,0,130,91,411,4619,1207,268,276,6715,344,5258,923,24,24,0,5,137,2419,869,1516,1.9,70.0,6.2,70.7,2.5,64.7,14.0,6.4,11.9,5.1,78.3,13.7,0.4,0.4,0.0,0.1,2.0,36.02,14.8,82.9,0.4036,71.7736,0.0,0.0,0.0
0500000US42055,"Franklin County, Pennsylvania",42,055,13,5868,3191,11269,47953,59795,6967,13886,157379,11830,132719,4753,50,1630,0,572,5825,1761,9699,63552,3.7,54.4,7.6,37.9,4.0,79.3,11.0,8.9,8.5,7.5,84.3,3.0,0.0,1.0,0.0,0.4,3.7,1.12,8.7,86.0,0.4132,71.0553,1.0,1.0,0.0
0500000US42057,"Fulton County, Pennsylvania",42,057,0,71,36,129,4977,5257,883,733,14531,188,13546,187,6,33,0,167,404,87,1142,6003,0.5,50.7,0.9,41.3,2.9,76.5,13.9,5.1,11.2,1.3,93.2,1.3,0.0,0.2,0.0,1.1,2.8,0.6,10.7,88.3,0.4375,86.0829,0.0,0.0,0.0
0500000US42059,"Greene County, Pennsylvania",42,059,0,236,123,642,14334,10836,2977,1484,34835,556,31738,946,3,75,0,106,1411,3126,2535,12056,0.7,52.1,1.9,49.3,5.6,78.0,20.8,4.5,13.5,1.6,91.1,2.7,0.0,0.2,0.0,0.3,4.1,8.97,10.1,89.1,0.4315,71.4725,0.0,0.0,0.0
0500000US42061,"Huntingdon County, Pennsylvania",42,061,0,399,176,1256,18004,13679,2191,1883,43653,911,38975,1983,27,227,1,62,1467,5005,2726,15024,0.9,44.1,3.0,48.9,4.6,76.2,13.4,4.7,10.6,2.1,89.3,4.5,0.1,0.5,0.0,0.1,3.4,11.47,8.6,85.4,0.4191,76.1228,0.0,0.0,0.0
0500000US42063,"Indiana County, Pennsylvania",42,063,3,2017,1236,4474,30678,29626,5289,5873,83042,1546,76118,1782,5,743,0,105,2743,5306,4057,29628,2.4,61.3,5.6,43.8,6.7,80.8,16.3,7.2,14.0,1.9,91.7,2.1,0.0,0.9,0.0,0.1,3.3,6.39,7.5,82.6,0.4511,69.1823,0.0,0.0,0.0
0500000US42065,"Jefferson County, Pennsylvania",42,065,0,189,128,1824,15072,16072,2728,3695,43864,446,41871,137,22,110,0,147,1131,758,2448,17248,0.4,67.7,4.4,42.2,4.2,81.4,14.9,8.5,14.1,1.0,95.5,0.3,0.1,0.3,0.0,0.3,2.6,1.73,7.8,88.9,0.4472,78.8404,0.0,0.0,0.0
0500000US42067,"Juniata County, Pennsylvania",42,067,0,574,379,2426,7534,8877,939,3182,23379,969,21494,233,2,112,0,71,498,280,2667,9508,2.5,66.0,11.0,39.8,2.1,79.8,10.4,13.8,9.7,4.1,91.9,1.0,0.0,0.5,0.0,0.3,2.1,1.2,16.2,86.2,0.3961,80.3123,1.0,0.0,0.0
0500000US42069,"Lackawanna County, Pennsylvania",42,069,16,14567,7526,21187,71948,83491,15738,10478,216146,21190,172120,6433,120,6443,60,1391,8389,8562,12712,84285,6.7,51.7,10.3,40.5,4.9,83.1,17.8,4.9,14.4,9.8,79.6,3.0,0.1,3.0,0.0,0.6,3.9,3.96,8.3,85.2,0.4667,48.2554,0.0,0.0,0.0
0500000US42071,"Lancaster County, Pennsylvania",42,071,11,32433,12108,87781,152135,236553,19471,61761,557931,64326,441484,19142,239,13414,46,3251,16029,15502,47350,226172,5.8,37.3,16.8,34.3,3.4,84.1,9.2,11.2,8.2,11.5,79.1,3.4,0.0,2.4,0.0,0.6,2.9,2.78,12.5,81.8,0.4301,57.4786,1.0,0.0,0.0
0500000US42073,"Lawrence County, Pennsylvania",42,073,40,1125,411,2921,29822,31828,7368,4295,85024,1872,75451,3128,11,252,0,516,3794,2235,4651,31045,1.3,36.5,3.6,42.3,5.7,83.1,20.4,5.1,11.9,2.2,88.7,3.7,0.0,0.3,0.0,0.6,4.5,2.63,7.6,82.6,0.436,66.54,0.0,0.0,0.0
0500000US42075,"Lebanon County, Pennsylvania",42,075,6,6272,2291,17511,42442,55936,6934,12802,144186,21918,112982,2459,29,2317,4,561,3916,3833,11432,56663,4.3,36.5,12.9,36.9,4.3,81.0,12.2,9.0,10.1,15.2,78.4,1.7,0.0,1.6,0.0,0.4,2.7,2.66,11.5,82.8,0.4341,65.5186,1.0,0.0,0.0
0500000US42077,"Lehigh County, Pennsylvania",42,077,91,54656,25448,93655,107085,161616,22198,24159,378792,105976,223873,22374,172,13297,53,2058,10989,8869,24800,147128,14.4,46.6,26.2,35.2,5.9,87.1,15.4,6.4,11.6,28.0,59.1,5.9,0.0,3.5,0.0,0.5,2.9,2.34,9.5,80.8,0.4653,48.0517,0.0,0.0,0.0
0500000US42079,"Luzerne County, Pennsylvania",42,079,55,31554,17189,49242,106612,126035,26482,21058,327675,56836,243006,13382,46,3930,98,884,9493,10810,22818,127015,9.6,54.5,15.9,39.6,5.8,82.3,19.6,6.6,15.3,17.3,74.2,4.1,0.0,1.2,0.0,0.3,2.9,3.3,9.8,84.6,0.4639,59.202,1.0,0.0,0.0
0500000US42081,"Lycoming County, Pennsylvania",42,081,0,1806,848,3421,37505,43470,6961,5741,113489,2691,99945,4513,88,1033,22,206,4991,5711,6798,44236,1.6,47.0,3.2,40.3,5.1,82.5,14.9,5.2,12.8,2.4,88.1,4.0,0.1,0.9,0.0,0.2,4.4,5.03,8.5,85.2,0.4444,70.3041,0.0,0.0,0.0
0500000US42083,"McKean County, Pennsylvania",42,083,0,601,344,881,15160,13806,3038,1777,39904,784,36598,854,19,285,0,145,1219,2922,2210,14774,1.5,57.2,2.3,45.5,4.9,80.0,18.6,4.7,13.7,2.0,91.7,2.1,0.0,0.7,0.0,0.4,3.1,7.32,7.8,87.0,0.4262,73.1684,0.0,0.0,0.0
0500000US42085,"Mercer County, Pennsylvania",42,085,7,1933,566,4228,41375,39264,8100,6732,109257,1837,96024,6151,83,694,19,445,4004,6637,6489,39570,1.8,29.3,4.1,45.4,5.3,83.5,17.4,6.4,13.2,1.7,87.9,5.6,0.1,0.6,0.0,0.4,3.7,6.07,8.3,86.0,0.4423,64.6482,0.0,0.0,0.0
0500000US42087,"Mifflin County, Pennsylvania",42,087,2,560,243,4307,14801,17437,3151,5819,46041,1050,42953,449,41,146,24,54,1324,704,4991,19240,1.2,43.4,10.0,40.3,2.7,81.9,17.0,12.8,16.2,2.3,93.3,1.0,0.1,0.3,0.1,0.1,2.9,1.53,15.4,91.0,0.3982,77.8578,0.0,0.0,0.0
0500000US42089,"Monroe County, Pennsylvania",42,089,2,18819,4930,26908,55695,63446,9234,10499,167515,30408,101195,21773,213,4291,34,2441,7160,3085,11472,63176,11.2,26.2,16.8,39.8,6.9,80.9,15.1,6.3,10.7,18.2,60.4,13.0,0.1,2.6,0.0,1.5,4.3,1.84,9.6,82.3,0.4277,49.8989,0.0,0.0,0.0
0500000US42091,"Montgomery County, Pennsylvania",42,091,74,99605,40139,120802,226964,392768,22272,33124,867573,58178,619965,79399,161,69790,152,5074,34854,22866,30021,317164,11.5,40.3,14.7,32.2,4.5,86.0,6.6,3.9,6.5,6.7,71.5,9.2,0.0,8.0,0.0,0.6,4.0,2.64,4.9,70.6,0.4728,38.0704,0.0,0.0,0.0
0500000US42093,"Montour County, Pennsylvania",42,093,0,1014,529,1304,6181,7066,511,643,18103,564,16112,428,4,622,0,40,333,808,843,6611,5.6,52.2,7.6,41.3,2.9,83.3,6.5,3.7,8.8,3.1,89.0,2.4,0.0,3.4,0.0,0.2,1.8,4.46,6.3,78.3,0.4894,59.9919,1.0,0.0,0.0
0500000US42095,"Northampton County, Pennsylvania",42,095,28,27467,10486,45558,97835,136372,12621,13748,318580,49253,229316,18087,39,9687,22,1883,10293,12986,15893,126979,8.6,38.2,15.0,36.8,4.6,85.3,10.3,4.4,8.8,15.5,72.0,5.7,0.0,3.0,0.0,0.6,3.2,4.08,7.1,80.8,0.4411,50.3981,0.0,0.0,0.0
0500000US42097,"Northumberland County, Pennsylvania",42,097,0,1441,670,3777,32695,33594,5909,4459,90560,4702,80361,2336,9,363,0,426,2363,3699,6460,34348,1.6,46.5,4.4,43.5,3.7,82.0,15.6,5.1,12.6,5.2,88.7,2.6,0.0,0.4,0.0,0.5,2.6,4.08,9.7,85.3,0.4277,69.4821,0.0,0.0,0.0
0500000US42099,"Perry County, Pennsylvania",42,099,0,780,471,2759,14439,17561,1934,4696,46239,1164,43223,357,25,141,10,53,1266,470,3513,18227,1.7,60.4,6.3,38.4,3.1,78.5,10.6,10.3,8.0,2.5,93.5,0.8,0.1,0.3,0.0,0.1,2.7,1.02,10.5,82.0,0.4039,74.1419,0.0,0.0,0.0
0500000US42101,"Philadelphia County, Pennsylvania",42,101,27,239646,116030,362262,465180,618776,177955,111385,1579706,245882,524385,605533,1837,124921,212,12678,64258,47538,133163,390339,15.2,48.4,24.4,36.4,8.1,82.9,26.2,7.1,21.4,15.6,33.2,38.3,0.1,7.9,0.0,0.8,4.1,3.01,12.2,53.8,0.5131,20.0032,0.0,0.0,0.0
0500000US42103,"Pike County, Pennsylvania",42,103,0,4997,1201,7800,22913,20741,3046,3515,60621,7537,46637,3404,31,814,0,132,2066,435,3140,20862,8.2,24.0,13.4,44.2,7.5,77.7,12.6,5.8,9.8,12.4,76.9,5.6,0.1,1.3,0.0,0.2,3.4,0.72,6.8,80.6,0.4293,61.6223,0.0,0.0,0.0
0500000US42105,"Potter County, Pennsylvania",42,105,0,227,95,601,6043,5415,978,1061,16188,279,15305,68,12,63,6,33,422,244,984,5639,1.4,41.9,3.9,45.3,3.8,77.1,14.0,6.6,13.0,1.7,94.5,0.4,0.1,0.4,0.0,0.2,2.6,1.51,8.3,82.4,0.4161,80.7265,0.0,0.0,0.0
0500000US42107,"Schuylkill County, Pennsylvania",42,107,7,3945,1798,9213,50045,53594,9958,9402,143558,11184,123800,3766,23,678,1,209,3897,7101,10178,55944,2.7,45.6,6.7,42.2,5.6,83.0,17.2,6.9,12.8,7.8,86.2,2.6,0.0,0.5,0.0,0.1,2.7,4.95,9.8,88.1,0.43,70.596,1.0,0.0,0.0
0500000US42109,"Snyder County, Pennsylvania",42,109,2,665,292,3271,12822,15290,1455,4779,39668,1035,37215,259,3,258,118,97,683,3173,4294,15588,1.7,43.9,8.7,39.4,2.4,79.4,10.0,12.2,9.4,2.6,93.8,0.7,0.0,0.7,0.3,0.2,1.7,8.0,16.1,82.5,0.4131,73.181,0.0,0.0,0.0
0500000US42111,"Somerset County, Pennsylvania",42,111,2,989,419,2904,27080,25801,4209,4555,72799,1127,67938,1889,8,382,1,258,1196,4240,4977,27728,1.4,42.4,4.2,44.3,4.9,79.7,14.3,6.6,11.0,1.5,93.3,2.6,0.0,0.5,0.0,0.4,1.6,5.82,9.1,88.0,0.424,78.2588,1.0,0.0,0.0
0500000US42113,"Sullivan County, Pennsylvania",42,113,0,105,48,194,2681,1879,207,232,5888,138,5487,133,1,5,0,8,116,327,363,2146,1.8,45.7,3.4,50.1,5.8,74.6,8.1,4.1,11.6,2.3,93.2,2.3,0.0,0.1,0.0,0.1,2.0,5.55,7.5,86.6,0.4393,73.1255,0.0,0.0,0.0
0500000US42115,"Susquehanna County, Pennsylvania",42,115,0,753,321,983,14278,13308,2002,2349,38219,924,35833,87,2,172,2,85,1114,325,2571,13444,2.0,42.6,2.7,44.8,5.9,80.5,12.9,6.2,11.4,2.4,93.8,0.2,0.0,0.5,0.0,0.2,2.9,0.85,9.0,82.8,0.4711,71.9247,0.0,0.0,0.0
0500000US42117,"Tioga County, Pennsylvania",42,117,1,556,139,882,14659,14189,2344,2433,40945,694,38879,308,24,156,0,30,854,1115,2299,15646,1.4,25.0,2.3,43.2,4.6,77.2,14.0,6.0,11.7,1.7,95.0,0.8,0.1,0.4,0.0,0.1,2.1,2.72,7.8,86.6,0.422,75.3787,0.0,0.0,0.0
0500000US42119,"Union County, Pennsylvania",42,119,0,1637,1130,4463,18164,13876,1711,3939,42456,2147,36495,2404,58,779,0,111,462,8952,4037,13089,3.9,69.0,11.0,50.5,2.2,79.6,11.8,10.4,9.0,5.1,86.0,5.7,0.1,1.8,0.0,0.3,1.1,21.09,13.8,76.6,0.4736,61.2092,0.0,0.0,0.0
0500000US42121,"Venango County, Pennsylvania",42,121,0,419,183,929,18693,17195,4145,2176,49801,639,46472,610,37,156,9,275,1603,1088,3173,18641,0.8,43.7,2.0,45.0,5.6,79.7,19.4,4.4,13.2,1.3,93.3,1.2,0.1,0.3,0.0,0.6,3.2,2.18,8.6,88.0,0.4145,70.6382,0.0,0.0,0.0
0500000US42123,"Warren County, Pennsylvania",42,123,0,437,119,1041,14239,13463,2361,1521,37920,481,35720,286,9,166,36,84,1138,685,1895,14300,1.2,27.2,2.9,45.4,4.4,82.1,14.6,4.1,10.8,1.3,94.2,0.8,0.0,0.4,0.1,0.2,3.0,1.81,6.8,88.6,0.4159,69.2226,0.0,0.0,0.0
0500000US42125,"Washington County, Pennsylvania",42,125,45,5117,2284,7138,67376,86254,12279,8009,210042,4335,188331,6628,19,2703,5,634,7387,5641,8238,80649,2.4,44.6,3.6,38.7,4.8,85.1,13.9,3.9,9.6,2.1,89.7,3.2,0.0,1.3,0.0,0.3,3.5,2.69,5.4,81.3,0.4539,62.4329,1.0,0.0,0.0
0500000US42127,"Wayne County, Pennsylvania",42,127,0,2205,576,2909,21613,16394,2708,3305,51262,2638,44815,1514,32,379,25,392,1467,3184,3075,17373,4.3,26.1,5.9,49.2,6.0,78.1,13.0,6.8,12.1,5.1,87.4,3.0,0.1,0.7,0.0,0.8,2.9,6.21,7.7,84.3,0.4486,68.1667,0.0,0.0,0.0
0500000US42129,"Westmoreland County, Pennsylvania",42,129,10,6790,2237,9470,117743,144415,21526,10469,352500,5692,322149,8790,79,3387,61,681,11661,7305,11715,140265,1.9,32.9,2.8,39.7,4.8,84.9,13.9,3.0,10.3,1.6,91.4,2.5,0.0,1.0,0.0,0.2,3.3,2.07,4.5,83.8,0.4537,63.8487,0.0,0.0,1.0
0500000US42131,"Wyoming County, Pennsylvania",42,131,0,433,236,591,9017,9942,1732,1007,25967,658,24183,150,7,63,0,6,900,718,1372,10450,1.7,54.5,2.4,41.6,5.0,82.8,15.9,3.9,11.5,2.5,93.1,0.6,0.0,0.2,0.0,0.0,3.5,2.77,7.3,88.3,0.4584,67.9112,0.0,0.0,0.0
0500000US42133,"York County, Pennsylvania",42,133,12,19202,8117,36301,128198,195623,20436,22068,462924,44412,365243,26685,156,6728,117,2873,16710,7902,26190,193565,4.1,42.3,8.3,34.3,4.5,83.4,11.3,4.8,8.4,9.6,78.9,5.8,0.0,1.5,0.0,0.6,3.6,1.71,8.0,84.3,0.4122,62.15,0.0,0.0,0.0
0500000US44001,"Bristol County, Rhode Island",44,001,0,4891,1203,6213,15495,20424,1074,1142,50490,2108,44588,501,12,1308,8,108,1857,3641,2280,19623,9.7,24.6,12.8,36.3,3.0,78.3,5.3,2.3,6.5,4.2,88.3,1.0,0.0,2.6,0.0,0.2,3.7,7.21,6.4,76.8,0.4592,,0.0,0.0,0.0
0500000US44003,"Kent County, Rhode Island",44,003,16,12246,5141,15296,48440,74102,8756,5419,171456,11762,143517,3196,56,5007,75,691,7152,1960,8820,76402,7.1,42.0,9.3,33.5,4.7,81.1,12.0,3.2,7.5,6.9,83.7,1.9,0.0,2.9,0.0,0.4,4.2,1.14,6.9,85.4,0.4438,,0.0,0.0,0.0
0500000US44005,"Newport County, Rhode Island",44,005,4,5954,2263,7872,26274,32047,3030,3186,84657,5701,69726,2723,137,1403,90,770,4107,3932,2813,32589,7.0,38.0,9.7,36.0,5.8,77.3,8.2,3.9,8.5,6.7,82.4,3.2,0.2,1.7,0.1,0.9,4.9,4.64,4.4,75.7,0.4646,,0.0,0.0,0.0
0500000US44007,"Providence County, Rhode Island",44,007,156,138851,65967,204880,188467,277669,46094,35411,664854,170376,375742,46237,1070,27690,455,7225,36059,27755,62824,257066,20.9,47.5,32.6,34.4,6.6,83.0,17.8,5.4,13.4,25.6,56.5,7.0,0.2,4.2,0.1,1.1,5.4,4.17,13.6,79.5,0.4618,,0.0,0.0,0.0
0500000US44009,"Washington County, Rhode Island",44,009,12,6560,2539,7752,43091,50902,2987,2606,130344,4968,115866,1568,346,2719,15,371,4491,7345,3976,52821,5.0,38.7,6.2,38.1,4.4,76.8,5.7,2.0,8.2,3.8,88.9,1.2,0.3,2.1,0.0,0.3,3.4,5.64,4.3,80.4,0.4397,,0.0,0.0,0.0
0500000US45001,"Abbeville County, South Carolina",45,001,4,568,133,598,10022,7807,1411,2462,24420,526,16720,6212,5,50,0,164,743,906,2188,8939,2.3,23.4,2.6,49.3,4.0,79.0,14.5,10.1,15.7,2.2,68.5,25.4,0.0,0.2,0.0,0.7,3.0,3.71,12.6,91.8,0.4877,70.6258,0.0,0.0,0.0
0500000US45003,"Aiken County, South Carolina",45,003,6,5746,2810,9782,58592,57663,7543,15118,174160,12577,110667,41210,219,1625,46,833,6983,2586,11775,66455,3.3,48.9,6.0,41.5,6.1,75.0,10.8,8.8,14.3,7.2,63.5,23.7,0.1,0.9,0.0,0.5,4.0,1.48,9.5,87.3,0.4612,62.2504,0.0,0.0,0.0
0500000US45005,"Allendale County, South Carolina",45,005,0,72,41,268,3647,1924,928,824,7661,585,1748,5081,63,18,11,2,153,937,1155,2330,0.9,56.9,3.7,56.4,8.5,74.7,28.7,12.1,28.2,7.6,22.8,66.3,0.8,0.2,0.1,0.0,2.0,12.23,20.5,91.2,0.554,26.8938,0.0,0.0,0.0
0500000US45007,"Anderson County, South Carolina",45,007,22,8300,4266,9970,67731,77095,8864,21293,210478,10853,158004,28388,972,2209,38,656,9358,3251,17297,84475,3.9,51.4,5.0,40.2,5.3,80.9,10.6,10.2,14.6,5.2,75.1,13.5,0.5,1.0,0.0,0.3,4.4,1.54,11.9,90.0,0.4668,73.0732,0.0,1.0,0.0
0500000US45009,"Bamberg County, South Carolina",45,009,0,167,96,230,5101,3657,1117,1601,13042,183,4828,7747,41,66,0,15,162,918,1994,4038,1.3,57.5,1.9,46.4,15.0,73.2,24.1,12.4,24.3,1.4,37.0,59.4,0.3,0.5,0.0,0.1,1.2,7.04,22.1,87.1,0.4751,41.7281,0.0,0.0,0.0
0500000US45011,"Barnwell County, South Carolina",45,011,0,493,329,634,7034,6633,1990,2459,20521,595,10367,8776,25,120,6,84,548,397,2262,7837,2.4,66.7,3.3,42.9,7.0,76.2,24.5,12.2,25.0,2.9,50.5,42.8,0.1,0.6,0.0,0.4,2.7,1.93,16.1,92.1,0.4937,57.1764,0.0,0.0,0.0
0500000US45013,"Beaufort County, South Carolina",45,013,47,15114,9296,21846,72103,65633,4306,15756,195289,24168,131453,30270,53,2149,0,1044,6152,7163,7608,73097,7.7,61.5,11.7,43.6,2.6,79.2,5.2,8.5,9.6,12.4,67.3,15.5,0.0,1.1,0.0,0.5,3.2,3.67,5.3,82.0,0.4803,56.6296,1.0,0.0,0.0
0500000US45015,"Berkeley County, South Carolina",45,015,39,16611,9112,23105,66603,90655,6615,21976,246802,22587,148260,56035,650,6245,151,1500,11374,3834,14646,103836,6.7,54.9,10.0,34.0,3.2,76.9,7.1,9.2,9.9,9.2,60.1,22.7,0.3,2.5,0.1,0.6,4.6,1.55,8.8,84.3,0.4217,57.4091,1.0,1.0,0.0
0500000US45017,"Calhoun County, South Carolina",45,017,7,278,9,500,5320,4745,817,1138,14182,557,7781,5524,0,30,4,0,286,194,1381,5282,2.0,3.2,3.7,44.6,5.8,76.2,13.2,8.1,12.9,3.9,54.9,39.0,0.0,0.2,0.0,0.0,2.0,1.37,13.0,85.8,0.4791,56.5327,0.0,0.0,0.0
0500000US45019,"Charleston County, South Carolina",45,019,86,28308,16390,35658,118176,166030,11493,34200,420264,30143,270977,95215,292,7411,249,1735,14242,10335,19757,168748,6.7,57.9,9.0,34.0,3.5,76.1,6.4,8.3,11.3,7.2,64.5,22.7,0.1,1.8,0.1,0.4,3.4,2.46,6.5,77.5,0.5114,46.2729,0.0,1.0,0.0
0500000US45021,"Cherokee County, South Carolina",45,021,2,1788,1172,2814,19751,18671,3105,5896,56647,3137,39486,10574,91,304,0,790,2265,1134,5738,21778,3.2,65.5,5.3,43.6,6.3,78.3,14.1,10.5,18.4,5.5,69.7,18.7,0.2,0.5,0.0,1.4,4.0,2.0,14.8,92.7,0.4545,75.2728,0.0,0.0,0.0
0500000US45023,"Chester County, South Carolina",45,023,32,419,253,672,10781,11438,2204,3755,32182,974,18579,11102,49,126,11,98,1243,179,3309,12990,1.3,60.4,2.2,41.6,5.6,80.5,16.7,11.7,18.7,3.0,57.7,34.5,0.2,0.4,0.0,0.3,3.9,0.56,14.7,92.3,0.4413,58.0483,1.0,1.0,0.0
0500000US45025,"Chesterfield County, South Carolina",45,025,23,1563,1021,2263,15057,14845,3158,5030,43784,2572,25575,13139,99,202,0,140,2057,836,5335,16598,3.6,65.3,5.5,42.8,7.5,80.1,18.0,11.6,20.3,5.9,58.4,30.0,0.2,0.5,0.0,0.3,4.7,1.91,17.4,92.0,0.4836,63.5202,0.0,0.0,0.0
0500000US45027,"Clarendon County, South Carolina",45,027,4,580,318,984,13426,9391,2111,2659,30986,1005,15264,13670,58,260,0,21,708,1392,3576,10334,1.9,54.8,3.3,51.4,6.8,80.0,17.1,9.0,15.4,3.2,49.3,44.1,0.2,0.8,0.0,0.1,2.3,4.49,15.7,90.4,0.4714,55.5453,0.0,0.0,0.0
0500000US45029,"Colleton County, South Carolina",45,029,15,1314,1123,1913,13856,11499,3837,5747,38783,1767,21908,13048,97,172,21,108,1662,493,4156,13782,3.4,85.5,5.2,44.6,9.9,74.3,23.4,15.0,19.6,4.6,56.5,33.6,0.3,0.4,0.1,0.3,4.3,1.27,15.3,90.5,0.465,58.5248,0.0,0.0,0.0
0500000US45031,"Darlington County, South Carolina",45,031,11,1167,592,1920,22121,20634,4986,5587,62558,1552,33244,25390,126,364,0,105,1777,1210,5592,23400,1.9,50.7,3.3,43.8,6.7,78.1,19.5,9.0,21.1,2.5,53.1,40.6,0.2,0.6,0.0,0.2,2.8,1.93,13.0,90.5,0.5234,56.1043,0.0,0.0,0.0
0500000US45033,"Dillon County, South Carolina",45,033,1,382,299,861,9343,8746,2596,3452,27862,979,12398,12608,557,9,0,8,1303,351,3548,10259,1.4,78.3,3.3,43.3,9.0,78.5,24.0,12.5,27.7,3.5,44.5,45.3,2.0,0.0,0.0,0.0,4.7,1.26,19.2,94.3,0.4526,55.0207,0.0,0.0,0.0
0500000US45035,"Dorchester County, South Carolina",45,035,4,9156,4115,11858,46225,60472,5597,16680,167201,12058,101283,41565,348,3492,20,1090,7345,2173,8949,68889,5.5,44.9,7.5,35.0,4.9,75.7,8.9,10.2,11.4,7.2,60.6,24.9,0.2,2.1,0.0,0.7,4.4,1.3,7.9,85.9,0.42,56.3744,0.0,1.0,0.0
0500000US45037,"Edgefield County, South Carolina",45,037,0,1100,881,1301,10994,8985,1201,2280,27476,1976,15532,8276,21,85,0,211,1375,2463,3285,10573,4.0,80.1,5.0,46.7,4.8,75.8,12.3,9.0,17.8,7.2,56.5,30.1,0.1,0.3,0.0,0.8,5.0,8.96,16.4,90.2,0.4522,65.3208,0.0,0.0,0.0
0500000US45039,"Fairfield County, South Carolina",45,039,4,228,23,366,7710,6687,1879,1415,20550,516,7998,11192,16,21,0,98,709,388,2260,8085,1.1,10.1,1.9,44.4,5.5,73.2,21.0,7.0,15.6,2.5,38.9,54.5,0.1,0.1,0.0,0.5,3.5,1.89,14.9,90.8,0.4807,42.7285,0.0,0.0,0.0
0500000US45041,"Florence County, South Carolina",45,041,50,4085,2297,5866,44941,46863,8488,12544,137117,4591,67339,58849,143,2230,20,555,3390,3295,11140,52523,3.0,56.2,4.5,41.4,5.6,78.5,16.1,9.3,18.7,3.3,49.1,42.9,0.1,1.6,0.0,0.4,2.5,2.4,12.0,88.5,0.4867,53.3448,0.0,0.0,0.0
0500000US45043,"Georgetown County, South Carolina",45,043,17,1719,675,1853,27343,20795,3112,6327,64811,2353,42659,17990,81,184,13,167,1364,625,3773,22667,2.7,39.3,3.0,49.5,4.4,77.9,11.5,9.8,15.0,3.6,65.8,27.8,0.1,0.3,0.0,0.3,2.1,0.96,7.7,86.6,0.4941,59.1355,1.0,1.0,0.0
0500000US45045,"Greenville County, South Carolina",45,045,128,47765,26313,64935,151376,229652,16773,54468,548166,63570,357627,83676,1163,13609,135,2864,25522,11569,33690,219794,8.7,55.1,12.6,34.6,4.4,84.1,7.6,10.0,10.8,11.6,65.2,15.3,0.2,2.5,0.0,0.5,4.7,2.11,9.0,82.0,0.4661,60.2094,0.0,1.0,0.0
0500000US45047,"Greenwood County, South Carolina",45,047,66,2303,1583,3202,24754,24171,3806,5054,69489,5019,40086,21680,34,600,0,500,1570,3541,5385,27032,3.3,68.7,4.9,44.3,5.5,82.4,13.6,7.4,15.1,7.2,57.7,31.2,0.0,0.9,0.0,0.7,2.3,5.1,11.4,93.4,0.4706,63.8274,0.0,0.0,0.0
0500000US45049,"Hampton County, South Carolina",45,049,0,413,348,782,6776,5019,1401,1808,18254,757,7407,9471,38,179,0,85,317,394,1947,6812,2.3,84.3,4.5,45.7,9.5,69.3,19.4,10.1,20.7,4.1,40.6,51.9,0.2,1.0,0.0,0.5,1.7,2.16,15.4,94.5,0.4541,46.1679,0.0,0.0,0.0
0500000US45051,"Horry County, South Carolina",45,051,67,25571,12731,32521,152206,130719,11900,44420,383016,28001,289203,44384,636,5137,312,1985,13358,6811,23232,138013,6.7,49.8,8.9,46.6,4.9,79.1,7.5,11.7,13.2,7.3,75.5,11.6,0.2,1.3,0.1,0.5,3.5,1.78,8.1,84.9,0.4497,68.811,0.0,0.0,1.0
0500000US45053,"Jasper County, South Carolina",45,053,14,3607,2476,5509,12887,10302,1467,4463,32166,5661,14861,10556,28,205,0,5,850,1263,2118,11527,11.2,68.6,18.1,48.0,4.6,78.3,11.2,14.5,17.8,17.6,46.2,32.8,0.1,0.6,0.0,0.0,2.6,3.93,8.9,89.3,0.4413,54.315,1.0,0.0,0.0
0500000US45055,"Kershaw County, South Carolina",45,055,14,2216,1021,3296,21746,23328,3175,5821,68314,4057,44979,16195,97,474,6,43,2463,371,5162,27256,3.2,46.1,5.1,40.1,4.7,76.7,11.8,8.6,13.2,5.9,65.8,23.7,0.1,0.7,0.0,0.1,3.6,0.54,10.9,89.8,0.4537,63.4867,1.0,0.0,0.0
0500000US45057,"Lancaster County, South Carolina",45,057,49,7382,3745,9351,35190,39161,3874,8066,104475,7808,70227,20113,101,2605,0,305,3316,1672,7518,36483,7.1,50.7,9.5,41.6,4.3,83.0,9.7,7.9,11.4,7.5,67.2,19.3,0.1,2.5,0.0,0.3,3.2,1.6,10.0,78.1,0.4607,61.7763,0.0,1.0,0.0
0500000US45059,"Laurens County, South Carolina",45,059,31,2626,1906,3677,23583,24419,4730,8366,68666,4614,45157,15724,40,403,65,89,2574,2244,7711,27317,3.8,72.6,5.7,42.6,4.5,80.4,17.5,12.4,18.1,6.7,65.8,22.9,0.1,0.6,0.1,0.1,3.7,3.27,16.1,92.5,0.4302,69.8706,0.0,0.0,0.0
0500000US45061,"Lee County, South Carolina",45,061,1,380,354,526,7261,4376,1741,1540,16166,390,5374,10051,19,26,0,8,298,1231,2228,5321,2.4,93.2,3.4,53.7,6.7,74.8,27.4,10.3,25.0,2.4,33.2,62.2,0.1,0.2,0.0,0.0,1.8,7.61,19.5,93.4,0.4503,38.1129,0.0,0.0,0.0
0500000US45063,"Lexington County, South Carolina",45,063,42,19847,11213,27275,85997,113120,11870,26159,304887,24118,214367,46071,300,6636,28,1674,11693,2715,16918,126633,6.5,56.5,9.5,35.4,4.5,76.0,9.7,8.7,11.1,7.9,70.3,15.1,0.1,2.2,0.0,0.5,3.8,0.89,8.0,86.1,0.4289,66.0061,0.0,0.0,1.0
0500000US45065,"McCormick County, South Carolina",45,065,0,75,7,85,5790,2085,446,314,9760,80,5473,3906,4,16,10,64,207,868,1152,2564,0.8,9.3,0.9,65.2,4.4,70.4,10.6,3.5,17.6,0.8,56.1,40.0,0.0,0.2,0.1,0.7,2.1,8.89,14.2,87.0,0.4617,57.9392,0.0,1.0,0.0
0500000US45067,"Marion County, South Carolina",45,067,3,402,324,1087,11802,8254,2710,3892,28664,789,11058,15716,185,0,0,51,865,227,2784,9560,1.4,80.6,4.0,51.1,7.2,79.2,22.3,13.7,30.0,2.8,38.6,54.8,0.6,0.0,0.0,0.2,3.0,0.79,13.8,93.4,0.4938,44.1141,0.0,0.0,0.0
0500000US45069,"Marlboro County, South Carolina",45,069,0,553,333,673,11662,6927,2254,2975,25975,708,9934,12400,768,107,0,182,1876,2440,3924,8119,2.1,60.2,2.7,54.3,9.9,78.2,23.0,12.6,28.5,2.7,38.2,47.7,3.0,0.4,0.0,0.7,7.2,9.39,20.9,94.6,0.4992,48.227,0.0,0.0,0.0
0500000US45071,"Newberry County, South Carolina",45,071,5,1874,1340,3345,13487,12865,1964,3350,38435,3551,22958,11047,36,182,0,108,553,1406,3472,14655,4.9,71.5,9.2,43.4,4.4,76.6,12.8,8.8,17.4,9.2,59.7,28.7,0.1,0.5,0.0,0.3,1.4,3.66,13.2,91.3,0.4407,66.5619,0.0,1.0,0.0
0500000US45073,"Oconee County, South Carolina",45,073,20,3387,1997,3918,31740,25967,3940,8741,80469,5022,66876,4159,293,575,30,185,3329,846,7483,28794,4.2,59.0,5.1,47.1,5.9,77.4,11.4,10.9,17.6,6.2,83.1,5.2,0.4,0.7,0.0,0.2,4.1,1.05,12.6,87.1,0.4947,75.1751,0.0,1.0,0.0
0500000US45075,"Orangeburg County, South Carolina",45,075,11,1842,879,3000,31284,24864,6856,8034,83253,2231,27570,50502,209,832,16,102,1791,3707,8929,28912,2.2,47.7,3.8,46.6,8.3,75.5,20.7,9.7,22.4,2.7,33.1,60.7,0.3,1.0,0.0,0.1,2.2,4.45,15.8,90.9,0.4919,37.1923,0.0,0.0,0.0
0500000US45077,"Pickens County, South Carolina",45,077,46,4775,3165,7174,48356,48472,4369,11546,134629,7236,111318,7685,84,2197,146,630,5333,8499,10432,52093,3.5,66.3,5.6,42.9,3.6,78.4,8.3,8.6,17.2,5.4,82.7,5.7,0.1,1.6,0.1,0.5,4.0,6.31,12.2,86.4,0.4933,75.6447,1.0,1.0,0.0
0500000US45079,"Richland County, South Carolina",45,079,59,25204,13327,34813,121157,146985,17881,34898,422117,27169,166175,198097,273,12528,334,2867,14674,26886,20854,161044,6.0,52.9,8.7,35.4,6.4,73.8,10.6,8.7,17.2,6.4,39.4,46.9,0.1,3.0,0.1,0.7,3.5,6.37,7.8,79.2,0.4851,31.8067,0.0,0.0,0.0
0500000US45081,"Saluda County, South Carolina",45,081,0,1393,1106,3084,6739,5935,1065,3375,19131,3275,10931,4063,0,71,7,203,581,335,2134,6975,7.3,79.4,17.1,43.4,3.2,70.0,13.9,17.9,18.7,17.1,57.1,21.2,0.0,0.4,0.0,1.1,3.0,1.75,15.9,85.8,0.4525,71.5775,0.0,0.0,0.0
0500000US45083,"Spartanburg County, South Carolina",45,083,43,30292,15611,43495,104685,136077,14389,36913,347852,32322,226992,66985,255,8163,150,1521,11464,7919,27350,143115,8.7,51.5,13.3,37.9,4.3,83.0,10.9,10.7,14.5,9.3,65.3,19.3,0.1,2.3,0.0,0.4,3.3,2.28,11.6,89.1,0.4492,66.2172,0.0,1.0,0.0
0500000US45085,"Sumter County, South Carolina",45,085,47,3142,1336,6019,34127,31025,6454,10389,104725,4655,45700,47939,124,1516,148,648,3995,2859,7230,41705,3.0,42.5,6.1,41.3,6.9,75.3,15.7,10.5,16.6,4.4,43.6,45.8,0.1,1.4,0.1,0.6,3.8,2.73,10.4,92.8,0.4615,46.967,0.0,0.0,0.0
0500000US45087,"Union County, South Carolina",45,087,2,391,298,611,10203,8765,2276,2774,26885,559,17272,7387,81,43,5,36,1502,409,3473,9920,1.5,76.2,2.4,46.5,7.9,81.2,19.6,10.5,22.6,2.1,64.2,27.5,0.3,0.2,0.0,0.1,5.6,1.52,17.9,95.2,0.4691,65.9289,1.0,1.0,0.0
0500000US45089,"Williamsburg County, South Carolina",45,089,0,689,531,726,12546,9077,2582,3118,30282,758,9744,19119,74,238,0,65,284,1633,3172,10713,2.3,77.1,2.5,50.1,4.0,75.7,21.0,10.9,23.3,2.5,32.2,63.1,0.2,0.8,0.0,0.2,0.9,5.39,14.3,90.7,0.4987,38.5485,0.0,0.0,0.0
0500000US45091,"York County, South Carolina",45,091,64,19814,10791,24474,76271,123605,7393,22244,293673,21772,194624,53428,1057,8838,23,1881,12050,3740,14780,116844,6.7,54.5,8.8,32.8,4.1,82.7,6.5,7.6,8.4,7.4,66.3,18.2,0.4,3.0,0.0,0.6,4.1,1.27,7.4,79.7,0.4331,58.8029,0.0,0.0,1.0
0500000US46003,"Aurora County, South Dakota",46,003,0,123,99,173,686,892,47,133,2642,184,2279,15,7,6,0,8,143,84,140,1112,4.7,80.5,7.1,33.3,1.2,66.1,4.4,5.2,10.6,7.0,86.3,0.6,0.3,0.2,0.0,0.3,5.4,3.18,8.0,82.8,0.4322,75.8076,0.0,0.0,0.0
0500000US46005,"Beadle County, South Dakota",46,005,0,2329,1362,3449,4672,7307,851,1398,19309,2878,13156,189,208,1892,4,74,908,621,1551,8159,12.1,58.5,19.0,32.4,1.9,77.2,11.3,7.4,13.6,14.9,68.1,1.0,1.1,9.8,0.0,0.4,4.7,3.22,12.5,86.4,0.4485,68.8445,0.0,0.0,0.0
0500000US46007,"Bennett County, South Dakota",46,007,0,55,32,369,1172,718,156,914,3345,169,1149,6,1874,49,0,0,98,42,238,912,1.6,58.2,12.0,49.8,10.0,67.6,17.0,27.7,29.9,5.1,34.3,0.2,56.0,1.5,0.0,0.0,2.9,1.26,13.7,87.0,0.4444,62.1324,0.0,0.0,0.0
0500000US46009,"Bon Homme County, South Dakota",46,009,0,55,44,446,3039,1906,152,287,7044,166,6064,164,393,7,0,29,221,1530,486,2370,0.8,80.0,6.7,51.8,2.2,69.1,6.3,5.2,10.6,2.4,86.1,2.3,5.6,0.1,0.0,0.4,3.1,21.72,9.4,86.9,0.4311,74.7326,0.0,0.0,0.0
0500000US46011,"Brookings County, South Dakota",46,011,14,2184,1594,3264,8918,13892,610,1793,35353,1609,30925,371,277,1160,0,10,1001,3257,555,15438,6.2,73.0,9.7,31.0,3.7,72.9,4.4,5.1,13.2,4.6,87.5,1.0,0.8,3.3,0.0,0.0,2.8,9.21,2.9,83.1,0.4154,,0.0,0.0,0.0
0500000US46013,"Brown County, South Dakota",46,013,0,1619,974,2345,9609,15140,1441,2126,37877,1770,32081,495,1088,1114,28,32,1269,1099,1574,17283,4.3,60.2,6.6,31.9,3.3,76.3,8.8,5.7,11.7,4.7,84.7,1.3,2.9,2.9,0.1,0.1,3.4,2.9,6.3,89.0,0.4592,,0.0,0.0,0.0
0500000US46015,"Brule County, South Dakota",46,015,1,72,35,280,1529,1628,122,351,5283,121,4289,34,531,0,0,0,308,347,327,2004,1.4,48.6,5.6,36.7,1.5,62.7,6.2,6.8,10.7,2.3,81.2,0.6,10.1,0.0,0.0,0.0,5.8,6.57,9.2,79.5,0.4436,69.9133,0.0,0.0,0.0
0500000US46017,"Buffalo County, South Dakota",46,017,0,0,0,14,537,250,120,777,1808,31,316,0,1414,0,0,17,30,0,101,470,0.0,-666666666.0,0.9,45.3,10.8,43.3,23.6,43.0,33.9,1.7,17.5,0.0,78.2,0.0,0.0,0.9,1.7,0.0,11.9,82.7,0.4952,35.1931,0.0,0.0,0.0
0500000US46019,"Butte County, South Dakota",46,019,0,141,29,267,2549,4015,324,1220,10676,456,9395,0,114,50,16,18,627,159,771,4800,1.3,20.6,2.7,30.6,1.8,70.6,7.5,11.5,8.6,4.3,88.0,0.0,1.1,0.5,0.1,0.2,5.9,1.49,10.6,86.3,0.4573,79.1814,0.0,0.0,0.0
0500000US46021,"Campbell County, South Dakota",46,021,0,73,72,99,462,529,43,77,1593,125,1412,0,8,1,0,0,47,2,96,512,4.6,98.6,6.5,35.8,3.1,65.8,5.7,4.8,7.7,7.8,88.6,0.0,0.5,0.1,0.0,0.0,3.0,0.13,7.8,63.8,0.4737,84.4498,0.0,0.0,0.0
0500000US46023,"Charles Mix County, South Dakota",46,023,0,78,35,579,2597,2380,430,1548,9281,274,5916,14,2509,54,0,3,511,337,516,3203,0.8,44.9,6.8,38.4,5.8,60.8,14.2,17.1,24.0,3.0,63.7,0.2,27.0,0.6,0.0,0.0,5.5,3.63,9.0,82.8,0.4612,70.5671,0.0,0.0,0.0
0500000US46025,"Clark County, South Dakota",46,025,0,104,87,243,1160,1137,25,269,3917,209,3554,21,23,27,0,8,75,143,242,1242,2.7,83.7,6.8,40.6,4.0,69.9,1.9,7.0,10.9,5.3,90.7,0.5,0.6,0.7,0.0,0.2,1.9,3.65,9.4,80.1,0.4407,75.0271,0.0,0.0,0.0
0500000US46027,"Clay County, South Dakota",46,027,0,575,398,604,4180,5454,547,1359,15219,504,12807,278,392,452,0,6,780,2493,586,6308,3.8,69.2,4.2,32.5,7.0,68.1,9.9,9.1,19.7,3.3,84.2,1.8,2.6,3.0,0.0,0.0,5.1,16.38,7.7,81.2,0.4801,45.5011,0.0,0.0,0.0
0500000US46029,"Codington County, South Dakota",46,029,0,372,171,811,7332,12398,628,1782,28767,946,25997,198,536,176,0,122,792,549,1193,14111,1.3,46.0,3.0,31.8,1.9,80.5,5.0,6.3,8.8,3.3,90.4,0.7,1.9,0.6,0.0,0.4,2.8,1.91,6.1,92.1,0.4276,69.2006,0.0,0.0,0.0
0500000US46031,"Corson County, South Dakota",46,031,0,0,0,469,1156,443,283,645,3806,20,1138,0,2532,0,0,0,116,0,292,801,0.0,-666666666.0,13.7,43.6,23.5,38.8,25.1,16.9,44.2,0.5,29.9,0.0,66.5,0.0,0.0,0.0,3.0,0.0,13.9,71.5,0.5318,55.2056,0.0,0.0,0.0
0500000US46033,"Custer County, South Dakota",46,033,0,236,63,477,3487,2872,204,948,8892,274,7801,29,177,39,0,123,449,224,385,3403,2.7,26.7,5.6,44.8,2.3,68.3,4.6,10.8,9.0,3.1,87.7,0.3,2.0,0.4,0.0,1.4,5.0,2.52,5.3,83.2,0.4708,71.8714,0.0,0.0,0.0
0500000US46035,"Davison County, South Dakota",46,035,0,397,288,643,5002,8154,679,1579,19952,1017,17606,133,626,99,0,130,341,712,1153,9144,2.0,72.5,3.4,31.7,0.9,76.4,7.6,8.0,11.2,5.1,88.2,0.7,3.1,0.5,0.0,0.7,1.7,3.57,8.5,86.6,0.4416,67.6474,0.0,0.0,0.0
0500000US46037,"Day County, South Dakota",46,037,0,95,78,199,1875,1761,168,450,5437,154,4514,2,534,4,0,3,226,135,255,2034,1.7,82.1,3.9,42.5,2.1,71.0,7.1,8.5,14.8,2.8,83.0,0.0,9.8,0.1,0.0,0.1,4.2,2.48,6.6,83.7,0.4578,63.9836,0.0,0.0,0.0
0500000US46039,"Deuel County, South Dakota",46,039,0,65,32,226,1252,1671,61,296,4328,136,4062,22,0,4,0,0,104,36,198,1756,1.5,49.2,5.6,36.7,2.1,79.0,3.5,6.9,8.8,3.1,93.9,0.5,0.0,0.1,0.0,0.0,2.4,0.83,6.7,84.2,0.4004,74.7171,0.0,0.0,0.0
0500000US46041,"Dewey County, South Dakota",46,041,0,22,19,283,1301,679,359,1086,5205,54,1094,27,3841,3,0,0,186,86,366,1413,0.4,86.4,6.1,38.3,13.9,37.7,21.2,21.2,33.0,1.0,21.0,0.5,73.8,0.1,0.0,0.0,3.6,1.65,13.3,80.8,0.4507,42.3838,0.0,0.0,0.0
0500000US46043,"Douglas County, South Dakota",46,043,0,86,73,107,686,908,21,435,2828,84,2597,18,60,0,0,1,68,137,179,1222,3.0,84.9,4.1,31.4,0.5,61.0,1.8,16.0,11.0,3.0,91.8,0.6,2.1,0.0,0.0,0.0,2.4,4.84,9.4,83.1,0.4554,85.585,0.0,0.0,0.0
0500000US46045,"Edmunds County, South Dakota",46,045,0,94,63,243,1253,1179,57,175,4048,108,3796,2,20,30,0,3,89,106,228,1343,2.3,67.0,6.6,39.5,1.1,62.2,3.5,4.4,9.9,2.7,93.8,0.0,0.5,0.7,0.0,0.1,2.2,2.62,7.9,74.2,0.4699,79.6652,0.0,0.0,0.0
0500000US46047,"Fall River County, South Dakota",46,047,3,195,138,286,2948,1639,382,926,7258,249,6088,0,372,140,47,20,342,285,512,2541,2.7,70.8,4.1,47.4,2.5,51.4,10.5,13.2,16.6,3.4,83.9,0.0,5.1,1.9,0.6,0.3,4.7,3.93,8.8,83.1,0.4209,73.3505,0.0,0.0,0.0
0500000US46049,"Faulk County, South Dakota",46,049,0,14,7,126,665,576,12,130,2126,28,2021,0,5,5,0,0,67,185,125,724,0.7,50.0,6.2,39.8,5.3,60.5,1.4,6.3,28.3,1.3,95.1,0.0,0.2,0.2,0.0,0.0,3.2,8.7,8.8,76.2,0.5029,81.4159,0.0,0.0,0.0
0500000US46051,"Grant County, South Dakota",46,051,0,494,378,775,1893,3342,230,576,7563,559,6751,28,21,59,0,0,145,311,442,3343,6.5,76.5,10.8,30.9,2.7,81.3,7.6,7.8,11.6,7.4,89.3,0.4,0.3,0.8,0.0,0.0,1.9,4.11,8.4,83.9,0.4237,71.4601,0.0,0.0,0.0
0500000US46053,"Gregory County, South Dakota",46,053,0,44,9,78,1101,1394,127,326,4016,24,3462,35,162,43,10,0,280,72,210,1666,1.1,20.5,2.1,35.3,2.3,71.0,7.9,8.3,9.5,0.6,86.2,0.9,4.0,1.1,0.2,0.0,7.0,1.79,7.5,85.4,0.4318,78.959,0.0,0.0,0.0
0500000US46055,"Haakon County, South Dakota",46,055,0,0,0,16,535,517,21,113,1722,2,1550,22,108,0,0,24,16,54,45,704,0.0,-666666666.0,1.0,38.4,0.0,60.3,3.1,6.7,7.7,0.1,90.0,1.3,6.3,0.0,0.0,1.4,0.9,3.14,3.6,82.1,0.4245,,0.0,0.0,0.0
0500000US46057,"Hamlin County, South Dakota",46,057,0,249,219,325,1362,2332,71,475,6373,375,5810,9,11,17,0,10,141,174,300,2668,3.9,88.0,5.7,30.0,0.5,73.7,3.2,7.7,6.9,5.9,91.2,0.1,0.2,0.3,0.0,0.2,2.2,2.73,8.1,85.4,0.4183,79.3552,0.0,0.0,0.0
0500000US46059,"Hand County, South Dakota",46,059,0,28,27,103,796,1126,54,153,3140,65,2895,15,45,3,0,63,54,72,104,1289,0.9,96.4,3.5,32.2,0.8,67.7,3.8,5.0,5.2,2.1,92.2,0.5,1.4,0.1,0.0,2.0,1.7,2.29,4.9,78.8,0.4713,78.0045,0.0,0.0,0.0
0500000US46061,"Hanson County, South Dakota",46,061,0,42,31,176,779,1238,35,340,3472,48,3186,12,0,0,0,0,226,57,151,1491,1.2,73.8,5.5,29.8,1.8,68.9,3.1,9.8,7.0,1.4,91.8,0.3,0.0,0.0,0.0,0.0,6.5,1.64,6.8,82.9,0.4057,78.739,0.0,0.0,0.0
0500000US46063,"Harding County, South Dakota",46,063,0,11,2,30,229,369,10,32,1148,16,1047,17,6,0,0,16,46,40,51,470,1.0,18.2,2.8,24.8,0.9,53.7,2.0,2.8,6.3,1.4,91.2,1.5,0.5,0.0,0.0,1.4,4.0,3.48,6.2,69.1,0.4152,91.9512,0.0,0.0,0.0
0500000US46065,"Hughes County, South Dakota",46,065,0,197,46,684,4848,5239,446,1128,17664,580,14162,9,1900,116,0,0,897,960,406,8011,1.1,23.4,4.1,35.0,1.0,58.7,6.1,6.7,9.2,3.3,80.2,0.1,10.8,0.7,0.0,0.0,5.1,5.43,3.3,90.4,0.4196,,0.0,1.0,0.0
0500000US46067,"Hutchinson County, South Dakota",46,067,0,141,77,404,1935,2665,231,365,7404,200,6723,8,60,25,0,8,380,468,333,3052,1.9,54.6,5.9,34.4,1.6,73.3,7.9,5.1,12.2,2.7,90.8,0.1,0.8,0.3,0.0,0.1,5.1,6.32,6.7,85.4,0.4342,78.1049,0.0,0.0,0.0
0500000US46069,"Hyde County, South Dakota",46,069,0,5,1,10,375,353,12,70,1191,19,1025,3,11,0,0,0,133,49,92,430,0.4,20.0,0.9,36.8,3.7,56.8,2.4,6.1,5.7,1.6,86.1,0.3,0.9,0.0,0.0,0.0,11.2,4.11,10.0,72.8,0.3946,,0.0,0.0,0.0
0500000US46071,"Jackson County, South Dakota",46,071,0,0,0,127,1115,388,195,756,2802,12,1026,0,1715,0,0,0,49,40,155,648,0.0,-666666666.0,5.0,56.7,7.2,49.2,23.5,27.4,42.4,0.4,36.6,0.0,61.2,0.0,0.0,0.0,1.7,1.43,9.1,82.7,0.5181,66.6962,0.0,0.0,0.0
0500000US46073,"Jerauld County, South Dakota",46,073,0,60,44,55,423,688,27,59,1772,124,1584,0,0,0,0,3,61,40,84,732,3.4,73.3,3.3,30.2,1.7,71.7,3.4,3.4,8.3,7.0,89.4,0.0,0.0,0.0,0.0,0.2,3.4,2.26,6.4,77.4,0.4675,70.8709,0.0,0.0,0.0
0500000US46075,"Jones County, South Dakota",46,075,0,47,47,53,259,325,4,87,1004,10,805,0,175,0,0,3,11,0,43,318,4.7,100.0,6.3,35.5,2.1,70.7,1.2,8.7,18.3,1.0,80.2,0.0,17.4,0.0,0.0,0.3,1.1,0.0,6.8,69.6,0.42,86.7273,0.0,0.0,0.0
0500000US46077,"Kingsbury County, South Dakota",46,077,0,50,20,139,1442,1927,83,274,5244,152,4787,0,47,23,0,19,216,138,265,2209,1.0,40.0,2.8,35.7,1.0,75.0,3.9,5.3,10.6,2.9,91.3,0.0,0.9,0.4,0.0,0.4,4.1,2.63,7.3,86.6,0.3969,71.0104,0.0,0.0,0.0
0500000US46079,"Lake County, South Dakota",46,079,16,405,270,518,3142,3872,246,428,10972,577,9748,80,270,81,19,28,169,534,505,4776,3.7,66.7,5.0,34.6,3.0,67.7,5.2,4.0,8.4,5.3,88.8,0.7,2.5,0.7,0.2,0.3,1.5,4.87,6.6,83.8,0.4694,64.6631,0.0,0.0,0.0
0500000US46081,"Lawrence County, South Dakota",46,081,0,555,177,1227,8515,11555,1027,2407,27233,1057,24182,69,675,122,22,66,1040,929,911,12579,2.0,31.9,4.7,36.3,1.7,78.7,8.5,8.9,11.6,3.9,88.8,0.3,2.5,0.4,0.1,0.2,3.8,3.41,4.6,87.1,0.4559,64.2741,0.0,0.0,0.0
0500000US46083,"Lincoln County, South Dakota",46,083,3,3448,1691,3841,13133,33792,919,2900,70638,2226,62872,1616,212,1217,0,386,2109,307,1618,33977,4.9,49.0,5.8,24.4,1.7,84.3,3.3,4.1,5.6,3.2,89.0,2.3,0.3,1.7,0.0,0.5,3.0,0.43,3.5,85.7,0.4381,62.1576,0.0,0.0,0.0
0500000US46085,"Lyman County, South Dakota",46,085,0,22,17,128,1196,850,136,789,3724,44,2127,1,1464,1,13,1,73,73,251,1235,0.6,77.3,3.7,42.7,4.0,55.5,11.4,21.3,23.7,1.2,57.1,0.0,39.3,0.0,0.3,0.0,2.0,1.96,10.6,81.6,0.5054,68.6247,0.0,0.0,0.0
0500000US46087,"McCook County, South Dakota",46,087,0,90,72,204,1314,2274,112,437,5751,206,5328,16,34,0,0,12,155,187,206,2466,1.6,80.0,3.8,30.6,1.8,77.6,5.0,7.8,6.8,3.6,92.6,0.3,0.6,0.0,0.0,0.2,2.7,3.25,5.5,85.1,0.3897,73.4741,0.0,0.0,0.0
0500000US46089,"McPherson County, South Dakota",46,089,0,6,6,303,787,710,29,39,2145,3,2076,0,3,0,4,0,59,321,262,777,0.3,100.0,14.9,43.5,1.1,70.3,3.2,1.9,12.9,0.1,96.8,0.0,0.1,0.0,0.2,0.0,2.8,14.97,16.6,77.1,0.5256,83.6798,0.0,0.0,0.0
0500000US46091,"Marshall County, South Dakota",46,091,0,134,108,240,1228,1628,26,169,4344,278,3636,5,239,8,0,13,165,140,224,1904,3.1,80.6,5.9,36.2,0.3,75.6,1.6,3.9,6.1,6.4,83.7,0.1,5.5,0.2,0.0,0.3,3.8,3.22,7.6,88.8,0.4487,61.0716,0.0,0.0,0.0
0500000US46093,"Meade County, South Dakota",46,093,0,509,276,976,7683,11220,708,2701,30546,1489,25971,533,480,211,14,201,1647,1075,1057,13846,1.7,54.2,3.4,30.9,3.2,74.3,5.9,9.4,7.1,4.9,85.0,1.7,1.6,0.7,0.0,0.7,5.4,3.52,5.0,84.1,0.391,74.2026,0.0,0.0,0.0
0500000US46095,"Mellette County, South Dakota",46,095,0,0,0,340,610,328,159,474,1943,17,674,0,1089,0,7,10,146,46,209,616,0.0,-666666666.0,19.1,41.3,12.5,43.3,24.8,25.0,41.7,0.9,34.7,0.0,56.0,0.0,0.4,0.5,7.5,2.37,16.5,82.3,0.5013,58.6486,0.0,0.0,0.0
0500000US46097,"Miner County, South Dakota",46,097,0,3,0,29,684,866,64,132,2300,30,2208,16,17,4,0,0,25,66,89,996,0.1,0.0,1.3,36.7,0.3,73.6,6.9,5.9,11.2,1.3,96.0,0.7,0.7,0.2,0.0,0.0,1.1,2.87,5.4,85.4,0.521,72.0651,0.0,0.0,0.0
0500000US46099,"Minnehaha County, South Dakota",46,099,31,15410,8335,19489,40682,95478,7124,16331,203289,13457,159712,12724,3588,3158,80,675,9895,5620,9829,94883,7.6,54.1,10.3,25.9,2.5,84.3,8.4,8.2,8.8,6.6,78.6,6.3,1.8,1.6,0.0,0.3,4.9,2.76,7.3,85.0,0.4395,55.1593,0.0,1.0,0.0
0500000US46101,"Moody County, South Dakota",46,101,0,261,164,428,1668,2192,108,693,6397,371,4729,13,796,108,3,0,377,91,208,2588,4.1,62.8,7.2,34.1,2.8,70.0,4.2,11.0,11.6,5.8,73.9,0.2,12.4,1.7,0.0,0.0,5.9,1.42,4.9,84.1,0.4134,64.8479,0.0,0.0,0.0
0500000US46102,"Oglala Lakota County, South Dakota",46,102,0,22,0,1793,6244,556,1446,5887,13491,259,950,9,12248,0,0,0,25,440,1828,2317,0.2,0.0,14.6,66.2,16.4,21.4,49.5,44.6,57.6,1.9,7.0,0.1,90.8,0.0,0.0,0.0,0.2,3.26,25.6,86.5,0.5046,,0.0,0.0,0.0
0500000US46103,"Pennington County, South Dakota",46,103,9,2809,1411,4673,32534,43136,3738,11217,113512,6444,88293,1244,6831,1401,20,770,8509,3786,4299,48488,2.5,50.2,4.4,35.6,3.2,77.6,8.1,10.2,11.2,5.7,77.8,1.1,6.0,1.2,0.0,0.7,7.5,3.34,5.4,86.5,0.4602,61.8752,0.0,0.0,0.0
0500000US46105,"Perkins County, South Dakota",46,105,0,39,12,27,801,907,107,316,3001,32,2762,0,35,20,0,8,144,84,111,936,1.3,30.8,1.0,33.4,4.9,60.1,8.2,10.7,13.7,1.1,92.0,0.0,1.2,0.7,0.0,0.3,4.8,2.8,5.1,62.1,0.5201,84.3495,0.0,0.0,0.0
0500000US46107,"Potter County, South Dakota",46,107,0,32,8,64,743,825,22,99,2388,0,2227,37,21,15,0,29,59,62,66,1001,1.3,25.0,2.8,38.5,2.6,71.2,2.1,4.3,6.2,0.0,93.3,1.5,0.9,0.6,0.0,1.2,2.5,2.6,3.7,88.3,0.4089,,0.0,0.0,0.0
0500000US46109,"Roberts County, South Dakota",46,109,1,118,70,507,3046,2680,386,1820,10221,269,5770,33,3522,83,0,15,529,234,561,3506,1.2,59.3,5.3,39.8,6.0,62.1,10.6,18.2,15.7,2.6,56.5,0.3,34.5,0.8,0.0,0.1,5.2,2.29,8.5,83.4,0.4265,60.5929,0.0,0.0,0.0
0500000US46111,"Sanborn County, South Dakota",46,111,0,40,23,109,567,782,54,124,2384,123,2150,0,56,0,0,0,55,50,178,939,1.7,57.5,4.9,31.2,0.6,63.5,5.7,5.3,8.5,5.2,90.2,0.0,2.3,0.0,0.0,0.0,2.3,2.1,11.1,77.0,0.3992,76.6502,0.0,0.0,0.0
0500000US46115,"Spink County, South Dakota",46,115,0,67,52,282,1995,1940,107,573,6219,175,5757,97,24,0,0,3,163,276,285,2259,1.1,77.6,4.8,39.3,1.3,64.0,4.3,9.4,10.1,2.8,92.6,1.6,0.4,0.0,0.0,0.0,2.6,4.44,6.3,75.6,0.4222,68.3339,0.0,0.0,0.0
0500000US46117,"Stanley County, South Dakota",46,117,0,42,0,147,801,980,30,104,3015,66,2651,0,78,0,0,28,192,0,122,1455,1.4,0.0,5.1,32.7,0.5,59.7,2.3,3.4,5.1,2.2,87.9,0.0,2.6,0.0,0.0,0.9,6.4,0.0,5.5,89.1,0.3804,72.6225,0.0,0.0,0.0
0500000US46119,"Sully County, South Dakota",46,119,0,73,70,83,384,588,31,101,1526,0,1320,69,60,0,0,6,71,2,42,706,4.8,95.9,5.7,30.7,0.0,67.7,4.9,6.6,6.3,0.0,86.5,4.5,3.9,0.0,0.0,0.4,4.7,0.13,3.9,81.4,0.4466,,0.0,0.0,0.0
0500000US46121,"Todd County, South Dakota",46,121,0,228,180,3250,2983,1210,1023,2084,9244,224,747,41,7541,287,5,22,377,167,772,2154,2.5,78.9,39.2,49.9,18.7,49.9,40.2,22.8,48.4,2.4,8.1,0.4,81.6,3.1,0.1,0.2,4.1,1.81,16.5,90.2,0.5085,23.3772,0.0,0.0,0.0
0500000US46123,"Tripp County, South Dakota",46,123,0,96,50,200,1786,1751,231,762,5611,107,4485,44,770,25,0,5,175,220,474,2082,1.7,52.1,3.8,40.4,1.8,67.6,10.2,14.1,18.4,1.9,79.9,0.8,13.7,0.4,0.0,0.1,3.1,3.92,11.9,82.3,0.4473,81.0098,0.0,0.0,0.0
0500000US46125,"Turner County, South Dakota",46,125,0,175,153,316,2125,3480,304,606,8882,314,8263,37,44,27,12,3,182,245,421,4028,2.0,87.4,3.8,30.9,2.2,75.3,8.5,7.0,9.3,3.5,93.0,0.4,0.5,0.3,0.1,0.0,2.0,2.76,7.0,88.2,0.4,74.3499,0.0,0.0,0.0
0500000US46127,"Union County, South Dakota",46,127,0,342,230,490,4278,7240,303,868,17081,823,15101,160,127,190,18,27,635,135,513,7974,2.0,67.3,3.0,31.6,3.0,80.9,4.1,5.1,6.2,4.8,88.4,0.9,0.7,1.1,0.1,0.2,3.7,0.79,4.3,89.4,0.4704,69.4006,0.0,0.0,0.0
0500000US46129,"Walworth County, South Dakota",46,129,0,21,11,191,1598,1689,182,547,5271,29,4120,18,561,32,0,12,499,160,320,2144,0.4,52.4,3.9,38.5,3.5,68.4,7.5,10.6,14.9,0.6,78.2,0.3,10.6,0.6,0.0,0.2,9.5,3.04,8.4,87.0,0.4489,78.6699,0.0,0.0,0.0
0500000US46135,"Yankton County, South Dakota",46,135,2,680,507,1252,7284,8981,712,1250,23414,1370,20356,366,480,75,0,2,765,1893,1039,10004,2.9,74.6,5.7,38.1,1.4,77.0,7.3,5.6,11.9,5.9,86.9,1.6,2.1,0.3,0.0,0.0,3.3,8.08,6.4,87.9,0.4443,,0.0,0.0,0.0
0500000US46137,"Ziebach County, South Dakota",46,137,0,9,9,377,686,217,186,617,2377,35,644,0,1646,0,7,0,45,0,148,624,0.4,100.0,17.2,36.8,23.5,24.1,25.3,26.0,33.5,1.5,27.1,0.0,69.2,0.0,0.3,0.0,1.9,0.0,10.1,70.3,0.5235,49.6799,0.0,0.0,0.0
0500000US47001,"Anderson County, Tennessee",47,001,23,2568,1145,3713,26935,28523,3901,6613,79153,3226,68364,2604,120,1102,10,539,3188,1157,4906,30157,3.2,44.6,5.0,41.9,3.7,79.7,11.9,8.5,13.4,4.1,86.4,3.3,0.2,1.4,0.0,0.7,4.0,1.46,8.7,85.2,0.4526,67.2595,0.0,0.0,0.0
0500000US47003,"Bedford County, Tennessee",47,003,19,4510,3742,6873,14815,19098,1997,7521,52237,8364,38007,3309,69,441,0,24,2023,759,5059,21438,8.6,83.0,14.1,36.4,4.2,77.1,10.2,14.6,12.6,16.0,72.8,6.3,0.1,0.8,0.0,0.0,3.9,1.45,14.7,88.1,0.424,78.5067,0.0,1.0,0.0
0500000US47005,"Benton County, Tennessee",47,005,0,407,221,379,6530,4580,1126,1606,16006,454,14350,233,0,166,101,0,702,186,1342,5316,2.5,54.3,2.5,49.6,5.3,72.8,15.8,10.1,17.8,2.8,89.7,1.5,0.0,1.0,0.6,0.0,4.4,1.16,11.5,87.6,0.4273,81.0744,0.0,0.0,0.0
0500000US47007,"Bledsoe County, Tennessee",47,007,0,328,165,450,6803,4771,878,2395,15032,525,13010,910,45,26,0,9,507,1201,2337,5499,2.2,50.3,3.1,52.3,1.8,78.4,18.1,17.3,20.7,3.5,86.5,6.1,0.3,0.2,0.0,0.1,3.4,7.99,19.7,93.4,0.4358,84.8651,0.0,0.0,0.0
0500000US47009,"Blount County, Tennessee",47,009,43,4418,2279,4885,45021,55677,3281,12982,139333,6517,123265,3515,73,1067,35,731,4130,1876,8887,57702,3.2,51.6,3.7,39.0,3.5,82.3,5.9,9.4,8.4,4.7,88.5,2.5,0.1,0.8,0.0,0.5,3.0,1.35,8.8,86.1,0.4323,73.2391,0.0,0.0,0.0
0500000US47011,"Bradley County, Tennessee",47,011,5,6545,3302,9588,34352,40392,4973,11128,111065,9320,90175,4598,150,1275,24,809,4714,2755,8648,45245,5.9,50.5,9.1,38.3,6.6,78.1,11.7,10.1,12.7,8.4,81.2,4.1,0.1,1.1,0.0,0.7,4.2,2.48,11.3,89.4,0.4421,78.8612,1.0,1.0,1.0
0500000US47013,"Campbell County, Tennessee",47,013,4,334,187,419,15847,12304,3181,3432,39761,636,38035,190,5,74,14,31,776,551,4772,14027,0.8,56.0,1.1,48.5,5.0,77.0,18.5,8.7,18.5,1.6,95.7,0.5,0.0,0.2,0.0,0.1,2.0,1.39,16.5,89.4,0.4485,84.4603,0.0,0.0,0.0
0500000US47015,"Cannon County, Tennessee",47,015,2,120,91,246,5232,4772,603,1242,14818,460,13617,337,19,0,0,12,373,131,1464,5564,0.8,75.8,1.8,44.2,2.8,74.3,10.4,8.5,18.3,3.1,91.9,2.3,0.1,0.0,0.0,0.1,2.5,0.88,14.0,88.9,0.442,82.5752,0.0,0.0,0.0
0500000US47017,"Carroll County, Tennessee",47,017,0,419,199,531,10803,8947,1438,2804,28641,899,23982,2385,33,87,0,26,1229,1183,2111,10205,1.5,47.5,2.0,46.8,4.5,76.3,12.5,9.9,17.0,3.1,83.7,8.3,0.1,0.3,0.0,0.1,4.3,4.13,10.8,88.4,0.4363,80.3484,0.0,0.0,0.0
0500000US47019,"Carter County, Tennessee",47,019,28,938,631,1333,22699,17583,3483,6518,56712,1422,52636,1078,13,63,0,82,1418,1457,4416,20920,1.7,67.3,2.4,47.4,6.2,74.6,14.3,11.7,17.1,2.5,92.8,1.9,0.0,0.1,0.0,0.1,2.5,2.57,10.5,90.1,0.4533,81.1484,0.0,1.0,0.0
0500000US47021,"Cheatham County, Tennessee",47,021,24,1287,798,1846,11504,16618,957,3587,41829,1993,37268,824,91,300,85,51,1217,326,3014,17833,3.1,62.0,4.7,33.8,4.3,77.2,5.9,8.6,7.7,4.8,89.1,2.0,0.2,0.7,0.2,0.1,2.9,0.78,10.1,84.0,0.4133,72.2578,0.0,0.0,0.0
0500000US47023,"Chester County, Tennessee",47,023,4,322,121,503,6525,5538,857,1340,17611,593,14754,1667,29,29,0,180,359,1226,1354,6380,1.8,37.6,3.0,46.1,4.1,75.9,13.3,7.7,16.1,3.4,83.8,9.5,0.2,0.2,0.0,1.0,2.0,6.96,11.7,88.8,0.4551,81.9058,0.0,0.0,0.0
0500000US47025,"Claiborne County, Tennessee",47,025,3,401,160,538,12881,10623,2031,2908,32466,560,30505,191,22,186,0,54,948,1255,3793,11478,1.2,39.9,1.7,47.5,4.5,78.1,14.8,9.1,17.4,1.7,94.0,0.6,0.1,0.6,0.0,0.2,2.9,3.87,16.2,87.0,0.4688,84.6978,0.0,0.0,0.0
0500000US47027,"Clay County, Tennessee",47,027,0,79,17,120,3457,1639,879,621,7670,18,7196,256,20,41,0,0,139,103,866,2371,1.0,21.5,1.6,54.1,10.0,62.3,25.2,8.2,24.2,0.2,93.8,3.3,0.3,0.5,0.0,0.0,1.8,1.34,15.2,92.4,0.4369,82.8989,0.0,1.0,0.0
0500000US47029,"Cocke County, Tennessee",47,029,4,438,168,781,14057,12383,2913,4642,36813,1144,33859,814,98,181,0,8,709,364,4056,14286,1.2,38.4,2.2,46.5,4.2,80.1,18.8,12.7,21.9,3.1,92.0,2.2,0.3,0.5,0.0,0.0,1.9,0.99,15.1,93.3,0.4598,83.6685,0.0,1.0,0.0
0500000US47031,"Coffee County, Tennessee",47,031,8,1770,1015,3051,19006,21126,2706,6166,59710,3770,50924,2467,14,764,18,133,1620,634,4730,23255,3.0,57.3,5.5,40.3,3.6,78.2,11.7,10.4,17.4,6.3,85.3,4.1,0.0,1.3,0.0,0.2,2.7,1.06,11.7,88.6,0.4245,76.9052,0.0,1.0,0.0
0500000US47033,"Crockett County, Tennessee",47,033,0,766,584,1224,4100,4923,741,1404,13944,1585,9901,1503,107,62,3,7,776,206,1123,6184,5.5,76.2,9.4,37.2,2.9,73.3,13.5,10.2,14.5,11.4,71.0,10.8,0.8,0.4,0.0,0.1,5.6,1.48,11.7,92.7,0.4431,78.9394,0.0,0.0,0.0
0500000US47035,"Cumberland County, Tennessee",47,035,18,1681,771,2084,29275,18612,3191,5276,63553,2250,59001,444,49,221,0,33,1555,635,4392,20349,2.6,45.9,3.4,54.1,5.1,79.0,11.3,8.4,14.4,3.5,92.8,0.7,0.1,0.3,0.0,0.1,2.4,1.0,8.9,88.2,0.4314,79.0919,0.0,1.0,0.0
0500000US47037,"Davidson County, Tennessee",47,037,104,107179,67076,128334,161204,327585,26860,89025,715388,99569,380315,173588,432,24576,353,3884,32671,20987,45318,295095,15.0,62.6,19.2,27.7,4.5,81.5,8.3,12.5,13.9,13.9,53.2,24.3,0.1,3.4,0.0,0.5,4.6,2.93,9.1,74.8,0.4927,35.2563,0.0,0.0,0.0
0500000US47039,"Decatur County, Tennessee",47,039,4,273,188,384,4750,3581,787,1170,11579,429,10428,315,0,161,0,29,217,184,1359,4161,2.4,68.9,3.5,49.3,7.2,78.9,17.2,10.3,22.1,3.7,90.1,2.7,0.0,1.4,0.0,0.3,1.9,1.59,15.9,92.9,0.461,84.0834,0.0,0.0,0.0
0500000US47041,"DeKalb County, Tennessee",47,041,5,1015,791,1049,7542,6987,1145,1811,20959,1624,18243,304,48,227,0,38,475,287,2294,7909,4.8,77.9,5.4,44.4,5.6,78.4,13.2,8.7,18.6,7.7,87.0,1.5,0.2,1.1,0.0,0.2,2.3,1.37,15.5,91.3,0.4454,80.8748,0.0,1.0,0.0
0500000US47043,"Dickson County, Tennessee",47,043,17,1144,736,1814,16367,21819,2017,4436,55983,2835,48823,1686,101,67,0,238,2233,727,4165,22917,2.0,64.3,3.4,36.5,3.4,79.2,9.3,8.0,10.9,5.1,87.2,3.0,0.2,0.1,0.0,0.4,4.0,1.3,10.6,85.0,0.4281,75.3928,0.0,1.0,0.0
0500000US47045,"Dyer County, Tennessee",47,045,3,744,444,820,11871,12566,2336,3378,36508,1444,28091,5489,23,226,0,0,1235,547,2671,14896,2.0,59.7,2.4,41.4,4.7,78.4,15.8,9.4,16.3,4.0,76.9,15.0,0.1,0.6,0.0,0.0,3.4,1.5,10.7,93.6,0.5292,80.61,0.0,1.0,0.0
0500000US47047,"Fayette County, Tennessee",47,047,26,1308,649,1757,14822,16674,1663,3184,43267,1645,28374,10812,20,302,16,178,1920,491,2701,17168,3.0,49.6,4.3,40.6,4.8,80.9,9.7,7.4,10.3,3.8,65.6,25.0,0.0,0.7,0.0,0.4,4.4,1.13,8.3,85.5,0.4415,70.7124,0.0,0.0,0.0
0500000US47049,"Fentress County, Tennessee",47,049,0,246,85,254,8542,5023,1763,2088,19309,413,18160,41,0,42,10,0,643,194,2482,6177,1.3,34.6,1.4,53.5,4.7,71.1,22.5,10.9,21.0,2.1,94.0,0.2,0.0,0.2,0.1,0.0,3.3,1.0,17.8,89.1,0.4191,87.555,0.0,0.0,0.0
0500000US47051,"Franklin County, Tennessee",47,051,1,1150,777,1705,15861,15632,1449,3385,43990,1678,38436,2151,22,410,0,111,1182,2415,2491,17110,2.6,67.6,4.1,43.4,2.8,78.0,8.3,7.8,12.0,3.8,87.4,4.9,0.1,0.9,0.0,0.3,2.7,5.49,8.2,87.8,0.433,76.1152,0.0,1.0,1.0
0500000US47053,"Gibson County, Tennessee",47,053,9,941,505,1630,16383,18116,3366,4634,50869,1714,38065,7406,246,202,8,180,3048,909,3786,20194,1.8,53.7,3.4,41.1,5.0,81.3,16.5,9.3,13.7,3.4,74.8,14.6,0.5,0.4,0.0,0.4,6.0,1.79,10.9,92.7,0.4343,75.5081,0.0,0.0,0.0
0500000US47055,"Giles County, Tennessee",47,055,4,512,353,810,10862,10501,1374,2251,30620,894,25382,2617,24,150,0,240,1313,671,2625,11845,1.7,68.9,2.8,43.4,4.4,77.7,11.4,7.4,12.8,2.9,82.9,8.5,0.1,0.5,0.0,0.8,4.3,2.19,12.1,91.2,0.4666,77.0668,0.0,1.0,0.0
0500000US47057,"Grainger County, Tennessee",47,057,3,739,214,556,9734,8011,1350,2044,24266,877,22631,259,39,43,103,40,274,165,2552,8911,3.0,29.0,2.4,47.9,4.7,79.4,14.0,8.5,17.1,3.6,93.3,1.1,0.2,0.2,0.4,0.2,1.1,0.68,14.1,90.2,0.4759,86.5229,0.0,1.0,0.0
0500000US47059,"Greene County, Tennessee",47,059,2,1443,645,2617,28127,23887,3329,6544,71628,2773,65138,1217,51,365,28,151,1905,1834,6193,25981,2.0,44.7,3.8,47.0,5.7,79.9,11.7,9.2,15.4,3.9,90.9,1.7,0.1,0.5,0.0,0.2,2.7,2.56,11.9,89.6,0.4691,82.2833,0.0,0.0,1.0
0500000US47061,"Grundy County, Tennessee",47,061,0,88,54,186,5641,3612,868,1812,13819,56,12956,62,16,105,0,2,622,198,1703,4621,0.6,61.4,1.4,49.9,9.0,70.1,16.8,13.3,18.9,0.4,93.8,0.4,0.1,0.8,0.0,0.0,4.5,1.43,17.3,91.6,0.4366,84.292,0.0,1.0,0.0
0500000US47063,"Hamblen County, Tennessee",47,063,7,5228,4027,8708,21493,23463,3650,8321,65669,9926,50517,1909,43,661,376,198,2039,619,5206,25974,8.0,77.0,14.1,41.5,5.3,82.1,14.0,12.8,18.4,15.1,76.9,2.9,0.1,1.0,0.6,0.3,3.1,0.94,11.6,92.1,0.4658,79.0322,0.0,0.0,0.0
0500000US47065,"Hamilton County, Tennessee",47,065,87,24870,15643,33515,109761,153638,14488,36308,376192,30267,257073,63574,223,7773,47,1868,15367,9760,22597,151396,6.6,62.9,9.5,35.9,4.4,82.0,9.4,9.7,13.1,8.0,68.3,16.9,0.1,2.1,0.0,0.5,4.1,2.59,8.5,82.6,0.485,55.7189,0.0,0.0,1.0
0500000US47067,"Hancock County, Tennessee",47,067,0,156,116,122,2973,1820,984,758,6852,102,6530,38,0,23,0,0,159,131,1090,2231,2.3,74.4,1.9,53.4,6.3,75.0,34.8,11.3,32.2,1.5,95.3,0.6,0.0,0.3,0.0,0.0,2.3,1.91,22.4,95.0,0.5228,87.9642,0.0,1.0,0.0
0500000US47069,"Hardeman County, Tennessee",47,069,3,428,170,653,11119,6478,1759,1641,25433,560,13508,9706,84,187,6,10,1372,3651,3140,7756,1.7,39.7,2.7,52.4,9.8,71.0,19.3,7.5,19.0,2.2,53.1,38.2,0.3,0.7,0.0,0.0,5.4,14.36,17.1,89.0,0.4361,61.6342,0.0,0.0,0.0
0500000US47071,"Hardin County, Tennessee",47,071,14,221,183,653,10933,8535,1634,3810,27249,678,24745,935,31,8,0,34,818,419,3309,9830,0.8,82.8,2.5,48.4,4.7,77.1,14.9,14.2,21.5,2.5,90.8,3.4,0.1,0.0,0.0,0.1,3.0,1.54,16.8,90.9,0.4778,85.1083,0.0,0.0,0.0
0500000US47073,"Hawkins County, Tennessee",47,073,1,565,308,1051,23893,17891,3041,5492,57964,1181,54232,722,36,344,0,71,1378,547,5354,18583,1.0,54.5,1.9,49.3,7.3,78.7,12.9,9.6,15.2,2.0,93.6,1.2,0.1,0.6,0.0,0.1,2.4,0.94,12.6,84.6,0.4323,84.0097,0.0,0.0,0.0
0500000US47075,"Haywood County, Tennessee",47,075,0,266,61,541,6144,5532,1773,1955,17475,844,7523,8526,16,21,0,90,455,214,2075,6617,1.5,22.9,3.3,43.5,5.9,73.7,24.7,11.3,21.5,4.8,43.1,48.8,0.1,0.1,0.0,0.5,2.6,1.22,16.8,90.0,0.4643,49.3987,0.0,1.0,0.0
0500000US47077,"Henderson County, Tennessee",47,077,7,385,290,362,10570,8627,1802,3299,27980,835,23993,2199,37,45,0,28,843,360,2213,9819,1.4,75.3,1.4,46.9,6.1,76.8,16.5,11.9,16.9,3.0,85.8,7.9,0.1,0.2,0.0,0.1,3.0,1.29,11.4,88.4,0.4443,83.6972,0.0,0.0,0.0
0500000US47079,"Henry County, Tennessee",47,079,10,492,134,1053,12713,10076,1762,3628,32412,977,27845,2141,128,180,17,15,1109,452,2553,11423,1.5,27.2,3.4,47.7,4.8,76.2,13.1,11.3,18.3,3.0,85.9,6.6,0.4,0.6,0.1,0.0,3.4,1.39,10.8,88.1,0.4627,77.1358,0.0,0.0,0.0
0500000US47081,"Hickman County, Tennessee",47,081,0,389,255,741,8889,8590,952,2033,25436,858,22475,790,104,111,0,101,997,1485,2454,10269,1.5,65.6,3.1,42.9,2.4,74.5,10.1,8.4,10.6,3.4,88.4,3.1,0.4,0.4,0.0,0.4,3.9,5.84,13.5,90.1,0.4286,80.1727,0.0,0.0,0.0
0500000US47083,"Houston County, Tennessee",47,083,0,107,37,109,3210,2428,516,951,8353,269,7517,214,10,22,0,0,321,183,648,3168,1.3,34.6,1.4,46.6,3.9,68.9,15.4,11.6,11.1,3.2,90.0,2.6,0.1,0.3,0.0,0.0,3.8,2.19,10.8,93.3,0.379,78.4514,0.0,0.0,0.0
0500000US47085,"Humphreys County, Tennessee",47,085,2,337,211,475,7127,5903,835,2187,19214,561,17232,337,9,57,0,206,812,376,1727,7210,1.8,62.6,2.6,45.2,6.9,73.6,11.5,11.6,14.8,2.9,89.7,1.8,0.0,0.3,0.0,1.1,4.2,1.96,12.6,91.5,0.4233,77.4443,0.0,0.0,0.0
0500000US47087,"Jackson County, Tennessee",47,087,0,41,25,244,4734,3655,758,999,12029,342,11096,49,19,0,4,0,519,163,1415,4328,0.3,61.0,2.1,46.6,7.6,72.9,15.8,8.4,20.3,2.8,92.2,0.4,0.2,0.0,0.0,0.0,4.3,1.36,15.7,88.5,0.4817,80.7963,0.0,0.0,0.0
0500000US47089,"Jefferson County, Tennessee",47,089,14,1064,475,2024,18941,21951,2360,5036,56864,2648,50968,841,36,300,1,348,1722,1633,4532,24150,1.9,44.6,3.7,39.9,4.6,80.8,10.8,9.0,11.4,4.7,89.6,1.5,0.1,0.5,0.0,0.6,3.0,2.87,11.0,91.4,0.4546,81.6115,0.0,1.0,0.0
0500000US47091,"Johnson County, Tennessee",47,091,2,434,281,851,8637,5011,1101,2221,18196,591,15880,853,110,52,0,74,636,1633,2485,5902,2.4,64.7,4.9,55.4,3.2,74.3,15.1,13.4,21.4,3.2,87.3,4.7,0.6,0.3,0.0,0.4,3.5,8.97,17.9,89.1,0.4433,84.2878,0.0,0.0,0.0
0500000US47093,"Knox County, Tennessee",47,093,77,31875,18670,40476,141012,200949,17979,40620,494148,31276,390789,39459,333,11413,375,2122,18381,12714,25164,205029,6.5,58.6,8.7,35.0,3.5,79.7,8.9,8.3,12.2,6.3,79.1,8.0,0.1,2.3,0.1,0.4,3.7,2.57,7.6,82.5,0.4798,58.9618,0.0,0.0,1.0
0500000US47095,"Lake County, Tennessee",47,095,0,131,39,243,3946,1012,657,677,6579,206,4224,1467,55,31,10,0,586,2144,1389,1540,2.0,29.8,3.8,69.4,4.9,61.5,31.8,15.3,32.2,3.1,64.2,22.3,0.8,0.5,0.2,0.0,8.9,32.59,27.0,93.2,0.5417,76.9985,0.0,0.0,0.0
0500000US47097,"Lauderdale County, Tennessee",47,097,0,318,242,707,10476,6901,2117,2307,24784,685,14482,8300,48,155,8,39,1067,2133,2789,8230,1.3,76.1,3.0,52.5,5.6,77.0,22.7,10.2,21.0,2.8,58.4,33.5,0.2,0.6,0.0,0.2,4.3,8.61,16.4,94.3,0.4708,68.1466,0.0,0.0,0.0
0500000US47099,"Lawrence County, Tennessee",47,099,0,647,287,2167,14566,14521,2390,6416,45385,1272,41779,625,6,160,25,24,1494,506,4136,16813,1.4,44.4,5.1,41.3,4.9,73.6,14.1,14.3,15.0,2.8,92.1,1.4,0.0,0.4,0.1,0.1,3.3,1.11,13.5,87.0,0.4511,84.1089,1.0,1.0,1.0
0500000US47101,"Lewis County, Tennessee",47,101,0,46,32,61,4421,4402,1010,1840,12992,410,11877,73,0,27,0,0,605,255,1217,5251,0.4,69.6,0.5,41.8,3.7,74.2,18.7,14.3,16.7,3.2,91.4,0.6,0.0,0.2,0.0,0.0,4.7,1.96,13.2,88.5,0.5018,82.3769,0.0,0.0,0.0
0500000US47103,"Lincoln County, Tennessee",47,103,8,753,351,975,11970,12454,1273,3444,35946,1482,30426,1998,16,217,0,59,1748,448,3096,14490,2.1,46.6,2.9,41.3,4.7,77.2,8.6,9.7,12.9,4.1,84.6,5.6,0.0,0.6,0.0,0.2,4.9,1.25,12.3,90.8,0.4588,81.8948,0.0,1.0,0.0
0500000US47105,"Loudon County, Tennessee",47,105,11,3987,2681,4910,21911,20813,1547,5130,58580,6095,49910,704,34,515,0,250,1072,421,4547,22238,6.8,67.2,8.8,45.1,2.8,80.5,6.4,8.8,12.6,10.4,85.2,1.2,0.1,0.9,0.0,0.4,1.8,0.72,10.4,86.7,0.435,75.9613,0.0,0.0,0.0
0500000US47107,"McMinn County, Tennessee",47,107,4,1276,658,2090,19557,19187,2873,4942,54884,2506,47117,1735,21,450,0,90,2965,1145,4943,21377,2.3,51.6,4.0,43.8,4.9,80.6,13.5,9.1,13.0,4.6,85.8,3.2,0.0,0.8,0.0,0.2,5.4,2.09,12.8,92.0,0.4473,81.7257,0.0,1.0,0.0
0500000US47109,"McNairy County, Tennessee",47,109,14,295,97,368,9823,7890,1510,2590,25970,561,23102,1394,46,108,0,21,738,314,2123,9525,1.1,32.9,1.5,46.4,5.8,74.4,15.2,10.1,16.5,2.2,89.0,5.4,0.2,0.4,0.0,0.1,2.8,1.21,11.6,90.3,0.437,83.7579,0.0,0.0,0.0
0500000US47111,"Macon County, Tennessee",47,111,3,840,704,1001,7974,9348,1663,2560,26240,1837,23242,164,9,46,0,0,942,253,3037,10954,3.2,83.8,4.1,39.0,3.4,77.4,17.7,9.8,17.2,7.0,88.6,0.6,0.0,0.2,0.0,0.0,3.6,0.96,17.2,92.2,0.4384,86.6931,0.0,1.0,0.0
0500000US47113,"Madison County, Tennessee",47,113,21,3692,2343,5263,30710,36927,6540,9900,99295,5190,52995,35924,106,961,55,347,3717,4051,6343,38087,3.7,63.5,5.6,38.4,7.0,80.7,16.3,10.1,18.2,5.2,53.4,36.2,0.1,1.0,0.1,0.3,3.7,4.08,9.5,85.8,0.4688,58.5152,1.0,1.0,0.0
0500000US47115,"Marion County, Tennessee",47,115,2,347,246,459,11100,9490,1728,2410,29250,728,26334,871,32,43,0,20,1222,191,3580,9809,1.2,70.9,1.7,45.9,7.1,78.2,14.6,8.3,16.3,2.5,90.0,3.0,0.1,0.1,0.0,0.1,4.2,0.65,16.8,83.6,0.444,77.4277,0.0,1.0,0.0
0500000US47117,"Marshall County, Tennessee",47,117,0,1166,635,2662,10853,13238,905,3733,36049,2542,29921,1347,30,250,0,295,1664,312,2254,14013,3.2,54.5,7.8,38.0,3.9,77.7,6.6,10.4,11.8,7.1,83.0,3.7,0.1,0.7,0.0,0.8,4.6,0.87,9.2,84.2,0.4536,77.8474,0.0,0.0,0.0
0500000US47119,"Maury County, Tennessee",47,119,6,4152,2623,6300,31016,44095,2674,9108,107791,8722,82285,11064,145,1077,13,267,4218,1204,5042,44568,3.9,63.2,6.2,36.1,2.4,82.3,6.3,8.5,9.8,8.1,76.3,10.3,0.1,1.0,0.0,0.2,3.9,1.12,6.7,84.2,0.4234,71.7527,0.0,0.0,0.0
0500000US47121,"Meigs County, Tennessee",47,121,2,269,76,200,5389,4276,828,1404,13343,249,11901,296,0,52,0,54,791,151,1422,4583,2.0,28.3,1.6,49.2,5.5,81.4,15.8,10.6,14.3,1.9,89.2,2.2,0.0,0.4,0.0,0.4,5.9,1.13,14.7,89.7,0.4626,83.3743,0.0,1.0,0.0
0500000US47123,"Monroe County, Tennessee",47,123,19,1058,460,2456,19213,14938,3064,5509,47695,2220,41463,950,89,104,0,143,2726,554,4998,16770,2.2,43.5,5.4,49.1,4.3,78.6,15.5,11.7,15.5,4.7,86.9,2.0,0.2,0.2,0.0,0.3,5.7,1.16,14.4,90.4,0.4376,82.9906,0.0,0.0,1.0
0500000US47125,"Montgomery County, Tennessee",47,125,31,16013,8347,21977,57723,74624,7142,20011,234153,26629,138855,44843,336,5974,655,1054,15807,4512,8249,98604,6.8,52.1,10.2,32.5,5.1,73.5,8.1,9.1,11.3,11.4,59.3,19.2,0.1,2.6,0.3,0.5,6.8,1.93,5.6,88.3,0.4014,58.4613,0.0,1.0,0.0
0500000US47127,"Moore County, Tennessee",47,127,0,103,4,54,2322,2368,183,461,6674,140,6131,144,3,39,1,0,216,97,438,2705,1.5,3.9,0.9,41.8,4.5,76.8,6.7,7.0,8.0,2.1,91.9,2.2,0.0,0.6,0.0,0.0,3.2,1.45,9.0,90.5,0.4105,83.7438,0.0,1.0,0.0
0500000US47129,"Morgan County, Tennessee",47,129,0,213,136,1199,9438,5687,1033,2020,21361,416,19517,903,26,13,4,0,482,2086,2280,7054,1.0,63.8,5.9,53.1,5.1,72.4,14.4,10.5,15.1,1.9,91.4,4.2,0.1,0.1,0.0,0.0,2.3,9.77,14.5,91.9,0.4675,86.764,0.0,0.0,1.0
0500000US47131,"Obion County, Tennessee",47,131,16,823,565,1360,11112,9783,1957,2563,30453,1686,24113,3198,23,99,40,66,1228,316,3172,11665,2.7,68.7,4.7,45.2,4.2,75.7,15.6,8.5,18.6,5.5,79.2,10.5,0.1,0.3,0.1,0.2,4.0,1.04,14.7,92.0,0.4749,82.1395,0.0,1.0,0.0
0500000US47133,"Overton County, Tennessee",47,133,0,150,56,436,7945,7675,1067,1810,23065,512,21732,318,28,56,8,28,383,217,2847,9387,0.7,37.3,2.0,42.1,3.2,72.5,11.8,7.9,16.3,2.2,94.2,1.4,0.1,0.2,0.0,0.1,1.7,0.94,17.2,91.1,0.4964,81.6876,0.0,1.0,0.0
0500000US47135,"Perry County, Tennessee",47,135,7,185,85,218,3206,2383,480,1147,8697,120,7742,24,107,20,16,0,668,150,721,3082,2.1,45.9,2.7,45.4,5.8,65.7,13.3,13.4,18.1,1.4,89.0,0.3,1.2,0.2,0.2,0.0,7.7,1.72,11.6,86.5,0.4128,84.4726,0.0,0.0,0.0
0500000US47137,"Pickett County, Tennessee",47,137,0,57,39,229,2225,1410,378,315,5079,106,4822,7,5,0,0,0,139,82,560,1685,1.1,68.4,4.7,52.2,6.8,74.1,17.4,6.3,23.9,2.1,94.9,0.1,0.1,0.0,0.0,0.0,2.7,1.61,14.5,89.7,0.4606,82.6337,0.0,0.0,0.0
0500000US47139,"Polk County, Tennessee",47,139,0,180,25,404,6923,5856,1043,2638,17898,388,15941,138,6,50,0,48,1327,233,1787,6594,1.0,13.9,2.4,46.5,5.3,77.6,14.0,14.9,13.9,2.2,89.1,0.8,0.0,0.3,0.0,0.3,7.4,1.3,13.5,89.3,0.49,83.6714,0.0,1.0,0.0
0500000US47141,"Putnam County, Tennessee",47,141,26,4715,2742,6165,26213,30238,3111,8647,82558,6928,70197,1963,50,947,0,156,2317,3542,5840,34143,5.7,58.2,7.9,38.7,3.7,76.0,9.3,10.6,18.4,8.4,85.0,2.4,0.1,1.1,0.0,0.2,2.8,4.29,11.0,87.3,0.4614,73.1389,1.0,0.0,1.0
0500000US47143,"Rhea County, Tennessee",47,143,20,929,761,1499,13166,10628,2297,4371,33992,2142,29632,504,9,163,0,129,1413,701,3956,12196,2.7,81.9,4.7,47.3,5.8,76.8,17.0,12.9,15.9,6.3,87.2,1.5,0.0,0.5,0.0,0.4,4.2,2.06,16.7,91.5,0.4704,82.8995,0.0,0.0,0.0
0500000US47145,"Roane County, Tennessee",47,145,15,787,165,1125,21134,17018,2983,4064,55208,1357,49837,1409,52,359,0,69,2125,480,4240,20753,1.4,21.0,2.1,45.7,4.9,71.4,13.1,7.4,12.0,2.5,90.3,2.6,0.1,0.7,0.0,0.1,3.8,0.87,10.3,88.9,0.4564,76.6489,0.0,0.0,0.0
0500000US47147,"Robertson County, Tennessee",47,147,18,4220,2640,6373,19920,29883,2086,7629,75539,7559,59484,5448,31,563,8,260,2186,797,5002,32287,5.6,62.6,9.0,33.5,3.3,78.3,7.4,10.2,10.4,10.0,78.7,7.2,0.0,0.7,0.0,0.3,2.9,1.06,9.7,86.0,0.4145,74.8788,0.0,1.0,0.0
0500000US47149,"Rutherford County, Tennessee",47,149,117,39307,22844,54515,79822,155723,9079,35954,360646,43964,229745,52973,317,13036,272,2227,18112,4773,17370,158242,10.9,58.1,16.1,28.3,3.6,80.1,7.0,10.0,9.3,12.2,63.7,14.7,0.1,3.6,0.1,0.6,5.0,1.32,7.6,82.8,0.4021,60.1472,0.0,1.0,0.0
0500000US47151,"Scott County, Tennessee",47,151,0,105,20,80,8121,6255,1973,2892,22113,47,21327,54,42,75,3,19,546,276,2846,8148,0.5,19.0,0.4,46.1,7.5,71.1,22.5,13.2,23.1,0.2,96.4,0.2,0.2,0.3,0.0,0.1,2.5,1.25,18.8,93.9,0.4607,89.62,0.0,0.0,0.0
0500000US47153,"Sequatchie County, Tennessee",47,153,0,457,368,586,7072,4665,1022,1968,16809,831,15150,75,5,139,26,48,535,254,2047,4996,2.7,80.5,3.7,51.1,6.6,73.8,16.5,11.9,21.9,4.9,90.1,0.4,0.0,0.8,0.2,0.3,3.2,1.51,16.8,80.5,0.4659,82.6616,0.0,1.0,0.0
0500000US47155,"Sevier County, Tennessee",47,155,59,7525,5935,9518,30594,38862,2911,13147,99652,9577,84825,1094,114,1271,36,402,2333,856,8204,44090,7.6,78.9,10.1,37.6,3.3,79.4,7.2,13.3,13.5,9.6,85.1,1.1,0.1,1.3,0.0,0.4,2.3,0.86,11.4,91.5,0.453,80.0705,1.0,1.0,0.0
0500000US47157,"Shelby County, Tennessee",47,157,399,72296,46838,96214,251105,343105,56268,108730,919173,81334,300954,480352,439,26990,840,3631,24633,14656,61365,360013,7.9,64.8,11.2,35.3,7.2,80.5,15.5,12.0,17.8,8.8,32.7,52.3,0.0,2.9,0.1,0.4,2.7,1.59,10.1,86.0,0.513,36.4221,0.0,1.0,0.0
0500000US47159,"Smith County, Tennessee",47,159,0,306,234,648,6362,7497,780,1679,20389,641,18356,379,5,80,39,9,880,189,1727,8650,1.5,76.5,3.4,38.7,2.7,76.5,9.8,8.3,10.0,3.1,90.0,1.9,0.0,0.4,0.2,0.0,4.3,0.93,12.0,89.6,0.4199,81.9944,0.0,0.0,0.0
0500000US47161,"Stewart County, Tennessee",47,161,4,315,173,496,5385,3939,591,1639,14027,425,12705,196,13,114,0,1,573,134,1074,5326,2.2,54.9,3.7,46.9,2.7,66.6,11.1,11.8,16.4,3.0,90.6,1.4,0.1,0.8,0.0,0.0,4.1,0.96,10.6,91.4,0.4352,81.4048,0.0,0.0,0.0
0500000US47163,"Sullivan County, Tennessee",47,163,55,3001,1527,3958,58697,57381,9053,14113,160624,4217,147130,3263,175,1204,0,425,4210,2434,11868,60219,1.9,50.9,2.6,43.8,5.4,80.8,13.1,8.9,15.4,2.6,91.6,2.0,0.1,0.7,0.0,0.3,2.6,1.52,10.1,86.7,0.4674,76.9834,1.0,1.0,0.0
0500000US47165,"Sumner County, Tennessee",47,165,83,8236,4686,13765,53170,84534,4779,15124,204424,14779,160733,17073,145,3236,70,1171,7217,1627,10911,84903,4.0,56.9,7.1,32.6,3.6,79.9,6.1,7.5,8.8,7.2,78.6,8.4,0.1,1.6,0.0,0.6,3.5,0.8,7.7,81.7,0.4331,70.342,0.0,1.0,0.0
0500000US47167,"Tipton County, Tennessee",47,167,16,566,339,1603,19436,21150,2817,4953,61553,1916,45413,11207,101,281,0,277,2358,528,4279,24059,0.9,59.9,2.8,39.7,5.5,76.7,12.4,8.2,13.6,3.1,73.8,18.2,0.2,0.5,0.0,0.5,3.8,0.86,10.2,87.8,0.4274,75.9473,0.0,0.0,0.0
0500000US47169,"Trousdale County, Tennessee",47,169,8,269,215,677,4833,4042,405,525,11957,485,9460,1319,25,9,0,131,528,2504,1214,4792,2.2,79.9,6.0,47.5,0.6,76.1,10.9,5.5,11.9,4.1,79.1,11.0,0.2,0.1,0.0,1.1,4.4,20.94,14.0,93.9,0.3855,79.0167,0.0,1.0,0.0
0500000US47171,"Unicoi County, Tennessee",47,171,5,263,65,870,6953,5889,1059,1432,17756,1188,16005,120,43,25,0,0,375,429,1741,7068,1.5,24.7,5.1,46.0,4.3,75.6,13.6,8.2,14.3,6.7,90.1,0.7,0.2,0.1,0.0,0.0,2.1,2.42,13.2,91.5,0.4452,80.5058,0.0,1.0,0.0
0500000US47173,"Union County, Tennessee",47,173,1,105,14,385,7392,7001,1171,1639,20431,485,19213,70,0,11,0,20,632,153,2057,7339,0.5,13.3,2.0,44.7,2.6,78.7,14.8,8.1,13.8,2.4,94.0,0.3,0.0,0.1,0.0,0.1,3.1,0.75,14.1,83.8,0.4246,85.1771,0.0,0.0,0.0
0500000US47175,"Van Buren County, Tennessee",47,175,0,56,10,409,2537,1646,479,957,6437,144,6092,17,9,8,0,1,166,83,642,2262,0.9,17.9,6.7,48.0,2.3,61.3,18.6,15.1,16.1,2.2,94.6,0.3,0.1,0.1,0.0,0.0,2.6,1.29,13.7,84.8,0.4205,83.2466,0.0,1.0,0.0
0500000US47177,"Warren County, Tennessee",47,177,6,1530,1219,2909,14201,14149,2433,5003,42166,4199,35131,1088,24,240,63,2,1419,621,3999,16614,3.6,79.7,7.3,42.2,5.9,77.4,15.0,12.0,15.7,10.0,83.3,2.6,0.1,0.6,0.1,0.0,3.4,1.47,13.7,91.9,0.4576,77.5316,0.0,1.0,0.0
0500000US47179,"Washington County, Tennessee",47,179,131,4792,2651,6082,45939,49762,4886,14057,136261,6679,117050,4767,89,2009,36,473,5158,4752,8271,53632,3.5,55.3,4.7,40.2,4.7,76.6,8.6,10.4,15.5,4.9,85.9,3.5,0.1,1.5,0.0,0.3,3.8,3.49,8.8,84.7,0.4718,69.0776,0.0,1.0,0.0
0500000US47181,"Wayne County, Tennessee",47,181,3,304,195,569,7378,4280,1018,1644,16168,441,14302,691,26,0,26,12,670,1756,1985,5556,1.9,64.1,3.7,53.0,3.4,67.7,17.0,11.4,20.0,2.7,88.5,4.3,0.2,0.0,0.2,0.1,4.1,10.86,16.0,88.7,0.4668,88.0691,0.0,0.0,0.0
0500000US47183,"Weakley County, Tennessee",47,183,0,921,552,1281,12354,10681,1869,2994,33016,1007,27970,2597,53,446,12,59,872,2178,2698,12423,2.8,59.9,4.1,44.9,4.0,73.6,14.0,9.2,19.0,3.1,84.7,7.9,0.2,1.4,0.0,0.2,2.6,6.6,12.8,86.5,0.4401,78.6994,0.0,1.0,0.0
0500000US47185,"White County, Tennessee",47,185,6,300,140,744,10398,8903,1463,3417,28160,909,25871,287,20,124,46,65,838,323,3176,10170,1.1,46.7,2.8,45.6,5.6,76.2,13.0,12.3,13.2,3.2,91.9,1.0,0.1,0.4,0.2,0.2,3.0,1.15,15.7,88.2,0.4318,82.8784,0.0,0.0,0.0
0500000US47187,"Williamson County, Tennessee",47,187,34,22119,12302,24106,67961,105607,1728,11486,260351,15611,210687,10162,133,13865,0,1418,8475,899,6420,91017,8.5,55.6,9.8,33.6,2.4,80.5,1.9,4.4,4.6,6.0,80.9,3.9,0.1,5.3,0.0,0.5,3.3,0.35,3.7,70.0,0.4505,65.3648,0.0,0.0,0.0
0500000US47189,"Wilson County, Tennessee",47,189,82,10449,6167,12029,42390,65497,3158,11247,158805,10359,125986,11334,46,3537,21,1804,5718,1776,7237,65000,6.6,59.0,8.1,33.6,3.2,80.9,5.3,7.1,8.0,6.5,79.3,7.1,0.0,2.2,0.0,1.1,3.6,1.12,6.6,81.2,0.4372,69.4427,0.0,1.0,0.0
0500000US48001,"Anderson County, Texas",48,001,13,3789,2279,7908,26123,14907,3161,8931,58439,11442,32202,10281,797,390,60,167,3100,10369,6093,18910,6.5,60.1,14.3,53.7,6.0,70.6,18.0,18.5,17.4,19.6,55.1,17.6,1.4,0.7,0.1,0.3,5.3,17.74,14.4,91.3,0.4611,80.5713,0.0,1.0,0.0
0500000US48003,"Andrews County, Texas",48,003,0,2568,1570,7011,4562,6668,891,4133,18610,10707,7223,292,64,58,0,33,233,200,2626,7964,13.8,61.1,41.0,33.8,3.3,77.1,13.0,22.4,15.6,57.5,38.8,1.6,0.3,0.3,0.0,0.2,1.3,1.07,23.3,95.0,0.4813,85.8911,0.0,1.0,0.0
0500000US48005,"Angelina County, Texas",48,005,22,6981,4425,15614,27974,27747,5405,15083,87275,20528,50770,10591,238,825,0,291,4032,3409,8391,33371,8.0,63.4,19.1,41.3,6.4,74.5,16.7,17.7,15.8,23.5,58.2,12.1,0.3,0.9,0.0,0.3,4.6,3.91,14.6,91.4,0.4451,75.6754,0.0,1.0,0.0
0500000US48007,"Aransas County, Texas",48,007,12,859,323,3240,10604,8196,1071,3162,24876,6736,16719,321,124,331,0,29,616,271,1441,8262,3.5,37.6,13.6,49.6,4.1,79.4,8.6,12.8,14.2,27.1,67.2,1.3,0.5,1.3,0.0,0.1,2.5,1.09,7.4,82.2,0.5073,77.4307,0.0,0.0,1.0
0500000US48009,"Archer County, Texas",48,009,0,355,216,644,2883,2799,227,1223,8867,837,7584,125,32,50,0,6,233,69,509,3745,4.0,60.8,7.6,40.3,3.0,68.0,6.5,13.9,9.2,9.4,85.5,1.4,0.4,0.6,0.0,0.1,2.6,0.78,8.0,91.8,0.4511,89.4778,1.0,1.0,0.0
0500000US48011,"Armstrong County, Texas",48,011,0,63,58,111,604,576,26,74,1822,218,1519,11,19,29,0,6,20,51,71,779,3.5,92.1,6.5,40.5,1.2,65.8,3.4,4.2,5.2,12.0,83.4,0.6,1.0,1.6,0.0,0.3,1.1,2.8,5.5,88.9,0.3403,92.7863,1.0,0.0,0.0
0500000US48013,"Atascosa County, Texas",48,013,1,4289,2666,19703,17061,16427,2725,9810,51008,33363,15788,570,201,309,0,128,649,559,6119,18066,8.4,62.2,41.3,43.4,4.1,77.2,16.2,19.5,15.8,65.4,31.0,1.1,0.4,0.6,0.0,0.3,1.3,1.1,18.7,86.2,0.4472,71.2535,1.0,0.0,0.0
0500000US48015,"Austin County, Texas",48,015,14,3612,2070,6769,9804,11137,1111,5155,31170,8661,18821,2460,33,256,0,126,813,286,2963,12587,11.6,57.3,23.0,39.5,4.3,77.6,9.2,16.7,12.0,27.8,60.4,7.9,0.1,0.8,0.0,0.4,2.6,0.92,13.8,88.3,0.4393,80.979,0.0,1.0,0.0
0500000US48017,"Bailey County, Texas",48,017,0,1296,1059,3381,2469,1979,395,1936,6913,4565,2064,43,0,52,0,0,189,151,1089,2409,18.7,81.7,52.7,46.9,0.0,70.9,17.9,28.6,12.0,66.0,29.9,0.6,0.0,0.8,0.0,0.0,2.7,2.18,25.7,89.1,0.4895,80.1264,0.0,1.0,0.0
0500000US48019,"Bandera County, Texas",48,019,8,1177,671,3006,8529,6905,670,2921,22021,4619,16073,258,85,110,0,178,698,389,1251,8129,5.3,57.0,14.2,45.4,8.7,73.7,7.2,13.3,13.5,21.0,73.0,1.2,0.4,0.5,0.0,0.8,3.2,1.77,7.3,87.3,0.4527,80.4338,0.0,0.0,0.0
0500000US48021,"Bastrop County, Texas",48,021,49,14092,9953,33190,30889,35228,2750,22630,106582,48002,47370,6104,137,825,0,474,3670,3023,12793,38293,13.2,70.6,33.3,37.5,4.3,72.4,7.5,21.8,10.2,45.0,44.4,5.7,0.1,0.8,0.0,0.4,3.4,2.84,18.4,79.2,0.4132,58.5364,1.0,1.0,0.0
0500000US48023,"Baylor County, Texas",48,023,0,86,29,282,1296,1027,243,703,3485,458,2669,43,3,0,17,32,263,70,353,1308,2.5,33.7,8.5,46.1,4.5,71.1,15.9,20.6,21.8,13.1,76.6,1.2,0.1,0.0,0.5,0.9,7.5,2.01,13.8,93.8,0.466,87.8209,1.0,0.0,0.0
0500000US48025,"Bee County, Texas",48,025,4,1388,816,9978,13853,7706,1201,4592,31083,19208,8608,2255,13,156,0,75,768,6795,3919,9850,4.5,58.8,33.7,54.1,5.2,69.2,13.6,18.8,17.6,61.8,27.7,7.3,0.0,0.5,0.0,0.2,2.5,21.86,18.4,90.7,0.4841,69.5222,1.0,1.0,0.0
0500000US48027,"Bell County, Texas",48,027,127,33206,15712,68919,101232,117809,18429,50786,386897,101713,164047,83099,525,11339,2321,1586,22267,9511,22055,153240,8.6,47.3,19.3,34.7,6.8,74.1,13.0,14.0,14.5,26.3,42.4,21.5,0.1,2.9,0.6,0.4,5.8,2.46,9.2,86.9,0.4532,57.5232,0.0,1.0,0.0
0500000US48029,"Bexar County, Texas",48,029,343,286265,161688,716692,548102,766169,103965,323074,2067341,1234086,541699,152543,2421,65986,2457,9941,58208,38154,181028,791007,13.8,56.5,37.0,33.9,5.8,78.3,13.8,16.0,14.6,59.7,26.2,7.4,0.1,3.2,0.1,0.5,2.8,1.85,13.4,80.1,0.4625,44.512,0.0,1.0,0.0
0500000US48031,"Blanco County, Texas",48,031,0,696,357,1200,4548,4255,243,1815,12446,2316,9394,134,7,12,0,10,573,130,728,4342,5.6,51.3,10.0,43.2,5.9,75.7,4.7,14.7,8.4,18.6,75.5,1.1,0.1,0.1,0.0,0.1,4.6,1.04,7.5,78.1,0.4222,75.6424,0.0,0.0,1.0
0500000US48033,"Borden County, Texas",48,033,0,13,7,31,195,190,0,19,713,60,643,4,0,0,0,0,6,0,24,254,1.8,53.8,4.7,39.5,0.3,63.8,0.0,2.7,7.4,8.4,90.2,0.6,0.0,0.0,0.0,0.0,0.8,0.0,5.6,87.9,0.5261,95.6072,1.0,0.0,0.0
0500000US48035,"Bosque County, Texas",48,035,5,1116,717,2398,7387,5564,782,3222,18687,3576,13991,206,26,81,0,159,648,326,1664,6570,6.0,64.2,13.5,48.0,3.6,72.3,10.4,17.6,9.3,19.1,74.9,1.1,0.1,0.4,0.0,0.9,3.5,1.74,12.3,88.0,0.4491,83.2185,0.0,1.0,0.0
0500000US48037,"Bowie County, Texas",48,037,20,4165,2521,6778,32694,29513,5109,11563,92115,7938,56074,22755,320,1273,118,174,3463,5845,5557,34672,4.5,60.5,7.8,44.9,4.4,77.1,14.6,13.4,16.2,8.6,60.9,24.7,0.3,1.4,0.1,0.2,3.8,6.35,8.9,91.1,0.4729,74.0148,0.0,1.0,0.0
0500000US48039,"Brazoria County, Texas",48,039,167,56998,24650,102040,110473,143057,10824,48117,391255,123657,162895,62260,607,28870,115,1439,11412,13012,27940,157580,14.6,43.2,27.8,36.4,4.7,77.9,8.1,12.7,7.4,31.6,41.6,15.9,0.2,7.4,0.0,0.4,2.9,3.33,10.8,87.4,0.4187,59.1604,0.0,1.0,0.0
0500000US48041,"Brazos County, Texas",48,041,32,31008,20106,54596,74491,80808,7858,29127,242311,66411,128323,24497,179,14123,173,1073,7532,18608,14456,95943,12.8,64.8,23.8,37.5,4.7,68.3,8.6,12.2,24.3,27.4,53.0,10.1,0.1,5.8,0.1,0.4,3.1,7.68,11.2,82.6,0.5193,61.625,0.0,1.0,0.0
0500000US48043,"Brewster County, Texas",48,043,4,1084,665,2714,3197,2408,338,1451,9503,3998,4876,56,0,177,18,0,378,472,778,3830,11.4,61.3,29.8,39.9,3.0,51.7,6.8,15.4,8.9,42.1,51.3,0.6,0.0,1.9,0.2,0.0,4.0,4.97,10.8,82.3,0.4175,55.592,0.0,1.0,0.0
0500000US48045,"Briscoe County, Texas",48,045,0,108,56,278,486,373,36,258,1301,339,894,53,1,0,0,10,4,0,169,471,8.3,51.9,22.8,45.3,1.0,64.3,6.5,19.8,16.8,26.1,68.7,4.1,0.1,0.0,0.0,0.8,0.3,0.0,17.3,86.6,0.5574,89.396,0.0,0.0,0.0
0500000US48047,"Brooks County, Texas",48,047,2,487,265,3982,2341,1477,1062,1416,6943,6256,500,40,46,0,19,0,82,328,1013,2361,7.0,54.4,58.8,42.2,19.9,57.6,35.7,21.4,19.4,90.1,7.2,0.6,0.7,0.0,0.3,0.0,1.2,4.72,20.4,94.9,0.4542,44.8376,1.0,0.0,1.0
0500000US48049,"Brown County, Texas",48,049,2,1553,846,5654,13642,12486,1776,5766,38347,8617,26810,1360,48,228,11,185,1088,1726,3182,15331,4.0,54.5,15.5,43.4,5.3,74.2,11.9,15.5,15.3,22.5,69.9,3.5,0.1,0.6,0.0,0.5,2.8,4.5,11.7,92.5,0.4528,86.5899,0.0,1.0,0.0
0500000US48051,"Burleson County, Texas",48,051,0,1334,922,2843,6371,6111,941,2348,18857,4276,11781,2002,4,123,0,51,620,292,1859,6864,7.1,69.1,15.9,42.0,5.0,73.1,11.9,12.6,12.7,22.7,62.5,10.6,0.0,0.7,0.0,0.3,3.3,1.55,13.7,84.4,0.4459,81.0118,0.0,1.0,0.0
0500000US48053,"Burnet County, Texas",48,053,5,4237,2990,8129,17813,19028,1531,9783,52652,12318,37239,656,71,359,28,129,1852,1014,4152,20294,8.0,70.6,16.3,41.2,2.6,76.7,7.3,18.9,8.0,23.4,70.7,1.2,0.1,0.7,0.1,0.2,3.5,1.93,10.9,83.6,0.4551,77.4163,0.0,1.0,0.0
0500000US48055,"Caldwell County, Texas",48,055,12,6257,4416,15709,15975,15642,1893,10010,48669,27728,16718,2201,2,370,26,217,1407,3117,5860,18561,12.9,70.6,34.4,41.2,3.4,70.9,11.4,21.4,13.2,57.0,34.4,4.5,0.0,0.8,0.1,0.4,2.9,6.4,18.0,86.3,0.4087,56.5857,1.0,1.0,0.0
0500000US48057,"Calhoun County, Texas",48,057,5,1834,1007,5118,5374,7433,1357,1340,19868,9821,8111,517,60,824,0,0,535,305,2028,8896,9.2,54.9,27.4,33.8,7.4,76.2,15.7,6.8,7.7,49.4,40.8,2.6,0.3,4.1,0.0,0.0,2.7,1.54,14.6,92.2,0.432,75.8299,1.0,1.0,1.0
0500000US48059,"Callahan County, Texas",48,059,0,238,48,1010,4640,4773,556,2187,14241,1598,11539,165,5,82,8,113,731,93,782,5637,1.7,20.2,7.5,40.3,4.7,73.1,10.6,15.5,9.6,11.2,81.0,1.2,0.0,0.6,0.1,0.8,5.1,0.65,7.8,88.0,0.386,88.4373,1.0,1.0,0.0
0500000US48061,"Cameron County, Texas",48,061,20,98730,60539,285910,133905,125623,34273,109395,426120,380524,36979,2175,342,3314,118,800,1868,3309,70657,150452,23.2,61.3,72.2,42.0,5.9,72.2,24.8,25.8,24.8,89.3,8.7,0.5,0.1,0.8,0.0,0.2,0.4,0.78,27.5,87.3,0.4711,52.5092,0.0,1.0,0.0
0500000US48063,"Camp County, Texas",48,063,0,1341,964,2385,4033,4311,800,2482,12798,3504,6767,1984,0,173,0,7,363,76,1249,4737,10.5,71.9,20.0,41.2,5.7,79.4,16.6,19.5,19.9,27.4,52.9,15.5,0.0,1.4,0.0,0.1,2.8,0.59,15.0,88.4,0.4675,76.5166,0.0,0.0,0.0
0500000US48065,"Carson County, Texas",48,065,6,122,39,226,1660,2106,101,672,5801,635,4743,40,23,16,37,38,269,72,244,2612,2.1,32.0,4.1,35.9,1.2,71.8,4.4,11.7,7.4,10.9,81.8,0.7,0.4,0.3,0.6,0.7,4.6,1.24,6.2,89.2,0.4256,90.2109,0.0,1.0,0.0
0500000US48067,"Cass County, Texas",48,067,1,814,407,1171,11202,8165,1963,3823,28568,1548,21256,4632,60,200,0,131,741,376,2448,10043,2.8,50.0,4.4,48.8,6.4,74.3,16.6,13.5,17.5,5.4,74.4,16.2,0.2,0.7,0.0,0.5,2.6,1.32,12.1,91.8,0.4692,82.6769,1.0,0.0,1.0
0500000US48069,"Castro County, Texas",48,069,0,1281,994,3552,1865,2320,228,1602,7344,4817,2180,86,60,66,0,2,133,101,1152,3164,17.4,77.6,52.7,34.9,3.7,69.4,9.4,22.2,19.2,65.6,29.7,1.2,0.8,0.9,0.0,0.0,1.8,1.38,25.8,95.3,0.4699,78.7939,0.0,1.0,0.0
0500000US48071,"Chambers County, Texas",48,071,46,4961,2826,10032,13240,18652,995,8148,51498,13637,31679,3867,85,779,0,52,1399,273,3714,20975,9.6,57.0,20.9,34.1,7.3,79.1,5.8,15.9,11.9,26.5,61.5,7.5,0.2,1.5,0.0,0.1,2.7,0.53,11.4,91.2,0.4213,82.3569,0.0,0.0,1.0
0500000US48073,"Cherokee County, Texas",48,073,2,4869,3691,9791,18638,15072,2668,9739,51886,12422,30496,6627,46,230,0,265,1800,3198,6248,17072,9.4,75.8,20.2,46.3,5.2,73.7,14.7,19.9,18.2,23.9,58.8,12.8,0.1,0.4,0.0,0.5,3.5,6.16,18.0,85.9,0.4628,80.9138,1.0,0.0,0.0
0500000US48075,"Childress County, Texas",48,075,0,320,225,1113,2998,1935,162,754,6743,2153,3702,454,100,13,0,0,321,1432,982,2458,4.7,70.3,17.3,53.9,0.5,75.9,8.8,14.2,15.3,31.9,54.9,6.7,1.5,0.2,0.0,0.0,4.8,21.24,20.6,97.3,0.5091,87.632,0.0,1.0,0.0
0500000US48077,"Clay County, Texas",48,077,3,146,90,397,3438,3551,273,1834,10495,746,9125,103,61,84,0,4,372,91,429,4601,1.4,61.6,4.0,39.7,2.0,69.3,6.4,17.6,8.4,7.1,86.9,1.0,0.6,0.8,0.0,0.0,3.5,0.87,5.5,90.4,0.4031,89.5058,1.0,1.0,0.0
0500000US48079,"Cochran County, Texas",48,079,0,481,385,1323,818,700,200,665,2550,1536,841,125,5,0,0,3,40,205,540,967,18.9,80.0,56.2,42.1,4.8,65.5,21.7,27.2,27.8,60.2,33.0,4.9,0.2,0.0,0.0,0.1,1.6,8.04,33.9,91.1,0.4766,82.3068,0.0,0.0,0.0
0500000US48081,"Coke County, Texas",48,081,3,78,18,273,1295,1008,234,359,3353,706,2522,41,0,8,0,0,76,140,291,1251,2.3,23.1,8.5,47.5,5.6,74.4,14.7,11.2,22.9,21.1,75.2,1.2,0.0,0.2,0.0,0.0,2.3,4.18,11.8,94.1,0.4652,89.4708,1.0,0.0,0.0
0500000US48083,"Coleman County, Texas",48,083,0,407,319,1156,2966,2364,439,1663,7833,1297,5988,348,2,44,0,10,144,58,744,2735,5.2,78.4,15.6,46.4,7.7,74.7,13.1,21.3,19.6,16.6,76.4,4.4,0.0,0.6,0.0,0.1,1.8,0.74,13.1,88.2,0.4861,89.3167,0.0,0.0,0.0
0500000US48085,"Collin County, Texas",48,085,471,271482,134274,341827,267903,519892,12768,110313,1163337,187150,576632,125634,1838,217824,579,7038,46642,7686,41523,420669,23.3,49.5,31.2,29.4,4.2,84.5,3.1,9.5,6.2,16.1,49.6,10.8,0.2,18.7,0.0,0.6,4.0,0.66,5.4,69.2,0.4306,54.2169,0.0,0.0,1.0
0500000US48087,"Collingsworth County, Texas",48,087,0,161,90,356,675,823,169,560,2588,844,1413,115,10,0,32,13,161,55,437,1077,6.2,55.9,14.9,35.0,1.1,66.3,17.3,22.1,21.8,32.6,54.6,4.4,0.4,0.0,1.2,0.5,6.2,2.13,25.2,90.9,0.4069,88.7594,0.0,0.0,0.0
0500000US48089,"Colorado County, Texas",48,089,3,1832,1002,3583,7239,6914,757,2594,21006,6409,11178,2040,12,141,0,111,1115,408,1510,8284,8.7,54.7,18.3,43.4,2.9,75.3,9.5,12.6,10.7,30.5,53.2,9.7,0.1,0.7,0.0,0.5,5.3,1.94,10.4,91.0,0.4518,78.287,0.0,1.0,1.0
0500000US48091,"Comal County, Texas",48,091,47,11466,4518,26521,55518,68070,3111,19127,183826,52232,117679,4363,197,2501,15,892,5947,1496,6772,69279,6.2,39.4,15.2,37.5,3.9,76.8,4.4,10.5,6.5,28.4,64.0,2.4,0.1,1.4,0.0,0.5,3.2,0.81,5.2,78.9,0.4499,72.2343,0.0,1.0,0.0
0500000US48093,"Comanche County, Texas",48,093,0,1388,1029,2718,4452,4605,560,2853,13950,4110,9232,60,32,47,0,18,451,161,1461,5753,9.9,74.1,20.6,39.6,6.2,72.4,10.5,20.7,16.2,29.5,66.2,0.4,0.2,0.3,0.0,0.1,3.2,1.15,15.1,91.5,0.4409,86.7818,0.0,1.0,0.0
0500000US48095,"Concho County, Texas",48,095,1,410,297,870,1692,1005,56,429,3328,1062,1981,158,0,56,0,6,65,862,457,1078,12.3,72.4,26.9,56.4,1.5,78.0,6.9,17.4,11.4,31.9,59.5,4.7,0.0,1.7,0.0,0.2,2.0,25.9,17.1,83.7,0.3714,86.6444,0.0,0.0,0.0
0500000US48097,"Cooke County, Texas",48,097,3,3011,2198,6041,12498,16333,1561,6861,43046,8999,30678,1378,111,313,0,50,1517,623,3334,18182,7.0,73.0,14.9,36.5,4.5,78.6,9.4,16.1,13.5,20.9,71.3,3.2,0.3,0.7,0.0,0.1,3.5,1.45,11.4,88.9,0.4499,83.0195,0.0,1.0,0.0
0500000US48099,"Coryell County, Texas",48,099,2,5185,2632,12468,29646,16426,3416,6768,84748,17559,46080,10976,221,1665,637,290,7320,16452,4862,27877,6.1,50.8,15.7,43.9,7.1,65.5,12.7,10.6,11.2,20.7,54.4,13.0,0.3,2.0,0.8,0.3,8.6,19.41,8.9,79.3,0.4131,69.7484,1.0,0.0,0.0
0500000US48101,"Cottle County, Texas",48,101,0,26,26,281,474,362,172,152,1368,574,639,32,0,0,0,15,108,5,180,457,1.9,100.0,22.0,42.1,12.6,63.6,29.8,11.2,17.1,42.0,46.7,2.3,0.0,0.0,0.0,1.1,7.9,0.37,19.5,81.3,0.5533,85.997,0.0,0.0,0.0
0500000US48103,"Crane County, Texas",48,103,2,1089,835,2615,1560,1333,63,832,4610,3177,1181,88,8,72,8,0,76,126,775,1653,23.6,76.7,61.3,46.2,4.6,76.9,3.9,18.6,10.9,68.9,25.6,1.9,0.2,1.6,0.2,0.0,1.6,2.73,27.8,95.8,0.4175,86.0331,0.0,0.0,0.0
0500000US48105,"Crockett County, Texas",48,105,0,494,180,1785,906,794,0,63,2822,1886,927,7,0,0,0,0,2,55,790,1200,17.5,36.4,64.1,39.4,3.0,58.7,0.0,2.3,9.3,66.8,32.8,0.2,0.0,0.0,0.0,0.0,0.1,1.95,38.2,88.7,0.3742,76.7114,0.0,0.0,0.0
0500000US48107,"Crosby County, Texas",48,107,0,186,113,1554,1560,1514,466,1001,5041,2837,1937,141,0,35,0,1,90,93,632,2024,3.7,60.8,32.8,39.5,8.2,69.1,24.2,20.2,20.1,56.3,38.4,2.8,0.0,0.7,0.0,0.0,1.8,1.84,19.2,94.3,0.5185,75.3191,0.0,1.0,0.0
0500000US48109,"Culberson County, Texas",48,109,3,208,103,1130,854,482,232,418,2195,1712,383,5,64,27,0,0,4,31,380,762,9.5,49.5,54.6,50.6,1.2,58.6,26.7,19.2,19.5,78.0,17.4,0.2,2.9,1.2,0.0,0.0,0.2,1.41,25.8,92.6,0.3961,57.7465,0.0,0.0,0.0
0500000US48111,"Dallam County, Texas",48,111,4,1637,1351,2750,1362,2571,301,1775,7298,3965,2979,15,0,3,0,90,246,35,950,3383,22.4,82.5,40.1,26.8,2.3,70.9,11.6,24.4,11.5,54.3,40.8,0.2,0.0,0.0,0.0,1.2,3.4,0.48,22.2,93.4,0.3149,88.8044,1.0,1.0,0.0
0500000US48113,"Dallas County, Texas",48,113,918,650070,425335,1046737,635478,1106209,103078,558186,2621179,1081496,691299,579305,3637,183450,1117,9562,71313,32109,309143,1043738,24.8,65.4,42.9,31.2,5.0,83.0,10.5,21.5,13.9,41.3,26.4,22.1,0.1,7.0,0.0,0.4,2.7,1.22,18.1,79.9,0.4915,37.955,0.0,0.0,0.0
0500000US48115,"Dawson County, Texas",48,115,0,1021,703,3956,4600,3246,791,2314,12134,6770,4268,788,8,63,4,0,233,1886,2181,4084,8.4,68.9,34.9,48.5,6.4,71.0,19.6,22.5,19.6,55.8,35.2,6.5,0.1,0.5,0.0,0.0,1.9,15.54,27.9,90.2,0.5035,79.9886,0.0,0.0,0.0
0500000US48117,"Deaf Smith County, Texas",48,117,0,3170,2445,9216,4525,6487,810,3835,18460,14110,3884,147,71,0,0,0,248,206,3197,7703,17.2,77.1,54.9,34.2,3.5,77.3,13.4,21.0,17.7,76.4,21.0,0.8,0.4,0.0,0.0,0.0,1.3,1.12,29.8,92.4,0.4164,75.4316,0.0,1.0,0.0
0500000US48119,"Delta County, Texas",48,119,0,81,57,122,1815,1766,239,514,5438,499,4236,440,13,24,0,26,200,53,411,2062,1.5,70.4,2.4,42.3,4.3,74.5,11.0,9.5,11.4,9.2,77.9,8.1,0.2,0.4,0.0,0.5,3.7,0.97,10.6,87.9,0.4225,84.6501,1.0,0.0,0.0
0500000US48121,"Denton County, Texas",48,121,410,170384,83159,234802,219232,439759,15679,103414,979561,200647,513612,105081,1333,108215,794,5709,44170,12033,42731,386648,17.4,48.8,25.4,28.2,4.0,82.0,4.4,10.6,7.1,20.5,52.4,10.7,0.1,11.0,0.1,0.6,4.5,1.23,6.4,73.3,0.4357,55.772,1.0,0.0,1.0
0500000US48123,"DeWitt County, Texas",48,123,8,704,572,3273,7664,6175,818,3104,20016,7143,10539,1200,41,133,0,76,884,1813,2016,6909,3.5,81.3,17.4,47.9,3.7,77.0,11.8,17.0,17.6,35.7,52.7,6.0,0.2,0.7,0.0,0.4,4.4,9.06,14.5,87.9,0.4796,83.2588,0.0,1.0,1.0
0500000US48125,"Dickens County, Texas",48,125,0,95,48,314,648,445,108,205,1747,573,1098,24,0,27,8,0,17,37,192,617,5.4,50.5,19.2,45.1,9.2,62.1,14.9,12.0,18.0,32.8,62.9,1.4,0.0,1.5,0.5,0.0,1.0,2.12,15.2,86.7,0.4558,84.995,0.0,1.0,0.0
0500000US48127,"Dimmit County, Texas",48,127,2,605,319,4592,3481,2086,774,1195,8380,7303,687,94,234,46,0,0,16,162,1426,2257,7.2,52.7,58.9,53.9,8.4,76.4,25.8,14.5,41.1,87.1,8.2,1.1,2.8,0.5,0.0,0.0,0.2,1.93,26.7,84.6,0.5213,48.2346,1.0,1.0,1.0
0500000US48129,"Donley County, Texas",48,129,4,159,49,315,1319,819,40,561,3257,410,2520,168,6,83,0,17,53,416,289,1216,4.9,30.8,10.0,48.0,1.7,58.3,3.4,17.9,7.9,12.6,77.4,5.2,0.2,2.5,0.0,0.5,1.6,12.77,13.3,86.7,0.4252,88.3178,0.0,0.0,0.0
0500000US48131,"Duval County, Texas",48,131,0,299,71,4659,3935,2570,759,2025,9742,7950,1524,69,0,117,0,0,82,619,1533,2713,3.1,23.7,51.1,52.5,11.0,81.1,24.9,22.2,33.3,81.6,15.6,0.7,0.0,1.2,0.0,0.0,0.8,6.35,23.5,87.2,0.4593,54.6738,0.0,0.0,0.0
0500000US48133,"Eastland County, Texas",48,133,0,866,653,2289,6335,5790,851,2726,18011,3109,13853,388,52,85,7,38,479,957,1881,7141,4.8,75.4,13.4,43.3,4.7,73.5,11.8,15.3,16.2,17.3,76.9,2.2,0.3,0.5,0.0,0.2,2.7,5.31,15.2,92.0,0.4605,88.4385,0.0,1.0,0.0
0500000US48135,"Ector County, Texas",48,135,47,27480,17085,70904,39231,59929,8102,35999,164654,104530,47215,6901,222,1754,321,259,3452,2152,21439,70453,16.7,62.2,47.1,32.8,5.9,79.5,12.5,22.1,16.5,63.5,28.7,4.2,0.1,1.1,0.2,0.2,2.1,1.31,21.7,94.5,0.4704,76.0976,0.0,1.0,0.0
0500000US48137,"Edwards County, Texas",48,137,0,122,100,453,458,335,91,240,1290,555,687,27,2,0,0,0,19,41,151,415,9.5,82.0,36.2,46.1,0.0,62.5,22.5,19.2,31.9,43.0,53.3,2.1,0.2,0.0,0.0,0.0,1.5,3.18,21.1,79.5,0.434,86.4677,1.0,0.0,0.0
0500000US48139,"Ellis County, Texas",48,139,60,18153,10277,40393,52164,82384,4902,31738,213160,60062,112230,30773,211,1760,207,1043,6874,2086,16262,89858,8.5,56.6,20.3,31.8,4.5,77.4,6.8,15.0,6.9,28.2,52.7,14.4,0.1,0.8,0.1,0.5,3.2,0.98,11.8,85.9,0.3976,65.0512,0.0,0.0,1.0
0500000US48141,"El Paso County, Texas",48,141,125,201312,93944,552943,250764,276973,57900,182797,870779,720158,95932,26533,1971,10016,1315,2102,12752,13986,103975,336168,23.1,46.7,68.0,37.4,6.0,73.6,19.3,21.6,18.7,82.7,11.0,3.0,0.2,1.2,0.2,0.2,1.5,1.61,18.9,87.0,0.4672,41.7873,0.0,0.0,0.0
0500000US48143,"Erath County, Texas",48,143,18,2900,1603,6877,13074,15924,1143,6598,43794,9757,31602,770,143,417,0,111,994,3574,3204,18134,6.6,55.3,16.6,36.5,5.7,74.3,6.8,15.2,16.6,22.3,72.2,1.8,0.3,1.0,0.0,0.3,2.3,8.16,12.4,86.0,0.4649,83.6412,0.0,0.0,0.0
0500000US48145,"Falls County, Texas",48,145,16,1207,761,2604,7121,4168,835,2598,17291,4324,8568,3174,0,291,0,7,927,1954,1568,5609,7.0,63.0,15.9,50.8,6.0,64.2,13.2,16.9,14.7,25.0,49.6,18.4,0.0,1.7,0.0,0.0,5.4,11.3,13.0,87.3,0.483,72.0089,1.0,0.0,0.0
0500000US48147,"Fannin County, Texas",48,147,1,1839,1091,3988,13757,11601,1314,4938,37326,4902,28063,2200,94,184,25,338,1520,3032,3263,13145,4.9,59.3,11.2,45.0,5.0,72.7,10.3,14.3,13.7,13.1,75.2,5.9,0.3,0.5,0.1,0.9,4.1,8.12,12.3,83.6,0.4626,83.2449,1.0,0.0,0.0
0500000US48149,"Fayette County, Texas",48,149,2,1579,988,4186,8980,8597,768,2447,25042,5522,17402,1406,17,69,16,29,581,471,1573,9780,6.3,62.6,17.6,43.6,2.3,75.6,7.4,9.9,8.6,22.1,69.5,5.6,0.1,0.3,0.1,0.1,2.3,1.88,8.5,87.4,0.4787,80.2565,1.0,1.0,0.0
0500000US48151,"Fisher County, Texas",48,151,0,100,67,475,1203,1001,218,423,3655,1023,2347,126,4,7,0,15,133,44,233,1447,2.7,67.0,13.8,41.5,4.7,62.0,13.9,11.7,13.7,28.0,64.2,3.4,0.1,0.2,0.0,0.4,3.6,1.2,8.7,92.1,0.3904,81.2568,0.0,0.0,0.0
0500000US48153,"Floyd County, Texas",48,153,0,569,435,1957,1582,1657,252,1213,5216,3030,1918,105,15,10,0,0,138,20,824,2203,10.9,76.4,39.9,39.4,6.0,72.5,12.9,23.3,17.9,58.1,36.8,2.0,0.3,0.2,0.0,0.0,2.6,0.38,23.1,97.8,0.5066,82.0574,0.0,0.0,0.0
0500000US48155,"Foard County, Texas",48,155,0,4,1,58,311,264,8,181,991,118,818,3,0,3,0,0,49,44,132,491,0.4,25.0,6.1,36.4,6.3,51.9,1.8,19.1,5.6,11.9,82.5,0.3,0.0,0.3,0.0,0.0,4.9,4.44,17.7,96.5,0.4775,82.2018,0.0,0.0,0.0
0500000US48157,"Fort Bend County, Texas",48,157,476,272749,114164,346893,227983,346831,19922,103492,893767,220445,256878,183779,696,195903,472,3930,31664,5799,46810,338264,30.5,41.9,41.3,33.3,5.1,80.2,6.8,11.7,7.6,24.7,28.7,20.6,0.1,21.9,0.1,0.4,3.5,0.65,8.1,79.6,0.4326,47.8843,0.0,1.0,1.0
0500000US48159,"Franklin County, Texas",48,159,7,831,474,1173,3583,3734,241,1581,10632,1567,8184,572,18,33,0,0,258,100,717,3747,7.8,57.0,11.8,41.9,4.4,78.6,6.2,15.0,11.7,14.7,77.0,5.4,0.2,0.3,0.0,0.0,2.4,0.94,9.6,82.3,0.4947,84.2214,1.0,0.0,1.0
0500000US48161,"Freestone County, Texas",48,161,0,1088,599,2280,8129,5194,1050,2342,20049,3455,12677,2908,32,29,0,0,948,1476,1807,6751,5.4,55.1,12.0,50.9,3.0,68.2,14.8,12.6,12.3,17.2,63.2,14.5,0.2,0.1,0.0,0.0,4.7,7.36,12.7,89.8,0.4467,82.9187,1.0,0.0,0.0
0500000US48163,"Frio County, Texas",48,163,0,2022,1527,8041,7164,5424,1281,2479,18582,14461,2705,950,21,252,7,47,139,2267,3363,6453,10.9,75.5,45.8,48.3,5.6,74.9,23.6,15.1,19.5,77.8,14.6,5.1,0.1,1.4,0.0,0.3,0.7,12.2,28.5,92.3,0.4207,61.8807,1.0,1.0,1.0
0500000US48165,"Gaines County, Texas",48,165,0,6383,4718,11766,5963,6680,539,8080,22232,8954,12535,460,0,124,0,27,132,211,5011,8288,28.7,73.9,58.8,39.0,2.4,73.4,7.8,36.7,6.8,40.3,56.4,2.1,0.0,0.6,0.0,0.1,0.6,0.95,42.5,93.5,0.4284,91.0224,0.0,1.0,0.0
0500000US48167,"Galveston County, Texas",48,167,179,36517,18076,69512,102621,129586,14723,48254,358990,94669,193684,42715,546,12059,240,1660,13417,5728,24692,142121,10.2,49.5,20.5,36.1,5.7,76.2,10.5,13.6,11.7,26.4,54.0,11.9,0.2,3.4,0.1,0.5,3.7,1.6,10.1,84.6,0.4597,63.0802,1.0,1.0,1.0
0500000US48169,"Garza County, Texas",48,169,0,634,480,1728,2505,1164,161,684,5118,2533,1894,506,16,3,0,0,166,1319,1058,1641,12.4,75.7,34.9,56.6,11.5,68.6,11.0,18.0,8.4,49.5,37.0,9.9,0.3,0.1,0.0,0.0,3.2,25.77,30.0,96.6,0.402,85.9287,0.0,1.0,0.0
0500000US48171,"Gillespie County, Texas",48,171,2,1648,994,4346,10302,9253,417,3788,27524,6307,20252,31,17,106,45,96,670,378,2045,10220,6.0,60.3,16.5,45.1,2.7,76.0,3.6,13.9,9.2,22.9,73.6,0.1,0.1,0.4,0.2,0.3,2.4,1.37,9.9,86.3,0.4967,80.0509,1.0,0.0,0.0
0500000US48173,"Glasscock County, Texas",48,173,2,108,89,245,360,403,45,268,1068,288,707,0,0,0,0,0,73,0,90,423,10.1,82.4,24.5,41.3,0.8,79.3,9.8,25.1,8.9,27.0,66.2,0.0,0.0,0.0,0.0,0.0,6.8,0.0,11.5,88.9,0.4681,93.9668,0.0,0.0,0.0
0500000US48175,"Goliad County, Texas",48,175,0,292,234,995,2868,1956,293,946,7141,2308,4315,341,31,1,0,0,145,111,633,2560,4.1,80.1,14.6,49.3,5.2,69.9,10.4,13.4,13.0,32.3,60.4,4.8,0.4,0.0,0.0,0.0,2.0,1.55,12.1,91.9,0.5209,79.7091,1.0,1.0,1.0
0500000US48177,"Gonzales County, Texas",48,177,2,2315,1515,5019,6255,7067,1295,3511,19851,10139,8064,1159,17,76,116,43,237,342,3252,7834,11.7,65.4,27.1,40.6,4.3,80.8,16.3,18.0,15.8,51.1,40.6,5.8,0.1,0.4,0.6,0.2,1.2,1.72,24.7,90.5,0.4618,77.1244,1.0,1.0,1.0
0500000US48179,"Gray County, Texas",48,179,9,2386,1759,4572,7008,6537,1107,3424,21045,6614,12501,950,153,179,0,201,447,1697,2288,8350,11.3,73.7,23.0,42.4,5.6,72.7,13.9,17.7,15.7,31.4,59.4,4.5,0.7,0.9,0.0,1.0,2.1,8.06,16.3,93.8,0.4892,88.2718,0.0,1.0,0.0
0500000US48181,"Grayson County, Texas",48,181,23,11100,7419,16686,42420,54469,4565,22279,143337,23433,101885,7379,579,2168,175,685,7033,2610,9798,56696,7.7,66.8,12.4,37.5,3.1,79.7,8.3,15.7,11.2,16.3,71.1,5.1,0.4,1.5,0.1,0.5,4.9,1.82,10.1,84.1,0.452,76.6988,0.0,1.0,1.0
0500000US48183,"Gregg County, Texas",48,183,4,10345,7060,20350,37417,47319,6530,20375,125480,25347,68589,22080,433,1650,31,213,7137,4198,10681,51225,8.2,68.2,17.4,38.6,3.6,82.7,13.5,16.5,16.1,20.2,54.7,17.6,0.3,1.3,0.0,0.2,5.7,3.35,13.2,90.7,0.4555,70.662,1.0,0.0,1.0
0500000US48185,"Grimes County, Texas",48,185,0,2291,1213,6231,12254,9175,1420,5098,31340,7998,17787,3557,118,116,26,476,1262,3588,4229,10443,7.3,52.9,21.0,49.1,5.1,76.0,13.8,18.3,14.6,25.5,56.8,11.3,0.4,0.4,0.1,1.5,4.0,11.45,19.5,88.2,0.4779,79.6883,0.0,1.0,0.0
0500000US48187,"Guadalupe County, Texas",48,187,93,13796,7221,38017,51760,65595,5919,19913,183642,71699,86315,13100,146,2712,48,1491,8131,2001,12526,73263,7.5,52.3,22.0,35.7,4.8,75.4,9.0,11.0,9.3,39.0,47.0,7.1,0.1,1.5,0.0,0.8,4.4,1.09,10.1,83.7,0.4019,64.2396,0.0,0.0,1.0
0500000US48189,"Hale County, Texas",48,189,3,2956,1950,11048,10073,10149,2532,6368,32131,19688,10095,1447,22,147,10,155,567,2030,5159,12694,9.2,66.0,36.8,40.9,5.3,73.7,23.0,21.0,20.5,61.3,31.4,4.5,0.1,0.5,0.0,0.5,1.8,6.32,25.7,94.0,0.4589,78.4383,0.0,1.0,0.0
0500000US48191,"Hall County, Texas",48,191,0,242,100,697,1014,487,163,432,2820,1002,1512,116,31,12,0,0,147,59,343,1063,8.6,41.3,26.0,44.8,9.0,42.8,13.9,15.6,16.3,35.5,53.6,4.1,1.1,0.4,0.0,0.0,5.2,2.09,16.5,96.2,0.4607,86.3359,0.0,0.0,0.0
0500000US48193,"Hamilton County, Texas",48,193,2,419,340,829,3131,2362,401,1109,8406,1196,6854,165,15,3,2,8,163,268,657,3133,5.0,81.1,10.3,45.9,5.4,67.9,12.9,13.5,16.5,14.2,81.5,2.0,0.2,0.0,0.0,0.1,1.9,3.19,11.1,91.4,0.4945,85.308,1.0,0.0,0.0
0500000US48195,"Hansford County, Texas",48,195,0,847,570,1689,1211,1645,52,1075,5119,2572,2408,7,29,15,8,0,80,71,694,2349,16.5,67.3,35.4,31.7,6.2,67.1,2.8,21.3,8.6,50.2,47.0,0.1,0.6,0.3,0.2,0.0,1.6,1.39,22.1,96.8,0.461,92.1461,0.0,0.0,0.0
0500000US48197,"Hardeman County, Texas",48,197,0,204,132,450,1040,1104,168,545,3501,897,2176,118,23,48,0,0,239,31,324,1538,5.8,64.7,13.7,36.9,2.4,63.5,13.7,15.6,10.7,25.6,62.2,3.4,0.7,1.4,0.0,0.0,6.8,0.89,13.3,89.7,0.4272,86.121,0.0,1.0,0.0
0500000US48199,"Hardin County, Texas",48,199,11,1305,534,2479,18756,19789,2866,9080,57642,3936,47504,3201,28,317,2,83,2571,470,3378,22700,2.3,40.9,4.6,41.6,5.4,79.6,12.9,15.9,12.1,6.8,82.4,5.6,0.0,0.5,0.0,0.1,4.5,0.82,8.6,93.1,0.4199,87.6904,0.0,0.0,0.0
0500000US48201,"Harris County, Texas",48,201,2949,1298617,782660,2026513,1216115,1910370,235477,1005342,4838303,2126581,1284914,900450,4756,351368,2602,22806,144826,46749,547261,1860445,26.8,60.3,45.0,32.6,6.7,81.5,13.4,20.9,16.3,44.0,26.6,18.6,0.1,7.3,0.1,0.5,3.0,0.97,17.5,81.0,0.5021,46.4014,0.0,0.0,0.0
0500000US48203,"Harrison County, Texas",48,203,9,3413,2084,7297,22100,25454,3371,9834,70155,10404,42448,14250,91,327,29,135,2471,2002,4878,28227,4.9,61.1,11.0,39.7,5.6,80.4,12.8,14.1,15.6,14.8,60.5,20.3,0.1,0.5,0.0,0.2,3.5,2.85,10.5,90.2,0.4606,74.9198,0.0,1.0,0.0
0500000US48205,"Hartley County, Texas",48,205,3,512,383,1053,2358,1233,131,629,5215,1626,2948,315,9,9,13,0,295,1399,773,1485,9.8,74.8,21.8,57.3,1.6,71.2,8.0,16.5,9.4,31.2,56.5,6.0,0.2,0.2,0.2,0.0,5.7,26.83,19.5,90.9,0.4223,91.4187,1.0,0.0,0.0
0500000US48207,"Haskell County, Texas",48,207,0,265,151,920,1862,1490,328,847,5421,1432,3546,321,9,10,0,0,103,195,514,2235,4.9,57.0,17.7,41.0,4.9,58.4,15.4,16.2,16.6,26.4,65.4,5.9,0.2,0.2,0.0,0.0,1.9,3.6,13.3,88.3,0.5417,85.3583,0.0,0.0,0.0
0500000US48209,"Hays County, Texas",48,209,80,26313,14319,62602,67270,104793,5032,31034,268638,105942,135533,10310,171,5325,145,2744,8468,8210,13412,108589,9.8,54.4,24.7,31.3,4.4,74.5,5.0,11.6,12.1,39.4,50.5,3.8,0.1,2.0,0.1,1.0,3.2,3.06,8.0,78.2,0.4587,46.4431,0.0,0.0,0.0
0500000US48211,"Hemphill County, Texas",48,211,0,456,289,980,1050,1044,135,586,3234,1054,2012,76,19,0,0,1,72,43,456,1307,14.1,63.4,31.5,39.6,5.9,69.1,9.1,18.4,6.2,32.6,62.2,2.4,0.6,0.0,0.0,0.0,2.2,1.33,19.3,87.3,0.415,87.5931,0.0,1.0,0.0
0500000US48213,"Henderson County, Texas",48,213,15,4656,2715,8751,31669,27516,4306,13986,84862,12555,62680,4304,148,665,75,248,4187,1391,7159,30502,5.5,58.3,10.9,46.0,4.9,77.7,12.8,16.7,14.7,14.8,73.9,5.1,0.2,0.8,0.1,0.3,4.9,1.64,11.9,87.9,0.4549,81.4193,0.0,1.0,0.0
0500000US48215,"Hidalgo County, Texas",48,215,45,232467,158306,658116,264998,253628,75177,249883,891977,819984,53400,5099,567,9017,190,1031,2689,7827,153601,295926,26.1,68.1,80.1,40.9,7.6,71.8,27.8,28.2,26.7,91.9,6.0,0.6,0.1,1.0,0.0,0.1,0.3,0.88,29.8,85.6,0.4769,50.9792,0.0,1.0,0.0
0500000US48217,"Hill County, Texas",48,217,6,2517,1577,5565,12824,12182,1535,6842,37328,8635,25220,1851,46,197,0,83,1296,757,3418,14102,6.7,62.7,15.8,43.3,4.2,75.6,11.1,18.6,14.7,23.1,67.6,5.0,0.1,0.5,0.0,0.2,3.5,2.03,13.3,89.9,0.4428,81.8209,0.0,1.0,0.0
0500000US48219,"Hockley County, Texas",48,219,0,1702,1121,5013,6156,7355,946,4053,21363,10718,9376,595,39,29,0,0,606,499,2530,8633,8.0,65.9,25.2,37.9,4.7,76.5,12.0,19.1,13.1,50.2,43.9,2.8,0.2,0.1,0.0,0.0,2.8,2.34,18.6,91.5,0.447,82.8242,0.0,1.0,0.0
0500000US48221,"Hood County, Texas",48,221,30,2873,1825,5985,23620,22088,1166,9229,65894,9069,53225,712,226,463,32,186,1981,939,3639,23855,4.4,63.5,9.6,43.6,5.6,76.6,4.6,14.2,7.7,13.8,80.8,1.1,0.3,0.7,0.0,0.3,3.0,1.43,7.6,83.9,0.4435,82.5486,1.0,1.0,0.0
0500000US48223,"Hopkins County, Texas",48,223,30,3563,2359,5987,11465,13299,1041,6963,37784,7066,26619,2652,135,327,34,161,790,546,3757,15176,9.4,66.2,17.0,38.6,4.0,76.1,7.4,18.7,11.9,18.7,70.5,7.0,0.4,0.9,0.1,0.4,2.1,1.45,14.7,88.9,0.4691,81.9764,1.0,1.0,0.0
0500000US48225,"Houston County, Texas",48,225,5,753,568,1958,10089,5250,1425,2244,22051,3187,12783,4603,125,84,5,22,1242,2702,2778,6743,3.4,75.4,9.4,55.5,6.7,69.7,17.9,11.5,15.0,14.5,58.0,20.9,0.6,0.4,0.0,0.1,5.6,12.25,17.0,90.9,0.4682,77.3839,0.0,1.0,0.0
0500000US48227,"Howard County, Texas",48,227,0,3173,2550,9214,11535,9145,1511,3988,32290,15408,13927,1468,105,319,11,61,991,3200,4185,12666,9.8,80.4,30.3,44.7,5.4,67.8,12.4,13.6,13.8,47.7,43.1,4.5,0.3,1.0,0.0,0.2,3.1,9.91,18.9,95.1,0.4489,81.0808,0.0,1.0,0.0
0500000US48229,"Hudspeth County, Texas",48,229,11,842,698,2090,1547,905,173,921,3403,2270,936,47,0,0,0,0,150,487,926,1100,24.7,82.9,63.2,51.7,8.0,68.0,20.5,31.4,17.3,66.7,27.5,1.4,0.0,0.0,0.0,0.0,4.4,14.31,41.7,83.0,0.461,73.1214,0.0,0.0,0.0
0500000US48231,"Hunt County, Texas",48,231,41,8817,5776,17651,32709,38048,4508,18386,108972,23418,70872,8457,360,1495,14,290,4066,3459,9655,41023,8.1,65.5,17.3,38.3,5.9,76.7,11.7,17.0,11.8,21.5,65.0,7.8,0.3,1.4,0.0,0.3,3.7,3.17,13.5,84.7,0.4233,77.3265,0.0,0.0,0.0
0500000US48233,"Hutchinson County, Texas",48,233,2,1387,811,2774,6459,6860,478,2619,20184,5012,13654,434,211,127,53,72,621,273,1877,7758,6.9,58.5,14.5,41.0,3.6,76.7,6.8,13.1,13.3,24.8,67.6,2.2,1.0,0.6,0.3,0.4,3.1,1.35,14.1,90.6,0.419,88.2217,0.0,1.0,0.0
0500000US48235,"Irion County, Texas",48,235,1,72,38,259,438,514,23,209,1409,388,963,1,40,0,0,0,17,1,95,543,5.1,52.8,19.3,38.8,0.4,74.7,3.9,14.8,10.8,27.5,68.3,0.1,2.8,0.0,0.0,0.0,1.2,0.07,9.3,82.5,0.4443,87.6728,0.0,0.0,0.0
0500000US48237,"Jack County, Texas",48,237,2,459,370,882,3670,2208,316,1407,8882,1660,6632,259,4,42,0,21,264,1076,1161,2834,5.2,80.6,10.5,51.5,9.6,70.7,10.6,18.0,13.0,18.7,74.7,2.9,0.0,0.5,0.0,0.2,3.0,12.11,18.8,91.8,0.4744,90.9069,1.0,1.0,0.0
0500000US48239,"Jackson County, Texas",48,239,2,803,465,2676,5411,4635,1101,2516,15152,5055,8614,994,16,214,0,38,221,212,1724,5573,5.3,57.9,18.9,45.3,5.3,75.0,18.3,16.8,14.1,33.4,56.9,6.6,0.1,1.4,0.0,0.3,1.5,1.4,16.4,90.9,0.433,85.1003,1.0,1.0,1.0
0500000US48241,"Jasper County, Texas",48,241,2,748,467,1650,12062,9164,2161,5920,32727,2288,23921,4992,26,147,13,30,1310,1185,2382,11043,2.3,62.4,5.3,46.3,13.3,75.9,15.6,18.8,20.7,7.0,73.1,15.3,0.1,0.4,0.0,0.1,4.0,3.62,10.5,92.9,0.4665,83.0882,0.0,1.0,0.0
0500000US48243,"Jeff Davis County, Texas",48,243,0,166,74,445,782,580,53,269,1865,562,1221,0,0,0,0,0,82,15,116,542,8.9,44.6,25.7,50.5,0.0,75.6,5.5,14.5,23.9,30.1,65.5,0.0,0.0,0.0,0.0,0.0,4.4,0.8,7.6,73.0,0.5562,59.7947,0.0,0.0,0.0
0500000US48245,"Jefferson County, Texas",48,245,145,30819,18999,54408,86484,81722,16008,49278,253878,61240,92242,83053,376,9581,77,723,6586,15405,25327,95770,12.1,61.6,22.9,43.7,6.3,78.7,16.9,20.6,19.5,24.1,36.3,32.7,0.1,3.8,0.0,0.3,2.6,6.07,14.9,93.5,0.4768,53.9843,1.0,1.0,0.0
0500000US48247,"Jim Hogg County, Texas",48,247,3,41,17,2146,1385,1319,394,1349,4727,4322,379,16,0,10,0,0,0,71,585,1660,0.9,41.5,53.7,41.9,6.3,73.4,30.8,29.0,31.4,91.4,8.0,0.3,0.0,0.2,0.0,0.0,0.0,1.5,21.9,94.0,0.4814,45.7413,0.0,0.0,0.0
0500000US48249,"Jim Wells County, Texas",48,249,0,1914,842,17471,13142,12076,3190,8046,38850,30899,7135,301,71,197,48,0,199,374,5049,13648,4.9,44.0,48.2,44.5,6.1,78.5,24.0,20.9,24.7,79.5,18.4,0.8,0.2,0.5,0.1,0.0,0.5,0.96,20.4,89.4,0.4685,57.552,1.0,1.0,1.0
0500000US48251,"Johnson County, Texas",48,251,30,13544,7471,33457,54356,72349,5079,31523,195597,49502,126272,9914,314,2082,169,944,6400,2983,16188,84005,6.9,55.2,18.2,35.9,3.6,77.6,7.8,16.3,10.0,25.3,64.6,5.1,0.2,1.1,0.1,0.5,3.3,1.53,12.6,91.6,0.4129,75.2617,1.0,0.0,1.0
0500000US48253,"Jones County, Texas",48,253,0,754,554,3363,10252,4656,871,2786,20304,5816,11302,2025,66,116,0,69,910,5849,2799,6000,3.7,73.5,17.3,59.3,5.5,70.5,14.7,19.3,14.1,28.6,55.7,10.0,0.3,0.6,0.0,0.3,4.5,28.81,18.7,91.2,0.4508,86.1955,1.0,0.0,0.0
0500000US48255,"Karnes County, Texas",48,255,1,549,294,3529,6808,3303,998,1834,14968,7991,5191,1389,9,45,7,0,336,3370,2344,4515,3.7,53.6,24.8,55.3,2.9,61.8,21.1,15.8,19.1,53.4,34.7,9.3,0.1,0.3,0.0,0.0,2.2,22.51,21.9,86.9,0.5542,78.8374,0.0,1.0,0.0
0500000US48257,"Kaufman County, Texas",48,257,94,19660,9702,36172,40590,64432,5054,25723,172604,47209,84197,31718,214,3184,30,410,5642,1472,14748,69716,11.4,49.3,22.6,31.7,5.3,77.8,9.9,15.0,9.7,27.4,48.8,18.4,0.1,1.8,0.0,0.2,3.3,0.85,13.6,85.5,0.3925,63.4859,0.0,0.0,1.0
0500000US48259,"Kendall County, Texas",48,259,22,3352,2280,6601,15798,17210,795,5159,48567,11835,33597,426,45,800,6,364,1494,707,1790,16479,6.9,68.0,14.3,40.3,4.7,77.5,4.5,10.8,5.0,24.4,69.2,0.9,0.1,1.6,0.0,0.7,3.1,1.46,5.3,75.5,0.4911,77.3256,0.0,1.0,0.0
0500000US48261,"Kenedy County, Texas",48,261,2,68,53,127,69,48,1,36,145,128,13,1,1,1,0,0,1,6,58,46,46.9,77.9,87.6,55.2,0.0,85.7,1.8,24.8,15.3,88.3,9.0,0.7,0.7,0.7,0.0,0.0,0.7,4.14,47.2,82.1,0.4242,72.7848,1.0,0.0,0.0
0500000US48263,"Kent County, Texas",48,263,0,3,3,68,359,171,53,26,734,118,580,7,0,0,0,0,29,61,74,223,0.4,100.0,9.5,54.9,8.5,63.3,17.2,3.8,9.9,16.1,79.0,1.0,0.0,0.0,0.0,0.0,4.0,8.31,12.2,82.6,0.4658,87.6404,0.0,0.0,0.0
0500000US48265,"Kerr County, Texas",48,265,9,4106,2037,7381,20026,18368,1452,9053,53489,14337,35909,799,64,607,8,226,1539,2246,3841,19823,7.7,49.6,14.4,44.5,3.3,76.1,6.4,17.3,11.4,26.8,67.1,1.5,0.1,1.1,0.0,0.4,2.9,4.2,9.7,85.0,0.4556,76.7306,1.0,1.0,1.0
0500000US48267,"Kimble County, Texas",48,267,2,274,161,718,1697,1161,232,595,4389,1162,3071,47,44,0,0,0,65,40,687,1860,6.2,58.8,17.2,45.3,1.3,57.4,11.4,13.7,11.7,26.5,70.0,1.1,1.0,0.0,0.0,0.0,1.5,0.91,20.4,92.2,0.4366,88.4359,0.0,0.0,0.0
0500000US48269,"King County, Texas",48,269,0,0,0,0,80,49,0,16,211,35,146,0,0,0,0,0,30,0,20,86,0.0,-666666666.0,0.0,44.4,0.0,49.0,0.0,7.6,23.7,16.6,69.2,0.0,0.0,0.0,0.0,0.0,14.2,0.0,11.1,86.0,0.4772,95.5556,0.0,0.0,0.0
0500000US48271,"Kinney County, Texas",48,271,0,613,315,1485,1319,940,174,612,3157,1814,1255,2,37,0,0,0,49,354,438,1140,19.4,51.4,48.0,45.0,0.9,58.9,15.1,21.7,8.4,57.5,39.8,0.1,1.2,0.0,0.0,0.0,1.6,11.21,17.1,73.8,0.3618,74.9119,1.0,0.0,0.0
0500000US48273,"Kleberg County, Texas",48,273,0,1753,1116,9812,9336,9515,2531,4850,30579,21825,6362,1110,59,390,0,88,745,1745,2566,11780,5.7,63.7,34.4,38.9,7.7,72.2,21.4,16.2,28.1,71.4,20.8,3.6,0.2,1.3,0.0,0.3,2.4,5.71,15.0,87.8,0.4346,56.0415,1.0,0.0,1.0
0500000US48275,"Knox County, Texas",48,275,0,234,101,681,1055,909,175,566,3307,1109,1885,124,6,10,0,3,170,119,331,1292,7.1,43.2,21.6,41.5,1.3,62.0,14.0,17.7,15.7,33.5,57.0,3.7,0.2,0.3,0.0,0.1,5.1,3.6,14.6,88.7,0.4041,84.0116,0.0,1.0,0.0
0500000US48277,"Lamar County, Texas",48,277,36,2279,942,4521,15858,17629,2494,9678,50669,4871,36121,6086,315,470,250,21,2535,731,3939,19859,4.5,41.3,9.5,39.9,4.0,76.8,12.5,19.3,19.0,9.6,71.3,12.0,0.6,0.9,0.5,0.0,5.0,1.44,11.4,87.9,0.4725,80.0752,0.0,1.0,0.0
0500000US48279,"Lamb County, Texas",48,279,0,1665,1326,5175,3910,4454,666,3166,12828,7478,4613,417,6,86,45,3,180,192,1727,5397,13.0,79.6,43.3,39.9,2.1,77.4,14.2,25.1,15.0,58.3,36.0,3.3,0.0,0.7,0.4,0.0,1.4,1.5,21.2,94.5,0.4214,81.8598,0.0,1.0,0.0
0500000US48281,"Lampasas County, Texas",48,281,3,1118,555,2597,8426,6793,733,2885,22715,4657,15785,899,8,244,0,44,1078,233,1304,8273,4.9,49.6,12.0,45.7,4.5,72.7,8.7,12.9,9.1,20.5,69.5,4.0,0.0,1.1,0.0,0.2,4.7,1.03,8.1,87.8,0.4055,79.2939,1.0,1.0,0.0
0500000US48283,"La Salle County, Texas",48,283,0,353,294,3186,3453,1390,229,999,6839,4910,1336,359,29,6,0,126,73,1141,1355,1968,5.2,83.3,47.6,60.5,1.8,62.7,13.9,17.5,21.4,71.8,19.5,5.2,0.4,0.1,0.0,1.8,1.1,16.68,31.7,89.1,0.4083,60.0424,0.0,0.0,0.0
0500000US48285,"Lavaca County, Texas",48,285,20,987,742,2218,6632,6775,705,2124,20552,4129,14687,749,0,71,0,32,884,423,1659,8113,4.8,75.2,11.5,40.8,3.1,72.6,8.3,10.5,11.5,20.1,71.5,3.6,0.0,0.3,0.0,0.2,4.3,2.06,11.6,89.0,0.4358,87.8372,1.0,1.0,1.0
0500000US48287,"Lee County, Texas",48,287,4,1255,690,3121,5861,6013,829,2820,17971,4774,10761,1731,48,42,0,45,570,486,2073,6600,7.0,55.0,18.5,40.1,6.5,73.3,11.9,16.1,11.3,26.6,59.9,9.6,0.3,0.2,0.0,0.3,3.2,2.7,16.6,82.0,0.4069,79.9049,0.0,1.0,0.0
0500000US48289,"Leon County, Texas",48,289,0,1133,689,1923,6263,4490,551,2773,16263,2712,11525,1168,22,24,0,13,799,79,1456,5602,7.0,60.8,12.5,48.6,4.2,71.0,8.2,17.2,16.4,16.7,70.9,7.2,0.1,0.1,0.0,0.1,4.9,0.49,12.6,90.8,0.4535,88.0627,0.0,0.0,0.0
0500000US48291,"Liberty County, Texas",48,291,10,16131,12674,31623,34192,30226,5190,25703,103380,40921,50298,7744,93,582,23,175,3544,5180,13966,34250,15.6,78.6,33.1,45.1,7.1,78.3,16.6,26.2,18.7,39.6,48.7,7.5,0.1,0.6,0.0,0.2,3.4,5.01,22.2,91.2,0.4452,80.583,0.0,1.0,0.0
0500000US48293,"Limestone County, Texas",48,293,5,2116,1556,3789,8986,5761,1390,3835,22283,5243,12184,3761,11,219,0,32,833,870,2228,7611,9.5,73.5,18.0,50.5,3.7,67.9,16.6,17.7,17.1,23.5,54.7,16.9,0.0,1.0,0.0,0.1,3.7,3.9,14.2,90.1,0.4332,78.0275,0.0,1.0,0.0
0500000US48295,"Lipscomb County, Texas",48,295,5,442,311,815,878,759,61,519,2918,1127,1637,1,7,0,23,0,123,52,281,1100,15.1,70.4,30.1,41.3,6.5,65.1,6.0,18.1,11.5,38.6,56.1,0.0,0.2,0.0,0.8,0.0,4.2,1.78,15.7,96.0,0.45,89.3566,0.0,1.0,0.0
0500000US48297,"Live Oak County, Texas",48,297,0,1008,880,3141,5471,2907,718,1841,11620,4911,5480,225,0,84,76,0,844,1605,1738,3451,8.7,87.3,28.7,57.0,5.9,74.8,16.5,18.3,17.1,42.3,47.2,1.9,0.0,0.7,0.7,0.0,7.3,13.81,20.4,90.3,0.4735,84.5671,1.0,1.0,0.0
0500000US48299,"Llano County, Texas",48,299,0,1100,739,1999,9936,6597,811,3522,22424,2995,18410,65,53,142,0,166,593,221,1660,7232,4.9,67.2,9.3,51.3,4.4,73.1,7.5,15.8,12.0,13.4,82.1,0.3,0.2,0.6,0.0,0.7,2.6,0.99,9.4,81.9,0.5113,79.9912,0.0,0.0,0.0
0500000US48301,"Loving County, Texas",48,301,0,2,0,21,7,4,2,0,33,0,31,0,0,2,0,0,0,0,3,25,6.1,0.0,63.6,21.2,0.0,15.4,7.4,0.0,6.1,0.0,93.9,0.0,0.0,6.1,0.0,0.0,0.0,0.0,9.7,96.2,0.3081,88.6598,0.0,0.0,0.0
0500000US48303,"Lubbock County, Texas",48,303,114,19461,11534,59152,86235,117669,13478,43564,318884,115556,164153,21358,468,7562,249,920,8618,13311,20640,137931,6.1,59.3,19.8,34.1,4.9,74.5,10.7,13.9,17.1,36.2,51.5,6.7,0.1,2.4,0.1,0.3,2.7,4.17,10.8,88.6,0.4828,69.2166,0.0,0.0,1.0
0500000US48305,"Lynn County, Texas",48,305,0,229,145,1207,1689,1711,256,737,5752,2370,3134,100,3,28,8,2,107,65,551,2268,4.0,63.3,22.5,38.9,3.7,67.2,12.2,12.9,15.2,41.2,54.5,1.7,0.1,0.5,0.1,0.0,1.9,1.13,14.7,90.4,0.4722,84.7293,0.0,1.0,0.0
0500000US48307,"McCulloch County, Texas",48,307,2,316,286,1693,2615,1995,405,1470,7514,2289,4810,71,4,10,0,0,330,107,728,2603,4.2,90.5,23.6,42.0,9.0,60.6,12.3,19.8,15.3,30.5,64.0,0.9,0.1,0.1,0.0,0.0,4.4,1.42,13.6,80.2,0.4656,86.3365,0.0,0.0,0.0
0500000US48309,"McLennan County, Texas",48,309,53,22817,16424,48794,77542,100850,11783,37180,266067,71761,143918,35929,368,4499,44,854,8694,9143,19631,107527,8.6,72.0,19.6,37.0,4.5,80.2,12.1,14.2,16.6,27.0,54.1,13.5,0.1,1.7,0.0,0.3,3.3,3.44,11.9,87.0,0.4828,64.8186,1.0,0.0,0.0
0500000US48311,"McMullen County, Texas",48,311,0,29,29,160,207,119,8,105,700,435,261,0,3,0,0,0,1,0,56,189,4.1,100.0,26.4,47.3,0.0,51.5,3.9,15.0,12.3,62.1,37.3,0.0,0.4,0.0,0.0,0.0,0.1,0.0,14.4,81.8,0.4412,91.9918,1.0,0.0,0.0
0500000US48313,"Madison County, Texas",48,313,0,1268,842,2387,5320,3806,447,1471,13648,3573,7136,2093,9,155,19,12,651,2240,1530,4358,9.3,66.4,18.6,48.5,7.1,72.7,10.6,12.9,10.9,26.2,52.3,15.3,0.1,1.1,0.1,0.1,4.8,16.41,16.6,85.1,0.3952,81.9457,0.0,1.0,0.0
0500000US48315,"Marion County, Texas",48,315,0,220,140,153,4170,2892,863,1379,9737,468,6771,2133,40,16,0,6,303,115,981,3437,2.3,63.6,1.6,50.1,8.7,76.4,20.5,14.3,18.3,4.8,69.5,21.9,0.4,0.2,0.0,0.1,3.1,1.18,13.4,93.0,0.474,75.8804,1.0,0.0,0.0
0500000US48317,"Martin County, Texas",48,317,4,483,301,1580,1412,1630,194,881,5218,2488,2355,146,0,5,0,85,139,61,595,2222,9.3,62.3,31.6,35.5,5.4,67.0,9.8,17.1,8.3,47.7,45.1,2.8,0.0,0.1,0.0,1.6,2.7,1.17,17.6,94.7,0.4835,87.614,0.0,0.0,0.0
0500000US48319,"Mason County, Texas",48,319,0,183,144,714,1795,1007,80,533,3955,749,3157,2,0,8,0,0,39,8,536,1276,4.6,78.7,19.1,54.2,3.0,68.5,4.7,13.5,7.0,18.9,79.8,0.1,0.0,0.2,0.0,0.0,1.0,0.2,18.1,86.9,0.4008,82.1528,0.0,0.0,0.0
0500000US48321,"Matagorda County, Texas",48,321,18,4282,2998,9214,11024,12714,2628,6430,36329,15889,15025,3511,21,594,16,314,959,382,4600,14069,11.8,70.0,27.2,39.2,8.7,81.3,17.0,17.9,20.7,43.7,41.4,9.7,0.1,1.6,0.0,0.9,2.6,1.05,19.0,91.5,0.4653,74.7972,0.0,0.0,1.0
0500000US48323,"Maverick County, Texas",48,323,7,17638,9453,47402,17589,15994,5191,13479,58082,55049,1657,103,853,270,44,0,106,463,10979,20197,30.4,53.6,89.3,41.9,7.7,70.9,28.7,23.4,22.8,94.8,2.9,0.2,1.5,0.5,0.1,0.0,0.2,0.8,32.5,91.6,0.4556,58.9711,0.0,0.0,0.0
0500000US48325,"Medina County, Texas",48,325,4,3478,1499,13174,19871,16068,1902,5946,53547,27578,22304,1540,66,420,52,300,1287,2464,5102,18555,6.5,43.1,26.0,46.1,3.0,71.9,10.7,11.6,9.6,51.5,41.7,2.9,0.1,0.8,0.1,0.6,2.4,4.6,14.0,83.9,0.4118,70.9428,1.0,0.0,0.0
0500000US48327,"Menard County, Texas",48,327,0,89,85,412,721,431,86,451,1955,503,1375,8,0,0,0,0,69,46,270,644,4.6,95.5,22.0,45.8,10.8,56.7,9.1,23.6,18.9,25.7,70.3,0.4,0.0,0.0,0.0,0.0,3.5,2.35,17.8,87.8,0.4595,82.7885,0.0,1.0,0.0
0500000US48329,"Midland County, Texas",48,329,92,22346,12643,50698,38757,70021,4750,25167,174801,80341,73917,11202,241,4179,45,769,4107,1924,15769,78940,12.8,56.6,31.6,30.0,3.4,80.6,7.0,14.5,11.3,46.0,42.3,6.4,0.1,2.4,0.0,0.4,2.3,1.1,14.5,91.8,0.484,79.8259,0.0,1.0,0.0
0500000US48331,"Milam County, Texas",48,331,0,1591,956,4329,8583,7947,1135,3921,25567,6638,15749,2065,15,129,0,22,949,518,1985,9387,6.2,60.1,17.9,41.8,5.0,69.9,11.2,15.7,12.9,26.0,61.6,8.1,0.1,0.5,0.0,0.1,3.7,2.03,11.2,84.8,0.4603,78.3114,1.0,1.0,0.0
0500000US48333,"Mills County, Texas",48,333,2,213,116,643,1617,1303,238,472,4511,947,3298,30,1,30,0,22,183,160,382,1805,4.7,54.5,14.6,43.5,3.2,64.1,13.2,10.8,7.2,21.0,73.1,0.7,0.0,0.7,0.0,0.5,4.1,3.55,11.6,90.8,0.4712,88.1838,0.0,1.0,0.0
0500000US48335,"Mitchell County, Texas",48,335,0,339,227,1867,3493,2764,357,1336,9018,3500,4216,740,25,87,0,19,431,1412,978,3510,3.8,67.0,21.7,46.6,5.3,73.0,12.9,17.5,13.8,38.8,46.8,8.2,0.3,1.0,0.0,0.2,4.8,15.66,16.1,93.7,0.4542,85.3164,0.0,0.0,0.0
0500000US48337,"Montague County, Texas",48,337,2,663,460,1658,7998,5960,837,3006,21046,2586,17592,14,97,35,4,6,712,331,1811,7279,3.2,69.4,8.2,47.5,7.1,72.5,9.8,14.5,14.2,12.3,83.6,0.1,0.5,0.2,0.0,0.0,3.4,1.57,12.2,89.6,0.444,88.5055,0.0,1.0,0.0
0500000US48339,"Montgomery County, Texas",48,339,202,104342,60465,162283,186607,258548,16304,102877,684432,191006,401443,41547,653,22808,477,2751,23747,3178,43594,260399,15.2,57.9,25.3,35.3,4.6,79.4,6.6,15.1,9.4,27.9,58.7,6.1,0.1,3.3,0.1,0.4,3.5,0.46,9.7,80.7,0.4695,72.2403,0.0,0.0,1.0
0500000US48341,"Moore County, Texas",48,341,6,6428,4995,10293,5374,7927,616,4833,21373,13048,6028,1029,61,449,0,7,751,146,4043,9054,30.1,77.7,52.7,34.6,3.3,80.7,8.6,22.8,18.3,61.0,28.2,4.8,0.3,2.1,0.0,0.0,3.5,0.68,31.8,93.3,0.434,83.1406,0.0,1.0,0.0
0500000US48343,"Morris County, Texas",48,343,0,736,482,1300,4345,3547,665,1521,12076,1355,7477,2696,45,129,0,66,308,116,1076,4400,6.1,65.5,11.4,45.3,7.1,72.6,13.6,12.7,19.5,11.2,61.9,22.3,0.4,1.1,0.0,0.5,2.6,0.96,13.2,90.7,0.3987,75.3036,1.0,0.0,1.0
0500000US48345,"Motley County, Texas",48,345,0,17,6,74,432,405,58,245,1183,119,931,63,1,0,0,0,69,0,130,483,1.4,35.3,6.5,40.5,0.9,64.5,12.6,20.7,16.1,10.1,78.7,5.3,0.1,0.0,0.0,0.0,5.8,0.0,14.4,79.3,0.407,94.1538,1.0,0.0,0.0
0500000US48347,"Nacogdoches County, Texas",48,347,5,5211,3505,10342,19835,21197,4205,9918,65162,14101,37202,10724,103,554,26,210,2242,4897,5358,24314,8.0,67.3,16.9,38.5,7.0,71.8,16.6,15.4,21.8,21.6,57.1,16.5,0.2,0.9,0.0,0.3,3.4,7.52,14.1,84.6,0.5086,68.9594,1.0,1.0,0.0
0500000US48349,"Navarro County, Texas",48,349,7,7042,4525,13057,16536,17712,2635,9939,54711,17568,27636,4983,108,462,364,54,3536,1404,7247,20594,12.9,64.3,25.6,39.7,4.4,73.9,13.8,18.4,17.1,32.1,50.5,9.1,0.2,0.8,0.7,0.1,6.5,2.57,20.8,88.5,0.4367,75.5534,0.0,0.0,0.0
0500000US48351,"Newton County, Texas",48,351,0,168,83,405,4970,3408,687,2291,12093,439,8971,2097,14,86,21,5,460,149,1293,4101,1.4,49.4,3.5,49.3,8.3,72.8,14.2,19.2,19.0,3.6,74.2,17.3,0.1,0.7,0.2,0.0,3.8,1.23,14.6,90.5,0.4824,83.1623,0.0,1.0,0.0
0500000US48353,"Nolan County, Texas",48,353,0,646,256,2995,4626,4597,1160,1893,14454,5404,7773,384,98,13,0,50,732,391,1504,5718,4.5,39.6,22.0,40.9,6.0,73.2,19.7,13.3,22.5,37.4,53.8,2.7,0.7,0.1,0.0,0.3,5.1,2.71,15.9,91.8,0.48,79.1398,0.0,1.0,0.0
0500000US48355,"Nueces County, Texas",48,355,12,29675,17932,108126,108180,123270,22892,61051,352955,220501,103446,12470,461,8002,192,1125,6758,8479,34462,144773,8.4,60.4,32.6,38.8,5.2,77.0,17.5,17.6,17.4,62.5,29.3,3.5,0.1,2.3,0.1,0.3,1.9,2.4,14.7,90.5,0.4682,55.2286,1.0,0.0,1.0
0500000US48357,"Ochiltree County, Texas",48,357,4,2713,2052,4503,2257,3914,184,2486,9786,5562,3847,4,80,28,0,50,215,72,1302,4456,27.7,75.6,49.5,31.5,0.3,79.8,5.0,25.6,11.8,56.8,39.3,0.0,0.8,0.3,0.0,0.5,2.2,0.74,21.9,91.8,0.4544,90.4651,0.0,1.0,0.0
0500000US48359,"Oldham County, Texas",48,359,2,177,116,330,784,571,8,334,2249,625,1402,195,0,7,0,2,18,520,184,742,7.9,65.5,16.0,47.3,1.7,66.6,1.3,18.9,20.7,27.8,62.3,8.7,0.0,0.3,0.0,0.1,0.8,23.12,14.5,87.3,0.3937,91.8891,1.0,1.0,0.0
0500000US48361,"Orange County, Texas",48,361,21,2709,1363,5616,25834,30180,4455,12604,85307,8216,65488,6462,116,953,88,361,3623,659,4987,34887,3.2,50.3,7.0,39.1,6.0,80.0,13.7,14.9,12.5,9.6,76.8,7.6,0.1,1.1,0.1,0.4,4.2,0.77,8.8,93.9,0.4567,83.0838,0.0,1.0,0.0
0500000US48363,"Palo Pinto County, Texas",48,363,1,1494,980,3105,10219,9019,1679,5290,29295,6034,21389,677,38,207,0,93,857,289,2557,10596,5.1,65.6,11.3,44.1,6.1,74.1,14.9,18.2,16.7,20.6,73.0,2.3,0.1,0.7,0.0,0.3,2.9,0.99,12.7,89.0,0.4492,83.1809,0.0,1.0,0.0
0500000US48365,"Panola County, Texas",48,365,1,906,560,2032,8136,7669,969,3819,22726,2359,16166,2543,6,121,3,106,1422,491,2079,8790,4.0,61.8,9.5,44.9,2.5,78.9,10.9,17.0,11.2,10.4,71.1,11.2,0.0,0.5,0.0,0.5,6.3,2.16,13.4,91.3,0.4729,83.0492,1.0,1.0,0.0
0500000US48367,"Parker County, Texas",48,367,16,7817,4253,14401,44228,63555,2873,21568,165168,24246,130712,2110,258,1404,57,365,6016,1692,9267,67518,4.7,54.4,9.3,34.3,4.0,78.5,5.1,13.2,8.0,14.7,79.1,1.3,0.2,0.9,0.0,0.2,3.6,1.02,8.3,84.4,0.4403,82.7477,1.0,1.0,0.0
0500000US48369,"Parmer County, Texas",48,369,0,2399,1843,4942,2757,3492,159,2323,9731,6487,2961,28,0,0,0,25,230,95,1940,4334,24.7,76.8,54.8,37.0,2.6,76.6,4.9,24.1,10.2,66.7,30.4,0.3,0.0,0.0,0.0,0.3,2.4,0.98,31.4,95.6,0.3882,84.7843,0.0,1.0,0.0
0500000US48371,"Pecos County, Texas",48,371,3,2074,965,6809,5433,4447,705,2115,14896,10627,3292,501,14,386,7,0,69,2108,1732,5672,13.9,46.5,48.8,46.1,2.6,71.9,13.5,16.5,21.6,71.3,22.1,3.4,0.1,2.6,0.0,0.0,0.5,14.15,16.8,92.2,0.4872,71.8639,0.0,1.0,0.0
0500000US48373,"Polk County, Texas",48,373,13,2363,1251,5858,22154,14020,3170,7032,52800,8100,37440,4079,494,295,2,30,2360,3809,6310,16713,4.5,52.9,11.7,51.1,8.1,72.4,16.2,14.4,17.5,15.3,70.9,7.7,0.9,0.6,0.0,0.1,4.5,7.21,16.5,88.3,0.4359,79.1042,0.0,1.0,0.0
0500000US48375,"Potter County, Texas",48,375,71,16819,10356,32745,36373,39555,6211,21098,115975,45527,48959,11867,222,5479,100,253,3568,6939,16331,44480,14.5,61.6,30.3,41.1,3.8,79.3,14.6,19.3,20.8,39.3,42.2,10.2,0.2,4.7,0.1,0.2,3.1,5.98,21.9,90.1,0.4752,71.626,0.0,0.0,1.0
0500000US48377,"Presidio County, Texas",48,377,4,1813,1198,3979,1938,1162,426,1989,5930,4715,1081,0,18,1,0,0,115,5,1281,1740,30.6,66.1,71.7,42.6,6.7,47.7,17.6,33.6,32.0,79.5,18.2,0.0,0.3,0.0,0.0,0.0,1.9,0.08,32.7,72.5,0.527,34.4032,0.0,0.0,0.0
0500000US48379,"Rains County, Texas",48,379,9,303,212,797,5016,4199,542,2222,12775,1311,10453,319,59,128,0,35,470,65,931,4455,2.4,70.0,6.5,47.4,3.3,78.1,11.2,17.5,10.0,10.3,81.8,2.5,0.5,1.0,0.0,0.3,3.7,0.51,9.7,83.6,0.4342,86.1653,0.0,1.0,0.0
0500000US48381,"Randall County, Texas",48,381,44,7575,3197,18797,38095,54588,3917,15907,146070,35886,97071,4589,252,2486,99,795,4892,2825,5939,66468,5.2,42.2,13.7,33.0,2.9,72.8,6.9,11.0,9.7,24.6,66.5,3.1,0.2,1.7,0.1,0.5,3.3,1.93,6.1,89.6,0.4473,79.6909,0.0,1.0,1.0
0500000US48383,"Reagan County, Texas",48,383,1,384,309,1291,862,933,62,613,3232,2220,715,176,0,46,0,0,75,8,235,1179,11.9,80.5,44.6,37.6,5.0,68.7,6.0,19.0,11.8,68.7,22.1,5.4,0.0,1.4,0.0,0.0,2.3,0.25,12.7,86.8,0.4489,84.2993,0.0,1.0,0.0
0500000US48385,"Real County, Texas",48,385,1,97,16,349,1506,380,163,440,2802,530,2215,21,0,0,0,0,36,101,182,545,3.5,16.5,12.8,67.5,0.0,52.4,14.5,16.2,17.9,18.9,79.1,0.7,0.0,0.0,0.0,0.0,1.3,3.6,9.0,75.2,0.4929,82.9928,0.0,1.0,0.0
0500000US48387,"Red River County, Texas",48,387,1,341,247,548,4765,3679,938,1884,11611,869,8456,1892,112,39,5,24,214,175,1080,3900,2.9,72.4,5.0,50.3,2.0,79.9,18.8,16.5,15.6,7.5,72.8,16.3,1.0,0.3,0.0,0.2,1.8,1.51,12.7,85.4,0.464,80.7798,1.0,0.0,0.0
0500000US48389,"Reeves County, Texas",48,389,5,2440,1355,7326,4237,3807,735,2041,12664,10798,1465,212,15,23,0,117,34,1047,2345,5013,19.3,55.5,62.1,43.3,2.4,70.1,17.4,17.5,16.8,85.3,11.6,1.7,0.1,0.2,0.0,0.9,0.3,8.27,29.8,93.2,0.4317,68.043,0.0,0.0,0.0
0500000US48391,"Refugio County, Texas",48,391,2,204,81,1590,2577,2018,352,1053,6707,3382,2724,415,8,0,0,29,149,150,784,2482,3.0,39.7,24.9,47.4,4.5,73.9,14.1,16.1,14.6,50.4,40.6,6.2,0.1,0.0,0.0,0.4,2.2,2.24,16.2,93.4,0.4266,69.3984,1.0,1.0,1.0
0500000US48393,"Roberts County, Texas",48,393,0,0,0,20,221,263,11,92,832,55,741,3,0,0,0,0,33,0,34,337,0.0,-666666666.0,2.5,36.2,0.5,67.8,3.4,11.1,5.6,6.6,89.1,0.4,0.0,0.0,0.0,0.0,4.0,0.0,6.2,86.9,0.3787,95.6294,0.0,0.0,0.0
0500000US48395,"Robertson County, Texas",48,395,0,799,623,1998,5799,4793,1048,1915,17167,3805,9411,2946,21,106,0,8,870,212,1525,6578,4.7,78.0,12.4,42.8,7.9,67.2,15.6,11.3,13.5,22.2,54.8,17.2,0.1,0.6,0.0,0.0,5.1,1.23,12.9,92.8,0.454,75.7171,1.0,0.0,1.0
0500000US48397,"Rockwall County, Texas",48,397,42,11054,4296,17140,28651,51233,1759,10622,123617,25723,77844,11233,156,4301,81,557,3722,737,4567,49788,8.9,38.9,14.7,30.1,4.3,80.6,4.3,8.7,4.0,20.8,63.0,9.1,0.1,3.5,0.1,0.5,3.0,0.6,5.6,79.7,0.4213,69.9256,1.0,1.0,1.0
0500000US48399,"Runnels County, Texas",48,399,0,373,232,2100,2994,3316,414,1613,9874,3442,5925,290,1,11,0,0,205,205,875,4192,3.8,62.2,22.6,38.3,4.9,72.4,10.9,16.7,11.0,34.9,60.0,2.9,0.0,0.1,0.0,0.0,2.1,2.08,12.8,93.4,0.4171,88.2643,0.0,0.0,0.0
0500000US48401,"Rusk County, Texas",48,401,12,3330,1960,6955,19986,16871,2012,6588,52842,10088,32458,6964,68,191,48,15,3010,5074,5531,19567,6.3,58.9,13.9,47.1,4.5,78.6,11.2,13.7,14.4,19.1,61.4,13.2,0.1,0.4,0.1,0.0,5.7,9.6,15.2,92.5,0.48,79.3974,1.0,1.0,0.0
0500000US48403,"Sabine County, Texas",48,403,0,56,25,108,4493,2494,691,1270,10023,165,8472,685,4,71,48,74,504,121,949,3267,0.6,44.6,1.1,53.5,4.7,66.9,14.9,12.8,11.0,1.6,84.5,6.8,0.0,0.7,0.5,0.7,5.0,1.21,12.2,90.2,0.4599,89.088,1.0,1.0,0.0
0500000US48405,"San Augustine County, Texas",48,405,1,454,370,642,3314,2321,689,1489,7874,657,5363,1687,30,0,0,0,137,244,878,2343,5.8,81.5,8.6,50.5,9.5,78.9,23.4,19.4,27.1,8.3,68.1,21.4,0.4,0.0,0.0,0.0,1.7,3.1,15.2,80.5,0.4742,77.8489,1.0,0.0,0.0
0500000US48407,"San Jacinto County, Texas",48,407,0,2525,1431,4604,10943,8462,1862,5002,28441,5452,19576,2469,18,78,0,13,835,144,3421,9458,8.9,56.7,17.1,47.7,6.8,75.8,17.1,17.7,18.4,19.2,68.8,8.7,0.1,0.3,0.0,0.0,2.9,0.51,17.1,88.7,0.4362,82.2895,1.0,1.0,0.0
0500000US48409,"San Patricio County, Texas",48,409,7,5432,3639,19805,22276,23422,3623,12980,70181,39623,26568,1037,54,747,127,494,1531,681,7285,27206,7.7,67.0,30.2,41.0,4.5,77.0,14.3,18.7,14.8,56.5,37.9,1.5,0.1,1.1,0.2,0.7,2.2,0.97,15.8,90.8,0.4494,67.7783,0.0,0.0,1.0
0500000US48411,"San Saba County, Texas",48,411,2,463,337,1069,2313,1505,198,1373,5696,1746,3567,141,9,14,9,0,210,648,649,2126,8.1,72.8,19.7,48.5,3.1,63.2,9.5,27.0,10.7,30.7,62.6,2.5,0.2,0.2,0.2,0.0,3.7,11.38,15.7,89.8,0.4222,89.0365,1.0,0.0,0.0
0500000US48413,"Schleicher County, Texas",48,413,0,216,54,792,842,716,70,534,2381,1266,996,13,0,0,11,0,95,23,352,843,9.1,25.0,36.4,44.3,5.4,72.3,7.3,22.8,9.9,53.2,41.8,0.5,0.0,0.0,0.5,0.0,4.0,0.97,20.5,84.1,0.4227,81.769,0.0,1.0,0.0
0500000US48415,"Scurry County, Texas",48,415,10,1010,487,3803,5987,4618,471,2495,16488,7145,8076,537,110,137,0,130,353,1913,1983,6136,6.1,48.2,24.7,46.5,2.4,68.7,8.0,16.8,11.6,43.3,49.0,3.3,0.7,0.8,0.0,0.8,2.1,11.6,18.0,91.8,0.4102,86.4359,0.0,1.0,0.0
0500000US48417,"Shackelford County, Texas",48,417,0,27,19,210,858,1139,107,421,3175,411,2577,27,3,1,0,8,148,44,153,1385,0.9,70.4,6.9,33.0,7.5,70.7,8.3,13.4,9.5,12.9,81.2,0.9,0.1,0.0,0.0,0.3,4.7,1.39,6.7,87.7,0.417,90.5671,0.0,1.0,0.0
0500000US48419,"Shelby County, Texas",48,419,3,1788,1197,3398,8008,7836,1474,5017,24155,4802,14428,3649,164,9,177,30,896,157,2819,9219,7.4,66.9,15.0,43.3,4.1,77.8,15.7,20.9,20.6,19.9,59.7,15.1,0.7,0.0,0.7,0.1,3.7,0.65,17.7,92.1,0.4752,82.0667,0.0,1.0,0.0
0500000US48421,"Sherman County, Texas",48,421,0,550,408,821,770,730,37,369,2295,1070,1196,3,0,12,0,0,14,36,358,1039,24.0,74.2,38.9,39.2,1.9,62.4,4.4,16.3,10.4,46.6,52.1,0.1,0.0,0.5,0.0,0.0,0.6,1.57,23.4,93.3,0.4467,93.5853,0.0,1.0,0.0
0500000US48423,"Smith County, Texas",48,423,48,21242,12164,41552,72592,88073,7560,40375,241740,50591,138917,39300,231,4208,98,673,7722,6461,18065,96264,8.8,57.3,18.3,38.2,4.4,78.5,9.1,16.9,11.6,20.9,57.5,16.3,0.1,1.7,0.0,0.3,3.2,2.67,11.3,87.4,0.4479,72.0665,1.0,0.0,1.0
0500000US48425,"Somervell County, Texas",48,425,0,806,571,1476,2893,3607,203,1177,9691,1759,7450,126,17,0,0,48,291,312,517,3888,8.3,70.8,16.0,36.7,3.2,74.7,5.5,12.4,7.5,18.2,76.9,1.3,0.2,0.0,0.0,0.5,3.0,3.22,7.5,80.9,0.4042,84.8697,0.0,1.0,0.0
0500000US48427,"Starr County, Texas",48,427,4,17968,12050,54815,20379,15016,8146,18950,66067,64218,1510,232,10,38,0,0,59,536,14726,19805,27.2,67.1,91.2,43.2,10.4,62.7,42.5,28.9,33.5,97.2,2.3,0.4,0.0,0.1,0.0,0.0,0.1,0.81,39.6,84.7,0.5335,57.7736,0.0,0.0,0.0
0500000US48429,"Stephens County, Texas",48,429,0,808,386,1499,3445,2703,374,1216,9351,2349,6380,282,0,98,0,25,217,523,1043,3546,8.6,47.8,16.9,45.3,5.4,68.6,10.3,13.8,14.6,25.1,68.2,3.0,0.0,1.0,0.0,0.3,2.3,5.59,16.2,90.8,0.4249,89.5507,0.0,1.0,0.0
0500000US48431,"Sterling County, Texas",48,431,2,174,95,400,442,323,48,379,1468,524,922,2,4,2,0,0,14,34,134,503,11.9,54.6,29.6,44.1,2.1,58.9,12.0,26.4,4.3,35.7,62.8,0.1,0.3,0.1,0.0,0.0,1.0,2.32,16.0,91.8,0.4118,92.6868,1.0,0.0,0.0
0500000US48433,"Stonewall County, Texas",48,433,0,11,6,63,378,443,41,150,1227,245,960,5,0,0,0,0,17,46,82,538,0.9,54.5,5.4,39.1,3.6,78.0,8.0,12.7,14.9,20.0,78.2,0.4,0.0,0.0,0.0,0.0,1.4,3.75,9.7,97.2,0.579,84.3575,0.0,0.0,0.0
0500000US48435,"Sutton County, Texas",48,435,0,297,199,1606,904,1064,85,515,3277,2077,1044,4,11,0,0,83,58,19,415,1421,9.1,67.0,52.1,35.4,1.9,65.7,6.7,15.8,4.5,63.4,31.9,0.1,0.3,0.0,0.0,2.5,1.8,0.58,18.1,88.3,0.3887,83.3571,1.0,1.0,0.0
0500000US48437,"Swisher County, Texas",48,437,2,307,94,1598,2617,1708,328,1469,6937,3212,2880,536,41,3,0,73,192,642,932,2611,4.4,30.6,24.5,47.5,4.3,61.8,13.8,23.3,30.1,46.3,41.5,7.7,0.6,0.0,0.0,1.1,2.8,9.25,20.1,95.6,0.5187,81.2362,0.0,1.0,0.0
0500000US48439,"Tarrant County, Texas",48,439,739,373152,215322,607261,525575,901793,74867,359852,2167390,655747,910924,374999,2885,131143,3710,10014,77968,28460,179841,889694,17.2,57.7,29.9,31.2,4.7,81.9,9.6,16.7,11.1,30.3,42.0,17.3,0.1,6.1,0.2,0.5,3.6,1.31,12.7,81.9,0.4632,51.8183,0.0,0.0,1.0
0500000US48441,"Taylor County, Texas",48,441,11,9837,5506,20968,40302,52665,6088,19597,145863,36641,88918,11193,169,3153,116,895,4778,6866,8933,62520,6.7,56.0,15.4,35.3,2.6,78.5,11.1,14.1,14.7,25.1,61.0,7.7,0.1,2.2,0.1,0.6,3.3,4.71,10.0,88.3,0.4491,74.3418,0.0,1.0,0.0
0500000US48443,"Terrell County, Texas",48,443,0,7,0,244,413,118,16,127,835,335,424,0,0,0,0,0,76,0,39,254,0.8,0.0,29.2,59.8,0.0,42.4,3.5,15.2,7.7,40.1,50.8,0.0,0.0,0.0,0.0,0.0,9.1,0.0,5.8,91.4,0.4247,77.5309,1.0,1.0,1.0
0500000US48445,"Terry County, Texas",48,445,0,1178,992,4549,3837,3741,1146,2930,11629,6619,4383,334,52,20,0,0,221,729,1619,4415,10.1,84.2,42.2,43.7,4.5,79.2,26.7,26.9,18.3,56.9,37.7,2.9,0.4,0.2,0.0,0.0,1.9,6.27,21.8,95.1,0.4484,82.3099,0.0,1.0,0.0
0500000US48447,"Throckmorton County, Texas",48,447,0,57,32,78,528,389,78,338,1639,168,1383,0,0,10,0,0,78,0,75,656,3.5,56.1,5.1,39.4,8.3,52.2,10.6,20.6,24.2,10.3,84.4,0.0,0.0,0.6,0.0,0.0,4.8,0.0,6.4,91.1,0.4722,91.4444,0.0,0.0,0.0
0500000US48449,"Titus County, Texas",48,449,3,5781,3969,10984,9151,10619,2159,6703,31363,14103,13290,3206,83,0,0,52,629,240,4258,12473,18.4,68.7,37.6,38.9,3.1,76.2,19.4,21.5,17.1,45.0,42.4,10.2,0.3,0.0,0.0,0.2,2.0,0.77,21.8,91.2,0.4437,76.963,1.0,1.0,0.0
0500000US48451,"Tom Green County, Texas",48,451,19,7133,3585,26307,34070,41536,4490,17809,119577,48530,61456,4247,120,1598,66,582,2978,5105,10174,49294,6.0,50.3,23.4,36.1,3.7,74.7,9.6,15.5,11.1,40.6,51.4,3.6,0.1,1.3,0.1,0.5,2.5,4.27,12.9,86.5,0.4512,73.469,0.0,1.0,0.0
0500000US48453,"Travis County, Texas",48,453,344,240497,142012,376381,291589,595558,32506,160065,1330015,433057,623738,104335,1367,104225,596,6569,56128,27659,76038,480682,18.1,59.0,30.0,26.7,4.6,78.0,5.6,12.1,10.9,32.6,46.9,7.8,0.1,7.8,0.0,0.5,4.2,2.08,8.1,63.9,0.4851,29.3814,0.0,0.0,0.0
0500000US48455,"Trinity County, Texas",48,455,7,483,332,1318,5993,3856,1005,2222,14046,1569,10801,1105,7,26,0,6,532,139,1161,4588,3.4,68.7,9.8,51.5,6.5,73.2,16.5,16.0,17.6,11.2,76.9,7.9,0.0,0.2,0.0,0.0,3.8,0.99,11.3,89.0,0.4779,83.2113,0.0,1.0,0.0
0500000US48457,"Tyler County, Texas",48,457,0,415,294,1274,9612,4978,1175,2850,20238,1696,15458,2157,17,87,0,49,774,2129,2223,5864,2.1,70.8,6.5,56.8,7.1,73.2,16.4,15.7,17.9,8.4,76.4,10.7,0.1,0.4,0.0,0.2,3.8,10.52,15.0,88.5,0.5007,86.5108,0.0,1.0,0.0
0500000US48459,"Upshur County, Texas",48,459,0,1656,1114,2573,14671,14129,1922,5808,42567,4434,32848,3052,27,251,15,65,1875,500,3708,15745,3.9,67.3,6.4,43.4,5.8,78.3,12.3,13.8,12.4,10.4,77.2,7.2,0.1,0.6,0.0,0.2,4.4,1.17,12.7,90.9,0.4536,85.1762,1.0,0.0,0.0
0500000US48461,"Upton County, Texas",48,461,5,304,138,1213,1214,862,104,585,3191,1747,1358,38,5,14,0,0,29,74,456,1125,9.5,45.4,39.3,48.8,3.5,70.0,7.6,18.8,16.0,54.7,42.6,1.2,0.2,0.4,0.0,0.0,0.9,2.32,20.6,93.5,0.445,88.1811,0.0,1.0,0.0
0500000US48463,"Uvalde County, Texas",48,463,9,2718,1459,11518,8329,6697,2041,4533,24881,17635,6360,80,72,267,0,90,377,849,3459,9060,10.9,53.7,49.9,43.6,4.3,65.2,24.2,18.7,22.2,70.9,25.6,0.3,0.3,1.1,0.0,0.4,1.5,3.41,22.2,90.1,0.4947,66.3324,0.0,0.0,1.0
0500000US48465,"Val Verde County, Texas",48,465,6,9490,4667,28146,14133,12758,3666,7895,47741,38761,7338,572,38,286,8,92,646,1795,6757,18020,19.9,49.2,63.8,39.4,5.9,66.2,21.8,17.5,16.6,81.2,15.4,1.2,0.1,0.6,0.0,0.2,1.4,3.76,23.2,88.9,0.4375,62.805,0.0,1.0,0.0
0500000US48467,"Van Zandt County, Texas",48,467,4,2574,1782,5937,21596,20528,2503,11410,62649,8407,50270,1456,214,301,8,188,1805,636,5684,23088,4.1,69.2,10.0,43.1,3.5,74.8,11.0,18.4,11.1,13.4,80.2,2.3,0.3,0.5,0.0,0.3,2.9,1.02,13.0,85.9,0.4466,87.1234,0.0,0.0,0.0
0500000US48469,"Victoria County, Texas",48,469,16,6501,3713,20287,27091,32839,4948,15560,91413,43995,38746,5026,100,1114,67,394,1971,1414,9081,36932,7.1,57.1,23.7,38.3,4.4,79.0,14.2,17.2,16.2,48.1,42.4,5.5,0.1,1.2,0.1,0.4,2.2,1.55,15.1,89.8,0.435,70.8198,1.0,1.0,1.0
0500000US48471,"Walker County, Texas",48,471,20,6114,3417,13947,37032,18559,2736,10275,80209,17492,42497,15730,133,832,263,248,3014,17336,8369,25058,7.6,55.9,18.1,53.0,8.9,62.1,10.5,15.4,18.4,21.8,53.0,19.6,0.2,1.0,0.3,0.3,3.8,21.61,15.5,87.0,0.464,69.573,0.0,1.0,1.0
0500000US48473,"Waller County, Texas",48,473,24,9058,5748,16239,18735,21563,2365,12317,61552,20629,23476,14373,39,1239,17,149,1630,4812,5582,23530,14.7,63.5,28.1,38.6,6.8,77.6,12.9,20.1,14.6,33.5,38.1,23.4,0.1,2.0,0.0,0.2,2.6,7.82,15.7,86.8,0.4688,61.9607,0.0,1.0,0.0
0500000US48475,"Ward County, Texas",48,475,5,1061,686,3973,2867,3712,400,2089,11144,6263,4053,562,31,92,0,0,143,123,1582,4961,9.5,64.7,38.6,34.7,2.9,70.8,9.1,18.9,14.9,56.2,36.4,5.0,0.3,0.8,0.0,0.0,1.3,1.1,21.9,96.9,0.4365,82.7357,0.0,0.0,0.0
0500000US48477,"Washington County, Texas",48,477,4,2631,1317,4421,12403,12659,1653,5185,36647,6772,22514,5191,110,529,0,98,1433,2381,2446,14358,7.2,50.1,12.7,41.4,3.0,74.6,10.7,14.5,13.4,18.5,61.4,14.2,0.3,1.4,0.0,0.3,3.9,6.5,9.8,86.1,0.4842,76.9611,0.0,1.0,0.0
0500000US48479,"Webb County, Texas",48,479,91,68115,45180,214973,71900,89224,19282,73141,269294,255830,9632,1177,114,1339,3,614,585,2720,44823,104144,25.3,66.3,86.9,36.9,5.5,77.0,23.7,27.3,21.3,95.0,3.6,0.4,0.0,0.5,0.0,0.2,0.2,1.01,29.1,90.8,0.4528,50.6855,0.0,0.0,1.0
0500000US48481,"Wharton County, Texas",48,481,20,3563,2149,10602,12802,14318,2206,5857,41794,17560,18096,4563,90,209,0,55,1221,774,3952,17053,8.5,60.3,27.2,39.1,4.9,75.4,13.9,14.2,13.6,42.0,43.3,10.9,0.2,0.5,0.0,0.1,2.9,1.85,14.5,91.5,0.464,75.6032,0.0,1.0,1.0
0500000US48483,"Wheeler County, Texas",48,483,0,451,358,913,1486,1466,263,1014,4862,1233,3331,69,19,50,0,11,149,89,373,2060,9.3,79.4,19.6,38.7,4.8,65.4,13.6,21.2,15.4,25.4,68.5,1.4,0.4,1.0,0.0,0.2,3.1,1.83,11.0,92.1,0.4184,92.0405,0.0,1.0,0.0
0500000US48485,"Wichita County, Texas",48,485,66,8762,5211,15648,38350,43285,5991,18380,129996,26848,81302,13241,417,2944,149,262,4833,11686,10575,52530,6.7,59.5,12.8,37.0,3.7,75.1,12.2,15.6,16.5,20.7,62.5,10.2,0.3,2.3,0.1,0.2,3.7,8.99,12.5,84.5,0.4629,71.453,1.0,1.0,0.0
0500000US48487,"Wilbarger County, Texas",48,487,2,746,399,2115,4286,3817,673,1097,12616,3816,6875,731,12,389,0,36,757,667,1623,5101,5.9,53.5,18.0,41.0,9.3,68.2,14.1,8.9,17.5,30.2,54.5,5.8,0.1,3.1,0.0,0.3,6.0,5.29,18.5,92.5,0.4155,79.8299,0.0,1.0,0.0
0500000US48489,"Willacy County, Texas",48,489,1,2091,1321,11499,7107,5334,1813,4427,20139,17577,1966,307,0,32,0,0,257,1640,3768,7142,10.4,63.2,60.6,44.6,7.5,65.4,31.9,23.9,24.0,87.3,9.8,1.5,0.0,0.2,0.0,0.0,1.3,8.14,28.8,88.8,0.4778,51.3392,0.0,0.0,0.0
0500000US48491,"Williamson County, Texas",48,491,194,109040,58904,161075,154828,288290,11096,65764,672688,166454,358479,45037,629,66854,787,4286,30162,4778,26831,253932,16.2,54.0,25.5,29.3,3.9,80.5,4.4,9.8,6.4,24.7,53.3,6.7,0.1,9.9,0.1,0.6,4.5,0.71,5.9,71.6,0.4155,50.3487,0.0,1.0,0.0
0500000US48493,"Wilson County, Texas",48,493,14,2418,1241,11513,16476,17916,1522,5724,52781,21077,28906,1041,73,336,10,391,947,436,3691,20016,4.6,51.3,23.0,39.6,3.6,74.5,8.4,11.0,11.3,39.9,54.8,2.0,0.1,0.6,0.0,0.7,1.8,0.83,10.2,83.8,0.4267,76.6049,1.0,0.0,0.0
0500000US48495,"Winkler County, Texas",48,495,11,1140,748,3330,1928,2617,520,1399,7454,4657,2353,294,0,41,4,61,44,109,1274,3321,15.3,65.6,48.0,34.6,3.6,74.5,18.8,19.0,16.2,62.5,31.6,3.9,0.0,0.6,0.1,0.8,0.6,1.46,27.3,94.6,0.3915,85.1526,1.0,1.0,1.0
0500000US48497,"Wise County, Texas",48,497,10,5998,3650,11807,21078,28723,1959,11035,75005,15852,54653,1219,220,527,13,189,2332,1130,6627,30221,8.0,60.9,16.7,35.8,5.3,80.3,7.8,14.9,8.9,21.1,72.9,1.6,0.3,0.7,0.0,0.3,3.1,1.51,13.0,86.2,0.4095,84.6822,0.0,1.0,0.0
0500000US48499,"Wood County, Texas",48,499,8,1934,1321,3405,20679,12550,2078,7818,46961,5433,37833,1761,9,256,5,200,1464,1812,4209,14768,4.1,68.3,7.6,52.6,6.3,71.8,11.1,17.1,12.5,11.6,80.6,3.7,0.0,0.5,0.0,0.4,3.1,3.86,12.2,86.5,0.4764,84.5608,0.0,0.0,0.0
0500000US48501,"Yoakum County, Texas",48,501,0,1673,1276,3663,2090,2043,85,1689,7571,4966,2348,11,0,71,0,0,175,74,1091,2614,22.1,76.3,53.8,39.8,6.9,69.4,3.3,22.5,16.8,65.6,31.0,0.1,0.0,0.9,0.0,0.0,2.3,0.98,25.1,88.8,0.3954,85.2069,1.0,1.0,0.0
0500000US48503,"Young County, Texas",48,503,0,1369,825,2693,5335,6668,863,3314,18029,3692,13542,104,41,181,0,26,443,267,1442,8071,7.6,60.3,15.8,36.9,3.5,75.7,11.3,18.6,16.5,20.5,75.1,0.6,0.2,1.0,0.0,0.1,2.5,1.48,11.5,92.5,0.4532,87.7796,1.0,0.0,0.0
0500000US48505,"Zapata County, Texas",48,505,5,3245,2317,10620,4737,3378,1430,3748,13841,12999,662,20,0,84,0,0,76,246,2762,4337,23.4,71.4,82.9,47.2,7.3,68.9,31.3,27.6,38.4,93.9,4.8,0.1,0.0,0.6,0.0,0.0,0.5,1.78,34.1,89.7,0.4977,60.9731,1.0,0.0,1.0
0500000US48507,"Zavala County, Texas",48,507,0,723,337,5915,3159,2491,1329,1391,9412,8717,569,79,0,47,0,0,0,55,1717,3069,7.7,46.6,67.7,44.7,4.0,66.9,40.6,14.9,33.9,92.6,6.0,0.8,0.0,0.5,0.0,0.0,0.0,0.58,29.7,86.0,0.4393,42.4399,0.0,0.0,0.0
0500000US49001,"Beaver County, Utah",49,001,0,489,404,792,2416,2049,113,1051,7273,1088,6082,24,4,0,16,7,52,351,308,2738,6.7,82.6,11.7,43.6,1.7,66.9,4.5,15.2,6.6,15.0,83.6,0.3,0.1,0.0,0.2,0.1,0.7,4.83,6.8,90.1,0.3432,,0.0,1.0,0.0
0500000US49003,"Box Elder County, Utah",49,003,1,2134,1274,4378,15491,22226,1087,4881,61246,6263,52332,202,265,354,134,122,1574,364,2826,23834,3.5,59.7,7.7,34.5,3.2,78.3,5.6,8.0,8.4,10.2,85.4,0.3,0.4,0.6,0.2,0.2,2.6,0.59,7.6,84.8,0.3859,,0.0,0.0,0.0
0500000US49005,"Cache County, Utah",49,005,8,8871,5259,15511,30428,55146,2127,9610,140046,16428,113872,1057,91,2386,595,315,5302,4511,4002,54099,6.3,59.3,12.0,29.3,2.6,77.1,4.8,6.9,12.0,11.7,81.3,0.8,0.1,1.7,0.4,0.2,3.8,3.22,5.5,77.1,0.4283,,0.0,1.0,0.0
0500000US49007,"Carbon County, Utah",49,007,0,381,129,971,6937,6325,1135,1254,20517,2728,16801,120,85,51,73,56,603,402,1017,7623,1.9,33.9,5.0,43.3,5.9,74.5,14.0,6.2,17.0,13.3,81.9,0.6,0.4,0.2,0.4,0.3,2.9,1.96,7.5,90.8,0.4431,,0.0,0.0,0.0
0500000US49009,"Daggett County, Utah",49,009,0,7,7,16,314,125,15,75,783,22,711,0,27,0,0,2,21,65,41,263,0.9,100.0,2.2,49.2,6.6,42.4,5.2,10.4,9.0,2.8,90.8,0.0,3.4,0.0,0.0,0.3,2.7,8.3,7.3,89.5,0.4099,,0.0,0.0,0.0
0500000US49011,"Davis County, Utah",49,011,43,21479,10343,37329,80333,141857,5317,21030,370924,43362,296197,4224,980,7005,3278,2172,13706,2511,9784,144849,5.8,48.2,10.8,29.4,2.7,76.9,4.6,5.7,6.4,11.7,79.9,1.1,0.3,1.9,0.9,0.6,3.7,0.68,4.4,78.5,0.3913,,0.0,0.0,0.0
0500000US49013,"Duchesne County, Utah",49,013,0,677,361,1126,5630,6195,720,2401,20185,1509,17115,29,661,97,97,64,613,273,1003,7308,3.4,53.3,6.0,38.9,4.3,73.4,10.5,12.0,11.8,7.5,84.8,0.1,3.3,0.5,0.5,0.3,3.0,1.35,8.3,88.0,0.4211,,0.0,0.0,0.0
0500000US49015,"Emery County, Utah",49,015,0,120,88,415,3153,3095,351,657,10046,752,8926,8,75,0,0,12,273,91,338,3854,1.2,73.3,4.4,41.2,3.6,71.6,10.2,6.6,12.5,7.5,88.9,0.1,0.7,0.0,0.0,0.1,2.7,0.91,5.2,90.4,0.3892,,0.0,0.0,0.0
0500000US49017,"Garfield County, Utah",49,017,0,80,55,175,1689,1697,114,619,5219,381,4680,3,21,0,27,0,107,286,176,1846,1.5,68.8,3.5,39.9,4.1,69.6,5.6,12.2,9.8,7.3,89.7,0.1,0.4,0.0,0.5,0.0,2.1,5.48,4.6,77.6,0.4557,,0.0,0.0,0.0
0500000US49019,"Grand County, Utah",49,019,3,848,388,990,2611,4087,148,1057,9754,1265,7573,0,314,216,126,8,252,159,369,4318,8.7,45.8,10.7,32.3,1.6,75.7,3.2,10.9,13.3,13.0,77.6,0.0,3.2,2.2,1.3,0.1,2.6,1.63,5.3,81.5,0.4499,,0.0,0.0,0.0
0500000US49021,"Iron County, Utah",49,021,38,2705,1372,5027,16927,22060,1797,6367,62252,6534,51697,435,738,767,174,179,1728,1201,2429,23735,4.3,50.7,8.6,35.8,3.9,75.9,8.9,10.3,13.8,10.5,83.0,0.7,1.2,1.2,0.3,0.3,2.8,1.93,6.8,84.1,0.4436,,0.0,0.0,0.0
0500000US49023,"Juab County, Utah",49,023,7,270,15,420,2715,4577,230,816,12586,687,11413,88,108,0,2,0,288,156,412,5112,2.1,5.6,3.6,30.5,2.2,75.9,6.0,6.5,6.9,5.5,90.7,0.7,0.9,0.0,0.0,0.0,2.3,1.24,5.8,85.7,0.3531,,0.0,0.0,0.0
0500000US49025,"Kane County, Utah",49,025,0,205,48,293,2948,2743,82,418,8170,409,7144,17,182,9,17,56,336,292,372,2631,2.5,23.4,3.8,44.1,3.7,76.7,2.4,5.3,9.5,5.0,87.4,0.2,2.2,0.1,0.2,0.7,4.1,3.57,6.1,76.3,0.407,,0.0,1.0,0.0
0500000US49027,"Millard County, Utah",49,027,0,1056,622,1552,3578,4195,208,1515,13315,1805,10834,9,150,273,7,49,188,174,676,4978,7.9,58.9,12.5,36.6,5.5,71.6,4.8,11.5,7.7,13.6,81.4,0.1,1.1,2.1,0.1,0.4,1.4,1.31,8.3,88.7,0.3647,,0.0,0.0,0.0
0500000US49029,"Morgan County, Utah",49,029,1,231,43,585,3029,4302,13,609,12802,375,11791,12,9,17,57,228,313,19,158,4825,1.8,18.6,4.9,33.2,2.3,72.4,0.3,4.8,1.4,2.9,92.1,0.1,0.1,0.1,0.4,1.8,2.4,0.15,2.2,83.9,0.3695,,0.0,0.0,0.0
0500000US49031,"Piute County, Utah",49,031,0,51,9,95,760,449,53,140,1694,128,1534,2,0,0,0,0,30,7,178,404,3.0,17.6,5.8,53.1,5.9,71.7,9.5,8.3,10.2,7.6,90.6,0.1,0.0,0.0,0.0,0.0,1.8,0.41,15.4,65.6,0.455,,0.0,0.0,0.0
0500000US49033,"Rich County, Utah",49,033,0,18,0,63,678,929,30,186,2631,142,2416,0,21,0,4,1,47,28,33,866,0.7,0.0,2.6,35.3,0.0,74.8,3.3,7.1,3.8,5.4,91.8,0.0,0.8,0.0,0.2,0.0,1.8,1.06,1.9,71.7,0.3561,,0.0,0.0,0.0
0500000US49035,"Salt Lake County, Utah",49,035,251,161142,93853,240544,259333,525267,22043,109550,1196523,246878,797051,19966,5407,50316,18193,5235,53477,16462,62822,473964,13.5,58.2,21.5,27.8,3.8,81.4,5.2,9.2,8.1,20.6,66.6,1.7,0.5,4.2,1.5,0.4,4.5,1.38,8.1,74.6,0.429,,0.0,0.0,0.0
0500000US49037,"San Juan County, Utah",49,037,2,248,150,4743,4846,3116,690,2500,14483,833,6490,13,6474,37,55,115,466,401,1058,4424,1.7,60.5,34.8,44.1,12.5,58.1,15.1,17.5,18.1,5.8,44.8,0.1,44.7,0.3,0.4,0.8,3.2,2.77,12.0,84.4,0.4618,,0.0,0.0,0.0
0500000US49039,"Sanpete County, Utah",49,039,0,1667,1117,2956,10327,9039,647,2678,29719,3185,24877,267,159,250,139,192,650,2704,1556,10491,5.6,67.0,10.6,43.6,5.1,71.7,7.3,9.7,15.2,10.7,83.7,0.9,0.5,0.8,0.5,0.6,2.2,9.1,8.6,85.7,0.3873,,0.0,1.0,0.0
0500000US49041,"Sevier County, Utah",49,041,0,391,233,708,6688,7064,751,2029,22085,1171,20073,25,94,62,42,67,551,420,968,8326,1.8,59.6,3.4,39.7,4.4,72.7,10.0,9.3,9.7,5.3,90.9,0.1,0.4,0.3,0.2,0.3,2.5,1.9,6.9,87.3,0.3818,,0.0,1.0,1.0
0500000US49043,"Summit County, Utah",49,043,21,3977,2258,6029,10680,18361,222,3142,42970,4914,35639,126,53,756,87,60,1335,185,1271,16207,9.3,56.8,14.8,31.1,1.8,78.8,1.4,7.3,4.9,11.4,82.9,0.3,0.1,1.8,0.2,0.1,3.1,0.43,4.3,70.3,0.5012,,0.0,0.0,0.0
0500000US49045,"Tooele County, Utah",49,045,25,3433,1825,9788,15782,32193,1632,4831,79347,11935,61750,759,296,541,719,601,2746,411,3715,32598,4.3,53.2,13.3,27.3,3.6,79.8,6.8,6.1,5.2,15.0,77.8,1.0,0.4,0.7,0.9,0.8,3.5,0.52,7.9,81.4,0.3732,,1.0,1.0,0.0
0500000US49047,"Uintah County, Utah",49,047,2,1137,729,2081,10562,11621,1603,4821,37056,3249,29637,175,1410,296,50,74,2165,343,2253,12906,3.1,64.1,6.1,39.1,6.0,75.2,13.2,13.1,11.8,8.8,80.0,0.5,3.8,0.8,0.1,0.2,5.8,0.93,10.2,84.9,0.4365,,0.0,0.0,0.0
0500000US49049,"Utah County, Utah",49,049,138,58150,35721,103810,143422,290071,8173,52811,705400,102417,547434,4909,1598,10925,4720,3136,30261,16282,17836,257455,8.2,61.4,16.1,28.2,3.8,82.9,4.0,7.5,8.7,14.5,77.6,0.7,0.2,1.5,0.7,0.4,4.3,2.31,4.9,75.0,0.4176,,1.0,1.0,0.0
0500000US49051,"Wasatch County, Utah",49,051,10,3030,1823,5299,8494,14439,128,2743,36642,5387,29547,65,10,378,145,120,990,225,974,14318,8.3,60.2,15.4,30.9,2.0,77.7,1.0,7.5,4.7,14.7,80.6,0.2,0.0,1.0,0.4,0.3,2.7,0.61,4.3,78.0,0.4686,,0.0,1.0,0.0
0500000US49053,"Washington County, Utah",49,053,43,11355,6496,20169,65503,67764,3112,21726,196431,23790,159646,767,889,2232,1231,718,7158,2722,6689,69299,5.8,57.2,10.9,42.5,3.6,79.3,4.5,11.1,9.8,12.1,81.3,0.4,0.5,1.1,0.6,0.4,3.6,1.39,5.1,82.1,0.4431,,1.0,0.0,1.0
0500000US49055,"Wayne County, Utah",49,055,17,98,78,91,888,743,81,107,2584,78,2344,9,0,0,0,0,153,23,67,846,3.8,79.6,3.7,41.3,2.1,60.3,7.0,4.2,10.6,3.0,90.7,0.3,0.0,0.0,0.0,0.0,5.9,0.89,3.4,68.8,0.3878,,0.0,0.0,0.0
0500000US49057,"Weber County, Utah",49,057,88,18302,10001,37113,62572,105473,5705,23413,269648,51905,199456,2938,854,4093,505,656,9241,3403,13122,111545,6.8,54.6,14.7,30.3,3.0,76.3,6.1,8.8,8.1,19.2,74.0,1.1,0.3,1.5,0.2,0.2,3.4,1.26,7.6,81.1,0.4,,1.0,0.0,0.0
0500000US50001,"Addison County, Vermont",50,001,0,1805,967,2300,11547,15877,1306,1724,37664,1224,33735,340,6,675,26,133,1525,3307,1197,14532,4.8,53.6,6.4,35.6,3.8,79.2,8.7,4.6,7.6,3.2,89.6,0.9,0.0,1.8,0.1,0.4,4.0,8.78,4.5,74.3,0.4269,29.9623,0.0,0.0,0.0
0500000US50003,"Bennington County, Vermont",50,003,5,1014,366,1315,12578,13727,2310,1986,37269,1047,33822,427,29,317,5,174,1448,1051,1524,13430,2.7,36.1,3.7,40.2,4.4,77.3,15.4,5.4,11.3,2.8,90.8,1.1,0.1,0.9,0.0,0.5,3.9,2.82,5.6,76.8,0.5174,36.782,0.0,0.0,0.0
0500000US50005,"Caledonia County, Vermont",50,005,1,767,221,1307,9561,11337,1949,1200,30475,657,28015,219,54,125,2,262,1141,941,1408,11999,2.5,28.8,4.5,37.4,2.2,72.3,14.9,4.0,11.7,2.2,91.9,0.7,0.2,0.4,0.0,0.9,3.7,3.09,6.3,78.8,0.438,41.2027,0.0,0.0,0.0
0500000US50007,"Chittenden County, Vermont",50,007,4,13358,4419,14954,43173,77057,5608,5963,169758,4852,145073,3879,133,7423,30,613,7755,10730,4446,66772,7.9,33.1,9.2,29.8,3.2,78.7,7.8,3.5,9.7,2.9,85.5,2.3,0.1,4.4,0.0,0.4,4.6,6.32,3.9,69.6,0.4414,21.2991,0.0,0.0,0.0
0500000US50009,"Essex County, Vermont",50,009,0,186,65,374,2281,1726,530,291,5982,96,5539,4,41,60,0,2,240,40,471,2263,3.1,34.9,6.5,44.7,4.8,64.3,18.8,4.9,13.8,1.6,92.6,0.1,0.7,1.0,0.0,0.0,4.0,0.67,10.3,86.5,0.4513,54.6875,0.0,0.0,0.0
0500000US50011,"Franklin County, Vermont",50,011,0,1091,437,1493,14249,19265,2456,1726,50638,1016,46534,124,139,348,4,201,2272,556,2395,20733,2.2,40.1,3.1,34.8,3.2,75.2,12.3,3.5,10.3,2.0,91.9,0.2,0.3,0.7,0.0,0.4,4.5,1.1,6.6,82.3,0.4154,46.2627,0.0,0.0,0.0
0500000US50013,"Grand Isle County, Vermont",50,013,0,289,134,299,2335,2917,283,250,7450,166,6722,26,100,24,0,41,371,23,240,2957,3.9,46.4,4.2,36.9,3.1,75.5,9.0,3.4,7.9,2.2,90.2,0.3,1.3,0.3,0.0,0.6,5.0,0.31,4.2,78.7,0.4611,37.5446,0.0,0.0,0.0
0500000US50015,"Lamoille County, Vermont",50,015,0,1121,600,1216,6347,11332,1243,1733,26148,661,23949,233,56,223,0,189,837,601,1195,11968,4.3,53.5,4.9,29.3,3.3,76.7,10.4,6.7,8.5,2.5,91.6,0.9,0.2,0.9,0.0,0.7,3.2,2.3,6.3,82.9,0.4591,30.0213,0.0,0.0,0.0
0500000US50017,"Orange County, Vermont",50,017,0,625,137,751,9088,11505,1240,1295,29761,538,27606,101,38,170,2,150,1156,577,1152,12159,2.1,21.9,2.6,36.1,2.3,73.2,9.7,4.4,9.3,1.8,92.8,0.3,0.1,0.6,0.0,0.5,3.9,1.94,5.2,80.1,0.413,37.4356,0.0,0.0,0.0
0500000US50019,"Orleans County, Vermont",50,019,0,960,260,1548,8891,9476,1738,1186,27606,527,25583,255,110,177,0,44,910,777,1580,10891,3.5,27.1,5.9,38.6,5.3,71.0,14.4,4.4,11.7,1.9,92.7,0.9,0.4,0.6,0.0,0.2,3.3,2.81,7.8,82.8,0.4403,48.5632,0.0,0.0,0.0
0500000US50021,"Rutland County, Vermont",50,021,0,1335,354,2456,21519,22127,2710,2338,60425,1347,56009,377,14,350,0,56,2272,2042,2632,23983,2.2,26.5,4.2,41.9,4.1,77.4,10.7,3.9,11.8,2.2,92.7,0.6,0.0,0.6,0.0,0.1,3.8,3.38,5.8,85.2,0.4636,45.3187,0.0,0.0,0.0
0500000US50023,"Washington County, Vermont",50,023,0,1928,695,2295,17553,23429,2600,1834,60017,1664,54646,491,9,488,0,368,2351,1550,1593,23826,3.2,36.0,4.0,34.7,2.7,73.4,10.1,3.1,8.7,2.8,91.1,0.8,0.0,0.8,0.0,0.6,3.9,2.58,3.6,76.1,0.4386,26.118,0.0,0.0,0.0
0500000US50025,"Windham County, Vermont",50,025,0,1333,465,1614,14978,16931,2624,1625,45923,1423,41363,378,12,548,0,218,1981,1808,1611,16586,2.9,34.9,3.7,38.1,4.8,73.0,13.3,3.6,11.6,3.1,90.1,0.8,0.0,1.2,0.0,0.5,4.3,3.94,4.7,74.2,0.4718,26.5593,0.0,0.0,0.0
0500000US50027,"Windsor County, Vermont",50,027,2,1857,826,2213,19129,21760,2437,2083,57990,1327,53435,264,44,592,0,81,2247,914,2247,21309,3.2,44.5,4.0,39.0,4.4,76.1,9.6,3.6,9.2,2.3,92.1,0.5,0.1,1.0,0.0,0.1,3.9,1.58,5.1,75.5,0.4667,30.2438,0.0,0.0,0.0
0500000US51001,"Accomack County, Virginia",51,001,27,2823,2262,4365,12239,11048,1805,3619,33335,3649,19359,9038,30,240,0,96,923,1290,3982,12443,8.5,80.1,13.8,44.4,3.4,75.4,12.5,11.0,13.9,10.9,58.1,27.1,0.1,0.7,0.0,0.3,2.8,3.87,16.4,87.1,0.4495,56.3404,0.0,0.0,0.0
0500000US51003,"Albemarle County, Virginia",51,003,5,12119,6699,15716,36737,40205,2100,6721,114919,8647,84395,10344,74,6660,9,432,4358,7969,4579,40175,10.5,55.3,14.4,38.6,3.4,71.5,4.6,5.9,7.7,7.5,73.4,9.0,0.1,5.8,0.0,0.4,3.8,6.93,5.8,72.7,0.4759,32.234,0.0,0.0,0.0
0500000US51005,"Alleghany County, Virginia",51,005,0,145,75,212,6505,4423,520,961,14859,237,13516,778,16,60,0,20,232,342,1146,5567,1.0,51.7,1.5,51.8,2.3,74.7,8.1,6.6,11.6,1.6,91.0,5.2,0.1,0.4,0.0,0.1,1.6,2.3,10.4,95.1,0.4706,73.6136,0.0,1.0,0.0
0500000US51007,"Amelia County, Virginia",51,007,1,258,216,384,4793,4614,727,1025,13462,528,9706,2623,0,24,29,0,552,129,1331,4938,1.9,83.7,3.0,42.7,3.8,74.6,13.4,7.7,9.7,3.9,72.1,19.5,0.0,0.2,0.2,0.0,4.1,0.96,13.5,84.1,0.3861,71.9124,0.0,0.0,0.0
0500000US51009,"Amherst County, Virginia",51,009,6,548,250,826,10622,11046,1327,2100,31485,926,23215,5326,67,217,18,320,1396,1030,2318,12465,1.7,45.6,2.7,41.0,4.7,76.0,10.5,6.8,10.8,2.9,73.7,16.9,0.2,0.7,0.1,1.0,4.4,3.27,10.3,87.0,0.4399,67.8611,1.0,0.0,0.0
0500000US51011,"Appomattox County, Virginia",51,011,2,286,105,155,5224,5934,1014,1095,16610,399,12679,2637,1,66,0,246,582,76,884,6734,1.7,36.7,1.0,38.9,5.1,76.2,15.3,6.6,14.0,2.4,76.3,15.9,0.0,0.4,0.0,1.5,3.5,0.46,7.5,88.4,0.4199,75.1193,1.0,0.0,0.0
0500000US51013,"Arlington County, Virginia",51,013,34,53024,26946,65953,45130,102496,4480,12280,236254,37572,136939,21913,268,24753,82,1646,13081,3053,8381,62811,22.4,50.8,29.4,22.7,3.3,70.6,4.0,5.3,7.4,15.9,58.0,9.3,0.1,10.5,0.0,0.7,5.5,1.29,4.8,43.0,0.4604,19.6499,0.0,0.0,0.0
0500000US51015,"Augusta County, Virginia",51,015,3,1843,1003,3298,25833,30396,1762,4937,78033,3132,68653,3334,72,334,37,176,2295,2780,4655,34478,2.4,54.4,4.4,39.4,2.4,78.4,5.7,6.6,6.6,4.0,88.0,4.3,0.1,0.4,0.0,0.2,2.9,3.56,8.1,90.6,0.416,73.3306,0.0,0.0,0.0
0500000US51017,"Bath County, Virginia",51,017,0,24,10,165,1677,1196,188,99,4100,125,3766,140,0,10,0,14,45,163,506,1626,0.6,41.7,4.2,48.9,1.3,69.6,10.3,2.5,23.8,3.0,91.9,3.4,0.0,0.2,0.0,0.3,1.1,3.98,16.0,94.4,0.4911,76.5298,0.0,0.0,0.0
0500000US51019,"Bedford County, Virginia",51,019,10,2265,1013,2648,28766,29733,2164,4550,80894,2283,68786,5093,143,1038,0,838,2713,546,4226,31509,2.8,44.7,3.4,42.6,3.1,79.4,6.5,5.7,8.1,2.8,85.0,6.3,0.2,1.3,0.0,1.0,3.4,0.67,7.1,85.5,0.4332,74.7924,1.0,0.0,0.0
0500000US51021,"Bland County, Virginia",51,021,0,20,2,94,3118,1656,119,269,6199,73,5760,244,2,6,0,0,114,802,379,1973,0.3,10.0,1.6,57.0,2.3,71.9,5.0,5.0,13.6,1.2,92.9,3.9,0.0,0.1,0.0,0.0,1.8,12.94,7.6,85.7,0.4141,84.4983,0.0,0.0,0.0
0500000US51023,"Botetourt County, Virginia",51,023,5,659,149,719,12277,12462,427,1672,34004,850,30753,872,36,244,59,145,1045,436,1445,13285,1.9,22.6,2.2,43.1,2.4,78.8,3.2,5.0,6.2,2.5,90.4,2.6,0.1,0.7,0.2,0.4,3.1,1.28,5.7,86.0,0.4044,72.1509,0.0,0.0,0.0
0500000US51025,"Brunswick County, Virginia",51,025,1,458,378,641,6605,4828,1287,763,15841,456,6535,8161,50,87,0,4,548,2088,2136,5846,2.9,82.5,4.2,48.3,3.3,70.7,19.9,5.5,14.9,2.9,41.3,51.5,0.3,0.5,0.0,0.0,3.5,13.18,17.6,87.4,0.4554,45.5286,0.0,0.0,0.0
0500000US51027,"Buchanan County, Virginia",51,027,0,160,93,534,11038,3675,2056,868,19415,213,18095,739,8,152,0,11,197,1258,3191,4817,0.8,58.1,2.9,66.3,3.9,68.3,27.3,4.8,25.2,1.1,93.2,3.8,0.0,0.8,0.0,0.1,1.0,6.48,21.4,91.8,0.4653,85.1185,1.0,0.0,0.0
0500000US51029,"Buckingham County, Virginia",51,029,2,310,194,769,7571,4842,1065,1370,16976,447,10332,5193,18,65,0,48,873,2172,1798,5402,1.8,62.6,4.7,52.9,4.7,75.7,17.0,9.2,12.5,2.6,60.9,30.6,0.1,0.4,0.0,0.3,5.1,12.79,14.0,87.9,0.4147,61.2382,1.0,0.0,0.0
0500000US51031,"Campbell County, Virginia",51,031,10,1893,1013,2478,18019,22764,2735,2553,55312,1924,42496,7832,18,576,26,281,2159,787,3985,23172,3.4,53.5,4.7,39.3,3.7,84.9,12.3,4.7,10.8,3.5,76.8,14.2,0.0,1.0,0.0,0.5,3.9,1.42,9.9,88.1,0.4152,73.8892,1.0,0.0,0.0
0500000US51033,"Caroline County, Virginia",51,033,1,1625,872,2239,8202,11829,1605,2139,32098,2464,19636,7594,96,315,22,351,1620,952,2383,13671,5.1,53.7,7.4,32.1,5.3,74.4,13.4,6.9,11.2,7.7,61.2,23.7,0.3,1.0,0.1,1.1,5.0,2.97,10.5,84.4,0.4011,53.8775,0.0,0.0,0.0
0500000US51035,"Carroll County, Virginia",51,035,12,605,365,1111,11524,9553,1903,2604,29157,1191,27165,71,14,82,8,22,604,198,3207,11503,2.1,60.3,4.0,46.7,5.5,76.9,15.1,9.0,15.3,4.1,93.2,0.2,0.0,0.3,0.0,0.1,2.1,0.68,14.5,94.8,0.4414,81.3861,0.0,0.0,0.0
0500000US51036,"Charles City County, Virginia",51,036,1,143,65,142,2431,2476,309,296,6627,138,2956,2687,366,70,0,30,380,0,637,2787,2.2,45.5,2.2,41.8,3.9,76.2,10.6,4.5,9.4,2.1,44.6,40.5,5.5,1.1,0.0,0.5,5.7,0.0,12.1,87.9,,,,,
0500000US51037,"Charlotte County, Virginia",51,037,0,219,133,223,4272,3324,990,721,11422,295,7790,2817,0,22,0,44,454,152,1359,4370,1.9,60.7,2.1,46.0,2.4,68.0,21.0,6.4,18.9,2.6,68.2,24.7,0.0,0.2,0.0,0.4,4.0,1.33,16.7,90.7,0.4761,65.984,0.0,0.0,0.0
0500000US51041,"Chesterfield County, Virginia",51,041,112,37268,18861,49694,96556,143799,9081,24284,377869,44796,213256,86294,121,13612,157,3044,16589,4452,17765,149318,9.9,50.6,14.0,32.3,4.6,75.1,6.5,6.5,7.1,11.9,56.4,22.8,0.0,3.6,0.0,0.8,4.4,1.18,6.9,78.7,0.4224,44.8338,0.0,0.0,0.0
0500000US51043,"Clarke County, Virginia",51,043,0,937,435,1439,5135,5309,165,787,15216,1184,12474,816,48,132,0,135,427,297,795,5393,6.2,46.4,9.9,40.4,2.7,72.5,2.8,5.3,7.0,7.8,82.0,5.4,0.3,0.9,0.0,0.9,2.8,1.95,7.1,73.9,0.4395,57.6671,0.0,0.0,0.0
0500000US51045,"Craig County, Virginia",51,045,0,33,6,88,1807,1599,169,151,4856,72,4638,3,0,0,0,83,60,18,443,1612,0.7,18.2,1.9,46.9,2.2,80.6,9.7,3.1,13.7,1.5,95.5,0.1,0.0,0.0,0.0,1.7,1.2,0.37,12.8,83.1,0.4005,82.0891,1.0,0.0,0.0
0500000US51047,"Culpeper County, Virginia",51,047,12,5363,3254,7535,15218,19861,1849,6286,54397,8473,35002,6804,138,600,27,335,3018,1692,4417,21679,9.9,60.7,14.8,36.0,2.6,75.4,9.8,11.9,7.9,15.6,64.3,12.5,0.3,1.1,0.0,0.6,5.5,3.11,12.2,83.9,0.4101,61.9374,0.0,0.0,0.0
0500000US51049,"Cumberland County, Virginia",51,049,3,164,50,234,3284,3126,850,397,9818,201,6290,2887,5,0,14,13,408,32,994,4060,1.7,30.5,2.5,40.3,3.3,66.4,21.2,4.0,8.5,2.0,64.1,29.4,0.1,0.0,0.1,0.1,4.2,0.33,13.6,87.6,0.4838,60.7911,0.0,0.0,0.0
0500000US51051,"Dickenson County, Virginia",51,051,2,32,0,104,6427,3485,1376,576,13733,101,13381,134,27,13,0,6,71,453,1546,4476,0.2,0.0,0.8,56.4,2.3,71.9,23.2,4.3,17.3,0.7,97.4,1.0,0.2,0.1,0.0,0.0,0.5,3.3,15.1,93.0,0.4339,80.8997,0.0,0.0,0.0
0500000US51053,"Dinwiddie County, Virginia",51,053,0,949,452,1384,8981,10240,1587,1670,28191,1236,17533,8415,7,168,0,220,612,657,1872,11757,3.4,47.6,5.1,38.7,4.6,75.5,14.9,6.0,11.7,4.4,62.2,29.8,0.0,0.6,0.0,0.8,2.2,2.33,9.2,87.6,0.4321,61.2547,0.0,0.0,0.0
0500000US51057,"Essex County, Virginia",51,057,0,438,302,677,4434,3388,571,933,10623,488,5653,3914,11,107,62,29,359,116,1184,3637,4.1,68.9,6.7,49.9,3.9,79.0,12.8,8.8,12.3,4.6,53.2,36.8,0.1,1.0,0.6,0.3,3.4,1.09,15.1,85.4,0.4928,53.5125,0.0,0.0,0.0
0500000US51059,"Fairfax County, Virginia",51,059,211,354016,134541,422170,267808,444423,17970,80532,1147837,202057,537118,108252,1038,227854,482,9206,61830,10398,53957,386819,30.8,38.0,39.0,29.2,4.2,72.8,4.3,7.1,5.9,17.6,46.8,9.4,0.1,19.9,0.0,0.8,5.4,0.91,6.8,63.1,0.4304,31.1258,0.0,0.0,0.0
0500000US51061,"Fauquier County, Virginia",51,061,11,6601,2621,8522,19470,27902,1288,4574,74577,9257,55792,4665,39,1298,25,357,3144,356,3877,30370,8.9,39.7,12.1,32.9,2.9,72.2,4.8,6.2,6.8,12.4,74.8,6.3,0.1,1.7,0.0,0.5,4.2,0.48,7.6,79.7,0.4159,60.2308,0.0,0.0,0.0
0500000US51063,"Floyd County, Virginia",51,063,2,410,277,516,5196,5786,534,1127,15593,469,14372,392,0,57,0,37,266,111,1046,6449,2.6,67.6,3.5,39.6,3.6,76.0,8.1,7.3,9.8,3.0,92.2,2.5,0.0,0.4,0.0,0.2,1.7,0.71,9.0,85.8,0.4693,68.0623,0.0,0.0,0.0
0500000US51065,"Fluvanna County, Virginia",51,065,0,754,246,1125,9172,9779,685,1793,28092,1288,21055,3311,29,251,0,352,1806,1333,1324,10724,2.7,32.6,4.2,39.3,4.2,72.4,6.6,6.7,7.7,4.6,75.0,11.8,0.1,0.9,0.0,1.3,6.4,4.75,6.4,80.5,0.4082,52.6262,0.0,0.0,0.0
0500000US51067,"Franklin County, Virginia",51,067,18,1176,554,1627,21038,19686,2939,3704,55130,2062,47208,3748,86,329,12,43,1642,1225,3506,20553,2.1,47.1,3.1,45.4,2.4,80.1,12.8,6.8,12.7,3.7,85.6,6.8,0.2,0.6,0.0,0.1,3.0,2.22,8.7,85.2,0.4691,72.2017,1.0,0.0,0.0
0500000US51069,"Frederick County, Virginia",51,069,6,7421,3923,10702,26684,36147,2070,5968,95008,11843,73583,4167,85,1852,42,476,2960,1498,6696,39514,7.8,52.9,11.9,35.1,4.2,77.3,5.8,6.4,6.8,12.5,77.4,4.4,0.1,1.9,0.0,0.5,3.1,1.58,10.1,85.5,0.4139,63.6376,1.0,0.0,0.0
0500000US51071,"Giles County, Virginia",51,071,8,352,110,536,5949,5452,741,1063,16557,291,15515,448,2,76,19,15,191,163,985,6930,2.1,31.3,3.4,43.6,2.1,72.5,11.1,6.5,9.3,1.8,93.7,2.7,0.0,0.5,0.1,0.1,1.2,0.98,8.1,93.3,0.4067,76.9114,0.0,0.0,0.0
0500000US51073,"Gloucester County, Virginia",51,073,10,836,285,1190,13073,13338,1089,1900,39526,1680,32612,3215,20,318,0,75,1606,307,2417,16297,2.1,34.1,3.2,40.2,3.0,72.6,7.1,4.9,5.2,4.3,82.5,8.1,0.1,0.8,0.0,0.2,4.1,0.78,8.3,87.5,0.3967,68.7632,0.0,0.0,0.0
0500000US51075,"Goochland County, Virginia",51,075,5,1297,101,1499,9934,9946,383,663,26410,1004,20485,3610,16,501,0,40,754,957,928,9856,4.9,7.8,5.9,43.5,1.7,78.6,3.7,2.6,5.1,3.8,77.6,13.7,0.1,1.9,0.0,0.2,2.9,3.62,4.6,80.0,0.4654,58.7327,0.0,0.0,0.0
0500000US51077,"Grayson County, Virginia",51,077,1,336,152,626,6925,4287,1036,1086,15287,641,13336,841,0,157,0,57,255,1036,1688,5226,2.2,45.2,4.2,53.3,3.6,73.2,16.3,7.6,16.5,4.2,87.2,5.5,0.0,1.0,0.0,0.4,1.7,6.78,14.4,90.4,0.5014,80.7502,1.0,0.0,0.0
0500000US51079,"Greene County, Virginia",51,079,4,1507,782,1796,5702,8118,728,1423,21155,1578,16667,1563,8,464,41,196,638,156,1287,8566,7.1,51.9,9.1,33.6,1.8,73.5,9.1,6.8,13.7,7.5,78.8,7.4,0.0,2.2,0.2,0.9,3.0,0.74,8.6,79.1,0.4282,61.7378,1.0,0.0,0.0
0500000US51081,"Greensville County, Virginia",51,081,8,469,207,602,5779,2933,496,369,11275,325,3971,6301,0,26,0,41,611,3213,1599,3516,4.2,44.1,5.5,58.9,6.3,77.7,15.5,4.6,14.3,2.9,35.2,55.9,0.0,0.2,0.0,0.4,5.4,28.5,19.1,93.8,0.4153,45.0652,0.0,0.0,0.0
0500000US51083,"Halifax County, Virginia",51,083,3,535,235,1258,13093,10527,2815,2232,33639,885,19992,11550,31,210,0,157,814,897,3922,12184,1.6,43.9,3.9,47.1,4.2,74.8,20.7,6.8,17.3,2.6,59.4,34.3,0.1,0.6,0.0,0.5,2.4,2.67,16.1,90.0,0.4584,60.1939,0.0,0.0,0.0
0500000US51085,"Hanover County, Virginia",51,085,10,4799,2047,5020,31442,45610,2238,4940,112879,4474,91069,9355,99,2414,93,657,4718,2340,4391,45331,4.3,42.7,4.7,34.3,2.7,78.1,5.2,4.4,5.7,4.0,80.7,8.3,0.1,2.1,0.1,0.6,4.2,2.07,5.5,78.4,0.4246,62.349,0.0,0.0,0.0
0500000US51087,"Henrico County, Virginia",51,087,115,46741,22621,52040,85654,139625,11106,20884,335744,23193,166119,97727,298,31599,169,1883,14756,3846,15710,130756,13.9,48.4,16.4,31.6,3.9,78.6,8.1,6.3,8.8,6.9,49.5,29.1,0.1,9.4,0.1,0.6,4.4,1.15,6.7,74.6,0.4713,34.8103,0.0,0.0,0.0
0500000US51089,"Henry County, Virginia",51,089,5,1309,679,3040,19884,16253,3613,3073,49980,3476,33856,11047,47,260,0,77,1217,849,5955,18135,2.6,51.9,6.4,47.8,4.1,79.0,17.2,6.3,16.0,7.0,67.7,22.1,0.1,0.5,0.0,0.2,2.4,1.7,16.2,90.6,0.4523,66.1079,0.0,0.0,0.0
0500000US51091,"Highland County, Virginia",51,091,0,32,5,38,947,513,81,89,2296,0,2179,0,0,55,0,0,62,0,196,676,1.4,15.6,1.7,47.7,11.9,56.1,8.1,3.9,9.5,0.0,94.9,0.0,0.0,2.4,0.0,0.0,2.7,0.0,11.2,75.7,0.3707,71.6154,0.0,0.0,0.0
0500000US51093,"Isle of Wight County, Virginia",51,093,22,1391,515,1601,12235,14694,1193,1839,39974,1653,27486,8511,61,501,102,176,1484,272,2266,16490,3.5,37.0,4.2,37.5,3.9,77.4,7.6,4.7,6.8,4.1,68.8,21.3,0.2,1.3,0.3,0.4,3.7,0.68,7.9,86.4,0.4302,59.4155,0.0,0.0,0.0
0500000US51095,"James City County, Virginia",51,095,22,6149,2421,6043,29247,25691,2072,3737,81013,5793,58118,10010,12,2059,64,496,4461,1250,2863,28669,7.6,39.4,7.8,43.5,2.7,71.8,6.5,4.7,6.8,7.2,71.7,12.4,0.0,2.5,0.1,0.6,5.5,1.54,4.8,78.9,0.4217,46.3236,0.0,0.0,0.0
0500000US51097,"King and Queen County, Virginia",51,097,3,92,11,88,2239,2430,585,387,6695,221,4435,1463,47,5,0,48,476,0,495,2675,1.4,12.0,1.4,39.9,5.2,75.8,19.5,5.8,17.9,3.3,66.2,21.9,0.7,0.1,0.0,0.7,7.1,0.0,9.4,85.9,0.417,62.497,0.0,0.0,0.0
0500000US51099,"King George County, Virginia",51,099,15,1218,445,1497,7177,7544,693,902,27896,1932,19190,4149,7,361,0,435,1822,214,1476,11316,4.4,36.5,5.7,32.9,3.7,54.9,6.8,3.3,7.5,6.9,68.8,14.9,0.0,1.3,0.0,1.6,6.5,0.77,7.9,81.3,0.3854,61.8409,0.0,0.0,0.0
0500000US51101,"King William County, Virginia",51,101,4,438,93,375,4726,7429,498,978,18593,612,14196,2795,200,116,10,56,608,80,888,8446,2.4,21.2,2.2,31.8,2.3,75.2,6.8,5.3,5.9,3.3,76.4,15.0,1.1,0.6,0.1,0.3,3.3,0.43,6.8,87.1,0.3817,69.8901,0.0,0.0,0.0
0500000US51103,"Lancaster County, Virginia",51,103,0,438,84,363,5148,2850,566,697,10936,192,7373,2792,0,69,0,58,452,269,1147,3327,4.0,19.2,3.4,53.2,9.5,69.6,9.9,6.5,10.3,1.8,67.4,25.5,0.0,0.6,0.0,0.5,4.1,2.46,12.9,82.6,0.4937,53.1117,0.0,0.0,0.0
0500000US51105,"Lee County, Virginia",51,105,3,219,148,461,10958,4829,2407,1417,21900,525,20057,925,48,40,0,30,275,1585,2671,5688,1.0,67.6,2.2,59.5,9.5,71.7,28.2,7.0,28.8,2.4,91.6,4.2,0.2,0.2,0.0,0.1,1.3,7.24,16.2,88.1,0.4745,85.8132,0.0,0.0,0.0
0500000US51107,"Loudoun County, Virginia",51,107,47,118810,44281,141811,86419,183998,4541,23184,432998,61750,220791,32463,453,94036,196,3263,20046,1491,17324,151984,27.4,37.3,34.9,26.0,3.3,77.8,3.2,5.4,4.2,14.3,51.0,7.5,0.1,21.7,0.0,0.8,4.6,0.34,6.1,64.9,0.3908,40.361,0.0,1.0,0.0
0500000US51109,"Louisa County, Virginia",51,109,3,1792,610,2622,12099,14313,1774,2137,39980,1659,30420,4604,129,242,10,353,2563,115,2958,16608,4.5,34.0,6.9,36.8,5.8,73.4,11.4,5.4,10.0,4.1,76.1,11.5,0.3,0.6,0.0,0.9,6.4,0.29,10.0,86.5,0.4414,62.675,0.0,0.0,0.0
0500000US51111,"Lunenburg County, Virginia",51,111,5,489,394,570,5214,3215,1048,1111,12016,738,6900,3890,2,25,2,0,459,974,1713,3850,4.1,80.6,4.9,52.8,3.6,71.5,22.0,10.0,15.9,6.1,57.4,32.4,0.0,0.2,0.0,0.0,3.8,8.11,19.5,88.8,0.4265,61.1328,0.0,0.0,0.0
0500000US51113,"Madison County, Virginia",51,113,5,442,183,708,4549,4900,581,702,14044,546,11766,1245,2,45,0,21,419,298,1091,5557,3.1,41.4,5.3,39.0,4.3,72.0,10.6,5.0,10.8,3.9,83.8,8.9,0.0,0.3,0.0,0.1,3.0,2.12,10.7,83.0,0.4229,67.1999,0.0,0.0,0.0
0500000US51115,"Mathews County, Virginia",51,115,2,140,27,211,3818,2397,255,578,8540,228,7225,825,7,0,6,98,151,126,616,2628,1.6,19.3,2.6,51.3,4.4,69.3,6.4,6.8,7.8,2.7,84.6,9.7,0.1,0.0,0.1,1.1,1.8,1.48,9.2,77.7,0.4405,69.2528,0.0,0.0,0.0
0500000US51117,"Mecklenburg County, Virginia",51,117,4,967,474,1200,12305,9208,2281,1714,30516,972,18401,9881,31,294,0,66,871,1005,3251,11116,3.2,49.0,4.1,47.9,2.6,70.7,16.8,5.8,16.3,3.2,60.3,32.4,0.1,1.0,0.0,0.2,2.9,3.29,14.2,87.4,0.5066,60.193,1.0,0.0,0.0
0500000US51119,"Middlesex County, Virginia",51,119,0,276,114,345,4747,3221,544,585,10847,349,8420,1711,0,43,0,19,305,413,753,3321,2.5,41.3,3.3,50.9,2.9,72.4,11.4,5.6,7.3,3.2,77.6,15.8,0.0,0.4,0.0,0.2,2.8,3.81,8.7,75.1,0.4102,63.3101,0.0,0.0,0.0
0500000US51121,"Montgomery County, Virginia",51,121,35,9459,6239,10392,36962,32456,1782,4692,99101,4602,80153,3810,110,6336,139,847,3104,10789,2350,34577,9.5,66.0,10.9,43.0,2.9,68.6,4.8,4.8,23.9,4.6,80.9,3.8,0.1,6.4,0.1,0.9,3.1,10.89,4.2,74.5,0.5104,47.4245,0.0,0.0,0.0
0500000US51125,"Nelson County, Virginia",51,125,2,688,314,857,5710,4725,728,1048,14732,705,11752,1623,28,132,0,17,475,103,1156,4823,4.7,45.6,6.2,45.7,3.3,72.2,11.4,7.1,12.5,4.8,79.8,11.0,0.2,0.9,0.0,0.1,3.2,0.7,10.3,75.6,0.4787,53.3021,0.0,0.0,0.0
0500000US51127,"New Kent County, Virginia",51,127,10,1037,445,1118,7240,9364,414,1069,25105,964,18996,3308,160,336,37,20,1284,764,1087,10444,4.1,42.9,4.7,34.7,2.3,70.8,4.5,4.4,4.7,3.8,75.7,13.2,0.6,1.3,0.1,0.1,5.1,3.04,5.9,81.6,0.3767,65.5399,0.0,0.0,0.0
0500000US51131,"Northampton County, Virginia",51,131,30,889,527,1137,4777,3635,811,1188,12059,1124,6745,3574,10,118,0,28,460,286,1156,4305,7.4,59.3,9.8,47.2,3.3,71.3,14.9,10.1,17.7,9.3,55.9,29.6,0.1,1.0,0.0,0.2,3.8,2.37,12.6,85.1,0.536,46.5896,0.0,0.0,0.0
0500000US51133,"Northumberland County, Virginia",51,133,0,555,48,686,6217,3104,371,794,12188,432,8327,2326,16,533,0,99,455,0,1025,3624,4.6,8.6,5.9,57.5,3.8,72.7,6.6,6.6,11.5,3.5,68.3,19.1,0.1,4.4,0.0,0.8,3.7,0.0,10.5,82.7,0.4721,60.1828,0.0,0.0,0.0
0500000US51135,"Nottoway County, Virginia",51,135,1,473,273,684,6785,4320,852,1398,15597,758,8438,5653,16,125,0,58,549,2586,1628,5030,3.0,57.7,4.6,52.2,2.8,72.6,15.2,10.3,18.5,4.9,54.1,36.2,0.1,0.8,0.0,0.4,3.5,16.58,14.4,86.5,0.4184,60.8201,0.0,0.0,0.0
0500000US51137,"Orange County, Virginia",51,137,11,1916,729,2350,11789,13338,1126,2225,37822,2650,28310,3812,2,378,0,273,2397,552,2311,14829,5.1,38.0,6.6,38.7,3.4,74.4,7.6,6.0,9.8,7.0,74.9,10.1,0.0,1.0,0.0,0.7,6.3,1.46,8.5,83.5,0.4037,61.869,0.0,0.0,0.0
0500000US51139,"Page County, Virginia",51,139,13,733,319,820,8501,7959,1345,1870,23727,609,21823,498,37,94,0,153,513,284,2941,9470,3.1,43.5,3.6,43.3,5.5,75.7,13.6,8.0,11.3,2.6,92.0,2.1,0.2,0.4,0.0,0.6,2.2,1.2,16.9,91.9,0.4315,76.6255,1.0,0.0,0.0
0500000US51141,"Patrick County, Virginia",51,141,0,464,165,522,7343,5825,980,928,17512,615,15607,884,8,90,0,0,308,384,2088,6124,2.6,35.6,3.1,49.2,2.5,78.8,12.6,5.4,11.7,3.5,89.1,5.0,0.0,0.5,0.0,0.0,1.8,2.19,15.5,83.8,0.4557,79.8721,0.0,0.0,0.0
0500000US51143,"Pittsylvania County, Virginia",51,143,2,1001,543,1624,24424,19621,3733,3313,59856,1857,43827,12137,27,185,0,54,1769,1392,6331,22272,1.7,54.2,2.8,48.3,4.7,78.9,14.9,5.7,14.6,3.1,73.2,20.3,0.0,0.3,0.0,0.1,3.0,2.33,14.1,91.5,0.4386,71.2903,1.0,1.0,1.0
0500000US51145,"Powhatan County, Virginia",51,145,11,1004,370,1756,10084,12272,166,1295,31555,919,26740,2262,40,90,0,204,1300,1294,2015,11858,3.2,36.9,5.8,38.0,3.6,77.3,1.5,4.3,4.6,2.9,84.7,7.2,0.1,0.3,0.0,0.6,4.1,4.1,8.5,75.4,0.4059,71.5801,0.0,0.0,0.0
0500000US51147,"Prince Edward County, Virginia",51,147,3,765,367,934,10021,6165,1314,1287,21996,1078,13188,6489,33,242,251,25,690,4607,1468,7212,3.5,48.0,4.4,52.8,1.5,70.1,17.2,6.2,20.9,4.9,60.0,29.5,0.2,1.1,1.1,0.1,3.1,20.94,11.4,84.3,0.4916,50.7428,0.0,0.0,0.0
0500000US51149,"Prince George County, Virginia",51,149,12,2524,1046,4117,13355,11744,1425,1789,43146,4487,22174,13318,135,776,196,356,1704,8268,2479,14917,5.8,41.4,10.0,37.5,5.2,74.4,11.0,5.3,8.9,10.4,51.4,30.9,0.3,1.8,0.5,0.8,3.9,19.16,9.0,70.6,0.3786,60.1841,0.0,0.0,0.0
0500000US51153,"Prince William County, Virginia",51,153,68,128534,54525,166459,106118,178072,9124,47872,488880,127463,185150,95696,317,48594,390,3531,27739,4003,31297,189722,26.3,42.4,36.5,28.3,4.8,71.2,5.8,10.0,6.2,26.1,37.9,19.6,0.1,9.9,0.1,0.7,5.7,0.82,9.9,75.2,0.3857,39.6338,0.0,0.0,0.0
0500000US51155,"Pulaski County, Virginia",51,155,15,452,81,826,13131,11270,2239,1808,33687,749,30088,1493,13,144,9,65,1126,1050,2112,13277,1.3,17.9,2.6,46.1,3.2,76.2,15.5,5.5,14.4,2.2,89.3,4.4,0.0,0.4,0.0,0.2,3.3,3.12,8.3,92.1,0.4644,71.9729,0.0,0.0,0.0
0500000US51157,"Rappahannock County, Virginia",51,157,3,435,173,328,2554,2503,161,804,7427,358,6118,267,34,14,0,332,304,11,490,2516,5.9,39.8,4.6,40.6,9.2,73.9,5.4,10.8,10.3,4.8,82.4,3.6,0.5,0.2,0.0,4.5,4.1,0.15,8.6,75.2,0.5007,58.416,0.0,0.0,0.0
0500000US51159,"Richmond County, Virginia",51,159,0,469,264,462,4154,2255,335,391,9095,686,5464,2439,46,59,0,20,381,1627,1217,2742,5.2,56.3,5.3,54.2,2.5,66.2,10.5,5.2,7.7,7.5,60.1,26.8,0.5,0.6,0.0,0.2,4.2,17.89,17.6,80.5,0.3812,64.8161,1.0,0.0,0.0
0500000US51161,"Roanoke County, Virginia",51,161,12,6601,2692,8183,31356,37292,2930,3735,97023,3966,79806,6250,98,3627,21,435,2820,2193,3868,38277,6.8,40.8,8.8,39.1,2.8,79.2,7.4,3.9,7.3,4.1,82.3,6.4,0.1,3.7,0.0,0.4,2.9,2.26,5.5,82.6,0.4449,60.6684,0.0,0.0,0.0
0500000US51163,"Rockbridge County, Virginia",51,163,1,582,199,521,8437,7410,1061,1064,22531,522,20136,582,41,196,0,268,786,509,1515,8819,2.6,34.2,2.4,44.0,3.9,72.2,11.1,4.8,7.5,2.3,89.4,2.6,0.2,0.9,0.0,1.2,3.5,2.26,8.9,87.0,0.448,66.4053,0.0,0.0,0.0
0500000US51165,"Rockingham County, Virginia",51,165,24,5317,2906,8221,25070,32840,1941,9062,85600,7966,72239,1853,41,936,54,262,2249,1991,7379,36815,6.2,54.7,10.2,36.4,2.7,77.1,5.9,10.6,9.8,9.3,84.4,2.2,0.0,1.1,0.1,0.3,2.6,2.33,12.6,87.8,0.4495,67.9957,0.0,0.0,0.0
0500000US51167,"Russell County, Virginia",51,167,1,198,119,201,11660,7237,2331,1188,25538,180,24673,277,28,23,59,33,265,406,3263,8516,0.8,60.1,0.8,54.9,3.6,78.6,21.8,4.7,16.7,0.7,96.6,1.1,0.1,0.1,0.2,0.1,1.0,1.59,17.2,93.6,0.4599,83.5712,0.0,0.0,0.0
0500000US51169,"Scott County, Virginia",51,169,3,149,87,285,9966,5926,2113,1213,21479,329,20489,274,5,15,24,26,317,736,2463,7143,0.7,58.4,1.4,55.1,2.8,75.5,23.2,5.9,20.2,1.5,95.4,1.3,0.0,0.1,0.1,0.1,1.5,3.43,15.2,92.0,0.4761,84.9417,1.0,0.0,0.0
0500000US51171,"Shenandoah County, Virginia",51,171,31,2321,1355,3956,14399,16171,1852,3311,44925,4107,37681,1307,9,547,3,69,1202,410,3286,18084,5.2,58.4,9.3,39.4,4.8,77.0,10.3,7.4,11.8,9.1,83.9,2.9,0.0,1.2,0.0,0.2,2.7,0.91,10.2,87.2,0.4475,70.6112,1.0,0.0,0.0
0500000US51173,"Smyth County, Virginia",51,173,2,424,327,626,12204,9068,2152,1570,29420,629,27471,598,18,23,10,24,647,753,2849,10789,1.4,77.1,2.2,50.0,3.1,76.6,17.0,5.5,16.8,2.1,93.4,2.0,0.1,0.1,0.0,0.1,2.2,2.56,13.2,92.3,0.4724,79.896,1.0,0.0,0.0
0500000US51175,"Southampton County, Virginia",51,175,2,346,99,498,6632,5312,999,802,17964,453,10856,5240,57,140,0,74,1144,1443,1712,7155,1.9,28.6,2.9,44.1,5.5,67.8,14.5,4.9,8.7,2.5,60.4,29.2,0.3,0.8,0.0,0.4,6.4,8.03,12.7,90.9,0.4029,62.3843,0.0,0.0,0.0
0500000US51177,"Spotsylvania County, Virginia",51,177,9,15223,6420,20093,37068,51746,3489,9555,146603,19628,89359,24495,166,3901,131,570,8353,365,9161,58352,10.4,42.2,14.5,32.2,5.1,70.6,6.6,6.6,7.1,13.4,61.0,16.7,0.1,2.7,0.1,0.4,5.7,0.25,9.3,80.2,0.3962,53.6947,0.0,0.0,0.0
0500000US51179,"Stafford County, Virginia",51,179,10,22598,9162,28982,38621,51591,2299,9975,163466,27085,84188,31801,132,6435,16,1719,12090,3774,7743,62325,13.8,40.5,18.9,30.7,3.7,64.8,4.4,6.4,4.7,16.6,51.5,19.5,0.1,3.9,0.0,1.1,7.4,2.31,7.3,75.5,0.3735,48.8313,0.0,0.0,0.0
0500000US51181,"Surry County, Virginia",51,181,1,127,61,154,2205,2283,266,204,6549,205,3532,2554,0,20,0,0,238,0,424,2891,1.9,48.0,2.5,39.7,5.0,71.8,9.4,3.1,10.5,3.1,53.9,39.0,0.0,0.3,0.0,0.0,3.6,0.0,8.6,91.8,0.4176,49.7855,0.0,0.0,0.0
0500000US51183,"Sussex County, Virginia",51,183,3,110,68,191,4697,3473,715,788,10765,120,4382,5823,6,58,0,17,359,1650,1309,3803,1.0,61.8,1.9,51.0,4.1,80.3,18.9,8.6,11.6,1.1,40.7,54.1,0.1,0.5,0.0,0.2,3.3,15.33,16.1,90.5,0.4169,47.4652,0.0,0.0,0.0
0500000US51185,"Tazewell County, Virginia",51,185,5,499,98,961,18069,10929,2490,1555,39624,535,36751,1203,14,244,6,20,851,1658,3632,12479,1.3,19.6,2.5,55.1,3.8,77.7,15.3,4.1,18.5,1.4,92.7,3.0,0.0,0.6,0.0,0.1,2.1,4.18,12.7,89.3,0.4733,84.1525,1.0,0.0,0.0
0500000US51187,"Warren County, Virginia",51,187,10,2600,1340,2709,12501,15429,1609,3686,41531,3064,33781,2097,5,561,0,509,1514,938,3171,16076,6.3,51.5,6.9,37.6,4.9,78.1,10.5,9.0,11.6,7.4,81.3,5.0,0.0,1.4,0.0,1.2,3.6,2.26,10.8,83.1,0.4173,68.2594,0.0,0.0,0.0
0500000US51191,"Washington County, Virginia",51,191,3,747,340,1659,21448,18022,2816,3568,53926,1001,50728,981,41,272,3,48,852,1348,3869,20797,1.4,45.5,3.2,46.8,3.0,76.4,12.7,6.7,11.1,1.9,94.1,1.8,0.1,0.5,0.0,0.1,1.6,2.5,9.6,89.4,0.4914,76.3464,1.0,0.0,0.0
0500000US51193,"Westmoreland County, Virginia",51,193,3,899,507,1268,7577,5074,1635,1518,18826,1210,11733,4366,16,185,0,180,1136,110,1752,6295,4.8,56.4,7.1,47.8,7.3,67.7,20.1,8.2,14.0,6.4,62.3,23.2,0.1,1.0,0.0,1.0,6.0,0.58,12.2,83.9,0.4633,56.7338,0.0,0.0,0.0
0500000US51195,"Wise County, Virginia",51,195,9,539,267,642,15846,9051,3135,2148,35448,509,31893,1681,73,112,0,211,969,3043,4869,10707,1.5,49.5,1.9,53.6,8.2,71.9,22.5,6.5,17.2,1.4,90.0,4.7,0.2,0.3,0.0,0.6,2.7,8.58,18.9,86.2,0.4178,81.396,1.0,0.0,0.0
0500000US51197,"Wythe County, Virginia",51,197,12,393,225,657,10352,9911,1651,1689,28188,449,26185,619,4,225,95,80,531,246,2042,11029,1.4,57.3,2.5,44.2,4.0,79.2,13.2,6.0,15.2,1.6,92.9,2.2,0.0,0.8,0.3,0.3,1.9,0.87,9.8,90.8,0.4798,79.4546,0.0,0.0,0.0
0500000US51199,"York County, Virginia",51,199,26,5656,1582,7262,19064,22058,965,2395,71005,5545,46998,9245,85,4137,178,525,4292,1452,2342,28957,8.0,28.0,10.8,33.6,4.2,69.7,3.6,3.6,5.6,7.8,66.2,13.0,0.1,5.8,0.3,0.7,6.0,2.04,4.8,80.9,0.4067,52.4077,0.0,0.0,0.0
0500000US51510,"Alexandria city, Virginia",51,510,0,39109,20000,45671,28386,68219,3899,13416,156976,28788,77106,32969,217,9768,49,750,7329,1628,8305,52937,24.9,51.1,31.1,21.7,3.3,71.0,5.1,8.8,7.9,18.3,49.1,21.0,0.1,6.2,0.0,0.5,4.7,1.04,7.0,54.0,,,,,
0500000US51520,"Bristol city, Virginia",51,520,0,379,208,571,6146,5874,1599,1826,16849,465,14230,969,0,76,13,299,797,333,1185,6008,2.2,54.9,3.6,44.3,6.3,81.2,22.1,11.0,18.0,2.8,84.5,5.8,0.0,0.5,0.1,1.8,4.7,1.98,9.7,84.2,,,,,
0500000US51530,"Buena Vista city, Virginia",51,530,0,57,21,66,2499,2256,348,283,6593,15,5583,134,83,62,23,32,661,524,493,2398,0.9,36.8,1.1,46.6,1.4,79.9,13.6,4.3,18.8,0.2,84.7,2.0,1.3,0.9,0.3,0.5,10.0,7.95,12.1,86.6,,,,,
0500000US51540,"Charlottesville city, Virginia",51,540,0,4797,3028,6446,13633,15814,1967,2031,45437,3132,29163,7026,15,3198,0,302,2601,3003,1888,13444,10.6,63.1,14.9,35.3,3.7,66.0,9.9,4.5,19.6,6.9,64.2,15.5,0.0,7.0,0.0,0.7,5.7,6.61,6.5,57.5,,,,,
0500000US51550,"Chesapeake city, Virginia",51,550,0,14714,4955,19980,66060,85969,6728,14039,252583,19408,135855,71944,309,9654,118,1776,13519,4121,9990,104085,5.8,33.7,8.4,33.2,4.9,72.4,7.2,5.8,9.4,7.7,53.8,28.5,0.1,3.8,0.0,0.7,5.4,1.63,5.8,83.7,,,,,
0500000US51570,"Colonial Heights city, Virginia",51,570,0,1194,466,1588,5158,6328,983,1371,18352,1528,11961,3432,34,686,0,62,649,188,1155,7529,6.5,39.0,9.2,35.9,3.6,71.9,13.1,7.6,7.9,8.3,65.2,18.7,0.2,3.7,0.0,0.3,3.5,1.02,9.2,87.1,,,,,
0500000US51580,"Covington city, Virginia",51,580,0,233,139,334,2362,1653,470,390,5680,202,4495,720,0,76,0,0,187,81,523,1834,4.1,59.7,6.2,53.3,2.8,82.0,18.2,7.0,25.7,3.6,79.1,12.7,0.0,1.3,0.0,0.0,3.3,1.43,13.6,91.0,,,,,
0500000US51590,"Danville city, Virginia",51,590,0,1485,933,1938,15460,13603,5197,3313,42214,2348,16369,21304,20,503,0,29,1641,1539,3753,14186,3.5,62.8,4.9,45.9,5.6,79.3,27.3,8.0,24.7,5.6,38.8,50.5,0.0,1.2,0.0,0.1,3.9,3.65,12.9,86.3,,,,,
0500000US51595,"Emporia city, Virginia",51,595,0,141,102,316,1876,1714,736,252,5547,436,1017,3569,0,32,0,0,493,197,704,1905,2.5,72.3,6.1,44.5,2.9,75.4,34.1,4.7,15.8,7.9,18.3,64.3,0.0,0.6,0.0,0.0,8.9,3.55,19.4,84.2,,,,,
0500000US51600,"Fairfax city, Virginia",51,600,0,7660,3634,8775,5664,10043,286,2083,25026,4728,12800,1585,36,4597,0,259,1021,536,1520,8223,30.6,47.4,38.4,29.1,3.3,75.7,3.1,8.5,9.1,18.9,51.1,6.3,0.1,18.4,0.0,1.0,4.1,2.14,9.3,62.9,,,,,
0500000US51610,"Falls Church city, Virginia",51,610,0,2448,888,2935,3195,5508,97,247,14710,1587,10005,520,0,1344,0,192,1062,143,464,4351,16.6,36.3,21.1,27.4,5.0,69.2,1.5,1.7,4.0,10.8,68.0,3.5,0.0,9.1,0.0,1.3,7.2,0.97,4.6,54.9,,,,,
0500000US51620,"Franklin city, Virginia",51,620,0,67,54,132,2707,2510,983,232,8250,261,3114,4524,0,3,0,0,348,134,770,2829,0.8,80.6,1.7,43.4,7.9,77.4,28.5,2.9,19.3,3.2,37.7,54.8,0.0,0.0,0.0,0.0,4.2,1.62,13.8,88.5,,,,,
0500000US51630,"Fredericksburg city, Virginia",51,630,13,3505,2171,5152,7166,11170,1249,2222,28873,3628,15787,5603,34,1140,0,194,2487,2212,1359,11175,12.1,61.9,18.9,30.7,5.1,73.2,10.7,7.7,13.2,12.6,54.7,19.4,0.1,3.9,0.0,0.7,8.6,7.66,7.8,75.5,,,,,
0500000US51640,"Galax city, Virginia",51,640,0,369,202,622,2316,2083,610,440,6726,950,5165,331,13,19,0,24,224,264,698,2628,5.5,54.7,10.0,44.0,5.1,74.5,22.1,6.8,31.1,14.1,76.8,4.9,0.2,0.3,0.0,0.4,3.3,3.93,15.6,94.0,,,,,
0500000US51650,"Hampton city, Virginia",51,650,0,8117,2246,10737,38759,44810,9340,9118,137557,9447,48479,66188,339,3085,66,1233,8720,3772,6549,56519,5.9,27.7,8.3,34.8,6.3,71.9,16.1,7.0,12.7,6.9,35.2,48.1,0.2,2.2,0.0,0.9,6.3,2.74,7.0,84.4,,,,,
0500000US51660,"Harrisonburg city, Virginia",51,660,0,9145,5651,13818,16529,19341,1900,5314,51392,12119,31246,3685,7,1823,24,353,2135,7226,4041,19451,17.8,61.8,28.4,38.1,6.9,77.4,10.9,10.5,25.7,23.6,60.8,7.2,0.0,3.5,0.0,0.7,4.2,14.06,15.7,81.5,,,,,
0500000US51670,"Hopewell city, Virginia",51,670,0,1064,592,1825,6521,7772,2321,1789,22959,2052,9335,9545,6,247,0,19,1755,236,1699,8667,4.6,55.6,8.6,36.8,9.2,77.7,25.1,7.9,21.8,8.9,40.7,41.6,0.0,1.1,0.0,0.1,7.6,1.03,11.3,87.1,,,,,
0500000US51678,"Lexington city, Virginia",51,678,0,439,259,780,4006,2258,388,397,7525,472,5887,437,25,262,0,0,442,3210,301,1750,5.8,59.0,10.7,57.3,0.6,76.3,17.7,5.3,14.0,6.3,78.2,5.8,0.3,3.5,0.0,0.0,5.9,42.66,8.9,59.5,,,,,
0500000US51680,"Lynchburg city, Virginia",51,680,0,3855,2248,5861,26968,30192,4361,4672,79497,4041,47601,21483,55,1775,120,924,3498,10830,4041,26941,4.8,58.3,7.8,41.1,5.3,83.1,15.2,6.0,18.6,5.1,59.9,27.0,0.1,2.2,0.2,1.2,4.4,13.62,9.0,75.4,,,,,
0500000US51683,"Manassas city, Virginia",51,683,0,13945,7642,19789,9106,17253,899,8240,42976,18865,14320,5058,42,2386,8,119,2178,69,5264,18192,32.4,54.8,50.0,27.8,3.8,76.4,6.3,19.2,7.7,43.9,33.3,11.8,0.1,5.6,0.0,0.3,5.1,0.16,19.0,82.0,,,,,
0500000US51685,"Manassas Park city, Virginia",51,685,0,6179,3072,8770,3297,7213,525,3691,16798,7867,4430,2282,0,1712,0,0,507,6,2562,7835,36.8,49.7,55.5,24.6,5.5,76.4,10.1,22.1,5.1,46.8,26.4,13.6,0.0,10.2,0.0,0.0,3.0,0.04,22.8,84.1,,,,,
0500000US51690,"Martinsville city, Virginia",51,690,0,1014,781,1557,4439,4832,1379,1102,13658,1168,5689,5999,0,399,0,55,348,435,1001,4757,7.4,77.0,12.2,42.8,2.9,84.2,24.1,8.3,23.5,8.6,41.7,43.9,0.0,2.9,0.0,0.4,2.5,3.18,11.3,86.4,,,,,
0500000US51700,"Newport News city, Virginia",51,700,0,14119,6102,18293,47934,65023,11796,14428,184216,19873,72296,74745,420,5995,182,1455,9250,6647,9611,75199,7.7,43.2,10.7,32.9,5.8,77.0,15.5,8.3,14.5,10.8,39.2,40.6,0.2,3.3,0.1,0.8,5.0,3.61,8.0,82.7,,,,,
0500000US51710,"Norfolk city, Virginia",51,710,0,18511,8515,25895,57506,77785,16170,18825,233596,23691,96188,90856,626,8508,169,1231,12327,19565,14793,99751,7.9,46.0,11.8,30.2,5.7,75.6,17.0,9.1,16.5,10.1,41.2,38.9,0.3,3.6,0.1,0.5,5.3,8.38,9.8,80.1,,,,,
0500000US51720,"Norton city, Virginia",51,720,0,11,0,89,1551,1135,477,365,3577,112,3275,79,0,11,0,0,100,38,145,981,0.3,0.0,2.6,52.4,3.8,83.7,29.7,10.3,26.3,3.1,91.6,2.2,0.0,0.3,0.0,0.0,2.8,1.06,5.8,74.2,,,,,
0500000US51730,"Petersburg city, Virginia",51,730,0,1523,852,2490,9510,10741,3428,2138,33537,2183,4818,24890,22,433,31,58,1102,540,3010,11939,4.5,55.9,8.1,36.6,10.0,74.3,22.6,6.5,21.7,6.5,14.4,74.2,0.1,1.3,0.1,0.2,3.3,1.61,13.3,82.2,,,,,
0500000US51735,"Poquoson city, Virginia",51,735,0,497,187,498,3504,4796,91,281,12639,525,11037,238,17,217,0,75,530,71,225,5558,3.9,37.6,4.1,34.3,3.2,75.6,1.9,2.3,4.5,4.2,87.3,1.9,0.1,1.7,0.0,0.6,4.2,0.56,2.5,86.8,,,,,
0500000US51740,"Portsmouth city, Virginia",51,740,0,3168,1443,4749,27827,30597,8008,6805,97190,5225,34405,48784,189,1552,32,679,6324,2725,7229,37893,3.3,45.5,5.3,36.2,6.6,72.6,19.9,7.4,17.3,5.4,35.4,50.2,0.2,1.6,0.0,0.7,6.5,2.8,11.0,83.4,,,,,
0500000US51750,"Radford city, Virginia",51,750,0,346,189,599,5796,6242,730,811,16726,731,13535,1544,8,406,0,57,445,3113,465,6850,2.1,54.6,3.7,39.0,8.1,75.6,13.2,4.9,28.7,4.4,80.9,9.2,0.0,2.4,0.0,0.3,2.7,18.61,6.2,84.2,,,,,
0500000US51760,"Richmond city, Virginia",51,760,0,19276,13215,26090,61104,97259,15789,20016,229359,24539,94895,93026,244,4775,114,1157,10609,10408,15974,86285,8.4,68.6,12.1,31.7,5.7,78.6,15.1,8.8,18.2,10.7,41.4,40.6,0.1,2.1,0.0,0.5,4.6,4.54,9.8,70.9,,,,,
0500000US51770,"Roanoke city, Virginia",51,770,0,7886,5174,10004,29636,38119,7359,9499,98355,8823,54346,27236,90,3082,95,632,4051,1742,7099,36839,8.0,65.6,10.9,37.9,5.6,83.4,16.9,9.8,18.3,9.0,55.3,27.7,0.1,3.1,0.1,0.6,4.1,1.77,10.3,81.9,,,,,
0500000US51775,"Salem city, Virginia",51,775,0,1147,753,1176,8585,9892,795,1074,25618,1227,20895,2217,60,503,0,202,514,2285,1001,10169,4.5,65.6,4.8,40.1,3.6,80.4,7.8,4.3,10.2,4.8,81.6,8.7,0.2,2.0,0.0,0.8,2.0,8.92,5.8,83.6,,,,,
0500000US51790,"Staunton city, Virginia",51,790,10,914,483,1353,8691,8930,1467,1611,25948,1233,20330,2662,28,361,8,60,1266,1727,1134,10099,3.5,52.8,5.5,40.4,5.3,74.1,13.0,6.4,12.4,4.8,78.3,10.3,0.1,1.4,0.0,0.2,4.9,6.66,6.1,85.5,,,,,
0500000US51800,"Suffolk city, Virginia",51,800,0,4396,1813,5812,27224,32493,3807,6102,98796,5172,45224,41068,93,1818,9,846,4566,922,5955,41377,4.4,41.2,6.3,34.7,5.0,71.4,10.0,6.4,9.4,5.2,45.8,41.6,0.1,1.8,0.0,0.9,4.6,0.93,8.8,86.7,,,,,
0500000US51810,"Virginia Beach city, Virginia",51,810,0,41807,14911,52515,116042,165268,11892,27294,456349,41512,268555,82972,502,32184,454,2908,27262,7750,16774,194868,9.2,35.7,12.2,31.5,4.0,74.9,6.6,6.3,8.6,9.1,58.8,18.2,0.1,7.1,0.1,0.6,6.0,1.7,5.3,81.4,,,,,
0500000US51820,"Waynesboro city, Virginia",51,820,0,1529,824,2089,6564,8945,1402,2321,22841,2218,16351,2491,22,412,0,0,1347,226,1755,9365,6.7,53.9,9.8,35.9,5.1,81.0,14.2,10.3,11.2,9.7,71.6,10.9,0.1,1.8,0.0,0.0,5.9,0.99,10.9,85.0,,,,,
0500000US51830,"Williamsburg city, Virginia",51,830,0,1614,836,2278,7407,5072,397,960,15798,1318,10618,2258,35,1038,0,20,511,4813,498,4163,10.2,51.8,14.8,51.3,6.8,78.8,7.9,6.2,18.8,8.3,67.2,14.3,0.2,6.6,0.0,0.1,3.2,30.47,6.5,65.0,,,,,
0500000US51840,"Winchester city, Virginia",51,840,0,3376,2436,5138,7864,11143,1340,3390,27913,5848,17126,2156,41,608,0,221,1913,1092,2347,10431,12.1,72.2,19.6,35.0,6.4,81.8,11.7,12.3,21.5,21.0,61.4,7.7,0.1,2.2,0.0,0.8,6.9,3.91,12.5,78.1,,,,,
0500000US53001,"Adams County, Washington",53,001,10,5087,4098,10183,5743,6299,1188,3297,20800,13423,6469,40,47,119,29,138,535,374,3881,6963,24.5,80.6,53.6,40.0,3.6,76.0,18.9,16.0,19.5,64.5,31.1,0.2,0.2,0.6,0.1,0.7,2.6,1.8,34.1,86.3,0.4788,,0.0,0.0,0.0
0500000US53003,"Asotin County, Washington",53,003,0,609,375,769,8436,7414,1767,1339,22467,1028,19563,196,234,256,0,149,1041,210,1298,7968,2.7,61.6,3.6,45.3,5.0,76.9,18.6,6.0,14.2,4.6,87.1,0.9,1.0,1.1,0.0,0.7,4.6,0.93,7.9,85.8,0.4556,,0.0,0.0,0.0
0500000US53005,"Benton County, Washington",53,005,36,24350,13768,43118,63135,73887,11533,16743,212905,54546,137553,3401,869,6490,461,1365,8220,2392,14779,79067,11.4,56.5,21.6,38.4,5.3,77.4,14.8,7.9,11.0,25.6,64.6,1.6,0.4,3.0,0.2,0.6,3.9,1.12,10.6,84.0,0.4378,,0.0,0.0,0.0
0500000US53007,"Chelan County, Washington",53,007,27,11221,7375,19176,25920,28682,3798,8366,80172,23247,52097,333,473,661,110,497,2754,1727,7392,29661,14.0,65.7,25.3,40.4,3.7,78.2,12.0,10.5,8.3,29.0,65.0,0.4,0.6,0.8,0.1,0.6,3.4,2.15,13.2,82.4,0.4651,,0.0,0.0,0.0
0500000US53009,"Clallam County, Washington",53,009,5,3479,1159,4581,35040,20920,4564,5152,77813,5273,62410,633,2557,1320,34,344,5242,1485,3776,23732,4.5,33.3,6.1,52.4,5.1,70.1,13.0,6.7,10.6,6.8,80.2,0.8,3.3,1.7,0.0,0.4,6.7,1.91,6.2,80.3,0.4505,,0.0,0.0,0.0
0500000US53011,"Clark County, Washington",53,011,38,56848,23608,80673,147961,200765,23679,34370,516959,63672,374701,10872,1521,25878,4157,3182,32976,3977,26634,188503,11.0,41.5,16.5,35.8,5.3,80.1,12.1,6.7,8.0,12.3,72.5,2.1,0.3,5.0,0.8,0.6,6.4,0.77,7.4,76.6,0.4312,,0.0,0.0,0.0
0500000US53013,"Columbia County, Washington",53,013,0,201,166,296,1509,1132,263,312,4014,335,3261,22,13,75,0,8,300,64,315,1368,5.0,82.6,7.7,45.1,3.9,64.2,14.1,7.8,9.3,8.3,81.2,0.5,0.3,1.9,0.0,0.2,7.5,1.59,10.3,78.9,0.4324,,0.0,0.0,0.0
0500000US53015,"Cowlitz County, Washington",53,015,2,4803,2690,8366,38952,38068,7772,6883,112360,11775,89475,722,868,1312,461,675,7072,1131,7987,41918,4.3,56.0,7.9,43.3,5.9,79.2,17.7,6.2,12.2,10.5,79.6,0.6,0.8,1.2,0.4,0.6,6.3,1.01,10.1,89.6,0.4251,,0.0,0.0,0.0
0500000US53017,"Douglas County, Washington",53,017,12,7059,5138,11529,12860,17187,2275,5896,44366,15729,25695,177,236,335,126,126,1942,828,5207,17540,15.9,72.8,27.7,36.9,3.9,81.4,14.3,13.3,8.3,35.5,57.9,0.4,0.5,0.8,0.3,0.3,4.4,1.87,17.5,84.5,0.4313,,0.0,0.0,0.0
0500000US53019,"Ferry County, Washington",53,019,1,181,115,279,3603,967,618,414,7387,269,5270,24,973,52,159,38,602,141,508,1732,2.5,63.5,3.9,57.3,12.5,41.1,19.5,5.7,13.6,3.6,71.3,0.3,13.2,0.7,2.2,0.5,8.1,1.91,8.9,74.7,0.4281,,0.0,0.0,0.0
0500000US53021,"Franklin County, Washington",53,021,27,20597,13456,45066,24639,34306,5631,12773,98902,54664,36696,1834,179,1728,159,585,3057,3022,13100,38685,20.8,65.3,49.5,34.2,5.4,76.7,18.8,13.2,13.1,55.3,37.1,1.9,0.2,1.7,0.2,0.6,3.1,3.06,22.6,88.8,0.4242,,0.0,0.0,0.0
0500000US53023,"Garfield County, Washington",53,023,0,53,53,137,1016,557,140,101,2353,117,2033,19,0,49,0,0,135,33,97,699,2.3,100.0,6.1,51.1,6.3,61.1,13.6,4.3,12.0,5.0,86.4,0.8,0.0,2.1,0.0,0.0,5.7,1.4,5.6,79.8,0.4098,,0.0,0.0,0.0
0500000US53025,"Grant County, Washington",53,025,22,16431,12547,33664,28804,31907,5855,13787,101799,44645,50089,1246,585,830,29,209,4166,3186,11759,37372,16.1,76.4,35.6,37.7,6.5,71.7,16.5,13.6,15.8,43.9,49.2,1.2,0.6,0.8,0.0,0.2,4.1,3.13,18.6,85.6,0.4421,,0.0,0.0,0.0
0500000US53027,"Grays Harbor County, Washington",53,027,17,4294,2616,7459,31688,20894,5577,5642,77053,8617,58592,1137,2916,1021,310,419,4041,2792,5811,24119,5.6,60.9,10.2,49.7,7.0,70.0,18.2,7.6,15.3,11.2,76.0,1.5,3.8,1.3,0.4,0.5,5.2,3.62,10.3,82.9,0.4358,,0.0,0.0,0.0
0500000US53029,"Island County, Washington",53,029,4,6957,2436,7797,32295,23268,2771,3599,86836,7582,65470,1879,547,4242,363,227,6526,2273,2696,30594,8.0,35.0,9.4,44.0,4.3,71.1,7.7,4.5,7.7,8.7,75.4,2.2,0.6,4.9,0.4,0.3,7.5,2.62,4.2,78.7,0.4197,,0.0,0.0,0.0
0500000US53031,"Jefferson County, Washington",53,031,2,1618,648,2046,16996,8258,1327,1246,33577,1480,28394,115,351,434,35,569,2199,639,1300,8419,4.8,40.0,6.2,56.1,6.6,67.2,8.1,3.8,11.1,4.4,84.6,0.3,1.0,1.3,0.1,1.7,6.5,1.9,4.6,69.0,0.487,,0.0,0.0,0.0
0500000US53033,"King County, Washington",53,033,401,589378,307918,674641,568796,1038747,77601,119199,2287171,251983,1210898,147480,8436,469780,16925,14623,167046,40926,102976,705065,25.8,52.2,31.1,30.1,4.8,82.7,8.2,5.2,8.6,11.0,52.9,6.4,0.4,20.5,0.7,0.6,7.3,1.79,6.2,57.4,0.4828,,0.0,0.0,0.0
0500000US53035,"Kitsap County, Washington",53,035,12,19923,7797,24767,87038,80164,10833,13304,277881,26018,201834,6055,2258,13337,2609,1889,23881,7243,9159,96437,7.2,39.1,9.4,38.0,4.7,65.0,10.0,5.1,8.2,9.4,72.6,2.2,0.8,4.8,0.9,0.7,8.6,2.61,4.6,72.5,0.4335,,0.0,0.0,0.0
0500000US53037,"Kittitas County, Washington",53,037,29,2268,1242,3546,15491,16104,2459,2728,47172,4974,37384,497,142,812,25,441,2897,1595,1960,17583,4.8,54.8,7.8,38.6,6.3,70.0,12.3,5.8,14.4,10.5,79.3,1.1,0.3,1.7,0.1,0.9,6.1,3.38,6.6,77.9,0.4743,,0.0,0.0,0.0
0500000US53039,"Klickitat County, Washington",53,039,0,2057,1147,2909,9394,7100,1181,1505,23411,3089,18440,81,310,179,65,137,1110,518,1834,6788,8.8,55.8,13.0,47.7,5.2,72.7,12.0,6.4,12.9,13.2,78.8,0.3,1.3,0.8,0.3,0.6,4.7,2.21,10.4,72.5,0.4533,,0.0,0.0,0.0
0500000US53041,"Lewis County, Washington",53,041,40,4526,2495,6975,30443,27090,5397,5348,85154,9810,68038,554,887,927,199,554,4185,818,5299,29714,5.3,55.1,8.7,44.2,5.3,74.6,16.4,6.3,12.2,11.5,79.9,0.7,1.0,1.1,0.2,0.7,4.9,0.96,8.7,85.3,0.4243,,0.0,0.0,0.0
0500000US53043,"Lincoln County, Washington",53,043,4,218,99,429,4276,3024,707,392,11489,477,10191,55,169,54,32,25,486,107,629,3583,1.9,45.4,3.9,45.8,7.8,65.0,14.7,3.4,12.5,4.2,88.7,0.5,1.5,0.5,0.3,0.2,4.2,0.93,7.7,80.2,0.4454,,0.0,0.0,0.0
0500000US53045,"Mason County, Washington",53,045,11,4728,3034,6742,28576,16793,3954,4419,67982,8685,50945,690,971,650,111,717,5213,1660,4704,20878,7.0,64.2,10.5,50.7,6.6,64.9,15.2,6.7,12.3,12.8,74.9,1.0,1.4,1.0,0.2,1.1,7.7,2.44,9.4,82.6,0.4095,,0.0,0.0,0.0
0500000US53047,"Okanogan County, Washington",53,047,0,5720,4161,7756,15617,12901,3380,6399,43425,9128,27099,559,3587,261,17,253,2521,2761,4579,13643,13.2,72.7,18.9,44.5,4.5,69.9,19.3,14.9,20.7,21.0,62.4,1.3,8.3,0.6,0.0,0.6,5.8,6.36,14.6,74.5,0.4592,,0.0,0.0,0.0
0500000US53049,"Pacific County, Washington",53,049,0,1263,669,2289,10796,6156,1662,1351,23994,2378,19059,131,446,374,15,264,1327,257,1742,6851,5.3,53.0,9.9,51.9,5.2,65.3,15.1,5.7,10.4,9.9,79.4,0.5,1.9,1.6,0.1,1.1,5.5,1.07,9.1,75.1,0.4882,,0.0,0.0,0.0
0500000US53051,"Pend Oreille County, Washington",53,051,0,290,105,286,5997,3854,994,848,14050,565,11905,23,283,71,12,122,1069,118,644,4355,2.1,36.2,2.1,51.5,6.1,72.7,16.7,6.1,14.4,4.0,84.7,0.2,2.0,0.5,0.1,0.9,7.6,0.84,6.2,84.0,0.445,,0.0,0.0,0.0
0500000US53053,"Pierce County, Washington",53,053,167,101407,43176,142247,249410,340899,43291,53478,930319,119500,571064,64989,5620,62848,14916,5500,85882,21707,47783,363118,10.9,42.6,16.3,33.7,5.2,77.2,12.3,5.9,8.8,12.8,61.4,7.0,0.6,6.8,1.6,0.6,9.2,2.33,7.5,80.4,0.4232,,0.0,0.0,0.0
0500000US53055,"San Juan County, Washington",53,055,0,1289,567,1218,7772,5693,512,1106,18478,1409,15743,45,78,248,43,65,847,182,630,5512,7.0,44.0,6.8,47.2,3.7,68.1,5.7,6.0,11.3,7.6,85.2,0.2,0.4,1.3,0.2,0.4,4.6,0.98,4.1,67.8,0.532,,0.0,0.0,0.0
0500000US53057,"Skagit County, Washington",53,057,23,11811,6227,19947,44707,44810,6469,8325,131328,25367,93088,922,1259,2708,265,901,6818,1823,7884,48464,9.0,52.7,16.0,41.6,4.9,76.3,12.4,6.4,11.6,19.3,70.9,0.7,1.0,2.1,0.2,0.7,5.2,1.39,8.3,84.1,0.4327,,0.0,0.0,0.0
0500000US53059,"Skamania County, Washington",53,059,6,485,209,573,4576,4122,615,805,12402,832,10286,98,120,143,19,129,775,112,645,4293,3.9,43.1,4.8,43.0,5.2,71.6,12.3,6.5,8.1,6.7,82.9,0.8,1.0,1.2,0.2,1.0,6.2,0.9,6.7,76.8,0.4362,,0.0,0.0,0.0
0500000US53061,"Snohomish County, Washington",53,061,267,163015,80108,193558,222308,353091,27910,51757,844430,102350,523347,30238,5376,114492,4355,5728,58544,10153,41240,315948,19.3,49.1,24.4,32.7,4.5,81.4,8.8,6.2,8.0,12.1,62.0,3.6,0.6,13.6,0.5,0.7,6.9,1.2,6.9,74.1,0.4331,,0.0,0.0,0.0
0500000US53063,"Spokane County, Washington",53,063,130,29757,12493,40290,168576,203931,34596,27567,549056,38877,443936,10556,3978,12242,3891,2560,33016,15253,19846,199286,5.4,42.0,7.8,38.0,5.3,79.3,15.8,5.1,11.7,7.1,80.9,1.9,0.7,2.2,0.7,0.5,6.0,2.78,5.2,78.3,0.4514,,0.0,0.0,0.0
0500000US53065,"Stevens County, Washington",53,065,3,909,250,1322,19761,12932,2915,2691,48067,2012,40278,152,1847,364,126,497,2791,249,2876,15410,1.9,27.5,2.9,50.3,5.3,70.2,15.0,5.6,12.0,4.2,83.8,0.3,3.8,0.8,0.3,1.0,5.8,0.52,8.2,85.7,0.4589,,0.0,0.0,0.0
0500000US53067,"Thurston County, Washington",53,067,54,24715,10108,33381,93996,88807,13304,14412,299067,31748,207943,9445,2537,18056,2968,2755,23615,4302,11340,103698,8.3,40.9,11.8,38.5,5.2,65.4,11.2,5.0,9.5,10.6,69.5,3.2,0.8,6.0,1.0,0.9,7.9,1.44,5.3,74.4,0.4025,,0.0,0.0,0.0
0500000US53069,"Wahkiakum County, Washington",53,069,0,109,25,83,2272,1031,144,200,4658,261,3953,39,10,78,0,0,317,29,232,1139,2.3,22.9,1.9,58.1,3.5,65.1,6.9,4.3,17.8,5.6,84.9,0.8,0.2,1.7,0.0,0.0,6.8,0.62,6.5,73.4,0.4787,,0.0,0.0,0.0
0500000US53071,"Walla Walla County, Washington",53,071,25,5920,3294,11796,21182,20845,3168,4127,62161,14816,42088,994,214,1111,139,270,2529,5048,4346,21446,9.5,55.6,19.9,41.5,6.2,74.9,13.5,6.9,12.1,23.8,67.7,1.6,0.3,1.8,0.2,0.4,4.1,8.12,10.5,78.2,0.4618,,0.0,0.0,0.0
0500000US53073,"Whatcom County, Washington",53,073,9,22902,10094,27470,71199,88362,11003,13247,230503,24461,174501,2118,3609,10036,503,879,14396,4936,9730,87031,9.9,44.1,12.5,36.9,4.8,76.5,11.7,5.8,12.9,10.6,75.7,0.9,1.6,4.4,0.2,0.4,6.2,2.14,6.2,76.7,0.4618,,0.0,0.0,0.0
0500000US53075,"Whitman County, Washington",53,075,0,3534,2276,4712,15200,14524,2044,2550,47003,3827,34562,647,157,3191,94,480,4045,6124,993,16879,7.5,64.4,10.5,37.6,7.0,62.2,10.9,5.5,22.7,8.1,73.5,1.4,0.3,6.8,0.2,1.0,8.6,13.03,4.0,73.5,0.5205,,0.0,0.0,0.0
0500000US53077,"Yakima County, Washington",53,077,209,46831,31310,101070,72199,86114,19853,32507,257152,134645,101208,1628,5925,2861,917,1059,8909,3998,36653,96414,18.2,66.9,42.3,37.8,7.3,78.2,22.6,12.7,15.5,52.4,39.4,0.6,2.3,1.1,0.4,0.4,3.5,1.55,23.2,90.2,0.4246,,0.0,0.0,0.0
0500000US54001,"Barbour County, West Virginia",54,001,0,56,41,276,6626,4512,1199,999,15424,192,13961,230,35,47,0,26,933,618,1216,4759,0.4,73.2,1.9,51.8,8.5,80.2,19.5,6.5,20.0,1.2,90.5,1.5,0.2,0.3,0.0,0.2,6.0,4.01,11.5,86.7,0.4444,,0.0,0.0,0.0
0500000US54003,"Berkeley County, West Virginia",54,003,3,6511,2335,7086,34878,49114,5907,7557,129514,8294,103178,9232,110,1237,40,986,6437,1139,8154,56122,5.0,35.9,5.8,33.8,4.7,76.0,11.6,5.9,11.1,6.4,79.7,7.1,0.1,1.0,0.0,0.8,5.0,0.88,9.1,87.8,0.4084,,1.0,0.0,0.0
0500000US54005,"Boone County, West Virginia",54,005,0,96,37,208,9328,5509,1747,965,21026,143,20415,86,5,35,0,0,342,137,2024,6346,0.5,38.5,1.0,53.8,8.9,76.2,22.0,4.6,16.2,0.7,97.1,0.4,0.0,0.2,0.0,0.0,1.6,0.65,13.4,87.6,0.4246,,0.0,0.0,0.0
0500000US54007,"Braxton County, West Virginia",54,007,0,12,2,33,5873,2886,1055,1003,12208,69,10555,70,0,11,0,21,1482,439,1419,3286,0.1,16.7,0.3,57.1,9.4,72.5,22.0,8.5,20.4,0.6,86.5,0.6,0.0,0.1,0.0,0.2,12.1,3.6,15.5,83.0,0.4314,,0.0,0.0,0.0
0500000US54009,"Brooke County, West Virginia",54,009,0,332,203,343,8369,7801,1364,1290,21805,310,20151,327,7,144,4,0,862,916,998,8295,1.5,61.1,1.6,45.0,6.3,81.3,14.1,6.0,13.1,1.4,92.4,1.5,0.0,0.7,0.0,0.0,4.0,4.2,6.2,89.4,0.4369,,0.0,0.0,0.0
0500000US54011,"Cabell County, West Virginia",54,011,1,1596,781,2629,32771,30815,6575,6160,92739,1631,82311,3837,50,1075,41,195,3599,4673,5795,34613,1.7,48.9,3.0,42.9,5.1,74.8,16.7,6.8,19.2,1.8,88.8,4.1,0.1,1.2,0.0,0.2,3.9,5.04,9.4,85.3,0.5068,,1.0,0.0,0.0
0500000US54013,"Calhoun County, West Virginia",54,013,0,3,3,28,2998,1397,643,543,6048,39,5781,5,3,3,0,40,177,24,790,1667,0.0,100.0,0.5,59.2,8.9,74.2,25.5,9.0,32.9,0.6,95.6,0.1,0.0,0.0,0.0,0.7,2.9,0.4,17.1,93.5,0.5689,,0.0,0.0,0.0
0500000US54015,"Clay County, West Virginia",54,015,0,2,0,3,3601,1636,969,451,7835,18,7583,4,4,0,0,0,226,61,816,2233,0.0,0.0,0.0,56.4,11.9,67.5,32.6,5.8,26.4,0.2,96.8,0.1,0.1,0.0,0.0,0.0,2.9,0.78,15.1,91.3,0.4773,,1.0,0.0,0.0
0500000US54017,"Doddridge County, West Virginia",54,017,0,122,16,157,3935,2113,264,366,7711,110,7072,189,12,0,0,46,282,1074,901,2236,1.6,13.1,2.1,58.3,5.7,79.8,10.3,5.5,14.8,1.4,91.7,2.5,0.2,0.0,0.0,0.6,3.7,13.93,15.5,85.9,0.4771,,1.0,0.0,0.0
0500000US54019,"Fayette County, West Virginia",54,019,2,103,38,158,16790,11748,3120,3077,39519,549,36140,1640,10,21,0,126,1033,1238,3764,12962,0.3,36.9,0.4,51.9,5.6,79.9,19.6,8.0,19.2,1.4,91.4,4.1,0.0,0.1,0.0,0.3,2.6,3.13,13.1,89.3,0.4417,,1.0,0.0,0.0
0500000US54021,"Gilmer County, West Virginia",54,021,0,248,219,344,4038,1393,487,374,7288,299,5724,993,9,16,0,46,201,2148,783,1691,3.4,88.3,4.9,64.6,6.8,67.7,21.6,6.7,19.0,4.1,78.5,13.6,0.1,0.2,0.0,0.6,2.8,29.47,14.7,86.5,0.4339,,0.0,0.0,0.0
0500000US54023,"Grant County, West Virginia",54,023,0,82,29,112,4093,3402,731,495,10983,79,10527,185,0,19,0,1,172,140,843,4293,0.7,35.4,1.1,44.9,3.3,70.4,16.6,4.6,13.3,0.7,95.8,1.7,0.0,0.2,0.0,0.0,1.6,1.27,10.4,89.5,0.4345,,0.0,0.0,0.0
0500000US54025,"Greenbrier County, West Virginia",54,025,0,573,334,1053,13558,9989,2697,2007,32386,609,29706,758,44,214,11,4,1040,612,3037,11545,1.8,58.3,3.4,50.2,4.2,77.5,18.2,6.3,21.8,1.9,91.7,2.3,0.1,0.7,0.0,0.0,3.2,1.89,12.7,91.2,0.4886,,0.0,0.0,0.0
0500000US54027,"Hampshire County, West Virginia",54,027,0,369,30,323,9531,6295,1272,1510,23465,409,21860,226,17,6,0,140,807,562,2034,8012,1.6,8.1,1.4,48.2,9.0,67.6,14.7,6.6,13.1,1.7,93.2,1.0,0.1,0.0,0.0,0.6,3.4,2.4,11.5,87.5,0.4559,,1.0,0.0,0.0
0500000US54029,"Hancock County, West Virginia",54,029,0,264,41,383,10083,10163,1941,1812,28431,496,26151,501,7,141,84,53,998,288,1925,10626,0.9,15.5,1.4,42.2,8.4,80.7,15.1,6.4,14.5,1.7,92.0,1.8,0.0,0.5,0.3,0.2,3.5,1.01,9.1,85.2,0.4659,,0.0,0.0,0.0
0500000US54031,"Hardy County, West Virginia",54,031,0,292,250,560,5197,4473,1144,1108,14243,658,12636,675,2,8,4,71,189,85,1585,5108,2.1,85.6,4.2,44.0,7.3,72.8,19.2,7.8,17.7,4.6,88.7,4.7,0.0,0.1,0.0,0.5,1.3,0.6,15.1,85.4,0.4303,,1.0,0.0,0.0
0500000US54033,"Harrison County, West Virginia",54,033,3,787,287,1295,23133,20404,4208,4846,64984,1472,59667,953,40,530,1,33,2288,1055,4732,24146,1.2,36.5,2.1,43.8,4.0,71.8,16.0,7.5,14.4,2.3,91.8,1.5,0.1,0.8,0.0,0.1,3.5,1.62,10.2,85.9,0.4639,,1.0,0.0,0.0
0500000US54035,"Jackson County, West Virginia",54,035,0,574,298,580,11481,7760,2207,1697,27705,292,26488,39,7,110,14,121,634,166,2048,9008,2.1,51.9,2.2,51.1,5.1,74.5,19.2,6.2,18.5,1.1,95.6,0.1,0.0,0.4,0.1,0.4,2.3,0.6,10.4,86.6,0.4941,,0.0,0.0,0.0
0500000US54037,"Jefferson County, West Virginia",54,037,0,3011,1542,3896,17335,21874,2492,3521,59260,4630,47108,3320,26,814,0,409,2953,1220,4131,23285,5.1,51.2,6.9,35.7,3.9,73.2,10.9,6.0,8.7,7.8,79.5,5.6,0.0,1.4,0.0,0.7,5.0,2.06,9.9,78.7,0.423,,1.0,0.0,0.0
0500000US54039,"Kanawha County, West Virginia",54,039,8,3531,1457,3782,64521,57921,12081,8485,176537,2789,151690,8544,90,2023,195,474,10732,3116,10964,64193,2.0,41.3,2.3,44.2,5.6,75.7,15.8,4.9,15.7,1.6,85.9,4.8,0.1,1.1,0.1,0.3,6.1,1.77,8.6,85.0,0.4779,,0.0,0.0,0.0
0500000US54041,"Lewis County, West Virginia",54,041,0,49,17,117,6343,5022,1487,1081,16740,232,15063,184,19,21,0,16,1205,202,1377,5591,0.3,34.7,0.7,47.0,8.6,76.7,21.3,6.5,16.1,1.4,90.0,1.1,0.1,0.1,0.0,0.1,7.2,1.21,11.5,86.4,0.4912,,1.0,0.0,0.0
0500000US54043,"Lincoln County, West Virginia",54,043,0,93,45,117,9580,4630,1838,1148,19902,164,19163,1,27,103,0,0,444,73,2532,5439,0.5,48.4,0.6,59.4,5.9,75.2,24.0,5.8,23.2,0.8,96.3,0.0,0.1,0.5,0.0,0.0,2.2,0.37,18.0,89.8,0.476,,0.0,0.0,0.0
0500000US54045,"Logan County, West Virginia",54,045,3,122,4,162,14016,7944,3566,1990,31418,258,30046,614,2,79,1,0,418,817,3656,9525,0.4,3.3,0.5,54.7,8.5,74.8,27.9,6.5,21.8,0.8,95.6,2.0,0.0,0.3,0.0,0.0,1.3,2.6,16.2,92.3,0.5092,,0.0,0.0,0.0
0500000US54047,"McDowell County, West Virginia",54,047,0,295,238,420,11005,2650,2360,1398,17943,373,15515,1577,17,9,0,3,449,2183,3298,3424,1.6,80.7,2.4,72.9,8.2,70.5,36.5,8.8,34.2,2.1,86.5,8.8,0.1,0.1,0.0,0.0,2.5,12.17,24.5,92.6,0.4619,,1.0,0.0,0.0
0500000US54049,"Marion County, West Virginia",54,049,13,475,298,893,18805,19698,3624,3739,55909,919,50891,1424,11,323,1,143,2197,1430,2796,21471,0.8,62.7,1.7,40.9,4.8,76.2,15.5,6.7,13.6,1.6,91.0,2.5,0.0,0.6,0.0,0.3,3.9,2.56,7.2,84.7,0.4144,,0.0,0.0,0.0
0500000US54051,"Marshall County, West Virginia",54,051,1,166,43,564,11525,9810,2647,1627,29865,347,27750,98,19,100,18,296,1237,749,1670,11377,0.6,25.9,2.0,46.1,4.3,76.2,21.2,5.6,16.8,1.2,92.9,0.3,0.1,0.3,0.1,1.0,4.1,2.51,7.5,90.1,0.4577,,0.0,0.0,0.0
0500000US54053,"Mason County, West Virginia",54,053,0,62,27,143,11027,7043,1878,1488,25043,154,23895,253,2,93,0,65,581,601,2331,8412,0.2,43.5,0.6,53.6,3.8,76.7,18.4,6.1,19.4,0.6,95.4,1.0,0.0,0.4,0.0,0.3,2.3,2.4,12.8,93.2,0.4707,,0.0,0.0,0.0
0500000US54055,"Mercer County, West Virginia",54,055,1,370,178,1057,23383,17652,5242,2844,58563,789,51880,2372,205,127,0,154,3036,1364,4742,20616,0.6,48.1,1.9,49.2,2.7,75.6,21.6,4.9,16.5,1.3,88.6,4.1,0.4,0.2,0.0,0.3,5.2,2.33,11.4,88.9,0.4513,,0.0,0.0,0.0
0500000US54057,"Mineral County, West Virginia",54,057,0,136,70,406,10216,8014,1886,1311,26854,332,24804,356,102,29,12,142,1077,584,1123,9737,0.5,51.5,1.6,46.0,6.6,71.7,17.0,4.9,14.0,1.2,92.4,1.3,0.4,0.1,0.0,0.5,4.0,2.17,5.8,87.0,0.4704,,1.0,0.0,0.0
0500000US54059,"Mingo County, West Virginia",54,059,0,45,17,146,11655,4553,3397,1528,22542,178,21420,447,3,1,0,25,468,83,3346,5012,0.2,37.8,0.7,64.1,11.5,78.9,36.5,6.8,32.4,0.8,95.0,2.0,0.0,0.0,0.0,0.1,2.1,0.37,21.0,92.1,0.5368,,0.0,0.0,0.0
0500000US54061,"Monongalia County, West Virginia",54,061,4,5736,3014,6739,33164,41268,4169,5625,107163,3397,91918,3334,56,3738,1,757,3962,6386,3559,43531,5.4,52.5,6.6,36.1,4.7,74.2,9.3,5.3,19.7,3.2,85.8,3.1,0.1,3.5,0.0,0.7,3.7,5.96,5.4,79.2,0.5149,,0.0,0.0,0.0
0500000US54063,"Monroe County, West Virginia",54,063,0,10,1,24,5229,3459,556,869,12386,79,11658,180,0,0,0,90,379,74,1109,3960,0.1,10.0,0.2,51.7,4.8,75.0,12.0,7.1,14.0,0.6,94.1,1.5,0.0,0.0,0.0,0.7,3.1,0.6,12.4,90.9,0.3976,,0.0,0.0,0.0
0500000US54065,"Morgan County, West Virginia",54,065,1,216,83,305,6446,6117,1031,1052,17426,310,16223,8,0,115,12,98,660,177,1465,7192,1.2,38.4,1.8,43.1,3.9,74.8,14.0,6.1,11.2,1.8,93.1,0.0,0.0,0.7,0.1,0.6,3.8,1.02,11.0,89.2,0.3767,,1.0,0.0,0.0
0500000US54067,"Nicholas County, West Virginia",54,067,0,399,86,195,10682,6869,1829,1410,24277,265,23372,133,2,59,0,12,434,135,1718,8105,1.6,21.6,0.8,53.3,5.9,77.9,19.3,5.8,15.4,1.1,96.3,0.5,0.0,0.2,0.0,0.0,1.8,0.56,9.7,92.6,0.4827,,1.0,0.0,0.0
0500000US54069,"Ohio County, West Virginia",54,069,3,1058,497,1462,14493,15449,3393,2110,41582,699,37344,1390,30,203,0,47,1869,2172,2146,15763,2.5,47.0,3.7,42.0,6.0,82.1,18.5,5.1,17.7,1.7,89.8,3.3,0.1,0.5,0.0,0.1,4.5,5.22,7.3,85.7,0.5021,,0.0,0.0,0.0
0500000US54071,"Pendleton County, West Virginia",54,071,0,6,6,67,2468,1644,315,407,6043,134,5707,85,9,13,0,0,95,99,481,2024,0.1,100.0,1.2,48.7,6.3,67.5,13.5,6.8,16.6,2.2,94.4,1.4,0.1,0.2,0.0,0.0,1.6,1.64,10.8,86.6,0.4008,,0.0,0.0,0.0
0500000US54073,"Pleasants County, West Virginia",54,073,0,36,0,37,2847,2425,452,743,7521,158,7101,31,22,0,0,0,209,399,582,2639,0.5,0.0,0.5,45.5,8.5,77.6,16.3,10.4,11.6,2.1,94.4,0.4,0.3,0.0,0.0,0.0,2.8,5.31,10.6,87.1,0.5507,,1.0,0.0,0.0
0500000US54075,"Pocahontas County, West Virginia",54,075,0,44,10,49,3748,1656,690,455,7784,131,7295,42,0,10,0,37,269,341,844,2094,0.6,22.7,0.7,56.9,11.9,66.8,21.7,6.1,22.5,1.7,93.7,0.5,0.0,0.1,0.0,0.5,3.5,4.38,14.3,84.6,0.4428,,0.0,0.0,0.0
0500000US54077,"Preston County, West Virginia",54,077,0,534,383,668,14443,10059,2207,2387,34160,661,29815,2208,97,125,0,65,1189,3800,3554,11940,1.6,71.7,2.0,50.2,5.3,74.3,17.2,7.9,13.8,1.9,87.3,6.5,0.3,0.4,0.0,0.2,3.5,11.12,13.8,88.9,0.4081,,0.0,0.0,0.0
0500000US54079,"Putnam County, West Virginia",54,079,2,792,398,828,18891,21120,2998,3187,57177,871,53543,542,17,458,0,213,1533,318,2442,23286,1.4,50.3,1.5,40.5,3.1,79.6,12.9,5.6,10.6,1.5,93.6,0.9,0.0,0.8,0.0,0.4,2.7,0.56,6.0,88.1,0.4316,,1.0,0.0,0.0
0500000US54081,"Raleigh County, West Virginia",54,081,3,1104,515,1875,30986,20457,5591,2955,73195,1298,63619,4868,12,632,25,165,2576,3339,7333,23848,1.5,46.6,2.7,52.0,5.0,75.6,19.3,4.2,22.8,1.8,86.9,6.7,0.0,0.9,0.0,0.2,3.5,4.56,14.1,88.9,0.4896,,0.0,0.0,0.0
0500000US54083,"Randolph County, West Virginia",54,083,0,130,25,298,11305,7957,1773,1822,27576,308,24798,387,15,2,0,0,2066,2314,2373,9071,0.5,19.2,1.1,49.0,7.4,73.2,16.6,7.1,15.9,1.1,89.9,1.4,0.1,0.0,0.0,0.0,7.5,8.39,11.7,84.7,0.4557,,0.0,0.0,0.0
0500000US54085,"Ritchie County, West Virginia",54,085,0,120,71,267,3575,2186,540,645,8286,59,7992,9,0,111,0,1,114,36,898,2786,1.4,59.2,3.4,52.3,2.4,68.7,15.9,7.8,21.6,0.7,96.5,0.1,0.0,1.3,0.0,0.0,1.4,0.43,14.7,88.9,0.4416,,0.0,0.0,0.0
0500000US54087,"Roane County, West Virginia",54,087,0,74,31,150,6548,3125,1245,1080,13786,167,13101,3,7,34,5,15,454,97,1569,4033,0.5,41.9,1.1,57.2,9.1,71.8,21.8,7.9,19.1,1.2,95.0,0.0,0.1,0.2,0.0,0.1,3.3,0.7,15.5,91.8,0.4606,,0.0,0.0,0.0
0500000US54089,"Summers County, West Virginia",54,089,0,114,23,394,6452,2159,1077,716,11729,157,10575,718,27,0,0,53,199,881,1548,3164,1.0,20.2,3.5,64.2,2.2,61.4,23.0,6.6,23.8,1.3,90.2,6.1,0.2,0.0,0.0,0.5,1.7,7.51,16.8,93.3,0.4386,,0.0,0.0,0.0
0500000US54091,"Taylor County, West Virginia",54,091,0,62,0,91,6268,4938,1334,824,16487,169,15641,103,22,0,0,0,552,383,1457,5932,0.4,0.0,0.6,46.4,7.5,74.0,20.2,5.1,13.9,1.0,94.9,0.6,0.1,0.0,0.0,0.0,3.3,2.32,12.1,92.0,0.4368,,0.0,0.0,0.0
0500000US54093,"Tucker County, West Virginia",54,093,0,58,12,114,2907,1917,363,346,6654,33,6446,0,2,0,0,0,173,138,491,2246,0.9,20.7,1.8,49.6,6.1,69.2,12.8,5.3,15.3,0.5,96.9,0.0,0.0,0.0,0.0,0.0,2.6,2.07,9.4,82.3,0.4646,,0.0,0.0,0.0
0500000US54095,"Tyler County, West Virginia",54,095,0,47,0,77,3661,2103,644,628,8064,88,7571,71,6,0,0,1,327,80,570,2565,0.6,0.0,1.0,54.5,7.0,73.9,19.5,7.9,20.2,1.1,93.9,0.9,0.1,0.0,0.0,0.0,4.1,0.99,9.5,91.7,0.4853,,0.0,0.0,0.0
0500000US54097,"Upshur County, West Virginia",54,097,5,216,131,329,9934,6888,1815,1485,23712,351,21761,287,10,88,5,195,1015,1384,1885,7408,0.9,60.6,1.5,50.8,5.7,76.1,19.0,6.3,19.2,1.5,91.8,1.2,0.0,0.4,0.0,0.8,4.3,5.84,11.5,84.0,0.4471,,1.0,0.0,0.0
0500000US54099,"Wayne County, West Virginia",54,099,2,237,194,473,15414,11225,2879,1791,38164,346,36534,366,0,17,0,80,821,197,3437,13251,0.6,81.9,1.3,49.2,4.9,74.1,18.3,4.7,14.6,0.9,95.7,1.0,0.0,0.0,0.0,0.2,2.2,0.52,12.5,89.3,0.4621,,0.0,0.0,0.0
0500000US54101,"Webster County, West Virginia",54,101,0,0,0,33,3751,2116,944,468,8144,66,7588,11,0,0,0,8,471,61,1101,2399,0.0,-666666666.0,0.4,56.0,9.2,79.0,32.6,5.8,23.3,0.8,93.2,0.1,0.0,0.0,0.0,0.1,5.8,0.75,18.4,92.1,0.4896,,0.0,0.0,0.0
0500000US54103,"Wetzel County, West Virginia",54,103,0,51,27,95,5970,3909,1215,512,14078,196,13197,26,0,6,0,70,583,149,902,4586,0.4,52.9,0.7,52.1,5.4,75.4,19.9,3.7,16.0,1.4,93.7,0.2,0.0,0.0,0.0,0.5,4.1,1.06,8.9,90.1,0.4416,,0.0,0.0,0.0
0500000US54105,"Wirt County, West Virginia",54,105,0,11,0,68,2186,1472,374,347,5053,0,4873,0,0,11,0,9,160,0,365,1573,0.2,0.0,1.4,52.5,4.9,78.2,18.3,6.9,16.8,0.0,96.4,0.0,0.0,0.2,0.0,0.2,3.2,0.0,10.1,86.1,0.4068,,0.0,0.0,0.0
0500000US54107,"Wood County, West Virginia",54,107,25,859,282,905,29857,28577,6317,5144,83407,1231,78081,936,58,365,89,131,2516,1091,5273,30937,1.0,32.8,1.1,43.8,5.4,79.0,17.6,6.2,14.7,1.5,93.6,1.1,0.1,0.4,0.1,0.2,3.0,1.31,8.8,86.1,0.4608,,1.0,0.0,0.0
0500000US54109,"Wyoming County, West Virginia",54,109,0,38,21,184,10383,4349,1948,1450,20629,167,19961,55,0,17,0,10,419,127,3312,5973,0.2,55.3,0.9,60.2,5.7,67.2,24.1,7.0,22.6,0.8,96.8,0.3,0.0,0.1,0.0,0.0,2.0,0.62,22.1,93.2,0.4209,,0.0,0.0,0.0
0500000US55001,"Adams County, Wisconsin",55,001,6,696,323,857,9783,6721,1391,942,21123,933,18503,424,105,135,0,111,912,723,1823,7295,3.3,46.4,4.2,52.4,4.5,79.1,14.6,4.6,14.1,4.4,87.6,2.0,0.5,0.6,0.0,0.5,4.3,3.42,10.6,87.6,0.4207,,0.0,0.0,0.0
0500000US55003,"Ashland County, Wisconsin",55,003,2,349,169,538,5313,5479,975,1015,16080,476,13065,83,1502,116,1,15,822,605,510,6059,2.2,48.4,3.5,40.3,3.8,72.2,14.3,6.4,13.4,3.0,81.3,0.5,9.3,0.7,0.0,0.1,5.1,3.76,4.5,81.1,0.4269,,0.0,0.0,0.0
0500000US55005,"Barron County, Wisconsin",55,005,23,928,485,1796,14398,17959,2288,2879,46797,1509,42500,618,127,272,0,164,1607,704,2794,19548,2.0,52.3,4.0,37.9,2.8,78.4,11.5,6.2,11.0,3.2,90.8,1.3,0.3,0.6,0.0,0.4,3.4,1.5,8.3,86.8,0.4414,,0.0,0.0,0.0
0500000US55007,"Bayfield County, Wisconsin",55,007,7,187,72,495,6690,5117,859,868,16575,351,13873,109,1234,74,7,34,893,105,523,5721,1.1,38.5,3.1,47.1,3.6,70.8,11.6,5.3,9.8,2.1,83.7,0.7,7.4,0.4,0.0,0.2,5.4,0.63,4.0,80.8,0.4258,,0.0,0.0,0.0
0500000US55009,"Brown County, Wisconsin",55,009,87,14677,8535,26012,69341,121621,11597,13573,270892,27824,209400,6527,4110,8982,87,1032,12930,7155,11709,118049,5.4,58.2,10.2,32.1,2.6,85.1,10.5,5.1,9.1,10.3,77.3,2.4,1.5,3.3,0.0,0.4,4.8,2.64,6.4,84.0,0.4365,,0.0,1.0,0.0
0500000US55011,"Buffalo County, Wisconsin",55,011,16,228,140,360,4137,5403,598,562,13393,385,12540,57,18,24,0,16,353,133,721,5687,1.7,61.4,2.8,37.2,2.9,79.7,10.5,4.2,8.4,2.9,93.6,0.4,0.1,0.2,0.0,0.1,2.6,0.99,7.3,85.1,0.4043,,0.0,0.0,0.0
0500000US55013,"Burnett County, Wisconsin",55,013,3,237,35,328,7308,5396,900,1008,16916,333,15160,148,472,92,8,63,640,129,860,5690,1.4,14.8,2.0,50.0,4.9,77.5,12.5,6.0,12.8,2.0,89.6,0.9,2.8,0.5,0.0,0.4,3.8,0.76,6.4,82.6,0.466,,0.0,0.0,0.0
0500000US55015,"Calumet County, Wisconsin",55,015,18,2096,911,3039,13375,24261,1301,1373,52942,3016,46318,496,104,1375,0,187,1446,196,1828,23630,4.0,43.5,6.0,31.3,2.1,84.5,6.1,2.6,5.9,5.7,87.5,0.9,0.2,2.6,0.0,0.4,2.7,0.37,4.9,83.2,0.4002,,0.0,1.0,0.0
0500000US55017,"Chippewa County, Wisconsin",55,017,0,957,274,2318,19951,26849,3203,2829,66799,1311,61692,964,277,873,4,50,1628,2878,2995,27647,1.4,28.6,3.7,36.8,3.1,80.8,11.8,4.4,10.2,2.0,92.4,1.4,0.4,1.3,0.0,0.1,2.4,4.31,6.3,84.6,0.4102,,0.0,0.0,0.0
0500000US55019,"Clark County, Wisconsin",55,019,4,1124,922,5840,9139,12017,1348,7735,34739,2232,31436,102,43,136,3,74,713,482,3681,12150,3.2,82.0,18.3,35.7,3.7,75.9,10.5,22.5,12.1,6.4,90.5,0.3,0.1,0.4,0.0,0.2,2.1,1.39,17.1,78.3,0.4261,,0.0,0.0,0.0
0500000US55021,"Columbia County, Wisconsin",55,021,26,1391,630,2498,16444,23874,2162,2838,58272,2385,52592,949,212,458,0,143,1533,1603,2536,25120,2.4,45.3,4.5,34.3,3.1,78.4,8.9,5.0,7.8,4.1,90.3,1.6,0.4,0.8,0.0,0.2,2.6,2.75,6.0,83.9,0.4002,,0.0,0.0,0.0
0500000US55023,"Crawford County, Wisconsin",55,023,10,397,153,576,6303,5062,728,1060,16042,314,14863,252,33,83,15,30,452,840,852,5938,2.5,38.5,3.8,47.0,3.1,73.8,10.9,7.0,13.8,2.0,92.7,1.6,0.2,0.5,0.1,0.2,2.8,5.24,7.2,87.4,0.4258,,0.0,0.0,0.0
0500000US55025,"Dane County, Wisconsin",55,025,105,51269,29852,62786,140387,245012,20385,20491,572674,44744,433966,29416,620,35051,138,2403,26336,16060,13573,222308,9.0,58.2,11.5,29.7,2.4,75.5,8.1,3.6,10.6,7.8,75.8,5.1,0.1,6.1,0.0,0.4,4.6,2.8,3.6,69.4,0.4529,,0.0,0.0,0.0
0500000US55027,"Dodge County, Wisconsin",55,027,34,2173,1252,4583,26731,37592,3831,3495,88742,5941,77460,2237,253,429,21,172,2229,4595,4713,39234,2.4,57.6,5.4,36.2,3.8,83.0,10.7,4.1,8.5,6.7,87.3,2.5,0.3,0.5,0.0,0.2,2.5,5.18,7.3,87.7,0.3918,,0.0,0.0,0.0
0500000US55029,"Door County, Wisconsin",55,029,10,902,460,1252,11281,11018,1168,1049,30445,1266,27856,13,130,138,0,2,1040,352,862,11736,3.0,51.0,4.3,43.0,2.4,75.9,7.8,3.5,7.7,4.2,91.5,0.0,0.4,0.5,0.0,0.0,3.4,1.16,3.6,81.5,0.47,,0.0,0.0,0.0
0500000US55031,"Douglas County, Wisconsin",55,031,0,804,366,919,13971,17682,2390,1730,44229,860,39695,372,496,331,0,119,2356,1286,1783,18572,1.8,45.5,2.2,37.9,3.1,80.1,12.5,4.0,10.8,1.9,89.7,0.8,1.1,0.7,0.0,0.3,5.3,2.91,5.6,85.5,0.4137,,0.0,0.0,0.0
0500000US55033,"Dunn County, Wisconsin",55,033,13,1019,451,1931,12342,19067,2212,2223,45527,1124,41189,397,35,1402,7,182,1191,3183,1540,19618,2.2,44.3,4.4,32.7,4.4,78.4,12.7,4.9,10.7,2.5,90.5,0.9,0.1,3.1,0.0,0.4,2.6,6.99,5.4,83.1,0.4207,,0.0,1.0,0.0
0500000US55035,"Eau Claire County, Wisconsin",55,035,24,3572,1840,6796,27382,49116,4962,6595,107116,3384,93442,1308,203,4424,138,432,3785,4163,2815,47866,3.3,51.5,6.7,31.0,3.0,83.0,11.1,6.2,11.8,3.2,87.2,1.2,0.2,4.1,0.1,0.4,3.5,3.89,4.1,82.3,0.4426,,0.0,0.0,0.0
0500000US55037,"Florence County, Wisconsin",55,037,1,18,1,41,2003,1377,292,265,4646,21,4407,12,74,0,0,0,132,54,283,1598,0.4,5.6,0.9,50.0,4.8,72.1,13.3,5.8,7.3,0.5,94.9,0.3,1.6,0.0,0.0,0.0,2.8,1.16,7.6,85.7,0.4228,,0.0,0.0,0.0
0500000US55039,"Fond du Lac County, Wisconsin",55,039,45,3861,2133,5980,30334,44572,4095,4168,104137,7129,89538,1768,147,1917,0,558,3080,3568,5072,45266,3.7,55.2,6.0,35.7,3.2,84.3,9.5,4.1,9.2,6.8,86.0,1.7,0.1,1.8,0.0,0.5,3.0,3.43,6.9,86.9,0.4064,,0.0,1.0,0.0
0500000US55041,"Forest County, Wisconsin",55,041,2,66,26,240,3880,2276,599,705,9369,206,7283,39,993,8,10,132,698,182,676,3213,0.7,39.4,2.7,50.2,2.9,61.0,15.0,7.7,15.2,2.2,77.7,0.4,10.6,0.1,0.1,1.4,7.5,1.94,9.7,87.1,0.4304,,0.0,0.0,0.0
0500000US55043,"Grant County, Wisconsin",55,043,13,788,397,2316,15415,19252,2122,4064,51770,1332,48129,764,58,364,21,109,993,3762,2140,20324,1.5,50.4,4.7,36.6,3.1,74.5,10.6,8.0,13.0,2.6,93.0,1.5,0.1,0.7,0.0,0.2,1.9,7.27,6.5,81.0,0.4331,,0.0,0.0,0.0
0500000US55045,"Green County, Wisconsin",55,045,0,738,304,1319,10006,15410,1296,1406,37017,1567,34049,284,25,209,0,92,791,394,1626,16334,2.0,41.2,3.8,33.1,3.6,79.2,8.2,3.8,7.7,4.2,92.0,0.8,0.1,0.6,0.0,0.2,2.1,1.06,6.1,85.2,0.4072,,0.0,0.0,0.0
0500000US55047,"Green Lake County, Wisconsin",55,047,7,370,154,1577,6486,7080,966,1713,19263,1079,17439,90,65,219,14,47,310,332,1174,7246,1.9,41.6,8.7,41.6,2.8,80.0,11.7,9.0,13.8,5.6,90.5,0.5,0.3,1.1,0.1,0.2,1.6,1.72,8.6,82.8,0.4486,,0.0,1.0,0.0
0500000US55049,"Iowa County, Wisconsin",55,049,4,382,239,530,6197,10010,958,805,23867,545,22051,181,21,209,0,75,785,247,814,10107,1.6,62.6,2.3,32.1,3.1,78.8,9.5,3.4,7.6,2.3,92.4,0.8,0.1,0.9,0.0,0.3,3.3,1.03,4.8,80.6,0.4106,,0.0,0.0,0.0
0500000US55051,"Iron County, Wisconsin",55,051,1,91,18,144,2532,1929,377,374,6210,100,5770,3,14,30,0,3,290,103,240,2411,1.5,19.8,2.4,47.4,2.5,70.7,12.1,6.1,10.5,1.6,92.9,0.0,0.2,0.5,0.0,0.0,4.7,1.66,4.8,89.6,0.4194,,0.0,0.0,0.0
0500000US55053,"Jackson County, Wisconsin",55,053,3,339,134,950,7342,6890,1265,1340,20981,781,17893,404,941,103,11,96,752,1256,1188,8053,1.6,39.5,4.8,42.8,4.7,73.8,15.3,6.8,12.4,3.7,85.3,1.9,4.5,0.5,0.1,0.5,3.6,5.99,7.9,88.0,0.428,,0.0,0.0,0.0
0500000US55055,"Jefferson County, Wisconsin",55,055,13,3152,2186,5192,22550,37898,3213,4075,86003,7309,74788,793,57,533,4,225,2294,3248,4242,39106,3.7,69.4,6.3,31.7,3.6,80.8,9.2,4.8,8.1,8.5,87.0,0.9,0.1,0.6,0.0,0.3,2.7,3.78,7.1,85.0,0.4025,,0.0,0.0,0.0
0500000US55057,"Juneau County, Wisconsin",55,057,4,623,205,869,9591,8869,1635,1365,26689,788,23322,601,169,158,0,89,1562,1852,1925,10391,2.3,32.9,3.4,43.3,3.8,74.2,14.9,5.4,13.0,3.0,87.4,2.3,0.6,0.6,0.0,0.3,5.9,6.94,9.7,87.9,0.4044,,0.0,0.0,0.0
0500000US55059,"Kenosha County, Wisconsin",55,059,58,12422,5875,20896,45210,71659,8401,9578,168438,25582,120437,9999,209,3042,0,1217,7952,3925,9245,73408,7.4,47.3,13.1,33.1,4.4,82.3,12.2,5.7,10.5,15.2,71.5,5.9,0.1,1.8,0.0,0.7,4.7,2.33,8.0,85.5,0.4279,,0.0,0.0,1.0
0500000US55061,"Kewaunee County, Wisconsin",55,061,0,518,274,911,6102,8580,434,798,20664,847,19010,84,30,97,0,54,542,178,822,9058,2.5,52.9,4.7,36.1,1.5,80.8,5.2,3.9,7.6,4.1,92.0,0.4,0.1,0.5,0.0,0.3,2.6,0.86,5.5,86.3,0.3989,,0.0,1.0,1.0
0500000US55063,"La Crosse County, Wisconsin",55,063,46,3652,887,7664,33357,53319,4781,5211,120488,3269,105302,1762,256,5423,21,391,4064,4831,2741,52347,3.0,24.3,6.7,33.4,3.1,83.0,9.3,4.4,12.4,2.7,87.4,1.5,0.2,4.5,0.0,0.3,3.4,4.01,3.5,82.3,0.4472,,0.0,0.0,0.0
0500000US55065,"Lafayette County, Wisconsin",55,065,2,717,547,1319,4565,6158,588,1767,16942,1200,15201,62,16,90,0,63,310,127,967,6769,4.2,76.3,8.4,34.7,2.9,73.7,8.7,10.5,11.9,7.1,89.7,0.4,0.1,0.5,0.0,0.4,1.8,0.75,8.5,82.1,0.4153,,0.0,0.0,0.0
0500000US55067,"Langlade County, Wisconsin",55,067,6,222,119,415,6950,7253,1191,984,19490,493,17831,84,132,31,0,3,916,281,1298,7687,1.1,53.6,2.2,43.0,3.5,81.7,13.4,5.1,13.5,2.5,91.5,0.4,0.7,0.2,0.0,0.0,4.7,1.44,9.0,88.1,0.4504,,0.0,0.0,0.0
0500000US55069,"Lincoln County, Wisconsin",55,069,6,527,168,640,9964,10679,1674,1329,28426,647,26444,136,28,123,8,150,890,565,1640,11359,1.9,31.9,2.4,41.5,3.2,78.5,13.1,4.7,10.6,2.3,93.0,0.5,0.1,0.4,0.0,0.5,3.1,1.99,7.6,85.1,0.4246,,0.0,0.0,0.0
0500000US55071,"Manitowoc County, Wisconsin",55,071,39,2392,1299,4547,25553,34318,3617,3333,81406,4474,71047,620,133,1950,90,342,2750,1328,4532,34902,2.9,54.3,5.9,38.1,2.6,85.0,10.3,4.1,9.6,5.5,87.3,0.8,0.2,2.4,0.1,0.4,3.4,1.63,7.7,87.7,0.4105,,0.0,1.0,0.0
0500000US55073,"Marathon County, Wisconsin",55,073,34,6009,2622,9945,36765,60387,5745,8009,138403,4893,119281,800,136,7842,25,475,4951,1675,6470,59529,4.3,43.6,7.6,33.1,2.9,83.7,9.9,5.8,8.7,3.5,86.2,0.6,0.1,5.7,0.0,0.3,3.6,1.21,6.7,83.7,0.4166,,0.0,0.0,1.0
0500000US55075,"Marinette County, Wisconsin",55,075,11,736,413,1347,15205,15346,2313,1740,42046,1233,39286,194,50,147,2,25,1109,827,2159,16551,1.8,56.1,3.4,43.3,3.4,79.7,12.1,4.2,9.8,2.9,93.4,0.5,0.1,0.3,0.0,0.1,2.6,1.97,6.9,87.5,0.403,,0.0,0.0,0.0
0500000US55077,"Marquette County, Wisconsin",55,077,2,283,156,547,5886,5486,831,869,15746,582,14531,77,35,72,0,33,416,179,931,6064,1.8,55.1,3.6,44.6,2.7,77.1,11.9,5.5,13.1,3.7,92.3,0.5,0.2,0.5,0.0,0.2,2.6,1.14,7.8,86.7,0.4138,,0.0,1.0,0.0
0500000US55078,"Menominee County, Wisconsin",55,078,1,8,0,299,1528,721,366,866,4252,216,553,35,3357,0,0,0,91,52,135,1195,0.2,0.0,7.6,49.2,10.0,50.7,26.0,20.5,21.7,5.1,13.0,0.8,79.0,0.0,0.0,0.0,2.1,1.22,5.2,84.8,0.4255,,0.0,0.0,0.0
0500000US55079,"Milwaukee County, Wisconsin",55,079,232,91406,49967,161479,255208,383638,80462,65984,926331,157150,445132,235244,2910,44897,125,3035,37838,19286,64813,345501,9.9,54.7,18.6,34.9,4.8,84.7,20.5,7.2,17.2,17.0,48.1,25.4,0.3,4.8,0.0,0.3,4.1,2.08,10.5,77.4,0.4748,,0.0,0.0,0.0
0500000US55081,"Monroe County, Wisconsin",55,081,16,1185,694,3908,13177,16087,2553,4060,46208,2664,40701,671,315,380,1,43,1433,851,2865,18573,2.6,58.6,9.0,36.7,3.2,74.2,14.0,8.9,11.7,5.8,88.1,1.5,0.7,0.8,0.0,0.1,3.1,1.84,9.2,85.6,0.4193,,0.0,0.0,0.0
0500000US55083,"Oconto County, Wisconsin",55,083,0,441,168,716,12839,15771,1510,1371,39589,903,36922,51,400,95,0,59,1159,381,1905,16130,1.1,38.1,1.9,39.2,2.0,80.8,9.0,3.5,8.2,2.3,93.3,0.1,1.0,0.2,0.0,0.1,2.9,0.96,6.5,84.3,0.4051,,0.0,0.0,0.0
0500000US55085,"Oneida County, Wisconsin",55,085,7,567,281,750,14796,13699,1383,1600,38167,654,35631,183,283,178,9,57,1172,591,1196,14611,1.5,49.6,2.0,45.4,2.0,78.5,7.9,4.2,8.5,1.7,93.4,0.5,0.7,0.5,0.0,0.1,3.1,1.55,4.0,85.1,0.4464,,0.0,0.0,0.0
0500000US55087,"Outagamie County, Wisconsin",55,087,74,8310,3913,13799,47509,88030,6395,7735,192826,10177,163655,2859,1824,7138,47,312,6814,3283,6659,86295,4.3,47.1,7.6,30.9,2.7,85.2,8.2,4.0,6.3,5.3,84.9,1.5,0.9,3.7,0.0,0.2,3.5,1.7,5.0,84.9,0.4468,,0.0,1.0,0.0
0500000US55089,"Ozaukee County, Wisconsin",55,089,43,4658,1485,5110,26123,41430,1921,2336,92966,3470,82881,1368,113,2028,23,250,2833,1919,1439,38642,5.0,31.9,5.8,34.3,2.8,85.3,5.0,2.5,5.0,3.7,89.2,1.5,0.1,2.2,0.0,0.3,3.0,2.06,2.2,80.4,0.4785,,0.0,0.0,0.0
0500000US55091,"Pepin County, Wisconsin",55,091,0,135,68,425,2298,2661,301,668,7431,198,6995,31,9,48,0,33,117,81,317,2725,1.8,50.4,6.1,38.5,3.1,74.9,9.9,9.1,10.2,2.7,94.1,0.4,0.1,0.6,0.0,0.4,1.6,1.09,5.9,79.1,0.4133,,0.0,0.0,0.0
0500000US55093,"Pierce County, Wisconsin",55,093,7,955,406,1237,11013,18912,934,1309,42584,1280,38888,242,60,490,22,136,1466,2514,1029,18244,2.2,42.5,3.1,31.4,3.2,81.5,5.9,3.1,9.8,3.0,91.3,0.6,0.1,1.2,0.1,0.3,3.4,5.9,3.7,81.5,0.4465,,0.0,0.0,0.0
0500000US55095,"Polk County, Wisconsin",55,095,12,537,205,901,14711,17670,1900,2806,45555,1008,42344,105,201,207,4,138,1548,509,1985,18603,1.2,38.2,2.1,38.9,3.4,79.3,9.7,6.2,8.2,2.2,93.0,0.2,0.4,0.5,0.0,0.3,3.4,1.12,5.9,84.9,0.408,,0.0,0.0,0.0
0500000US55097,"Portage County, Wisconsin",55,097,33,2173,859,3230,19912,31077,2387,3385,70832,2956,63074,537,43,2038,0,135,2049,2940,2570,30255,3.1,39.5,4.8,33.7,3.2,81.9,8.0,4.8,10.1,4.2,89.0,0.8,0.1,2.9,0.0,0.2,2.9,4.15,5.5,81.8,0.4051,,0.0,0.0,0.0
0500000US55099,"Price County, Wisconsin",55,099,4,172,87,281,5701,4791,861,804,14092,247,13125,14,77,78,9,30,512,173,663,5169,1.2,50.6,2.1,47.6,2.9,78.7,13.2,5.8,11.9,1.8,93.1,0.1,0.5,0.6,0.1,0.2,3.6,1.23,6.1,87.0,0.4249,,0.0,0.0,0.0
0500000US55101,"Racine County, Wisconsin",55,101,46,9775,5364,17041,56338,80797,9869,11071,197532,29754,135438,20442,333,2247,161,783,8374,4982,10277,81968,4.9,54.9,9.1,35.6,4.4,83.2,12.3,5.7,10.3,15.1,68.6,10.3,0.2,1.1,0.1,0.4,4.2,2.52,7.5,86.0,0.4251,,0.0,0.0,0.0
0500000US55103,"Richland County, Wisconsin",55,103,1,439,223,1106,5614,6420,1037,1204,17205,563,15839,55,9,158,0,100,481,361,899,6960,2.6,50.8,6.8,39.9,3.6,78.8,14.3,7.0,14.5,3.3,92.1,0.3,0.1,0.9,0.0,0.6,2.8,2.1,7.3,87.4,0.4384,,0.0,0.0,0.0
0500000US55105,"Rock County, Wisconsin",55,105,31,7554,4403,13666,45977,68734,8653,8993,164350,16646,130867,7584,80,1779,9,460,6925,2680,8367,71180,4.6,58.3,8.8,34.8,3.8,82.9,12.9,5.5,9.3,10.1,79.6,4.6,0.0,1.1,0.0,0.3,4.2,1.63,7.4,87.3,0.4077,,0.0,0.0,0.0
0500000US55107,"Rusk County, Wisconsin",55,107,0,155,68,318,5173,4819,1027,796,14179,296,13194,164,43,52,5,28,397,182,745,5226,1.1,43.9,2.4,44.4,5.4,78.8,16.2,5.7,13.1,2.1,93.1,1.2,0.3,0.4,0.0,0.2,2.8,1.28,7.1,88.3,0.3972,,0.0,0.0,0.0
0500000US55109,"St. Croix County, Wisconsin",55,109,39,2233,1028,3018,23622,40967,2322,3874,96033,2935,87799,643,55,1064,23,363,3151,931,2051,40869,2.3,46.0,3.3,31.0,2.6,80.1,6.2,4.1,6.6,3.1,91.4,0.7,0.1,1.1,0.0,0.4,3.3,0.97,3.1,80.7,0.4091,,0.0,0.0,0.0
0500000US55111,"Sauk County, Wisconsin",55,111,36,2570,1462,5028,17632,27919,2830,3947,66009,4488,56960,511,304,296,18,527,2905,771,3438,29160,3.9,56.9,8.1,33.2,2.3,80.8,10.1,6.0,8.1,6.8,86.3,0.8,0.5,0.4,0.0,0.8,4.4,1.17,7.4,86.0,0.4099,,0.0,1.0,1.0
0500000US55113,"Sawyer County, Wisconsin",55,113,10,287,186,629,7452,5718,1205,1181,18476,450,14209,107,2386,109,0,67,1148,492,893,6323,1.6,64.8,3.5,47.4,6.0,73.5,13.7,6.5,15.6,2.4,76.9,0.6,12.9,0.6,0.0,0.4,6.2,2.66,6.3,82.2,0.459,,0.0,0.0,0.0
0500000US55115,"Shawano County, Wisconsin",55,115,13,564,234,1274,13356,15461,1901,2466,41039,1334,34737,239,2315,262,6,202,1944,580,1918,16560,1.4,41.5,3.3,39.8,2.6,78.9,11.0,6.1,11.1,3.3,84.6,0.6,5.6,0.6,0.0,0.5,4.7,1.41,6.5,85.7,0.4298,,0.0,0.0,0.0
0500000US55117,"Sheboygan County, Wisconsin",55,117,23,6894,3033,10757,33673,51394,4354,4638,117991,9148,95364,2490,149,6809,146,271,3614,3196,5429,50854,5.8,44.0,9.6,35.2,2.7,85.1,8.8,4.0,8.5,7.8,80.8,2.1,0.1,5.8,0.1,0.2,3.1,2.71,6.5,85.0,0.4143,,0.0,1.0,0.0
0500000US55119,"Taylor County, Wisconsin",55,119,0,357,252,1060,6028,7898,746,1462,20024,599,18788,67,18,63,30,97,362,157,1201,8232,1.8,70.6,5.6,37.6,2.6,81.1,9.3,7.4,9.6,3.0,93.8,0.3,0.1,0.3,0.1,0.5,1.8,0.78,8.6,85.9,0.4016,,0.0,0.0,0.0
0500000US55121,"Trempealeau County, Wisconsin",55,121,1,1625,1422,3163,7781,12073,1140,2645,30839,3997,25871,100,47,139,5,45,635,387,1901,13199,5.3,87.5,11.0,33.2,2.3,78.8,9.1,8.7,9.9,13.0,83.9,0.3,0.2,0.5,0.0,0.1,2.1,1.25,9.3,87.8,0.4008,,0.0,0.0,0.0
0500000US55123,"Vernon County, Wisconsin",55,123,2,286,147,3276,9692,10843,1127,4629,31049,548,29271,90,15,65,0,109,951,429,2019,11211,0.9,51.4,11.3,40.5,2.5,78.1,9.1,15.0,13.1,1.8,94.3,0.3,0.0,0.2,0.0,0.4,3.1,1.38,9.7,81.4,0.4247,,0.0,0.0,0.0
0500000US55125,"Vilas County, Wisconsin",55,125,9,411,88,552,9373,7376,1098,1318,23647,541,20054,65,1921,91,0,45,930,234,638,8581,1.7,21.4,2.4,46.1,4.0,70.0,9.9,5.6,11.1,2.3,84.8,0.3,8.1,0.4,0.0,0.2,3.9,0.99,3.4,82.9,0.4358,,0.0,0.0,0.0
0500000US55127,"Walworth County, Wisconsin",55,127,56,6578,3579,10851,30109,46276,3316,5960,105657,12821,87752,783,106,885,18,336,2956,2993,5019,46277,6.2,54.4,10.7,34.2,2.9,82.5,7.7,5.7,9.4,12.1,83.1,0.7,0.1,0.8,0.0,0.3,2.8,2.83,7.0,84.3,0.452,,0.0,1.0,0.0
0500000US55129,"Washburn County, Wisconsin",55,129,4,257,102,430,6538,5764,873,892,16854,353,15577,37,162,78,3,37,607,220,769,6049,1.5,39.7,2.7,46.1,3.9,78.4,11.5,5.3,11.5,2.1,92.4,0.2,1.0,0.5,0.0,0.2,3.6,1.31,6.0,84.4,0.4465,,0.0,0.0,0.0
0500000US55131,"Washington County, Wisconsin",55,131,31,3959,1701,5550,35924,63725,2920,3864,137879,5174,124357,1790,131,1997,22,452,3956,924,4150,61914,2.9,43.0,4.2,31.9,2.5,85.4,5.1,2.8,5.8,3.8,90.2,1.3,0.1,1.4,0.0,0.3,2.9,0.67,4.2,84.2,0.4073,,0.0,1.0,0.0
0500000US55133,"Waukesha County, Wisconsin",55,133,137,22683,9435,30267,112469,187449,7378,12537,411762,23650,350148,6303,445,15980,32,1894,13310,4215,8276,175760,5.5,41.6,7.7,33.4,2.3,85.6,4.4,3.1,5.2,5.7,85.0,1.5,0.1,3.9,0.0,0.5,3.2,1.02,2.8,81.2,0.4377,,0.0,1.0,1.0
0500000US55135,"Waupaca County, Wisconsin",55,135,26,662,352,1809,16376,20447,2246,2959,51569,2006,47642,252,93,133,1,122,1320,1237,2841,21802,1.3,53.2,3.7,38.5,2.8,80.5,10.0,5.9,10.4,3.9,92.4,0.5,0.2,0.3,0.0,0.2,2.6,2.4,7.5,87.9,0.4518,,0.0,0.0,0.0
0500000US55137,"Waushara County, Wisconsin",55,137,4,641,343,2052,9533,8582,1310,2189,24868,1740,21697,450,84,111,2,77,707,930,1868,9436,2.6,53.5,8.6,45.3,3.9,77.7,12.4,9.1,10.9,7.0,87.2,1.8,0.3,0.4,0.0,0.3,2.8,3.74,9.9,87.3,0.4344,,0.0,1.0,0.0
0500000US55139,"Winnebago County, Wisconsin",55,139,77,5928,2890,9537,48279,75912,6976,7581,171769,8736,145904,4642,446,5525,66,643,5807,6759,6533,75534,3.5,48.8,5.9,34.2,2.2,83.6,9.6,4.5,11.3,5.1,84.9,2.7,0.3,3.2,0.0,0.4,3.4,3.93,5.6,84.7,0.4239,,0.0,1.0,0.0
0500000US55141,"Wood County, Wisconsin",55,141,13,1662,975,2680,22902,29362,4244,3296,74004,2763,66780,468,167,1292,2,214,2318,1077,2897,30087,2.2,58.7,3.8,38.1,4.0,82.2,13.2,4.5,10.8,3.7,90.2,0.6,0.2,1.7,0.0,0.3,3.1,1.46,5.5,85.7,0.4319,,0.0,1.0,0.0
0500000US56001,"Albany County, Wyoming",56,001,0,2840,2086,4267,10057,13579,694,2779,38249,4043,30551,394,95,1374,43,54,1695,2659,606,15735,7.4,73.5,11.6,30.4,3.7,62.0,4.1,7.3,20.9,10.6,79.9,1.0,0.2,3.6,0.1,0.1,4.4,6.95,2.8,73.2,0.4674,,0.0,0.0,0.0
0500000US56003,"Big Horn County, Wyoming",56,003,0,378,192,728,3864,3760,235,1519,11828,1143,10053,79,34,59,62,36,362,262,894,4481,3.2,50.8,6.5,41.5,3.3,71.9,5.3,13.2,12.7,9.7,85.0,0.7,0.3,0.5,0.5,0.3,3.1,2.22,11.0,87.0,0.4294,,0.0,0.0,0.0
0500000US56005,"Campbell County, Wyoming",56,005,0,1660,942,3491,11083,18122,604,6129,47240,4562,39792,157,358,115,3,96,2157,552,2483,21080,3.5,56.7,7.9,30.8,3.5,76.1,3.4,13.2,9.4,9.7,84.2,0.3,0.8,0.2,0.0,0.2,4.6,1.17,8.0,89.8,0.4092,,0.0,1.0,0.0
0500000US56007,"Carbon County, Wyoming",56,007,0,601,365,1406,4730,4256,284,1698,14463,2640,10908,201,95,34,0,27,558,586,952,5572,4.2,60.7,10.3,41.1,5.0,66.1,4.6,12.2,12.2,18.3,75.4,1.4,0.7,0.2,0.0,0.2,3.9,4.05,9.3,88.5,0.4209,,0.0,1.0,0.0
0500000US56009,"Converse County, Wyoming",56,009,0,275,104,205,3644,4831,389,1646,13762,1127,12006,78,4,28,0,0,519,86,505,5857,2.0,37.8,1.6,33.6,4.2,70.9,6.7,12.1,10.6,8.2,87.2,0.6,0.0,0.2,0.0,0.0,3.8,0.62,5.3,85.8,0.4133,,0.0,0.0,0.0
0500000US56011,"Crook County, Wyoming",56,011,0,80,46,229,2111,2635,18,844,7455,158,6927,0,11,15,13,11,320,45,366,2994,1.1,57.5,3.3,36.4,0.6,71.7,0.6,11.4,6.0,2.1,92.9,0.0,0.1,0.2,0.2,0.1,4.3,0.6,7.0,83.6,0.3653,,1.0,1.0,0.0
0500000US56013,"Fremont County, Wyoming",56,013,2,661,277,2141,12031,10820,1217,6801,39533,2745,27156,216,6908,123,33,323,2029,975,1668,14014,1.7,41.9,5.7,38.8,7.4,61.6,8.1,17.5,12.8,6.9,68.7,0.5,17.5,0.3,0.1,0.8,5.1,2.47,6.3,83.5,0.4064,,0.0,0.0,0.0
0500000US56015,"Goshen County, Wyoming",56,015,0,209,171,758,4794,3660,383,1392,12605,1288,10648,30,89,74,21,48,407,963,522,4198,1.7,81.8,6.4,45.9,3.5,67.7,7.4,11.7,14.7,10.2,84.5,0.2,0.7,0.6,0.2,0.4,3.2,7.64,5.8,79.1,0.4722,,0.0,0.0,0.0
0500000US56017,"Hot Springs County, Wyoming",56,017,0,78,20,83,1647,1224,168,534,4620,183,4135,0,16,14,0,27,245,92,150,1636,1.7,25.6,1.9,44.3,2.9,60.9,7.9,11.8,14.7,4.0,89.5,0.0,0.3,0.3,0.0,0.6,5.3,1.99,4.6,83.3,0.4196,,0.0,0.0,0.0
0500000US56019,"Johnson County, Wyoming",56,019,0,213,119,284,2977,2517,59,797,8686,373,7819,1,144,47,0,52,250,140,376,2936,2.5,55.9,3.4,41.0,3.1,60.7,1.5,9.3,9.1,4.3,90.0,0.0,1.7,0.5,0.0,0.6,2.9,1.61,5.9,72.5,0.4426,,0.0,0.0,0.0
0500000US56021,"Laramie County, Wyoming",56,021,25,3313,1320,6413,27040,32981,2337,9242,101060,16004,75654,2130,410,1060,93,1610,4099,1419,3449,44742,3.3,39.8,6.7,33.4,3.7,67.4,5.4,9.5,8.9,15.8,74.9,2.1,0.4,1.0,0.1,1.6,4.1,1.4,5.0,87.9,0.4207,,1.0,1.0,1.0
0500000US56023,"Lincoln County, Wyoming",56,023,0,592,227,989,5619,7498,369,2430,20486,1131,18601,10,57,67,4,54,562,86,620,8371,2.9,38.3,5.1,35.1,2.0,73.7,4.4,11.9,7.5,5.5,90.8,0.0,0.3,0.3,0.0,0.3,2.7,0.42,4.4,84.9,0.4042,,0.0,1.0,0.0
0500000US56025,"Natrona County, Wyoming",56,025,0,1849,782,4076,21179,30827,2197,8445,79977,7577,67676,426,232,440,0,380,3246,1340,3558,34401,2.3,42.3,5.4,33.5,4.1,76.7,6.5,10.7,9.6,9.5,84.6,0.5,0.3,0.6,0.0,0.5,4.1,1.68,6.5,86.6,0.4477,,1.0,0.0,0.0
0500000US56027,"Niobrara County, Wyoming",56,027,1,0,0,26,964,538,53,127,2368,133,2059,82,48,0,1,3,42,214,100,955,0.0,-666666666.0,1.1,45.1,2.5,47.0,4.5,5.9,12.0,5.6,87.0,3.5,2.0,0.0,0.0,0.1,1.8,9.04,5.0,84.5,0.4537,,0.0,0.0,0.0
0500000US56029,"Park County, Wyoming",56,029,0,555,183,1066,9519,10450,474,3300,30449,1828,26475,69,47,137,17,682,1194,1031,1085,11953,1.8,33.0,3.7,38.3,2.2,69.7,3.6,10.9,8.9,6.0,86.9,0.2,0.2,0.4,0.1,2.2,3.9,3.39,5.0,81.6,0.4551,,0.0,0.0,0.0
0500000US56031,"Platte County, Wyoming",56,031,0,49,44,611,3401,2357,189,1828,8612,761,7318,29,35,0,34,11,424,106,469,3014,0.6,89.8,7.4,47.6,4.6,66.1,4.9,21.5,7.7,8.8,85.0,0.3,0.4,0.0,0.4,0.1,4.9,1.23,7.1,85.6,0.4277,,0.0,0.0,0.0
0500000US56033,"Sheridan County, Wyoming",56,033,0,673,385,1056,9645,11042,513,2948,32055,1596,28602,221,201,306,0,172,957,875,869,13559,2.1,57.2,3.5,37.2,2.2,69.3,3.7,9.3,10.2,5.0,89.2,0.7,0.6,1.0,0.0,0.5,3.0,2.73,3.8,86.4,0.4437,,0.0,0.0,0.0
0500000US56035,"Sublette County, Wyoming",56,035,0,192,59,211,2622,3331,94,700,8838,648,7643,10,22,0,0,43,472,53,275,3408,2.2,30.7,2.5,36.4,2.3,74.3,2.5,8.0,6.9,7.3,86.5,0.1,0.2,0.0,0.0,0.5,5.3,0.6,4.2,79.3,0.5444,,0.0,0.0,0.0
0500000US56037,"Sweetwater County, Wyoming",56,037,0,2183,1447,3447,10789,15945,1289,5259,41542,6991,31890,542,194,197,3,346,1379,539,1980,18085,5.3,66.3,8.8,33.3,5.6,78.2,7.4,12.8,12.9,16.8,76.8,1.3,0.5,0.5,0.0,0.8,3.3,1.3,7.2,89.6,0.4485,,1.0,1.0,1.0
0500000US56039,"Teton County, Wyoming",56,039,28,3215,2082,4288,4425,12468,124,2167,23396,3575,18147,94,61,368,0,212,939,892,557,9717,13.7,64.8,19.1,22.4,1.8,82.7,1.3,9.3,5.7,15.3,77.6,0.4,0.3,1.6,0.0,0.9,4.0,3.81,3.1,66.5,0.5367,,0.0,0.0,0.0
0500000US56041,"Uinta County, Wyoming",56,041,0,525,232,1139,5625,6715,528,2190,20644,2087,17707,116,27,49,0,21,637,205,783,8661,2.5,44.2,5.9,35.7,3.2,68.5,6.8,10.7,9.2,10.1,85.8,0.6,0.1,0.2,0.0,0.1,3.1,0.99,5.8,89.8,0.4642,,0.0,0.0,0.0
0500000US56043,"Washakie County, Wyoming",56,043,0,225,133,567,2395,2644,258,967,7703,1089,6206,9,14,26,0,22,337,160,464,3196,2.9,59.1,7.7,37.8,2.7,68.9,7.6,12.8,8.8,14.1,80.6,0.1,0.2,0.3,0.0,0.3,4.4,2.08,8.4,85.1,0.4241,,0.0,0.0,0.0
0500000US56045,"Weston County, Wyoming",56,045,0,128,116,270,2434,2177,77,885,6826,365,5818,1,119,32,1,36,454,376,461,2515,1.9,90.6,4.2,43.0,1.0,68.5,2.7,13.8,9.0,5.3,85.2,0.0,1.7,0.5,0.0,0.5,6.7,5.51,9.1,80.8,0.4149,,0.0,0.0,0.0
